
**** Build of configuration Debug for project Project 08 ****

"D:\\ccs\\utils\\bin\\gmake" -k -j 16 all -O 
 
Building file: "../Display.c"
Invoking: MSP430 Compiler
"D:/ccs/tools/compiler/ti-cgt-msp430_21.6.1.LTS/bin/cl430" -vmspx --use_hw_mpy=F5 --include_path="D:/ccs/ccs_base/msp430/include" --include_path="D:/ccs/Project 08/Project 08" --include_path="D:/ccs/tools/compiler/ti-cgt-msp430_21.6.1.LTS/include" --advice:power=all --advice:hw_config=all --define=__MSP430FR2355__ --define=_FRWP_ENABLE --define=_INFO_FRWP_ENABLE -g --printf_support=minimal --diag_warning=225 --diag_wrap=off --display_error_number --silicon_errata=CPU21 --silicon_errata=CPU22 --silicon_errata=CPU40 --preproc_with_compile --preproc_dependency="Display.d_raw"  "../Display.c"
"..\macros.h", line 144: warning #48-D: incompatible redefinition of macro "WAIT" (declared at line 17)
"..\macros.h", line 174: warning #48-D: incompatible redefinition of macro "PRESSED" (declared at line 120)
"..\macros.h", line 175: warning #48-D: incompatible redefinition of macro "RELEASED" (declared at line 121)
"..\macros.h", line 200: warning #48-D: incompatible redefinition of macro "TB0CCR0_INTERVAL" (declared at line 68)
"..\macros.h", line 201: warning #48-D: incompatible redefinition of macro "TB0CCR1_INTERVAL" (declared at line 69)
"..\macros.h", line 202: warning #48-D: incompatible redefinition of macro "TB0CCR2_INTERVAL" (declared at line 70)
Finished building: "../Display.c"
 
Building file: "../adc.c"
Invoking: MSP430 Compiler
"D:/ccs/tools/compiler/ti-cgt-msp430_21.6.1.LTS/bin/cl430" -vmspx --use_hw_mpy=F5 --include_path="D:/ccs/ccs_base/msp430/include" --include_path="D:/ccs/Project 08/Project 08" --include_path="D:/ccs/tools/compiler/ti-cgt-msp430_21.6.1.LTS/include" --advice:power=all --advice:hw_config=all --define=__MSP430FR2355__ --define=_FRWP_ENABLE --define=_INFO_FRWP_ENABLE -g --printf_support=minimal --diag_warning=225 --diag_wrap=off --display_error_number --silicon_errata=CPU21 --silicon_errata=CPU22 --silicon_errata=CPU40 --preproc_with_compile --preproc_dependency="adc.d_raw"  "../adc.c"
"..\macros.h", line 144: warning #48-D: incompatible redefinition of macro "WAIT" (declared at line 17)
"..\macros.h", line 174: warning #48-D: incompatible redefinition of macro "PRESSED" (declared at line 120)
"..\macros.h", line 175: warning #48-D: incompatible redefinition of macro "RELEASED" (declared at line 121)
"..\macros.h", line 200: warning #48-D: incompatible redefinition of macro "TB0CCR0_INTERVAL" (declared at line 68)
"..\macros.h", line 201: warning #48-D: incompatible redefinition of macro "TB0CCR1_INTERVAL" (declared at line 69)
"..\macros.h", line 202: warning #48-D: incompatible redefinition of macro "TB0CCR2_INTERVAL" (declared at line 70)
Finished building: "../adc.c"
 
Building file: "../black_line.c"
Invoking: MSP430 Compiler
"D:/ccs/tools/compiler/ti-cgt-msp430_21.6.1.LTS/bin/cl430" -vmspx --use_hw_mpy=F5 --include_path="D:/ccs/ccs_base/msp430/include" --include_path="D:/ccs/Project 08/Project 08" --include_path="D:/ccs/tools/compiler/ti-cgt-msp430_21.6.1.LTS/include" --advice:power=all --advice:hw_config=all --define=__MSP430FR2355__ --define=_FRWP_ENABLE --define=_INFO_FRWP_ENABLE -g --printf_support=minimal --diag_warning=225 --diag_wrap=off --display_error_number --silicon_errata=CPU21 --silicon_errata=CPU22 --silicon_errata=CPU40 --preproc_with_compile --preproc_dependency="black_line.d_raw"  "../black_line.c"
"..\macros.h", line 144: warning #48-D: incompatible redefinition of macro "WAIT" (declared at line 17)
"..\macros.h", line 174: warning #48-D: incompatible redefinition of macro "PRESSED" (declared at line 120)
"..\macros.h", line 175: warning #48-D: incompatible redefinition of macro "RELEASED" (declared at line 121)
"..\macros.h", line 200: warning #48-D: incompatible redefinition of macro "TB0CCR0_INTERVAL" (declared at line 68)
"..\macros.h", line 201: warning #48-D: incompatible redefinition of macro "TB0CCR1_INTERVAL" (declared at line 69)
"..\macros.h", line 202: warning #48-D: incompatible redefinition of macro "TB0CCR2_INTERVAL" (declared at line 70)
"../black_line.c", line 30: warning #225-D: function "search_line" declared implicitly
"../black_line.c", line 31: warning #225-D: function "stop_on_line" declared implicitly
"../black_line.c", line 32: warning #225-D: function "reverse_to_line" declared implicitly
"../black_line.c", line 34: warning #225-D: function "stopall" declared implicitly
"../black_line.c", line 35: warning #225-D: function "strcpy" declared implicitly
"../black_line.c", line 40: warning #225-D: function "adc_line" declared implicitly
"../black_line.c", line 46: warning #161-D: declaration is incompatible with previous "search_line" (declared at line 30)
"../black_line.c", line 47: warning #225-D: function "strcpy" declared implicitly
"../black_line.c", line 54: warning #225-D: function "stopall" declared implicitly
"../black_line.c", line 56: warning #225-D: function "moveforward" declared implicitly
"../black_line.c", line 60: warning #225-D: function "moveforward" declared implicitly
"../black_line.c", line 75: warning #161-D: declaration is incompatible with previous "stop_on_line" (declared at line 31)
"../black_line.c", line 76: warning #225-D: function "stopall" declared implicitly
"../black_line.c", line 77: warning #225-D: function "strcpy" declared implicitly
"../black_line.c", line 92: warning #161-D: declaration is incompatible with previous "reverse_to_line" (declared at line 32)
"../black_line.c", line 93: warning #225-D: function "strcpy" declared implicitly
"../black_line.c", line 100: warning #225-D: function "spin_clockwise" declared implicitly
"../black_line.c", line 115: remark #1544-D: (ULP 13.1) Detected loop counting up. Recommend loops count down as detecting zeros is easier
"../black_line.c", line 116: remark #2553-D: (ULP 14.1) Array index (involving "i") of type "int". Recommend using "unsigned int"
"../black_line.c", line 138: warning #161-D: declaration is incompatible with previous "adc_line" (declared at line 40)
"../black_line.c", line 142: remark #1544-D: (ULP 13.1) Detected loop counting up. Recommend loops count down as detecting zeros is easier
"../black_line.c", line 143: remark #1545-D: (ULP 14.1) Array index of type "int". Recommend using "unsigned int"
"../black_line.c", line 143: remark #2553-D: (ULP 14.1) Array index (involving "i") of type "int". Recommend using "unsigned int"
"../black_line.c", line 173: warning #225-D: function "strcpy" declared implicitly
"../black_line.c", line 179: warning #225-D: function "strcpy" declared implicitly
"../black_line.c", line 157: remark #1544-D: (ULP 13.1) Detected loop counting up. Recommend loops count down as detecting zeros is easier
"../black_line.c", line 158: remark #2553-D: (ULP 14.1) Array index (involving "j") of type "int". Recommend using "unsigned int"
"../black_line.c", line 158: remark #2553-D: (ULP 14.1) Array index (involving "j") of type "int". Recommend using "unsigned int"
"../black_line.c", line 165: remark #1544-D: (ULP 13.1) Detected loop counting up. Recommend loops count down as detecting zeros is easier
"../black_line.c", line 166: remark #2553-D: (ULP 14.1) Array index (involving "j") of type "int". Recommend using "unsigned int"
"../black_line.c", line 166: remark #2553-D: (ULP 14.1) Array index (involving "j") of type "int". Recommend using "unsigned int"
"../black_line.c", line 157: remark #1544-D: (ULP 13.1) Detected loop counting up. Recommend loops count down as detecting zeros is easier
"../black_line.c", line 158: remark #2553-D: (ULP 14.1) Array index (involving "j") of type "int". Recommend using "unsigned int"
"../black_line.c", line 158: remark #2553-D: (ULP 14.1) Array index (involving "j") of type "int". Recommend using "unsigned int"
"../black_line.c", line 165: remark #1544-D: (ULP 13.1) Detected loop counting up. Recommend loops count down as detecting zeros is easier
"../black_line.c", line 166: remark #2553-D: (ULP 14.1) Array index (involving "j") of type "int". Recommend using "unsigned int"
"../black_line.c", line 166: remark #2553-D: (ULP 14.1) Array index (involving "j") of type "int". Recommend using "unsigned int"
Finished building: "../black_line.c"
 
Building file: "../clocks.c"
Invoking: MSP430 Compiler
"D:/ccs/tools/compiler/ti-cgt-msp430_21.6.1.LTS/bin/cl430" -vmspx --use_hw_mpy=F5 --include_path="D:/ccs/ccs_base/msp430/include" --include_path="D:/ccs/Project 08/Project 08" --include_path="D:/ccs/tools/compiler/ti-cgt-msp430_21.6.1.LTS/include" --advice:power=all --advice:hw_config=all --define=__MSP430FR2355__ --define=_FRWP_ENABLE --define=_INFO_FRWP_ENABLE -g --printf_support=minimal --diag_warning=225 --diag_wrap=off --display_error_number --silicon_errata=CPU21 --silicon_errata=CPU22 --silicon_errata=CPU40 --preproc_with_compile --preproc_dependency="clocks.d_raw"  "../clocks.c"
"..\macros.h", line 144: warning #48-D: incompatible redefinition of macro "WAIT" (declared at line 17)
"..\macros.h", line 174: warning #48-D: incompatible redefinition of macro "PRESSED" (declared at line 120)
"..\macros.h", line 175: warning #48-D: incompatible redefinition of macro "RELEASED" (declared at line 121)
"..\macros.h", line 200: warning #48-D: incompatible redefinition of macro "TB0CCR0_INTERVAL" (declared at line 68)
"..\macros.h", line 201: warning #48-D: incompatible redefinition of macro "TB0CCR1_INTERVAL" (declared at line 69)
"..\macros.h", line 202: warning #48-D: incompatible redefinition of macro "TB0CCR2_INTERVAL" (declared at line 70)
"../clocks.c", line 86: remark #1527-D: (ULP 2.1) Detected SW delay loop using __delay_cycles. Recommend using a timer module instead
"../clocks.c", line 87: remark #1527-D: (ULP 2.1) Detected SW delay loop using empty loop. Recommend using a timer module instead
"../clocks.c", line 120: remark #1527-D: (ULP 2.1) Detected SW delay loop using empty loop. Recommend using a timer module instead
Finished building: "../clocks.c"
 
Building file: "../init.c"
Invoking: MSP430 Compiler
"D:/ccs/tools/compiler/ti-cgt-msp430_21.6.1.LTS/bin/cl430" -vmspx --use_hw_mpy=F5 --include_path="D:/ccs/ccs_base/msp430/include" --include_path="D:/ccs/Project 08/Project 08" --include_path="D:/ccs/tools/compiler/ti-cgt-msp430_21.6.1.LTS/include" --advice:power=all --advice:hw_config=all --define=__MSP430FR2355__ --define=_FRWP_ENABLE --define=_INFO_FRWP_ENABLE -g --printf_support=minimal --diag_warning=225 --diag_wrap=off --display_error_number --silicon_errata=CPU21 --silicon_errata=CPU22 --silicon_errata=CPU40 --preproc_with_compile --preproc_dependency="init.d_raw"  "../init.c"
"..\macros.h", line 144: warning #48-D: incompatible redefinition of macro "WAIT" (declared at line 17)
"..\macros.h", line 174: warning #48-D: incompatible redefinition of macro "PRESSED" (declared at line 120)
"..\macros.h", line 175: warning #48-D: incompatible redefinition of macro "RELEASED" (declared at line 121)
"..\macros.h", line 200: warning #48-D: incompatible redefinition of macro "TB0CCR0_INTERVAL" (declared at line 68)
"..\macros.h", line 201: warning #48-D: incompatible redefinition of macro "TB0CCR1_INTERVAL" (declared at line 69)
"..\macros.h", line 202: warning #48-D: incompatible redefinition of macro "TB0CCR2_INTERVAL" (declared at line 70)
"../init.c", line 26: remark #1544-D: (ULP 13.1) Detected loop counting up. Recommend loops count down as detecting zeros is easier
"../init.c", line 27: remark #2553-D: (ULP 14.1) Array index (involving "i") of type "int". Recommend using "unsigned int"
"../init.c", line 28: remark #2553-D: (ULP 14.1) Array index (involving "i") of type "int". Recommend using "unsigned int"
"../init.c", line 29: remark #2553-D: (ULP 14.1) Array index (involving "i") of type "int". Recommend using "unsigned int"
"../init.c", line 30: remark #2553-D: (ULP 14.1) Array index (involving "i") of type "int". Recommend using "unsigned int"
Finished building: "../init.c"
 
Building file: "../led.c"
Invoking: MSP430 Compiler
"D:/ccs/tools/compiler/ti-cgt-msp430_21.6.1.LTS/bin/cl430" -vmspx --use_hw_mpy=F5 --include_path="D:/ccs/ccs_base/msp430/include" --include_path="D:/ccs/Project 08/Project 08" --include_path="D:/ccs/tools/compiler/ti-cgt-msp430_21.6.1.LTS/include" --advice:power=all --advice:hw_config=all --define=__MSP430FR2355__ --define=_FRWP_ENABLE --define=_INFO_FRWP_ENABLE -g --printf_support=minimal --diag_warning=225 --diag_wrap=off --display_error_number --silicon_errata=CPU21 --silicon_errata=CPU22 --silicon_errata=CPU40 --preproc_with_compile --preproc_dependency="led.d_raw"  "../led.c"
"..\macros.h", line 144: warning #48-D: incompatible redefinition of macro "WAIT" (declared at line 17)
"..\macros.h", line 174: warning #48-D: incompatible redefinition of macro "PRESSED" (declared at line 120)
"..\macros.h", line 175: warning #48-D: incompatible redefinition of macro "RELEASED" (declared at line 121)
"..\macros.h", line 200: warning #48-D: incompatible redefinition of macro "TB0CCR0_INTERVAL" (declared at line 68)
"..\macros.h", line 201: warning #48-D: incompatible redefinition of macro "TB0CCR1_INTERVAL" (declared at line 69)
"..\macros.h", line 202: warning #48-D: incompatible redefinition of macro "TB0CCR2_INTERVAL" (declared at line 70)
Finished building: "../led.c"
 
Building file: "../main.c"
Invoking: MSP430 Compiler
"D:/ccs/tools/compiler/ti-cgt-msp430_21.6.1.LTS/bin/cl430" -vmspx --use_hw_mpy=F5 --include_path="D:/ccs/ccs_base/msp430/include" --include_path="D:/ccs/Project 08/Project 08" --include_path="D:/ccs/tools/compiler/ti-cgt-msp430_21.6.1.LTS/include" --advice:power=all --advice:hw_config=all --define=__MSP430FR2355__ --define=_FRWP_ENABLE --define=_INFO_FRWP_ENABLE -g --printf_support=minimal --diag_warning=225 --diag_wrap=off --display_error_number --silicon_errata=CPU21 --silicon_errata=CPU22 --silicon_errata=CPU40 --preproc_with_compile --preproc_dependency="main.d_raw"  "../main.c"
"..\macros.h", line 144: warning #48-D: incompatible redefinition of macro "WAIT" (declared at line 17)
"..\macros.h", line 174: warning #48-D: incompatible redefinition of macro "PRESSED" (declared at line 120)
"..\macros.h", line 175: warning #48-D: incompatible redefinition of macro "RELEASED" (declared at line 121)
"..\macros.h", line 200: warning #48-D: incompatible redefinition of macro "TB0CCR0_INTERVAL" (declared at line 68)
"..\macros.h", line 201: warning #48-D: incompatible redefinition of macro "TB0CCR1_INTERVAL" (declared at line 69)
"..\macros.h", line 202: warning #48-D: incompatible redefinition of macro "TB0CCR2_INTERVAL" (declared at line 70)
Finished building: "../main.c"
 
Building file: "../ports.c"
Invoking: MSP430 Compiler
"D:/ccs/tools/compiler/ti-cgt-msp430_21.6.1.LTS/bin/cl430" -vmspx --use_hw_mpy=F5 --include_path="D:/ccs/ccs_base/msp430/include" --include_path="D:/ccs/Project 08/Project 08" --include_path="D:/ccs/tools/compiler/ti-cgt-msp430_21.6.1.LTS/include" --advice:power=all --advice:hw_config=all --define=__MSP430FR2355__ --define=_FRWP_ENABLE --define=_INFO_FRWP_ENABLE -g --printf_support=minimal --diag_warning=225 --diag_wrap=off --display_error_number --silicon_errata=CPU21 --silicon_errata=CPU22 --silicon_errata=CPU40 --preproc_with_compile --preproc_dependency="ports.d_raw"  "../ports.c"
"..\macros.h", line 144: warning #48-D: incompatible redefinition of macro "WAIT" (declared at line 17)
"..\macros.h", line 174: warning #48-D: incompatible redefinition of macro "PRESSED" (declared at line 120)
"..\macros.h", line 175: warning #48-D: incompatible redefinition of macro "RELEASED" (declared at line 121)
"..\macros.h", line 200: warning #48-D: incompatible redefinition of macro "TB0CCR0_INTERVAL" (declared at line 68)
"..\macros.h", line 201: warning #48-D: incompatible redefinition of macro "TB0CCR1_INTERVAL" (declared at line 69)
"..\macros.h", line 202: warning #48-D: incompatible redefinition of macro "TB0CCR2_INTERVAL" (declared at line 70)
"../ports.c", line 16: warning #225-D: function "Init_Port_1" declared implicitly
"../ports.c", line 17: warning #225-D: function "Init_Port_2" declared implicitly
"../ports.c", line 18: warning #225-D: function "Init_Port_3" declared implicitly
"../ports.c", line 19: warning #225-D: function "Init_Port_4" declared implicitly
"../ports.c", line 20: warning #225-D: function "Init_Port_5" declared implicitly
"../ports.c", line 21: warning #225-D: function "Init_Port_6" declared implicitly
"../ports.c", line 24: warning #161-D: declaration is incompatible with previous "Init_Port_1" (declared at line 16)
"../ports.c", line 65: warning #161-D: declaration is incompatible with previous "Init_Port_2" (declared at line 17)
"../ports.c", line 115: warning #161-D: declaration is incompatible with previous "Init_Port_3" (declared at line 18)
"../ports.c", line 160: warning #161-D: declaration is incompatible with previous "Init_Port_4" (declared at line 19)
"../ports.c", line 200: warning #161-D: declaration is incompatible with previous "Init_Port_5" (declared at line 20)
"../ports.c", line 233: warning #161-D: declaration is incompatible with previous "Init_Port_6" (declared at line 21)
Finished building: "../ports.c"
 
Building file: "../serial.c"
Invoking: MSP430 Compiler
"D:/ccs/tools/compiler/ti-cgt-msp430_21.6.1.LTS/bin/cl430" -vmspx --use_hw_mpy=F5 --include_path="D:/ccs/ccs_base/msp430/include" --include_path="D:/ccs/Project 08/Project 08" --include_path="D:/ccs/tools/compiler/ti-cgt-msp430_21.6.1.LTS/include" --advice:power=all --advice:hw_config=all --define=__MSP430FR2355__ --define=_FRWP_ENABLE --define=_INFO_FRWP_ENABLE -g --printf_support=minimal --diag_warning=225 --diag_wrap=off --display_error_number --silicon_errata=CPU21 --silicon_errata=CPU22 --silicon_errata=CPU40 --preproc_with_compile --preproc_dependency="serial.d_raw"  "../serial.c"
"..\macros.h", line 144: warning #48-D: incompatible redefinition of macro "WAIT" (declared at line 17)
"..\macros.h", line 174: warning #48-D: incompatible redefinition of macro "PRESSED" (declared at line 120)
"..\macros.h", line 175: warning #48-D: incompatible redefinition of macro "RELEASED" (declared at line 121)
"..\macros.h", line 200: warning #48-D: incompatible redefinition of macro "TB0CCR0_INTERVAL" (declared at line 68)
"..\macros.h", line 201: warning #48-D: incompatible redefinition of macro "TB0CCR1_INTERVAL" (declared at line 69)
"..\macros.h", line 202: warning #48-D: incompatible redefinition of macro "TB0CCR2_INTERVAL" (declared at line 70)
"../serial.c", line 51: remark #1528-D: (ULP 3.1) Detected flag polling using UCA1IFG. Recommend using an interrupt combined with enter LPMx and ISR
"../serial.c", line 50: remark #1544-D: (ULP 13.1) Detected loop counting up. Recommend loops count down as detecting zeros is easier
"../serial.c", line 50: remark #2553-D: (ULP 14.1) Array index (involving "i") of type "int". Recommend using "unsigned int"
"../serial.c", line 52: remark #2553-D: (ULP 14.1) Array index (involving "i") of type "int". Recommend using "unsigned int"
"../serial.c", line 64: remark #1528-D: (ULP 3.1) Detected flag polling using UCA1IFG. Recommend using an interrupt combined with enter LPMx and ISR
"../serial.c", line 88: remark #1528-D: (ULP 3.1) Detected flag polling using UCA0IFG. Recommend using an interrupt combined with enter LPMx and ISR
Finished building: "../serial.c"
 
Building file: "../states.c"
Invoking: MSP430 Compiler
"D:/ccs/tools/compiler/ti-cgt-msp430_21.6.1.LTS/bin/cl430" -vmspx --use_hw_mpy=F5 --include_path="D:/ccs/ccs_base/msp430/include" --include_path="D:/ccs/Project 08/Project 08" --include_path="D:/ccs/tools/compiler/ti-cgt-msp430_21.6.1.LTS/include" --advice:power=all --advice:hw_config=all --define=__MSP430FR2355__ --define=_FRWP_ENABLE --define=_INFO_FRWP_ENABLE -g --printf_support=minimal --diag_warning=225 --diag_wrap=off --display_error_number --silicon_errata=CPU21 --silicon_errata=CPU22 --silicon_errata=CPU40 --preproc_with_compile --preproc_dependency="states.d_raw"  "../states.c"
"..\macros.h", line 144: warning #48-D: incompatible redefinition of macro "WAIT" (declared at line 17)
"..\macros.h", line 174: warning #48-D: incompatible redefinition of macro "PRESSED" (declared at line 120)
"..\macros.h", line 175: warning #48-D: incompatible redefinition of macro "RELEASED" (declared at line 121)
"..\macros.h", line 200: warning #48-D: incompatible redefinition of macro "TB0CCR0_INTERVAL" (declared at line 68)
"..\macros.h", line 201: warning #48-D: incompatible redefinition of macro "TB0CCR1_INTERVAL" (declared at line 69)
"..\macros.h", line 202: warning #48-D: incompatible redefinition of macro "TB0CCR2_INTERVAL" (declared at line 70)
"../states.c", line 35: warning #225-D: function "wait_case" declared implicitly
"../states.c", line 38: warning #225-D: function "start_case" declared implicitly
"../states.c", line 41: warning #225-D: function "run_case" declared implicitly
"../states.c", line 44: warning #225-D: function "end_case" declared implicitly
"../states.c", line 50: warning #161-D: declaration is incompatible with previous "start_case" (declared at line 38)
"../states.c", line 54: warning #225-D: function "moveforward" declared implicitly
"../states.c", line 59: warning #161-D: declaration is incompatible with previous "run_case" (declared at line 41)
"../states.c", line 74: warning #225-D: function "moveforward" declared implicitly
"../states.c", line 85: warning #225-D: function "wait_case" declared implicitly
"../states.c", line 86: warning #225-D: function "start_case_circle" declared implicitly
"../states.c", line 87: warning #225-D: function "run_case_circle" declared implicitly
"../states.c", line 88: warning #225-D: function "end_case" declared implicitly
"../states.c", line 93: warning #161-D: declaration is incompatible with previous "wait_case" (declared at line 35)
"../states.c", line 103: warning #161-D: declaration is incompatible with previous "start_case_circle" (declared at line 86)
"../states.c", line 107: warning #225-D: function "moveforward" declared implicitly
"../states.c", line 112: warning #161-D: declaration is incompatible with previous "run_case_circle" (declared at line 87)
"../states.c", line 133: warning #225-D: function "moveforward" declared implicitly
"../states.c", line 141: warning #161-D: declaration is incompatible with previous "end_case" (declared at line 44)
"../states.c", line 142: warning #225-D: function "stopall" declared implicitly
"../states.c", line 151: warning #225-D: function "start_case_triangle" declared implicitly
"../states.c", line 152: warning #225-D: function "run_case_triangle" declared implicitly
"../states.c", line 158: warning #161-D: declaration is incompatible with previous "start_case_triangle" (declared at line 151)
"../states.c", line 162: warning #225-D: function "moveforward" declared implicitly
"../states.c", line 169: warning #161-D: declaration is incompatible with previous "run_case_triangle" (declared at line 152)
"../states.c", line 192: warning #225-D: function "moveforward" declared implicitly
"../states.c", line 203: warning #188-D: pointless comparison of unsigned integer with zero
"../states.c", line 217: warning #225-D: function "moveforward" declared implicitly
"../states.c", line 238: warning #225-D: function "start_case_figure8" declared implicitly
"../states.c", line 239: warning #225-D: function "run_case_figure8" declared implicitly
"../states.c", line 246: warning #161-D: declaration is incompatible with previous "start_case_figure8" (declared at line 238)
"../states.c", line 250: warning #225-D: function "moveforward" declared implicitly
"../states.c", line 258: warning #161-D: declaration is incompatible with previous "run_case_figure8" (declared at line 239)
"../states.c", line 289: warning #225-D: function "moveforward" declared implicitly
"../states.c", line 300: warning #225-D: function "moveforward" declared implicitly
"../states.c", line 24: remark #1535-D: (ULP 8.1) variable "event" is used as a constant. Recommend declaring variable as either 'static const' or 'const'
Finished building: "../states.c"
 
Building file: "../switches.c"
Invoking: MSP430 Compiler
"D:/ccs/tools/compiler/ti-cgt-msp430_21.6.1.LTS/bin/cl430" -vmspx --use_hw_mpy=F5 --include_path="D:/ccs/ccs_base/msp430/include" --include_path="D:/ccs/Project 08/Project 08" --include_path="D:/ccs/tools/compiler/ti-cgt-msp430_21.6.1.LTS/include" --advice:power=all --advice:hw_config=all --define=__MSP430FR2355__ --define=_FRWP_ENABLE --define=_INFO_FRWP_ENABLE -g --printf_support=minimal --diag_warning=225 --diag_wrap=off --display_error_number --silicon_errata=CPU21 --silicon_errata=CPU22 --silicon_errata=CPU40 --preproc_with_compile --preproc_dependency="switches.d_raw"  "../switches.c"
"..\macros.h", line 144: warning #48-D: incompatible redefinition of macro "WAIT" (declared at line 17)
"..\macros.h", line 174: warning #48-D: incompatible redefinition of macro "PRESSED" (declared at line 120)
"..\macros.h", line 175: warning #48-D: incompatible redefinition of macro "RELEASED" (declared at line 121)
"..\macros.h", line 200: warning #48-D: incompatible redefinition of macro "TB0CCR0_INTERVAL" (declared at line 68)
"..\macros.h", line 201: warning #48-D: incompatible redefinition of macro "TB0CCR1_INTERVAL" (declared at line 69)
"..\macros.h", line 202: warning #48-D: incompatible redefinition of macro "TB0CCR2_INTERVAL" (declared at line 70)
Finished building: "../switches.c"
 
Building file: "../system.c"
Invoking: MSP430 Compiler
"D:/ccs/tools/compiler/ti-cgt-msp430_21.6.1.LTS/bin/cl430" -vmspx --use_hw_mpy=F5 --include_path="D:/ccs/ccs_base/msp430/include" --include_path="D:/ccs/Project 08/Project 08" --include_path="D:/ccs/tools/compiler/ti-cgt-msp430_21.6.1.LTS/include" --advice:power=all --advice:hw_config=all --define=__MSP430FR2355__ --define=_FRWP_ENABLE --define=_INFO_FRWP_ENABLE -g --printf_support=minimal --diag_warning=225 --diag_wrap=off --display_error_number --silicon_errata=CPU21 --silicon_errata=CPU22 --silicon_errata=CPU40 --preproc_with_compile --preproc_dependency="system.d_raw"  "../system.c"
"..\macros.h", line 144: warning #48-D: incompatible redefinition of macro "WAIT" (declared at line 17)
"..\macros.h", line 174: warning #48-D: incompatible redefinition of macro "PRESSED" (declared at line 120)
"..\macros.h", line 175: warning #48-D: incompatible redefinition of macro "RELEASED" (declared at line 121)
"..\macros.h", line 200: warning #48-D: incompatible redefinition of macro "TB0CCR0_INTERVAL" (declared at line 68)
"..\macros.h", line 201: warning #48-D: incompatible redefinition of macro "TB0CCR1_INTERVAL" (declared at line 69)
"..\macros.h", line 202: warning #48-D: incompatible redefinition of macro "TB0CCR2_INTERVAL" (declared at line 70)
Finished building: "../system.c"
 
Building file: "../timers.c"
Invoking: MSP430 Compiler
"D:/ccs/tools/compiler/ti-cgt-msp430_21.6.1.LTS/bin/cl430" -vmspx --use_hw_mpy=F5 --include_path="D:/ccs/ccs_base/msp430/include" --include_path="D:/ccs/Project 08/Project 08" --include_path="D:/ccs/tools/compiler/ti-cgt-msp430_21.6.1.LTS/include" --advice:power=all --advice:hw_config=all --define=__MSP430FR2355__ --define=_FRWP_ENABLE --define=_INFO_FRWP_ENABLE -g --printf_support=minimal --diag_warning=225 --diag_wrap=off --display_error_number --silicon_errata=CPU21 --silicon_errata=CPU22 --silicon_errata=CPU40 --preproc_with_compile --preproc_dependency="timers.d_raw"  "../timers.c"
"..\macros.h", line 144: warning #48-D: incompatible redefinition of macro "WAIT" (declared at line 17)
"..\macros.h", line 174: warning #48-D: incompatible redefinition of macro "PRESSED" (declared at line 120)
"..\macros.h", line 175: warning #48-D: incompatible redefinition of macro "RELEASED" (declared at line 121)
"..\macros.h", line 200: warning #48-D: incompatible redefinition of macro "TB0CCR0_INTERVAL" (declared at line 68)
"..\macros.h", line 201: warning #48-D: incompatible redefinition of macro "TB0CCR1_INTERVAL" (declared at line 69)
"..\macros.h", line 202: warning #48-D: incompatible redefinition of macro "TB0CCR2_INTERVAL" (declared at line 70)
Finished building: "../timers.c"
 
Building file: "../timers_move.c"
Invoking: MSP430 Compiler
"D:/ccs/tools/compiler/ti-cgt-msp430_21.6.1.LTS/bin/cl430" -vmspx --use_hw_mpy=F5 --include_path="D:/ccs/ccs_base/msp430/include" --include_path="D:/ccs/Project 08/Project 08" --include_path="D:/ccs/tools/compiler/ti-cgt-msp430_21.6.1.LTS/include" --advice:power=all --advice:hw_config=all --define=__MSP430FR2355__ --define=_FRWP_ENABLE --define=_INFO_FRWP_ENABLE -g --printf_support=minimal --diag_warning=225 --diag_wrap=off --display_error_number --silicon_errata=CPU21 --silicon_errata=CPU22 --silicon_errata=CPU40 --preproc_with_compile --preproc_dependency="timers_move.d_raw"  "../timers_move.c"
"..\macros.h", line 144: warning #48-D: incompatible redefinition of macro "WAIT" (declared at line 17)
"..\macros.h", line 174: warning #48-D: incompatible redefinition of macro "PRESSED" (declared at line 120)
"..\macros.h", line 175: warning #48-D: incompatible redefinition of macro "RELEASED" (declared at line 121)
"..\macros.h", line 200: warning #48-D: incompatible redefinition of macro "TB0CCR0_INTERVAL" (declared at line 68)
"..\macros.h", line 201: warning #48-D: incompatible redefinition of macro "TB0CCR1_INTERVAL" (declared at line 69)
"..\macros.h", line 202: warning #48-D: incompatible redefinition of macro "TB0CCR2_INTERVAL" (declared at line 70)
"../timers_move.c", line 57: warning #225-D: function "moveforward" declared implicitly
"../timers_move.c", line 61: warning #225-D: function "stopall" declared implicitly
"../timers_move.c", line 65: warning #225-D: function "movereverse" declared implicitly
"../timers_move.c", line 82: warning #225-D: function "spin_clockwise" declared implicitly
"../timers_move.c", line 90: warning #225-D: function "spin_counterclockwise" declared implicitly
Finished building: "../timers_move.c"
 
Building file: "../wheels.c"
Invoking: MSP430 Compiler
"D:/ccs/tools/compiler/ti-cgt-msp430_21.6.1.LTS/bin/cl430" -vmspx --use_hw_mpy=F5 --include_path="D:/ccs/ccs_base/msp430/include" --include_path="D:/ccs/Project 08/Project 08" --include_path="D:/ccs/tools/compiler/ti-cgt-msp430_21.6.1.LTS/include" --advice:power=all --advice:hw_config=all --define=__MSP430FR2355__ --define=_FRWP_ENABLE --define=_INFO_FRWP_ENABLE -g --printf_support=minimal --diag_warning=225 --diag_wrap=off --display_error_number --silicon_errata=CPU21 --silicon_errata=CPU22 --silicon_errata=CPU40 --preproc_with_compile --preproc_dependency="wheels.d_raw"  "../wheels.c"
"..\macros.h", line 144: warning #48-D: incompatible redefinition of macro "WAIT" (declared at line 17)
"..\macros.h", line 174: warning #48-D: incompatible redefinition of macro "PRESSED" (declared at line 120)
"..\macros.h", line 175: warning #48-D: incompatible redefinition of macro "RELEASED" (declared at line 121)
"..\macros.h", line 200: warning #48-D: incompatible redefinition of macro "TB0CCR0_INTERVAL" (declared at line 68)
"..\macros.h", line 201: warning #48-D: incompatible redefinition of macro "TB0CCR1_INTERVAL" (declared at line 69)
"..\macros.h", line 202: warning #48-D: incompatible redefinition of macro "TB0CCR2_INTERVAL" (declared at line 70)
Finished building: "../wheels.c"
 
Building file: "../transmit.c"
Invoking: MSP430 Compiler
"D:/ccs/tools/compiler/ti-cgt-msp430_21.6.1.LTS/bin/cl430" -vmspx --use_hw_mpy=F5 --include_path="D:/ccs/ccs_base/msp430/include" --include_path="D:/ccs/Project 08/Project 08" --include_path="D:/ccs/tools/compiler/ti-cgt-msp430_21.6.1.LTS/include" --advice:power=all --advice:hw_config=all --define=__MSP430FR2355__ --define=_FRWP_ENABLE --define=_INFO_FRWP_ENABLE -g --printf_support=minimal --diag_warning=225 --diag_wrap=off --display_error_number --silicon_errata=CPU21 --silicon_errata=CPU22 --silicon_errata=CPU40 --preproc_with_compile --preproc_dependency="transmit.d_raw"  "../transmit.c"
"..\macros.h", line 144: warning #48-D: incompatible redefinition of macro "WAIT" (declared at line 17)
"..\macros.h", line 174: warning #48-D: incompatible redefinition of macro "PRESSED" (declared at line 120)
"..\macros.h", line 175: warning #48-D: incompatible redefinition of macro "RELEASED" (declared at line 121)
"..\macros.h", line 200: warning #48-D: incompatible redefinition of macro "TB0CCR0_INTERVAL" (declared at line 68)
"..\macros.h", line 201: warning #48-D: incompatible redefinition of macro "TB0CCR1_INTERVAL" (declared at line 69)
"..\macros.h", line 202: warning #48-D: incompatible redefinition of macro "TB0CCR2_INTERVAL" (declared at line 70)
"../transmit.c", line 34: remark #1544-D: (ULP 13.1) Detected loop counting up. Recommend loops count down as detecting zeros is easier
"../transmit.c", line 34: remark #2553-D: (ULP 14.1) Array index (involving "i") of type "int". Recommend using "unsigned int"
"../transmit.c", line 47: remark #1527-D: (ULP 2.1) Detected SW delay loop using empty loop. Recommend using a timer module instead
Finished building: "../transmit.c"
 
Building target: "Project 08.out"
Invoking: MSP430 Linker
"D:/ccs/tools/compiler/ti-cgt-msp430_21.6.1.LTS/bin/cl430" -vmspx --use_hw_mpy=F5 --advice:power=all --advice:hw_config=all --define=__MSP430FR2355__ --define=_FRWP_ENABLE --define=_INFO_FRWP_ENABLE -g --printf_support=minimal --diag_warning=225 --diag_wrap=off --display_error_number --silicon_errata=CPU21 --silicon_errata=CPU22 --silicon_errata=CPU40 -z -m"Project 08.map" --heap_size=160 --stack_size=160 --cinit_hold_wdt=on -i"D:/ccs/ccs_base/msp430/include" -i"D:/ccs/ccs_base/msp430/lib/FR2xx" -i"D:/ccs/tools/compiler/ti-cgt-msp430_21.6.1.LTS/lib" -i"D:/ccs/tools/compiler/ti-cgt-msp430_21.6.1.LTS/include" --priority --reread_libs --define=_FRWP_ENABLE --define=_INFO_FRWP_ENABLE --diag_wrap=off --display_error_number --warn_sections --xml_link_info="Project 08_linkInfo.xml" --use_hw_mpy=F5 --rom_model -o "Project 08.out" "./Display.obj" "./adc.obj" "./black_line.obj" "./clocks.obj" "./init.obj" "./led.obj" "./main.obj" "./ports.obj" "./serial.obj" "./states.obj" "./switches.obj" "./system.obj" "./timers.obj" "./timers_move.obj" "./transmit.obj" "./wheels.obj" "../lnk_msp430fr2355.cmd"  -lfrwp_init.a -llibc.a 
<Linking>
 
 undefined      first referenced
  symbol            in file     
 ---------      ----------------
 Display_Update ./Display.obj   
 Init_LCD       ./main.obj      
 display        ./init.obj      
 display_line   ./black_line.obj
 update_display ./Display.obj   
remark #10372-D: (ULP 4.1) Detected uninitialized Port A in this project. Recommend initializing all unused ports to eliminate wasted current consumption on unused pins.
 
remark #10372-D: (ULP 4.1) Detected uninitialized Port B in this project. Recommend initializing all unused ports to eliminate wasted current consumption on unused pins.
remark #10372-D: (ULP 4.1) Detected uninitialized Port C in this project. Recommend initializing all unused ports to eliminate wasted current consumption on unused pins.
remark #10422-D: (ULP 6.2) Detected use of a device with available 32-bit hardware multiplier and not also using MSPMATHLIB library (libmath.a).  Recommend using MSPMATHLIB library (libmath.a) for improved performance.
 
>> Compilation failure
makefile:151: recipe for target 'Project 08.out' failed
error #10234-D: unresolved symbols remain
error #10010: errors encountered during linking; "Project 08.out" not built
gmake[1]: *** [Project 08.out] Error 1
gmake: *** [all] Error 2
makefile:147: recipe for target 'all' failed

**** Build Finished ****

**** Build of configuration Debug for project Project 08 ****

"D:\\ccs\\utils\\bin\\gmake" -k -j 16 all -O 
 
Building target: "Project 08.out"
Invoking: MSP430 Linker
"D:/ccs/tools/compiler/ti-cgt-msp430_21.6.1.LTS/bin/cl430" -vmspx --use_hw_mpy=F5 --advice:power=all --advice:hw_config=all --define=__MSP430FR2355__ --define=_FRWP_ENABLE --define=_INFO_FRWP_ENABLE -g --printf_support=minimal --diag_warning=225 --diag_wrap=off --display_error_number --silicon_errata=CPU21 --silicon_errata=CPU22 --silicon_errata=CPU40 -z -m"Project 08.map" --heap_size=160 --stack_size=160 --cinit_hold_wdt=on -i"D:/ccs/ccs_base/msp430/include" -i"D:/ccs/ccs_base/msp430/lib/FR2xx" -i"D:/ccs/tools/compiler/ti-cgt-msp430_21.6.1.LTS/lib" -i"D:/ccs/tools/compiler/ti-cgt-msp430_21.6.1.LTS/include" --priority --reread_libs --define=_FRWP_ENABLE --define=_INFO_FRWP_ENABLE --diag_wrap=off --display_error_number --warn_sections --xml_link_info="Project 08_linkInfo.xml" --use_hw_mpy=F5 --rom_model -o "Project 08.out" "./Display.obj" "./adc.obj" "./black_line.obj" "./clocks.obj" "./init.obj" "./led.obj" "./main.obj" "./ports.obj" "./serial.obj" "./states.obj" "./switches.obj" "./system.obj" "./timers.obj" "./timers_move.obj" "./transmit.obj" "./wheels.obj" "../Compiled/LCD.obj" "../lnk_msp430fr2355.cmd"  -lfrwp_init.a -llibc.a 
<Linking>
remark #10372-D: (ULP 4.1) Detected uninitialized Port A in this project. Recommend initializing all unused ports to eliminate wasted current consumption on unused pins.
remark #10372-D: (ULP 4.1) Detected uninitialized Port B in this project. Recommend initializing all unused ports to eliminate wasted current consumption on unused pins.
remark #10372-D: (ULP 4.1) Detected uninitialized Port C in this project. Recommend initializing all unused ports to eliminate wasted current consumption on unused pins.
remark #10422-D: (ULP 6.2) Detected use of a device with available 32-bit hardware multiplier and not also using MSPMATHLIB library (libmath.a).  Recommend using MSPMATHLIB library (libmath.a) for improved performance.
Finished building target: "Project 08.out"
 

**** Build Finished ****

**** Build of configuration Debug for project Project 08 ****

"D:\\ccs\\utils\\bin\\gmake" -k -j 16 all -O 
 
Building file: "../main.c"
Invoking: MSP430 Compiler
"D:/ccs/tools/compiler/ti-cgt-msp430_21.6.1.LTS/bin/cl430" -vmspx --use_hw_mpy=F5 --include_path="D:/ccs/ccs_base/msp430/include" --include_path="D:/ccs/Project 08/Project 08" --include_path="D:/ccs/tools/compiler/ti-cgt-msp430_21.6.1.LTS/include" --advice:power=all --advice:hw_config=all --define=__MSP430FR2355__ --define=_FRWP_ENABLE --define=_INFO_FRWP_ENABLE -g --printf_support=minimal --diag_warning=225 --diag_wrap=off --display_error_number --silicon_errata=CPU21 --silicon_errata=CPU22 --silicon_errata=CPU40 --preproc_with_compile --preproc_dependency="main.d_raw"  "../main.c"
"..\macros.h", line 144: warning #48-D: incompatible redefinition of macro "WAIT" (declared at line 17)
"..\macros.h", line 174: warning #48-D: incompatible redefinition of macro "PRESSED" (declared at line 120)
"..\macros.h", line 175: warning #48-D: incompatible redefinition of macro "RELEASED" (declared at line 121)
"..\macros.h", line 200: warning #48-D: incompatible redefinition of macro "TB0CCR0_INTERVAL" (declared at line 68)
"..\macros.h", line 201: warning #48-D: incompatible redefinition of macro "TB0CCR1_INTERVAL" (declared at line 69)
"..\macros.h", line 202: warning #48-D: incompatible redefinition of macro "TB0CCR2_INTERVAL" (declared at line 70)
Finished building: "../main.c"
 
Building target: "Project 08.out"
Invoking: MSP430 Linker
"D:/ccs/tools/compiler/ti-cgt-msp430_21.6.1.LTS/bin/cl430" -vmspx --use_hw_mpy=F5 --advice:power=all --advice:hw_config=all --define=__MSP430FR2355__ --define=_FRWP_ENABLE --define=_INFO_FRWP_ENABLE -g --printf_support=minimal --diag_warning=225 --diag_wrap=off --display_error_number --silicon_errata=CPU21 --silicon_errata=CPU22 --silicon_errata=CPU40 -z -m"Project 08.map" --heap_size=160 --stack_size=160 --cinit_hold_wdt=on -i"D:/ccs/ccs_base/msp430/include" -i"D:/ccs/ccs_base/msp430/lib/FR2xx" -i"D:/ccs/tools/compiler/ti-cgt-msp430_21.6.1.LTS/lib" -i"D:/ccs/tools/compiler/ti-cgt-msp430_21.6.1.LTS/include" --priority --reread_libs --define=_FRWP_ENABLE --define=_INFO_FRWP_ENABLE --diag_wrap=off --display_error_number --warn_sections --xml_link_info="Project 08_linkInfo.xml" --use_hw_mpy=F5 --rom_model -o "Project 08.out" "./Display.obj" "./adc.obj" "./black_line.obj" "./clocks.obj" "./init.obj" "./led.obj" "./main.obj" "./ports.obj" "./serial.obj" "./states.obj" "./switches.obj" "./system.obj" "./timers.obj" "./timers_move.obj" "./transmit.obj" "./wheels.obj" "../Compiled/LCD.obj" "../lnk_msp430fr2355.cmd"  -lfrwp_init.a -llibc.a 
<Linking>
 
 undefined       first referenced
  symbol             in file     
 ---------       ----------------
 ui_show_waiting ./main.obj      
 
remark #10372-D: (ULP 4.1) Detected uninitialized Port A in this project. Recommend initializing all unused ports to eliminate wasted current consumption on unused pins.
error #10234-D: unresolved symbols remain
remark #10372-D: (ULP 4.1) Detected uninitialized Port B in this project. Recommend initializing all unused ports to eliminate wasted current consumption on unused pins.
remark #10372-D: (ULP 4.1) Detected uninitialized Port C in this project. Recommend initializing all unused ports to eliminate wasted current consumption on unused pins.
remark #10422-D: (ULP 6.2) Detected use of a device with available 32-bit hardware multiplier and not also using MSPMATHLIB library (libmath.a).  Recommend using MSPMATHLIB library (libmath.a) for improved performance.
 
>> Compilation failure
makefile:154: recipe for target 'Project 08.out' failed
error #10010: errors encountered during linking; "Project 08.out" not built
gmake[1]: *** [Project 08.out] Error 1
makefile:150: recipe for target 'all' failed
gmake: *** [all] Error 2

**** Build Finished ****

**** Build of configuration Debug for project Project 08 ****

"D:\\ccs\\utils\\bin\\gmake" -k -j 16 all -O 
 
Building target: "Project 08.out"
Invoking: MSP430 Linker
"D:/ccs/tools/compiler/ti-cgt-msp430_21.6.1.LTS/bin/cl430" -vmspx --use_hw_mpy=F5 --advice:power=all --advice:hw_config=all --define=__MSP430FR2355__ --define=_FRWP_ENABLE --define=_INFO_FRWP_ENABLE -g --printf_support=minimal --diag_warning=225 --diag_wrap=off --display_error_number --silicon_errata=CPU21 --silicon_errata=CPU22 --silicon_errata=CPU40 -z -m"Project 08.map" --heap_size=160 --stack_size=160 --cinit_hold_wdt=on -i"D:/ccs/ccs_base/msp430/include" -i"D:/ccs/ccs_base/msp430/lib/FR2xx" -i"D:/ccs/tools/compiler/ti-cgt-msp430_21.6.1.LTS/lib" -i"D:/ccs/tools/compiler/ti-cgt-msp430_21.6.1.LTS/include" --priority --reread_libs --define=_FRWP_ENABLE --define=_INFO_FRWP_ENABLE --diag_wrap=off --display_error_number --warn_sections --xml_link_info="Project 08_linkInfo.xml" --use_hw_mpy=F5 --rom_model -o "Project 08.out" "./Display.obj" "./adc.obj" "./black_line.obj" "./clocks.obj" "./init.obj" "./led.obj" "./main.obj" "./ports.obj" "./serial.obj" "./states.obj" "./switches.obj" "./system.obj" "./timers.obj" "./timers_move.obj" "./transmit.obj" "./wheels.obj" "../Compiled/LCD.obj" "../lnk_msp430fr2355.cmd"  -lfrwp_init.a -llibc.a 
<Linking>
 
remark #10372-D: (ULP 4.1) Detected uninitialized Port A in this project. Recommend initializing all unused ports to eliminate wasted current consumption on unused pins.
 undefined       first referenced
remark #10372-D: (ULP 4.1) Detected uninitialized Port B in this project. Recommend initializing all unused ports to eliminate wasted current consumption on unused pins.
remark #10372-D: (ULP 4.1) Detected uninitialized Port C in this project. Recommend initializing all unused ports to eliminate wasted current consumption on unused pins.
remark #10422-D: (ULP 6.2) Detected use of a device with available 32-bit hardware multiplier and not also using MSPMATHLIB library (libmath.a).  Recommend using MSPMATHLIB library (libmath.a) for improved performance.
 
>> Compilation failure
makefile:154: recipe for target 'Project 08.out' failed
  symbol             in file     
 ---------       ----------------
 ui_show_waiting ./main.obj      
 
error #10234-D: unresolved symbols remain
error #10010: errors encountered during linking; "Project 08.out" not built
gmake[1]: *** [Project 08.out] Error 1
makefile:150: recipe for target 'all' failed
gmake: *** [all] Error 2

**** Build Finished ****

**** Build of configuration Debug for project Project 08 ****

"D:\\ccs\\utils\\bin\\gmake" -k -j 16 all -O 
 
Building file: "../serial.c"
Invoking: MSP430 Compiler
"D:/ccs/tools/compiler/ti-cgt-msp430_21.6.1.LTS/bin/cl430" -vmspx --use_hw_mpy=F5 --include_path="D:/ccs/ccs_base/msp430/include" --include_path="D:/ccs/Project 08/Project 08" --include_path="D:/ccs/tools/compiler/ti-cgt-msp430_21.6.1.LTS/include" --advice:power=all --advice:hw_config=all --define=__MSP430FR2355__ --define=_FRWP_ENABLE --define=_INFO_FRWP_ENABLE -g --printf_support=minimal --diag_warning=225 --diag_wrap=off --display_error_number --silicon_errata=CPU21 --silicon_errata=CPU22 --silicon_errata=CPU40 --preproc_with_compile --preproc_dependency="serial.d_raw"  "../serial.c"
"..\macros.h", line 144: warning #48-D: incompatible redefinition of macro "WAIT" (declared at line 17)
"..\macros.h", line 174: warning #48-D: incompatible redefinition of macro "PRESSED" (declared at line 120)
"..\macros.h", line 175: warning #48-D: incompatible redefinition of macro "RELEASED" (declared at line 121)
"..\macros.h", line 200: warning #48-D: incompatible redefinition of macro "TB0CCR0_INTERVAL" (declared at line 68)
"..\macros.h", line 201: warning #48-D: incompatible redefinition of macro "TB0CCR1_INTERVAL" (declared at line 69)
"..\macros.h", line 202: warning #48-D: incompatible redefinition of macro "TB0CCR2_INTERVAL" (declared at line 70)
"../serial.c", line 51: remark #1528-D: (ULP 3.1) Detected flag polling using UCA1IFG. Recommend using an interrupt combined with enter LPMx and ISR
"../serial.c", line 50: remark #1544-D: (ULP 13.1) Detected loop counting up. Recommend loops count down as detecting zeros is easier
"../serial.c", line 50: remark #2553-D: (ULP 14.1) Array index (involving "i") of type "int". Recommend using "unsigned int"
"../serial.c", line 52: remark #2553-D: (ULP 14.1) Array index (involving "i") of type "int". Recommend using "unsigned int"
"../serial.c", line 59: remark #1528-D: (ULP 3.1) Detected flag polling using UCA0IFG. Recommend using an interrupt combined with enter LPMx and ISR
"../serial.c", line 58: remark #1544-D: (ULP 13.1) Detected loop counting up. Recommend loops count down as detecting zeros is easier
"../serial.c", line 58: remark #2553-D: (ULP 14.1) Array index (involving "i") of type "int". Recommend using "unsigned int"
"../serial.c", line 60: remark #2553-D: (ULP 14.1) Array index (involving "i") of type "int". Recommend using "unsigned int"
"../serial.c", line 72: remark #1528-D: (ULP 3.1) Detected flag polling using UCA1IFG. Recommend using an interrupt combined with enter LPMx and ISR
"../serial.c", line 96: remark #1528-D: (ULP 3.1) Detected flag polling using UCA0IFG. Recommend using an interrupt combined with enter LPMx and ISR
Finished building: "../serial.c"
 
Building file: "../transmit.c"
Invoking: MSP430 Compiler
"D:/ccs/tools/compiler/ti-cgt-msp430_21.6.1.LTS/bin/cl430" -vmspx --use_hw_mpy=F5 --include_path="D:/ccs/ccs_base/msp430/include" --include_path="D:/ccs/Project 08/Project 08" --include_path="D:/ccs/tools/compiler/ti-cgt-msp430_21.6.1.LTS/include" --advice:power=all --advice:hw_config=all --define=__MSP430FR2355__ --define=_FRWP_ENABLE --define=_INFO_FRWP_ENABLE -g --printf_support=minimal --diag_warning=225 --diag_wrap=off --display_error_number --silicon_errata=CPU21 --silicon_errata=CPU22 --silicon_errata=CPU40 --preproc_with_compile --preproc_dependency="transmit.d_raw"  "../transmit.c"
"..\macros.h", line 144: warning #48-D: incompatible redefinition of macro "WAIT" (declared at line 17)
"..\macros.h", line 174: warning #48-D: incompatible redefinition of macro "PRESSED" (declared at line 120)
"..\macros.h", line 175: warning #48-D: incompatible redefinition of macro "RELEASED" (declared at line 121)
"..\macros.h", line 200: warning #48-D: incompatible redefinition of macro "TB0CCR0_INTERVAL" (declared at line 68)
"..\macros.h", line 201: warning #48-D: incompatible redefinition of macro "TB0CCR1_INTERVAL" (declared at line 69)
"..\macros.h", line 202: warning #48-D: incompatible redefinition of macro "TB0CCR2_INTERVAL" (declared at line 70)
"../transmit.c", line 45: remark #1544-D: (ULP 13.1) Detected loop counting up. Recommend loops count down as detecting zeros is easier
"../transmit.c", line 45: remark #2553-D: (ULP 14.1) Array index (involving "i") of type "int". Recommend using "unsigned int"
"../transmit.c", line 65: remark #1527-D: (ULP 2.1) Detected SW delay loop using empty loop. Recommend using a timer module instead
Finished building: "../transmit.c"
 
Building target: "Project 08.out"
Invoking: MSP430 Linker
"D:/ccs/tools/compiler/ti-cgt-msp430_21.6.1.LTS/bin/cl430" -vmspx --use_hw_mpy=F5 --advice:power=all --advice:hw_config=all --define=__MSP430FR2355__ --define=_FRWP_ENABLE --define=_INFO_FRWP_ENABLE -g --printf_support=minimal --diag_warning=225 --diag_wrap=off --display_error_number --silicon_errata=CPU21 --silicon_errata=CPU22 --silicon_errata=CPU40 -z -m"Project 08.map" --heap_size=160 --stack_size=160 --cinit_hold_wdt=on -i"D:/ccs/ccs_base/msp430/include" -i"D:/ccs/ccs_base/msp430/lib/FR2xx" -i"D:/ccs/tools/compiler/ti-cgt-msp430_21.6.1.LTS/lib" -i"D:/ccs/tools/compiler/ti-cgt-msp430_21.6.1.LTS/include" --priority --reread_libs --define=_FRWP_ENABLE --define=_INFO_FRWP_ENABLE --diag_wrap=off --display_error_number --warn_sections --xml_link_info="Project 08_linkInfo.xml" --use_hw_mpy=F5 --rom_model -o "Project 08.out" "./Display.obj" "./adc.obj" "./black_line.obj" "./clocks.obj" "./init.obj" "./led.obj" "./main.obj" "./ports.obj" "./serial.obj" "./states.obj" "./switches.obj" "./system.obj" "./timers.obj" "./timers_move.obj" "./transmit.obj" "./wheels.obj" "../Compiled/LCD.obj" "../lnk_msp430fr2355.cmd"  -lfrwp_init.a -llibc.a 
<Linking>
remark #10372-D: (ULP 4.1) Detected uninitialized Port A in this project. Recommend initializing all unused ports to eliminate wasted current consumption on unused pins.
remark #10372-D: (ULP 4.1) Detected uninitialized Port B in this project. Recommend initializing all unused ports to eliminate wasted current consumption on unused pins.
remark #10372-D: (ULP 4.1) Detected uninitialized Port C in this project. Recommend initializing all unused ports to eliminate wasted current consumption on unused pins.
remark #10422-D: (ULP 6.2) Detected use of a device with available 32-bit hardware multiplier and not also using MSPMATHLIB library (libmath.a).  Recommend using MSPMATHLIB library (libmath.a) for improved performance.
Finished building target: "Project 08.out"
 

**** Build Finished ****

**** Build of configuration Debug for project Project 08 ****

"D:\\ccs\\utils\\bin\\gmake" -k -j 16 all -O 
 
gmake[1]: 'Project 08.out' is up to date.

**** Build Finished ****

**** Build of configuration Debug for project Project 08 ****

"D:\\ccs\\utils\\bin\\gmake" -k -j 16 all -O 
 
gmake[1]: 'Project 08.out' is up to date.

**** Build Finished ****

**** Build of configuration Debug for project Project 08 ****

"D:\\ccs\\utils\\bin\\gmake" -k -j 16 all -O 
 
Building file: "../transmit.c"
Invoking: MSP430 Compiler
"D:/ccs/tools/compiler/ti-cgt-msp430_21.6.1.LTS/bin/cl430" -vmspx --use_hw_mpy=F5 --include_path="D:/ccs/ccs_base/msp430/include" --include_path="D:/ccs/Project 08/Project 08" --include_path="D:/ccs/tools/compiler/ti-cgt-msp430_21.6.1.LTS/include" --advice:power=all --advice:hw_config=all --define=__MSP430FR2355__ --define=_FRWP_ENABLE --define=_INFO_FRWP_ENABLE -g --printf_support=minimal --diag_warning=225 --diag_wrap=off --display_error_number --silicon_errata=CPU21 --silicon_errata=CPU22 --silicon_errata=CPU40 --preproc_with_compile --preproc_dependency="transmit.d_raw"  "../transmit.c"
 
>> Compilation failure
subdir_rules.mk:9: recipe for target 'transmit.obj' failed
"..\macros.h", line 144: warning #48-D: incompatible redefinition of macro "WAIT" (declared at line 17)
"..\macros.h", line 174: warning #48-D: incompatible redefinition of macro "PRESSED" (declared at line 120)
"..\macros.h", line 175: warning #48-D: incompatible redefinition of macro "RELEASED" (declared at line 121)
"..\macros.h", line 200: warning #48-D: incompatible redefinition of macro "TB0CCR0_INTERVAL" (declared at line 68)
"..\macros.h", line 201: warning #48-D: incompatible redefinition of macro "TB0CCR1_INTERVAL" (declared at line 69)
"..\macros.h", line 202: warning #48-D: incompatible redefinition of macro "TB0CCR2_INTERVAL" (declared at line 70)
"../transmit.c", line 45: remark #1544-D: (ULP 13.1) Detected loop counting up. Recommend loops count down as detecting zeros is easier
"../transmit.c", line 45: remark #2553-D: (ULP 14.1) Array index (involving "i") of type "int". Recommend using "unsigned int"
"../transmit.c", line 65: remark #1527-D: (ULP 2.1) Detected SW delay loop using empty loop. Recommend using a timer module instead
"../transmit.c", line 92: error #20: identifier "display_changed" is undefined
1 error detected in the compilation of "../transmit.c".
gmake: *** [transmit.obj] Error 1
gmake: Target 'all' not remade because of errors.

**** Build Finished ****

**** Build of configuration Debug for project Project 08 ****

"D:\\ccs\\utils\\bin\\gmake" -k -j 16 all -O 
 
Building file: "../transmit.c"
Invoking: MSP430 Compiler
"D:/ccs/tools/compiler/ti-cgt-msp430_21.6.1.LTS/bin/cl430" -vmspx --use_hw_mpy=F5 --include_path="D:/ccs/ccs_base/msp430/include" --include_path="D:/ccs/Project 08/Project 08" --include_path="D:/ccs/tools/compiler/ti-cgt-msp430_21.6.1.LTS/include" --advice:power=all --advice:hw_config=all --define=__MSP430FR2355__ --define=_FRWP_ENABLE --define=_INFO_FRWP_ENABLE -g --printf_support=minimal --diag_warning=225 --diag_wrap=off --display_error_number --silicon_errata=CPU21 --silicon_errata=CPU22 --silicon_errata=CPU40 --preproc_with_compile --preproc_dependency="transmit.d_raw"  "../transmit.c"
 
>> Compilation failure
subdir_rules.mk:9: recipe for target 'transmit.obj' failed
"..\macros.h", line 144: warning #48-D: incompatible redefinition of macro "WAIT" (declared at line 17)
"..\macros.h", line 174: warning #48-D: incompatible redefinition of macro "PRESSED" (declared at line 120)
"..\macros.h", line 175: warning #48-D: incompatible redefinition of macro "RELEASED" (declared at line 121)
"..\macros.h", line 200: warning #48-D: incompatible redefinition of macro "TB0CCR0_INTERVAL" (declared at line 68)
"..\macros.h", line 201: warning #48-D: incompatible redefinition of macro "TB0CCR1_INTERVAL" (declared at line 69)
"..\macros.h", line 202: warning #48-D: incompatible redefinition of macro "TB0CCR2_INTERVAL" (declared at line 70)
"../transmit.c", line 45: remark #1544-D: (ULP 13.1) Detected loop counting up. Recommend loops count down as detecting zeros is easier
"../transmit.c", line 45: remark #2553-D: (ULP 14.1) Array index (involving "i") of type "int". Recommend using "unsigned int"
"../transmit.c", line 65: remark #1527-D: (ULP 2.1) Detected SW delay loop using empty loop. Recommend using a timer module instead
"../transmit.c", line 92: error #20: identifier "display_changed" is undefined
1 error detected in the compilation of "../transmit.c".
gmake: *** [transmit.obj] Error 1
gmake: Target 'all' not remade because of errors.

**** Build Finished ****

**** Build of configuration Debug for project Project 08 ****

"D:\\ccs\\utils\\bin\\gmake" -k -j 16 all -O 
 
Building file: "../transmit.c"
Invoking: MSP430 Compiler
"D:/ccs/tools/compiler/ti-cgt-msp430_21.6.1.LTS/bin/cl430" -vmspx --use_hw_mpy=F5 --include_path="D:/ccs/ccs_base/msp430/include" --include_path="D:/ccs/Project 08/Project 08" --include_path="D:/ccs/tools/compiler/ti-cgt-msp430_21.6.1.LTS/include" --advice:power=all --advice:hw_config=all --define=__MSP430FR2355__ --define=_FRWP_ENABLE --define=_INFO_FRWP_ENABLE -g --printf_support=minimal --diag_warning=225 --diag_wrap=off --display_error_number --silicon_errata=CPU21 --silicon_errata=CPU22 --silicon_errata=CPU40 --preproc_with_compile --preproc_dependency="transmit.d_raw"  "../transmit.c"
 
>> Compilation failure
subdir_rules.mk:9: recipe for target 'transmit.obj' failed
"..\macros.h", line 144: warning #48-D: incompatible redefinition of macro "WAIT" (declared at line 17)
"..\macros.h", line 174: warning #48-D: incompatible redefinition of macro "PRESSED" (declared at line 120)
"..\macros.h", line 175: warning #48-D: incompatible redefinition of macro "RELEASED" (declared at line 121)
"..\macros.h", line 200: warning #48-D: incompatible redefinition of macro "TB0CCR0_INTERVAL" (declared at line 68)
"..\macros.h", line 201: warning #48-D: incompatible redefinition of macro "TB0CCR1_INTERVAL" (declared at line 69)
"..\macros.h", line 202: warning #48-D: incompatible redefinition of macro "TB0CCR2_INTERVAL" (declared at line 70)
"../transmit.c", line 45: remark #1544-D: (ULP 13.1) Detected loop counting up. Recommend loops count down as detecting zeros is easier
"../transmit.c", line 45: remark #2553-D: (ULP 14.1) Array index (involving "i") of type "int". Recommend using "unsigned int"
"../transmit.c", line 65: remark #1527-D: (ULP 2.1) Detected SW delay loop using empty loop. Recommend using a timer module instead
"../transmit.c", line 92: error #20: identifier "display_changed" is undefined
1 error detected in the compilation of "../transmit.c".
gmake: *** [transmit.obj] Error 1
gmake: Target 'all' not remade because of errors.

**** Build Finished ****

**** Build of configuration Debug for project Project 08 ****

"D:\\ccs\\utils\\bin\\gmake" -k -j 16 all -O 
 
Building file: "../transmit.c"
Invoking: MSP430 Compiler
"D:/ccs/tools/compiler/ti-cgt-msp430_21.6.1.LTS/bin/cl430" -vmspx --use_hw_mpy=F5 --include_path="D:/ccs/ccs_base/msp430/include" --include_path="D:/ccs/Project 08/Project 08" --include_path="D:/ccs/tools/compiler/ti-cgt-msp430_21.6.1.LTS/include" --advice:power=all --advice:hw_config=all --define=__MSP430FR2355__ --define=_FRWP_ENABLE --define=_INFO_FRWP_ENABLE -g --printf_support=minimal --diag_warning=225 --diag_wrap=off --display_error_number --silicon_errata=CPU21 --silicon_errata=CPU22 --silicon_errata=CPU40 --preproc_with_compile --preproc_dependency="transmit.d_raw"  "../transmit.c"
 
>> Compilation failure
subdir_rules.mk:9: recipe for target 'transmit.obj' failed
"..\macros.h", line 144: warning #48-D: incompatible redefinition of macro "WAIT" (declared at line 17)
"..\macros.h", line 174: warning #48-D: incompatible redefinition of macro "PRESSED" (declared at line 120)
"..\macros.h", line 175: warning #48-D: incompatible redefinition of macro "RELEASED" (declared at line 121)
"..\macros.h", line 200: warning #48-D: incompatible redefinition of macro "TB0CCR0_INTERVAL" (declared at line 68)
"..\macros.h", line 201: warning #48-D: incompatible redefinition of macro "TB0CCR1_INTERVAL" (declared at line 69)
"..\macros.h", line 202: warning #48-D: incompatible redefinition of macro "TB0CCR2_INTERVAL" (declared at line 70)
"../transmit.c", line 45: remark #1544-D: (ULP 13.1) Detected loop counting up. Recommend loops count down as detecting zeros is easier
"../transmit.c", line 45: remark #2553-D: (ULP 14.1) Array index (involving "i") of type "int". Recommend using "unsigned int"
"../transmit.c", line 65: remark #1527-D: (ULP 2.1) Detected SW delay loop using empty loop. Recommend using a timer module instead
"../transmit.c", line 74: error #20: identifier "display_changed" is undefined
1 error detected in the compilation of "../transmit.c".
gmake: *** [transmit.obj] Error 1
gmake: Target 'all' not remade because of errors.

**** Build Finished ****

**** Build of configuration Debug for project Project 08 ****

"D:\\ccs\\utils\\bin\\gmake" -k -j 16 all -O 
 
Building file: "../transmit.c"
Invoking: MSP430 Compiler
"D:/ccs/tools/compiler/ti-cgt-msp430_21.6.1.LTS/bin/cl430" -vmspx --use_hw_mpy=F5 --include_path="D:/ccs/ccs_base/msp430/include" --include_path="D:/ccs/Project 08/Project 08" --include_path="D:/ccs/tools/compiler/ti-cgt-msp430_21.6.1.LTS/include" --advice:power=all --advice:hw_config=all --define=__MSP430FR2355__ --define=_FRWP_ENABLE --define=_INFO_FRWP_ENABLE -g --printf_support=minimal --diag_warning=225 --diag_wrap=off --display_error_number --silicon_errata=CPU21 --silicon_errata=CPU22 --silicon_errata=CPU40 --preproc_with_compile --preproc_dependency="transmit.d_raw"  "../transmit.c"
 
>> Compilation failure
subdir_rules.mk:9: recipe for target 'transmit.obj' failed
"..\macros.h", line 144: warning #48-D: incompatible redefinition of macro "WAIT" (declared at line 17)
"..\macros.h", line 174: warning #48-D: incompatible redefinition of macro "PRESSED" (declared at line 120)
"..\macros.h", line 175: warning #48-D: incompatible redefinition of macro "RELEASED" (declared at line 121)
"..\macros.h", line 200: warning #48-D: incompatible redefinition of macro "TB0CCR0_INTERVAL" (declared at line 68)
"..\macros.h", line 201: warning #48-D: incompatible redefinition of macro "TB0CCR1_INTERVAL" (declared at line 69)
"..\macros.h", line 202: warning #48-D: incompatible redefinition of macro "TB0CCR2_INTERVAL" (declared at line 70)
"../transmit.c", line 45: remark #1544-D: (ULP 13.1) Detected loop counting up. Recommend loops count down as detecting zeros is easier
"../transmit.c", line 45: remark #2553-D: (ULP 14.1) Array index (involving "i") of type "int". Recommend using "unsigned int"
"../transmit.c", line 65: remark #1527-D: (ULP 2.1) Detected SW delay loop using empty loop. Recommend using a timer module instead
"../transmit.c", line 74: error #20: identifier "display_changed" is undefined
1 error detected in the compilation of "../transmit.c".
gmake: *** [transmit.obj] Error 1
gmake: Target 'all' not remade because of errors.

**** Build Finished ****

**** Build of configuration Debug for project Project 08 ****

"D:\\ccs\\utils\\bin\\gmake" -k -j 16 all -O 
 
Building file: "../transmit.c"
Invoking: MSP430 Compiler
"D:/ccs/tools/compiler/ti-cgt-msp430_21.6.1.LTS/bin/cl430" -vmspx --use_hw_mpy=F5 --include_path="D:/ccs/ccs_base/msp430/include" --include_path="D:/ccs/Project 08/Project 08" --include_path="D:/ccs/tools/compiler/ti-cgt-msp430_21.6.1.LTS/include" --advice:power=all --advice:hw_config=all --define=__MSP430FR2355__ --define=_FRWP_ENABLE --define=_INFO_FRWP_ENABLE -g --printf_support=minimal --diag_warning=225 --diag_wrap=off --display_error_number --silicon_errata=CPU21 --silicon_errata=CPU22 --silicon_errata=CPU40 --preproc_with_compile --preproc_dependency="transmit.d_raw"  "../transmit.c"
 
>> Compilation failure
subdir_rules.mk:9: recipe for target 'transmit.obj' failed
"..\macros.h", line 144: warning #48-D: incompatible redefinition of macro "WAIT" (declared at line 17)
"..\macros.h", line 174: warning #48-D: incompatible redefinition of macro "PRESSED" (declared at line 120)
"..\macros.h", line 175: warning #48-D: incompatible redefinition of macro "RELEASED" (declared at line 121)
"..\macros.h", line 200: warning #48-D: incompatible redefinition of macro "TB0CCR0_INTERVAL" (declared at line 68)
"..\macros.h", line 201: warning #48-D: incompatible redefinition of macro "TB0CCR1_INTERVAL" (declared at line 69)
"..\macros.h", line 202: warning #48-D: incompatible redefinition of macro "TB0CCR2_INTERVAL" (declared at line 70)
"../transmit.c", line 45: remark #1544-D: (ULP 13.1) Detected loop counting up. Recommend loops count down as detecting zeros is easier
"../transmit.c", line 45: remark #2553-D: (ULP 14.1) Array index (involving "i") of type "int". Recommend using "unsigned int"
"../transmit.c", line 65: remark #1527-D: (ULP 2.1) Detected SW delay loop using empty loop. Recommend using a timer module instead
"../transmit.c", line 74: error #20: identifier "display_changed" is undefined
1 error detected in the compilation of "../transmit.c".
gmake: *** [transmit.obj] Error 1
gmake: Target 'all' not remade because of errors.

**** Build Finished ****

**** Build of configuration Debug for project Project 08 ****

"D:\\ccs\\utils\\bin\\gmake" -k -j 16 all -O 
 
Building file: "../transmit.c"
Invoking: MSP430 Compiler
"D:/ccs/tools/compiler/ti-cgt-msp430_21.6.1.LTS/bin/cl430" -vmspx --use_hw_mpy=F5 --include_path="D:/ccs/ccs_base/msp430/include" --include_path="D:/ccs/Project 08/Project 08" --include_path="D:/ccs/tools/compiler/ti-cgt-msp430_21.6.1.LTS/include" --advice:power=all --advice:hw_config=all --define=__MSP430FR2355__ --define=_FRWP_ENABLE --define=_INFO_FRWP_ENABLE -g --printf_support=minimal --diag_warning=225 --diag_wrap=off --display_error_number --silicon_errata=CPU21 --silicon_errata=CPU22 --silicon_errata=CPU40 --preproc_with_compile --preproc_dependency="transmit.d_raw"  "../transmit.c"
 
>> Compilation failure
subdir_rules.mk:9: recipe for target 'transmit.obj' failed
"..\macros.h", line 144: warning #48-D: incompatible redefinition of macro "WAIT" (declared at line 17)
"..\macros.h", line 174: warning #48-D: incompatible redefinition of macro "PRESSED" (declared at line 120)
"..\macros.h", line 175: warning #48-D: incompatible redefinition of macro "RELEASED" (declared at line 121)
"..\macros.h", line 200: warning #48-D: incompatible redefinition of macro "TB0CCR0_INTERVAL" (declared at line 68)
"..\macros.h", line 201: warning #48-D: incompatible redefinition of macro "TB0CCR1_INTERVAL" (declared at line 69)
"..\macros.h", line 202: warning #48-D: incompatible redefinition of macro "TB0CCR2_INTERVAL" (declared at line 70)
"../transmit.c", line 45: remark #1544-D: (ULP 13.1) Detected loop counting up. Recommend loops count down as detecting zeros is easier
"../transmit.c", line 45: remark #2553-D: (ULP 14.1) Array index (involving "i") of type "int". Recommend using "unsigned int"
"../transmit.c", line 65: remark #1527-D: (ULP 2.1) Detected SW delay loop using empty loop. Recommend using a timer module instead
"../transmit.c", line 74: error #20: identifier "display_changed" is undefined
1 error detected in the compilation of "../transmit.c".
gmake: *** [transmit.obj] Error 1
gmake: Target 'all' not remade because of errors.

**** Build Finished ****

**** Build of configuration Debug for project Project 08 ****

"D:\\ccs\\utils\\bin\\gmake" -k -j 16 all -O 
 
Building file: "../transmit.c"
Invoking: MSP430 Compiler
"D:/ccs/tools/compiler/ti-cgt-msp430_21.6.1.LTS/bin/cl430" -vmspx --use_hw_mpy=F5 --include_path="D:/ccs/ccs_base/msp430/include" --include_path="D:/ccs/Project 08/Project 08" --include_path="D:/ccs/tools/compiler/ti-cgt-msp430_21.6.1.LTS/include" --advice:power=all --advice:hw_config=all --define=__MSP430FR2355__ --define=_FRWP_ENABLE --define=_INFO_FRWP_ENABLE -g --printf_support=minimal --diag_warning=225 --diag_wrap=off --display_error_number --silicon_errata=CPU21 --silicon_errata=CPU22 --silicon_errata=CPU40 --preproc_with_compile --preproc_dependency="transmit.d_raw"  "../transmit.c"
"..\macros.h", line 144: warning #48-D: incompatible redefinition of macro "WAIT" (declared at line 17)
"..\macros.h", line 174: warning #48-D: incompatible redefinition of macro "PRESSED" (declared at line 120)
"..\macros.h", line 175: warning #48-D: incompatible redefinition of macro "RELEASED" (declared at line 121)
"..\macros.h", line 200: warning #48-D: incompatible redefinition of macro "TB0CCR0_INTERVAL" (declared at line 68)
"..\macros.h", line 201: warning #48-D: incompatible redefinition of macro "TB0CCR1_INTERVAL" (declared at line 69)
"..\macros.h", line 202: warning #48-D: incompatible redefinition of macro "TB0CCR2_INTERVAL" (declared at line 70)
"../transmit.c", line 46: remark #1544-D: (ULP 13.1) Detected loop counting up. Recommend loops count down as detecting zeros is easier
"../transmit.c", line 46: remark #2553-D: (ULP 14.1) Array index (involving "i") of type "int". Recommend using "unsigned int"
"../transmit.c", line 66: remark #1527-D: (ULP 2.1) Detected SW delay loop using empty loop. Recommend using a timer module instead
Finished building: "../transmit.c"
 
Building target: "Project 08.out"
Invoking: MSP430 Linker
"D:/ccs/tools/compiler/ti-cgt-msp430_21.6.1.LTS/bin/cl430" -vmspx --use_hw_mpy=F5 --advice:power=all --advice:hw_config=all --define=__MSP430FR2355__ --define=_FRWP_ENABLE --define=_INFO_FRWP_ENABLE -g --printf_support=minimal --diag_warning=225 --diag_wrap=off --display_error_number --silicon_errata=CPU21 --silicon_errata=CPU22 --silicon_errata=CPU40 -z -m"Project 08.map" --heap_size=160 --stack_size=160 --cinit_hold_wdt=on -i"D:/ccs/ccs_base/msp430/include" -i"D:/ccs/ccs_base/msp430/lib/FR2xx" -i"D:/ccs/tools/compiler/ti-cgt-msp430_21.6.1.LTS/lib" -i"D:/ccs/tools/compiler/ti-cgt-msp430_21.6.1.LTS/include" --priority --reread_libs --define=_FRWP_ENABLE --define=_INFO_FRWP_ENABLE --diag_wrap=off --display_error_number --warn_sections --xml_link_info="Project 08_linkInfo.xml" --use_hw_mpy=F5 --rom_model -o "Project 08.out" "./Display.obj" "./adc.obj" "./black_line.obj" "./clocks.obj" "./init.obj" "./led.obj" "./main.obj" "./ports.obj" "./serial.obj" "./states.obj" "./switches.obj" "./system.obj" "./timers.obj" "./timers_move.obj" "./transmit.obj" "./wheels.obj" "../Compiled/LCD.obj" "../lnk_msp430fr2355.cmd"  -lfrwp_init.a -llibc.a 
<Linking>
remark #10372-D: (ULP 4.1) Detected uninitialized Port A in this project. Recommend initializing all unused ports to eliminate wasted current consumption on unused pins.
remark #10372-D: (ULP 4.1) Detected uninitialized Port B in this project. Recommend initializing all unused ports to eliminate wasted current consumption on unused pins.
remark #10372-D: (ULP 4.1) Detected uninitialized Port C in this project. Recommend initializing all unused ports to eliminate wasted current consumption on unused pins.
remark #10422-D: (ULP 6.2) Detected use of a device with available 32-bit hardware multiplier and not also using MSPMATHLIB library (libmath.a).  Recommend using MSPMATHLIB library (libmath.a) for improved performance.
Finished building target: "Project 08.out"
 

**** Build Finished ****

**** Build of configuration Debug for project Project 08 ****

"D:\\ccs\\utils\\bin\\gmake" -k -j 16 all -O 
 
gmake[1]: 'Project 08.out' is up to date.

**** Build Finished ****

**** Build of configuration Debug for project Project 08 ****

"D:\\ccs\\utils\\bin\\gmake" -k -j 16 all -O 
 
gmake[1]: 'Project 08.out' is up to date.

**** Build Finished ****

**** Build of configuration Debug for project Project 08 ****

"D:\\ccs\\utils\\bin\\gmake" -k -j 16 all -O 
 
Building file: "../main.c"
Invoking: MSP430 Compiler
"D:/ccs/tools/compiler/ti-cgt-msp430_21.6.1.LTS/bin/cl430" -vmspx --use_hw_mpy=F5 --include_path="D:/ccs/ccs_base/msp430/include" --include_path="D:/ccs/Project 08/Project 08" --include_path="D:/ccs/tools/compiler/ti-cgt-msp430_21.6.1.LTS/include" --advice:power=all --advice:hw_config=all --define=__MSP430FR2355__ --define=_FRWP_ENABLE --define=_INFO_FRWP_ENABLE -g --printf_support=minimal --diag_warning=225 --diag_wrap=off --display_error_number --silicon_errata=CPU21 --silicon_errata=CPU22 --silicon_errata=CPU40 --preproc_with_compile --preproc_dependency="main.d_raw"  "../main.c"
"..\macros.h", line 144: warning #48-D: incompatible redefinition of macro "WAIT" (declared at line 17)
"..\macros.h", line 174: warning #48-D: incompatible redefinition of macro "PRESSED" (declared at line 120)
"..\macros.h", line 175: warning #48-D: incompatible redefinition of macro "RELEASED" (declared at line 121)
"..\macros.h", line 200: warning #48-D: incompatible redefinition of macro "TB0CCR0_INTERVAL" (declared at line 68)
"..\macros.h", line 201: warning #48-D: incompatible redefinition of macro "TB0CCR1_INTERVAL" (declared at line 69)
"..\macros.h", line 202: warning #48-D: incompatible redefinition of macro "TB0CCR2_INTERVAL" (declared at line 70)
Finished building: "../main.c"
 
Building file: "../switches.c"
Invoking: MSP430 Compiler
"D:/ccs/tools/compiler/ti-cgt-msp430_21.6.1.LTS/bin/cl430" -vmspx --use_hw_mpy=F5 --include_path="D:/ccs/ccs_base/msp430/include" --include_path="D:/ccs/Project 08/Project 08" --include_path="D:/ccs/tools/compiler/ti-cgt-msp430_21.6.1.LTS/include" --advice:power=all --advice:hw_config=all --define=__MSP430FR2355__ --define=_FRWP_ENABLE --define=_INFO_FRWP_ENABLE -g --printf_support=minimal --diag_warning=225 --diag_wrap=off --display_error_number --silicon_errata=CPU21 --silicon_errata=CPU22 --silicon_errata=CPU40 --preproc_with_compile --preproc_dependency="switches.d_raw"  "../switches.c"
"..\macros.h", line 144: warning #48-D: incompatible redefinition of macro "WAIT" (declared at line 17)
"..\macros.h", line 174: warning #48-D: incompatible redefinition of macro "PRESSED" (declared at line 120)
"..\macros.h", line 175: warning #48-D: incompatible redefinition of macro "RELEASED" (declared at line 121)
"..\macros.h", line 200: warning #48-D: incompatible redefinition of macro "TB0CCR0_INTERVAL" (declared at line 68)
"..\macros.h", line 201: warning #48-D: incompatible redefinition of macro "TB0CCR1_INTERVAL" (declared at line 69)
"..\macros.h", line 202: warning #48-D: incompatible redefinition of macro "TB0CCR2_INTERVAL" (declared at line 70)
Finished building: "../switches.c"
 
Building target: "Project 08.out"
Invoking: MSP430 Linker
"D:/ccs/tools/compiler/ti-cgt-msp430_21.6.1.LTS/bin/cl430" -vmspx --use_hw_mpy=F5 --advice:power=all --advice:hw_config=all --define=__MSP430FR2355__ --define=_FRWP_ENABLE --define=_INFO_FRWP_ENABLE -g --printf_support=minimal --diag_warning=225 --diag_wrap=off --display_error_number --silicon_errata=CPU21 --silicon_errata=CPU22 --silicon_errata=CPU40 -z -m"Project 08.map" --heap_size=160 --stack_size=160 --cinit_hold_wdt=on -i"D:/ccs/ccs_base/msp430/include" -i"D:/ccs/ccs_base/msp430/lib/FR2xx" -i"D:/ccs/tools/compiler/ti-cgt-msp430_21.6.1.LTS/lib" -i"D:/ccs/tools/compiler/ti-cgt-msp430_21.6.1.LTS/include" --priority --reread_libs --define=_FRWP_ENABLE --define=_INFO_FRWP_ENABLE --diag_wrap=off --display_error_number --warn_sections --xml_link_info="Project 08_linkInfo.xml" --use_hw_mpy=F5 --rom_model -o "Project 08.out" "./Display.obj" "./adc.obj" "./black_line.obj" "./clocks.obj" "./init.obj" "./led.obj" "./main.obj" "./ports.obj" "./serial.obj" "./states.obj" "./switches.obj" "./system.obj" "./timers.obj" "./timers_move.obj" "./transmit.obj" "./wheels.obj" "../Compiled/LCD.obj" "../lnk_msp430fr2355.cmd"  -lfrwp_init.a -llibc.a 
<Linking>
error #10056: symbol "hw8_sw2_pressed" redefined: first defined in "./main.obj"; redefined in "./switches.obj"
error #10056: symbol "hw8_sw1_pressed" redefined: first defined in "./main.obj"; redefined in "./switches.obj"
remark #10372-D: (ULP 4.1) Detected uninitialized Port A in this project. Recommend initializing all unused ports to eliminate wasted current consumption on unused pins.
error #10010: errors encountered during linking; "Project 08.out" not built
remark #10372-D: (ULP 4.1) Detected uninitialized Port B in this project. Recommend initializing all unused ports to eliminate wasted current consumption on unused pins.
remark #10372-D: (ULP 4.1) Detected uninitialized Port C in this project. Recommend initializing all unused ports to eliminate wasted current consumption on unused pins.
remark #10422-D: (ULP 6.2) Detected use of a device with available 32-bit hardware multiplier and not also using MSPMATHLIB library (libmath.a).  Recommend using MSPMATHLIB library (libmath.a) for improved performance.
 
>> Compilation failure
makefile:154: recipe for target 'Project 08.out' failed
gmake[1]: *** [Project 08.out] Error 1
makefile:150: recipe for target 'all' failed
gmake: *** [all] Error 2

**** Build Finished ****

**** Build of configuration Debug for project Project 08 ****

"D:\\ccs\\utils\\bin\\gmake" -k -j 16 all -O 
 
Building target: "Project 08.out"
Invoking: MSP430 Linker
"D:/ccs/tools/compiler/ti-cgt-msp430_21.6.1.LTS/bin/cl430" -vmspx --use_hw_mpy=F5 --advice:power=all --advice:hw_config=all --define=__MSP430FR2355__ --define=_FRWP_ENABLE --define=_INFO_FRWP_ENABLE -g --printf_support=minimal --diag_warning=225 --diag_wrap=off --display_error_number --silicon_errata=CPU21 --silicon_errata=CPU22 --silicon_errata=CPU40 -z -m"Project 08.map" --heap_size=160 --stack_size=160 --cinit_hold_wdt=on -i"D:/ccs/ccs_base/msp430/include" -i"D:/ccs/ccs_base/msp430/lib/FR2xx" -i"D:/ccs/tools/compiler/ti-cgt-msp430_21.6.1.LTS/lib" -i"D:/ccs/tools/compiler/ti-cgt-msp430_21.6.1.LTS/include" --priority --reread_libs --define=_FRWP_ENABLE --define=_INFO_FRWP_ENABLE --diag_wrap=off --display_error_number --warn_sections --xml_link_info="Project 08_linkInfo.xml" --use_hw_mpy=F5 --rom_model -o "Project 08.out" "./Display.obj" "./adc.obj" "./black_line.obj" "./clocks.obj" "./init.obj" "./led.obj" "./main.obj" "./ports.obj" "./serial.obj" "./states.obj" "./switches.obj" "./system.obj" "./timers.obj" "./timers_move.obj" "./transmit.obj" "./wheels.obj" "../Compiled/LCD.obj" "../lnk_msp430fr2355.cmd"  -lfrwp_init.a -llibc.a 
<Linking>
error #10056: symbol "hw8_sw2_pressed" redefined: first defined in "./main.obj"; redefined in "./switches.obj"
error #10056: symbol "hw8_sw1_pressed" redefined: first defined in "./main.obj"; redefined in "./switches.obj"
error #10010: errors encountered during linking; "Project 08.out" not built
remark #10372-D: (ULP 4.1) Detected uninitialized Port A in this project. Recommend initializing all unused ports to eliminate wasted current consumption on unused pins.
remark #10372-D: (ULP 4.1) Detected uninitialized Port B in this project. Recommend initializing all unused ports to eliminate wasted current consumption on unused pins.
remark #10372-D: (ULP 4.1) Detected uninitialized Port C in this project. Recommend initializing all unused ports to eliminate wasted current consumption on unused pins.
remark #10422-D: (ULP 6.2) Detected use of a device with available 32-bit hardware multiplier and not also using MSPMATHLIB library (libmath.a).  Recommend using MSPMATHLIB library (libmath.a) for improved performance.
 
>> Compilation failure
makefile:154: recipe for target 'Project 08.out' failed
gmake[1]: *** [Project 08.out] Error 1
makefile:150: recipe for target 'all' failed
gmake: *** [all] Error 2

**** Build Finished ****

**** Build of configuration Debug for project Project 08 ****

"D:\\ccs\\utils\\bin\\gmake" -k -j 16 all -O 
 
Building file: "../main.c"
Invoking: MSP430 Compiler
"D:/ccs/tools/compiler/ti-cgt-msp430_21.6.1.LTS/bin/cl430" -vmspx --use_hw_mpy=F5 --include_path="D:/ccs/ccs_base/msp430/include" --include_path="D:/ccs/Project 08/Project 08" --include_path="D:/ccs/tools/compiler/ti-cgt-msp430_21.6.1.LTS/include" --advice:power=all --advice:hw_config=all --define=__MSP430FR2355__ --define=_FRWP_ENABLE --define=_INFO_FRWP_ENABLE -g --printf_support=minimal --diag_warning=225 --diag_wrap=off --display_error_number --silicon_errata=CPU21 --silicon_errata=CPU22 --silicon_errata=CPU40 --preproc_with_compile --preproc_dependency="main.d_raw"  "../main.c"
"..\macros.h", line 144: warning #48-D: incompatible redefinition of macro "WAIT" (declared at line 17)
"..\macros.h", line 174: warning #48-D: incompatible redefinition of macro "PRESSED" (declared at line 120)
"..\macros.h", line 175: warning #48-D: incompatible redefinition of macro "RELEASED" (declared at line 121)
"..\macros.h", line 200: warning #48-D: incompatible redefinition of macro "TB0CCR0_INTERVAL" (declared at line 68)
"..\macros.h", line 201: warning #48-D: incompatible redefinition of macro "TB0CCR1_INTERVAL" (declared at line 69)
"..\macros.h", line 202: warning #48-D: incompatible redefinition of macro "TB0CCR2_INTERVAL" (declared at line 70)
Finished building: "../main.c"
 
Building target: "Project 08.out"
Invoking: MSP430 Linker
"D:/ccs/tools/compiler/ti-cgt-msp430_21.6.1.LTS/bin/cl430" -vmspx --use_hw_mpy=F5 --advice:power=all --advice:hw_config=all --define=__MSP430FR2355__ --define=_FRWP_ENABLE --define=_INFO_FRWP_ENABLE -g --printf_support=minimal --diag_warning=225 --diag_wrap=off --display_error_number --silicon_errata=CPU21 --silicon_errata=CPU22 --silicon_errata=CPU40 -z -m"Project 08.map" --heap_size=160 --stack_size=160 --cinit_hold_wdt=on -i"D:/ccs/ccs_base/msp430/include" -i"D:/ccs/ccs_base/msp430/lib/FR2xx" -i"D:/ccs/tools/compiler/ti-cgt-msp430_21.6.1.LTS/lib" -i"D:/ccs/tools/compiler/ti-cgt-msp430_21.6.1.LTS/include" --priority --reread_libs --define=_FRWP_ENABLE --define=_INFO_FRWP_ENABLE --diag_wrap=off --display_error_number --warn_sections --xml_link_info="Project 08_linkInfo.xml" --use_hw_mpy=F5 --rom_model -o "Project 08.out" "./Display.obj" "./adc.obj" "./black_line.obj" "./clocks.obj" "./init.obj" "./led.obj" "./main.obj" "./ports.obj" "./serial.obj" "./states.obj" "./switches.obj" "./system.obj" "./timers.obj" "./timers_move.obj" "./transmit.obj" "./wheels.obj" "../Compiled/LCD.obj" "../lnk_msp430fr2355.cmd"  -lfrwp_init.a -llibc.a 
<Linking>
remark #10372-D: (ULP 4.1) Detected uninitialized Port A in this project. Recommend initializing all unused ports to eliminate wasted current consumption on unused pins.
remark #10372-D: (ULP 4.1) Detected uninitialized Port B in this project. Recommend initializing all unused ports to eliminate wasted current consumption on unused pins.
remark #10372-D: (ULP 4.1) Detected uninitialized Port C in this project. Recommend initializing all unused ports to eliminate wasted current consumption on unused pins.
remark #10422-D: (ULP 6.2) Detected use of a device with available 32-bit hardware multiplier and not also using MSPMATHLIB library (libmath.a).  Recommend using MSPMATHLIB library (libmath.a) for improved performance.
Finished building target: "Project 08.out"
 

**** Build Finished ****

**** Build of configuration Debug for project Project 08 ****

"D:\\ccs\\utils\\bin\\gmake" -k -j 16 all -O 
 
gmake[1]: 'Project 08.out' is up to date.

**** Build Finished ****

**** Build of configuration Debug for project Project 08 ****

"D:\\ccs\\utils\\bin\\gmake" -k -j 16 all -O 
 
Building file: "../ports.c"
Invoking: MSP430 Compiler
"D:/ccs/tools/compiler/ti-cgt-msp430_21.6.1.LTS/bin/cl430" -vmspx --use_hw_mpy=F5 --include_path="D:/ccs/ccs_base/msp430/include" --include_path="D:/ccs/Project 08/Project 08" --include_path="D:/ccs/tools/compiler/ti-cgt-msp430_21.6.1.LTS/include" --advice:power=all --advice:hw_config=all --define=__MSP430FR2355__ --define=_FRWP_ENABLE --define=_INFO_FRWP_ENABLE -g --printf_support=minimal --diag_warning=225 --diag_wrap=off --display_error_number --silicon_errata=CPU21 --silicon_errata=CPU22 --silicon_errata=CPU40 --preproc_with_compile --preproc_dependency="ports.d_raw"  "../ports.c"
"..\macros.h", line 144: warning #48-D: incompatible redefinition of macro "WAIT" (declared at line 17)
"..\macros.h", line 174: warning #48-D: incompatible redefinition of macro "PRESSED" (declared at line 120)
"..\macros.h", line 175: warning #48-D: incompatible redefinition of macro "RELEASED" (declared at line 121)
"..\macros.h", line 200: warning #48-D: incompatible redefinition of macro "TB0CCR0_INTERVAL" (declared at line 68)
"..\macros.h", line 201: warning #48-D: incompatible redefinition of macro "TB0CCR1_INTERVAL" (declared at line 69)
"..\macros.h", line 202: warning #48-D: incompatible redefinition of macro "TB0CCR2_INTERVAL" (declared at line 70)
"../ports.c", line 16: warning #225-D: function "Init_Port_1" declared implicitly
"../ports.c", line 17: warning #225-D: function "Init_Port_2" declared implicitly
"../ports.c", line 18: warning #225-D: function "Init_Port_3" declared implicitly
"../ports.c", line 19: warning #225-D: function "Init_Port_4" declared implicitly
"../ports.c", line 20: warning #225-D: function "Init_Port_5" declared implicitly
"../ports.c", line 21: warning #225-D: function "Init_Port_6" declared implicitly
"../ports.c", line 24: warning #161-D: declaration is incompatible with previous "Init_Port_1" (declared at line 16)
"../ports.c", line 65: warning #161-D: declaration is incompatible with previous "Init_Port_2" (declared at line 17)
"../ports.c", line 119: warning #161-D: declaration is incompatible with previous "Init_Port_3" (declared at line 18)
"../ports.c", line 164: warning #161-D: declaration is incompatible with previous "Init_Port_4" (declared at line 19)
"../ports.c", line 207: warning #161-D: declaration is incompatible with previous "Init_Port_5" (declared at line 20)
"../ports.c", line 240: warning #161-D: declaration is incompatible with previous "Init_Port_6" (declared at line 21)
Finished building: "../ports.c"
 
Building target: "Project 08.out"
Invoking: MSP430 Linker
"D:/ccs/tools/compiler/ti-cgt-msp430_21.6.1.LTS/bin/cl430" -vmspx --use_hw_mpy=F5 --advice:power=all --advice:hw_config=all --define=__MSP430FR2355__ --define=_FRWP_ENABLE --define=_INFO_FRWP_ENABLE -g --printf_support=minimal --diag_warning=225 --diag_wrap=off --display_error_number --silicon_errata=CPU21 --silicon_errata=CPU22 --silicon_errata=CPU40 -z -m"Project 08.map" --heap_size=160 --stack_size=160 --cinit_hold_wdt=on -i"D:/ccs/ccs_base/msp430/include" -i"D:/ccs/ccs_base/msp430/lib/FR2xx" -i"D:/ccs/tools/compiler/ti-cgt-msp430_21.6.1.LTS/lib" -i"D:/ccs/tools/compiler/ti-cgt-msp430_21.6.1.LTS/include" --priority --reread_libs --define=_FRWP_ENABLE --define=_INFO_FRWP_ENABLE --diag_wrap=off --display_error_number --warn_sections --xml_link_info="Project 08_linkInfo.xml" --use_hw_mpy=F5 --rom_model -o "Project 08.out" "./Display.obj" "./adc.obj" "./black_line.obj" "./clocks.obj" "./init.obj" "./led.obj" "./main.obj" "./ports.obj" "./serial.obj" "./states.obj" "./switches.obj" "./system.obj" "./timers.obj" "./timers_move.obj" "./transmit.obj" "./wheels.obj" "../Compiled/LCD.obj" "../lnk_msp430fr2355.cmd"  -lfrwp_init.a -llibc.a 
<Linking>
remark #10372-D: (ULP 4.1) Detected uninitialized Port A in this project. Recommend initializing all unused ports to eliminate wasted current consumption on unused pins.
remark #10372-D: (ULP 4.1) Detected uninitialized Port B in this project. Recommend initializing all unused ports to eliminate wasted current consumption on unused pins.
remark #10372-D: (ULP 4.1) Detected uninitialized Port C in this project. Recommend initializing all unused ports to eliminate wasted current consumption on unused pins.
remark #10422-D: (ULP 6.2) Detected use of a device with available 32-bit hardware multiplier and not also using MSPMATHLIB library (libmath.a).  Recommend using MSPMATHLIB library (libmath.a) for improved performance.
Finished building target: "Project 08.out"
 

**** Build Finished ****

**** Build of configuration Debug for project Project 08 ****

"D:\\ccs\\utils\\bin\\gmake" -k -j 16 all -O 
 
gmake[1]: 'Project 08.out' is up to date.

**** Build Finished ****

**** Build of configuration Debug for project Project 08 ****

"D:\\ccs\\utils\\bin\\gmake" -k -j 16 all -O 
 
gmake[1]: 'Project 08.out' is up to date.

**** Build Finished ****

**** Build of configuration Debug for project Project 08 ****

"D:\\ccs\\utils\\bin\\gmake" -k -j 16 all -O 
 
gmake[1]: 'Project 08.out' is up to date.

**** Build Finished ****

**** Build of configuration Debug for project Project 08 ****

"D:\\ccs\\utils\\bin\\gmake" -k -j 16 all -O 
 
Building file: "../ports.c"
Invoking: MSP430 Compiler
"D:/ccs/tools/compiler/ti-cgt-msp430_21.6.1.LTS/bin/cl430" -vmspx --use_hw_mpy=F5 --include_path="D:/ccs/ccs_base/msp430/include" --include_path="D:/ccs/Project 08/Project 08" --include_path="D:/ccs/tools/compiler/ti-cgt-msp430_21.6.1.LTS/include" --advice:power=all --advice:hw_config=all --define=__MSP430FR2355__ --define=_FRWP_ENABLE --define=_INFO_FRWP_ENABLE -g --printf_support=minimal --diag_warning=225 --diag_wrap=off --display_error_number --silicon_errata=CPU21 --silicon_errata=CPU22 --silicon_errata=CPU40 --preproc_with_compile --preproc_dependency="ports.d_raw"  "../ports.c"
"..\macros.h", line 144: warning #48-D: incompatible redefinition of macro "WAIT" (declared at line 17)
"..\macros.h", line 174: warning #48-D: incompatible redefinition of macro "PRESSED" (declared at line 120)
"..\macros.h", line 175: warning #48-D: incompatible redefinition of macro "RELEASED" (declared at line 121)
"..\macros.h", line 200: warning #48-D: incompatible redefinition of macro "TB0CCR0_INTERVAL" (declared at line 68)
"..\macros.h", line 201: warning #48-D: incompatible redefinition of macro "TB0CCR1_INTERVAL" (declared at line 69)
"..\macros.h", line 202: warning #48-D: incompatible redefinition of macro "TB0CCR2_INTERVAL" (declared at line 70)
"../ports.c", line 16: warning #225-D: function "Init_Port_1" declared implicitly
"../ports.c", line 17: warning #225-D: function "Init_Port_2" declared implicitly
"../ports.c", line 18: warning #225-D: function "Init_Port_3" declared implicitly
"../ports.c", line 19: warning #225-D: function "Init_Port_4" declared implicitly
"../ports.c", line 20: warning #225-D: function "Init_Port_5" declared implicitly
"../ports.c", line 21: warning #225-D: function "Init_Port_6" declared implicitly
"../ports.c", line 24: warning #161-D: declaration is incompatible with previous "Init_Port_1" (declared at line 16)
"../ports.c", line 65: warning #161-D: declaration is incompatible with previous "Init_Port_2" (declared at line 17)
"../ports.c", line 115: warning #161-D: declaration is incompatible with previous "Init_Port_3" (declared at line 18)
"../ports.c", line 160: warning #161-D: declaration is incompatible with previous "Init_Port_4" (declared at line 19)
"../ports.c", line 199: warning #161-D: declaration is incompatible with previous "Init_Port_5" (declared at line 20)
"../ports.c", line 232: warning #161-D: declaration is incompatible with previous "Init_Port_6" (declared at line 21)
Finished building: "../ports.c"
 
Building target: "Project 08.out"
Invoking: MSP430 Linker
"D:/ccs/tools/compiler/ti-cgt-msp430_21.6.1.LTS/bin/cl430" -vmspx --use_hw_mpy=F5 --advice:power=all --advice:hw_config=all --define=__MSP430FR2355__ --define=_FRWP_ENABLE --define=_INFO_FRWP_ENABLE -g --printf_support=minimal --diag_warning=225 --diag_wrap=off --display_error_number --silicon_errata=CPU21 --silicon_errata=CPU22 --silicon_errata=CPU40 -z -m"Project 08.map" --heap_size=160 --stack_size=160 --cinit_hold_wdt=on -i"D:/ccs/ccs_base/msp430/include" -i"D:/ccs/ccs_base/msp430/lib/FR2xx" -i"D:/ccs/tools/compiler/ti-cgt-msp430_21.6.1.LTS/lib" -i"D:/ccs/tools/compiler/ti-cgt-msp430_21.6.1.LTS/include" --priority --reread_libs --define=_FRWP_ENABLE --define=_INFO_FRWP_ENABLE --diag_wrap=off --display_error_number --warn_sections --xml_link_info="Project 08_linkInfo.xml" --use_hw_mpy=F5 --rom_model -o "Project 08.out" "./Display.obj" "./adc.obj" "./black_line.obj" "./clocks.obj" "./init.obj" "./led.obj" "./main.obj" "./ports.obj" "./serial.obj" "./states.obj" "./switches.obj" "./system.obj" "./timers.obj" "./timers_move.obj" "./transmit.obj" "./wheels.obj" "../Compiled/LCD.obj" "../lnk_msp430fr2355.cmd"  -lfrwp_init.a -llibc.a 
<Linking>
remark #10372-D: (ULP 4.1) Detected uninitialized Port A in this project. Recommend initializing all unused ports to eliminate wasted current consumption on unused pins.
remark #10372-D: (ULP 4.1) Detected uninitialized Port B in this project. Recommend initializing all unused ports to eliminate wasted current consumption on unused pins.
remark #10372-D: (ULP 4.1) Detected uninitialized Port C in this project. Recommend initializing all unused ports to eliminate wasted current consumption on unused pins.
remark #10422-D: (ULP 6.2) Detected use of a device with available 32-bit hardware multiplier and not also using MSPMATHLIB library (libmath.a).  Recommend using MSPMATHLIB library (libmath.a) for improved performance.
Finished building target: "Project 08.out"
 

**** Build Finished ****

**** Build of configuration Debug for project Project 08 ****

"D:\\ccs\\utils\\bin\\gmake" -k -j 16 all -O 
 
Building file: "../switches.c"
Invoking: MSP430 Compiler
"D:/ccs/tools/compiler/ti-cgt-msp430_21.6.1.LTS/bin/cl430" -vmspx --use_hw_mpy=F5 --include_path="D:/ccs/ccs_base/msp430/include" --include_path="D:/ccs/Project 08/Project 08" --include_path="D:/ccs/tools/compiler/ti-cgt-msp430_21.6.1.LTS/include" --advice:power=all --advice:hw_config=all --define=__MSP430FR2355__ --define=_FRWP_ENABLE --define=_INFO_FRWP_ENABLE -g --printf_support=minimal --diag_warning=225 --diag_wrap=off --display_error_number --silicon_errata=CPU21 --silicon_errata=CPU22 --silicon_errata=CPU40 --preproc_with_compile --preproc_dependency="switches.d_raw"  "../switches.c"
"..\macros.h", line 144: warning #48-D: incompatible redefinition of macro "WAIT" (declared at line 17)
"..\macros.h", line 174: warning #48-D: incompatible redefinition of macro "PRESSED" (declared at line 120)
"..\macros.h", line 175: warning #48-D: incompatible redefinition of macro "RELEASED" (declared at line 121)
"..\macros.h", line 200: warning #48-D: incompatible redefinition of macro "TB0CCR0_INTERVAL" (declared at line 68)
"..\macros.h", line 201: warning #48-D: incompatible redefinition of macro "TB0CCR1_INTERVAL" (declared at line 69)
"..\macros.h", line 202: warning #48-D: incompatible redefinition of macro "TB0CCR2_INTERVAL" (declared at line 70)
Finished building: "../switches.c"
 
Building target: "Project 08.out"
Invoking: MSP430 Linker
"D:/ccs/tools/compiler/ti-cgt-msp430_21.6.1.LTS/bin/cl430" -vmspx --use_hw_mpy=F5 --advice:power=all --advice:hw_config=all --define=__MSP430FR2355__ --define=_FRWP_ENABLE --define=_INFO_FRWP_ENABLE -g --printf_support=minimal --diag_warning=225 --diag_wrap=off --display_error_number --silicon_errata=CPU21 --silicon_errata=CPU22 --silicon_errata=CPU40 -z -m"Project 08.map" --heap_size=160 --stack_size=160 --cinit_hold_wdt=on -i"D:/ccs/ccs_base/msp430/include" -i"D:/ccs/ccs_base/msp430/lib/FR2xx" -i"D:/ccs/tools/compiler/ti-cgt-msp430_21.6.1.LTS/lib" -i"D:/ccs/tools/compiler/ti-cgt-msp430_21.6.1.LTS/include" --priority --reread_libs --define=_FRWP_ENABLE --define=_INFO_FRWP_ENABLE --diag_wrap=off --display_error_number --warn_sections --xml_link_info="Project 08_linkInfo.xml" --use_hw_mpy=F5 --rom_model -o "Project 08.out" "./Display.obj" "./adc.obj" "./black_line.obj" "./clocks.obj" "./init.obj" "./led.obj" "./main.obj" "./ports.obj" "./serial.obj" "./states.obj" "./switches.obj" "./system.obj" "./timers.obj" "./timers_move.obj" "./transmit.obj" "./wheels.obj" "../Compiled/LCD.obj" "../lnk_msp430fr2355.cmd"  -lfrwp_init.a -llibc.a 
<Linking>
remark #10372-D: (ULP 4.1) Detected uninitialized Port A in this project. Recommend initializing all unused ports to eliminate wasted current consumption on unused pins.
remark #10372-D: (ULP 4.1) Detected uninitialized Port B in this project. Recommend initializing all unused ports to eliminate wasted current consumption on unused pins.
remark #10372-D: (ULP 4.1) Detected uninitialized Port C in this project. Recommend initializing all unused ports to eliminate wasted current consumption on unused pins.
remark #10422-D: (ULP 6.2) Detected use of a device with available 32-bit hardware multiplier and not also using MSPMATHLIB library (libmath.a).  Recommend using MSPMATHLIB library (libmath.a) for improved performance.
Finished building target: "Project 08.out"
 

**** Build Finished ****

**** Build of configuration Debug for project Project 08 ****

"D:\\ccs\\utils\\bin\\gmake" -k -j 16 all -O 
 
gmake[1]: 'Project 08.out' is up to date.

**** Build Finished ****

**** Build of configuration Debug for project Project 08 ****

"D:\\ccs\\utils\\bin\\gmake" -k -j 16 all -O 
 
Building file: "../switches.c"
Invoking: MSP430 Compiler
"D:/ccs/tools/compiler/ti-cgt-msp430_21.6.1.LTS/bin/cl430" -vmspx --use_hw_mpy=F5 --include_path="D:/ccs/ccs_base/msp430/include" --include_path="D:/ccs/Project 08/Project 08" --include_path="D:/ccs/tools/compiler/ti-cgt-msp430_21.6.1.LTS/include" --advice:power=all --advice:hw_config=all --define=__MSP430FR2355__ --define=_FRWP_ENABLE --define=_INFO_FRWP_ENABLE -g --printf_support=minimal --diag_warning=225 --diag_wrap=off --display_error_number --silicon_errata=CPU21 --silicon_errata=CPU22 --silicon_errata=CPU40 --preproc_with_compile --preproc_dependency="switches.d_raw"  "../switches.c"
"..\macros.h", line 144: warning #48-D: incompatible redefinition of macro "WAIT" (declared at line 17)
"..\macros.h", line 174: warning #48-D: incompatible redefinition of macro "PRESSED" (declared at line 120)
"..\macros.h", line 175: warning #48-D: incompatible redefinition of macro "RELEASED" (declared at line 121)
"..\macros.h", line 200: warning #48-D: incompatible redefinition of macro "TB0CCR0_INTERVAL" (declared at line 68)
"..\macros.h", line 201: warning #48-D: incompatible redefinition of macro "TB0CCR1_INTERVAL" (declared at line 69)
"..\macros.h", line 202: warning #48-D: incompatible redefinition of macro "TB0CCR2_INTERVAL" (declared at line 70)
Finished building: "../switches.c"
 
Building target: "Project 08.out"
Invoking: MSP430 Linker
"D:/ccs/tools/compiler/ti-cgt-msp430_21.6.1.LTS/bin/cl430" -vmspx --use_hw_mpy=F5 --advice:power=all --advice:hw_config=all --define=__MSP430FR2355__ --define=_FRWP_ENABLE --define=_INFO_FRWP_ENABLE -g --printf_support=minimal --diag_warning=225 --diag_wrap=off --display_error_number --silicon_errata=CPU21 --silicon_errata=CPU22 --silicon_errata=CPU40 -z -m"Project 08.map" --heap_size=160 --stack_size=160 --cinit_hold_wdt=on -i"D:/ccs/ccs_base/msp430/include" -i"D:/ccs/ccs_base/msp430/lib/FR2xx" -i"D:/ccs/tools/compiler/ti-cgt-msp430_21.6.1.LTS/lib" -i"D:/ccs/tools/compiler/ti-cgt-msp430_21.6.1.LTS/include" --priority --reread_libs --define=_FRWP_ENABLE --define=_INFO_FRWP_ENABLE --diag_wrap=off --display_error_number --warn_sections --xml_link_info="Project 08_linkInfo.xml" --use_hw_mpy=F5 --rom_model -o "Project 08.out" "./Display.obj" "./adc.obj" "./black_line.obj" "./clocks.obj" "./init.obj" "./led.obj" "./main.obj" "./ports.obj" "./serial.obj" "./states.obj" "./switches.obj" "./system.obj" "./timers.obj" "./timers_move.obj" "./transmit.obj" "./wheels.obj" "../Compiled/LCD.obj" "../lnk_msp430fr2355.cmd"  -lfrwp_init.a -llibc.a 
<Linking>
remark #10372-D: (ULP 4.1) Detected uninitialized Port A in this project. Recommend initializing all unused ports to eliminate wasted current consumption on unused pins.
remark #10372-D: (ULP 4.1) Detected uninitialized Port B in this project. Recommend initializing all unused ports to eliminate wasted current consumption on unused pins.
remark #10372-D: (ULP 4.1) Detected uninitialized Port C in this project. Recommend initializing all unused ports to eliminate wasted current consumption on unused pins.
remark #10422-D: (ULP 6.2) Detected use of a device with available 32-bit hardware multiplier and not also using MSPMATHLIB library (libmath.a).  Recommend using MSPMATHLIB library (libmath.a) for improved performance.
Finished building target: "Project 08.out"
 

**** Build Finished ****

**** Build of configuration Debug for project Project 08 ****

"D:\\ccs\\utils\\bin\\gmake" -k -j 16 all -O 
 
gmake[1]: 'Project 08.out' is up to date.

**** Build Finished ****

**** Build of configuration Debug for project Project 08 ****

"D:\\ccs\\utils\\bin\\gmake" -k -j 16 all -O 
 
gmake[1]: 'Project 08.out' is up to date.

**** Build Finished ****

**** Build of configuration Debug for project Project 08 ****

"D:\\ccs\\utils\\bin\\gmake" -k -j 16 all -O 
 
gmake[1]: 'Project 08.out' is up to date.

**** Build Finished ****

**** Build of configuration Debug for project Project 08 ****

"D:\\ccs\\utils\\bin\\gmake" -k -j 16 all -O 
 
Building file: "../switches.c"
Invoking: MSP430 Compiler
"D:/ccs/tools/compiler/ti-cgt-msp430_21.6.1.LTS/bin/cl430" -vmspx --use_hw_mpy=F5 --include_path="D:/ccs/ccs_base/msp430/include" --include_path="D:/ccs/Project 08/Project 08" --include_path="D:/ccs/tools/compiler/ti-cgt-msp430_21.6.1.LTS/include" --advice:power=all --advice:hw_config=all --define=__MSP430FR2355__ --define=_FRWP_ENABLE --define=_INFO_FRWP_ENABLE -g --printf_support=minimal --diag_warning=225 --diag_wrap=off --display_error_number --silicon_errata=CPU21 --silicon_errata=CPU22 --silicon_errata=CPU40 --preproc_with_compile --preproc_dependency="switches.d_raw"  "../switches.c"
"..\macros.h", line 144: warning #48-D: incompatible redefinition of macro "WAIT" (declared at line 17)
"..\macros.h", line 174: warning #48-D: incompatible redefinition of macro "PRESSED" (declared at line 120)
"..\macros.h", line 175: warning #48-D: incompatible redefinition of macro "RELEASED" (declared at line 121)
"..\macros.h", line 200: warning #48-D: incompatible redefinition of macro "TB0CCR0_INTERVAL" (declared at line 68)
"..\macros.h", line 201: warning #48-D: incompatible redefinition of macro "TB0CCR1_INTERVAL" (declared at line 69)
"..\macros.h", line 202: warning #48-D: incompatible redefinition of macro "TB0CCR2_INTERVAL" (declared at line 70)
Finished building: "../switches.c"
 
Building file: "../timers.c"
Invoking: MSP430 Compiler
"D:/ccs/tools/compiler/ti-cgt-msp430_21.6.1.LTS/bin/cl430" -vmspx --use_hw_mpy=F5 --include_path="D:/ccs/ccs_base/msp430/include" --include_path="D:/ccs/Project 08/Project 08" --include_path="D:/ccs/tools/compiler/ti-cgt-msp430_21.6.1.LTS/include" --advice:power=all --advice:hw_config=all --define=__MSP430FR2355__ --define=_FRWP_ENABLE --define=_INFO_FRWP_ENABLE -g --printf_support=minimal --diag_warning=225 --diag_wrap=off --display_error_number --silicon_errata=CPU21 --silicon_errata=CPU22 --silicon_errata=CPU40 --preproc_with_compile --preproc_dependency="timers.d_raw"  "../timers.c"
"..\macros.h", line 144: warning #48-D: incompatible redefinition of macro "WAIT" (declared at line 17)
"..\macros.h", line 174: warning #48-D: incompatible redefinition of macro "PRESSED" (declared at line 120)
"..\macros.h", line 175: warning #48-D: incompatible redefinition of macro "RELEASED" (declared at line 121)
"..\macros.h", line 200: warning #48-D: incompatible redefinition of macro "TB0CCR0_INTERVAL" (declared at line 68)
"..\macros.h", line 201: warning #48-D: incompatible redefinition of macro "TB0CCR1_INTERVAL" (declared at line 69)
"..\macros.h", line 202: warning #48-D: incompatible redefinition of macro "TB0CCR2_INTERVAL" (declared at line 70)
Finished building: "../timers.c"
 
Building target: "Project 08.out"
Invoking: MSP430 Linker
"D:/ccs/tools/compiler/ti-cgt-msp430_21.6.1.LTS/bin/cl430" -vmspx --use_hw_mpy=F5 --advice:power=all --advice:hw_config=all --define=__MSP430FR2355__ --define=_FRWP_ENABLE --define=_INFO_FRWP_ENABLE -g --printf_support=minimal --diag_warning=225 --diag_wrap=off --display_error_number --silicon_errata=CPU21 --silicon_errata=CPU22 --silicon_errata=CPU40 -z -m"Project 08.map" --heap_size=160 --stack_size=160 --cinit_hold_wdt=on -i"D:/ccs/ccs_base/msp430/include" -i"D:/ccs/ccs_base/msp430/lib/FR2xx" -i"D:/ccs/tools/compiler/ti-cgt-msp430_21.6.1.LTS/lib" -i"D:/ccs/tools/compiler/ti-cgt-msp430_21.6.1.LTS/include" --priority --reread_libs --define=_FRWP_ENABLE --define=_INFO_FRWP_ENABLE --diag_wrap=off --display_error_number --warn_sections --xml_link_info="Project 08_linkInfo.xml" --use_hw_mpy=F5 --rom_model -o "Project 08.out" "./Display.obj" "./adc.obj" "./black_line.obj" "./clocks.obj" "./init.obj" "./led.obj" "./main.obj" "./ports.obj" "./serial.obj" "./states.obj" "./switches.obj" "./system.obj" "./timers.obj" "./timers_move.obj" "./transmit.obj" "./wheels.obj" "../Compiled/LCD.obj" "../lnk_msp430fr2355.cmd"  -lfrwp_init.a -llibc.a 
<Linking>
remark #10372-D: (ULP 4.1) Detected uninitialized Port A in this project. Recommend initializing all unused ports to eliminate wasted current consumption on unused pins.
remark #10372-D: (ULP 4.1) Detected uninitialized Port B in this project. Recommend initializing all unused ports to eliminate wasted current consumption on unused pins.
remark #10372-D: (ULP 4.1) Detected uninitialized Port C in this project. Recommend initializing all unused ports to eliminate wasted current consumption on unused pins.
remark #10422-D: (ULP 6.2) Detected use of a device with available 32-bit hardware multiplier and not also using MSPMATHLIB library (libmath.a).  Recommend using MSPMATHLIB library (libmath.a) for improved performance.
Finished building target: "Project 08.out"
 

**** Build Finished ****

**** Build of configuration Debug for project Project 08 ****

"D:\\ccs\\utils\\bin\\gmake" -k -j 16 all -O 
 
gmake[1]: 'Project 08.out' is up to date.

**** Build Finished ****

**** Build of configuration Debug for project Project 08 ****

"D:\\ccs\\utils\\bin\\gmake" -k -j 16 all -O 
 
Building file: "../ports.c"
Invoking: MSP430 Compiler
"D:/ccs/tools/compiler/ti-cgt-msp430_21.6.1.LTS/bin/cl430" -vmspx --use_hw_mpy=F5 --include_path="D:/ccs/ccs_base/msp430/include" --include_path="D:/ccs/Project 08/Project 08" --include_path="D:/ccs/tools/compiler/ti-cgt-msp430_21.6.1.LTS/include" --advice:power=all --advice:hw_config=all --define=__MSP430FR2355__ --define=_FRWP_ENABLE --define=_INFO_FRWP_ENABLE -g --printf_support=minimal --diag_warning=225 --diag_wrap=off --display_error_number --silicon_errata=CPU21 --silicon_errata=CPU22 --silicon_errata=CPU40 --preproc_with_compile --preproc_dependency="ports.d_raw"  "../ports.c"
"..\macros.h", line 144: warning #48-D: incompatible redefinition of macro "WAIT" (declared at line 17)
"..\macros.h", line 174: warning #48-D: incompatible redefinition of macro "PRESSED" (declared at line 120)
"..\macros.h", line 175: warning #48-D: incompatible redefinition of macro "RELEASED" (declared at line 121)
"..\macros.h", line 200: warning #48-D: incompatible redefinition of macro "TB0CCR0_INTERVAL" (declared at line 68)
"..\macros.h", line 201: warning #48-D: incompatible redefinition of macro "TB0CCR1_INTERVAL" (declared at line 69)
"..\macros.h", line 202: warning #48-D: incompatible redefinition of macro "TB0CCR2_INTERVAL" (declared at line 70)
"../ports.c", line 16: warning #225-D: function "Init_Port_1" declared implicitly
"../ports.c", line 17: warning #225-D: function "Init_Port_2" declared implicitly
"../ports.c", line 18: warning #225-D: function "Init_Port_3" declared implicitly
"../ports.c", line 19: warning #225-D: function "Init_Port_4" declared implicitly
"../ports.c", line 20: warning #225-D: function "Init_Port_5" declared implicitly
"../ports.c", line 21: warning #225-D: function "Init_Port_6" declared implicitly
"../ports.c", line 24: warning #161-D: declaration is incompatible with previous "Init_Port_1" (declared at line 16)
"../ports.c", line 65: warning #161-D: declaration is incompatible with previous "Init_Port_2" (declared at line 17)
"../ports.c", line 115: warning #161-D: declaration is incompatible with previous "Init_Port_3" (declared at line 18)
"../ports.c", line 160: warning #161-D: declaration is incompatible with previous "Init_Port_4" (declared at line 19)
"../ports.c", line 199: warning #161-D: declaration is incompatible with previous "Init_Port_5" (declared at line 20)
"../ports.c", line 232: warning #161-D: declaration is incompatible with previous "Init_Port_6" (declared at line 21)
Finished building: "../ports.c"
 
Building target: "Project 08.out"
Invoking: MSP430 Linker
"D:/ccs/tools/compiler/ti-cgt-msp430_21.6.1.LTS/bin/cl430" -vmspx --use_hw_mpy=F5 --advice:power=all --advice:hw_config=all --define=__MSP430FR2355__ --define=_FRWP_ENABLE --define=_INFO_FRWP_ENABLE -g --printf_support=minimal --diag_warning=225 --diag_wrap=off --display_error_number --silicon_errata=CPU21 --silicon_errata=CPU22 --silicon_errata=CPU40 -z -m"Project 08.map" --heap_size=160 --stack_size=160 --cinit_hold_wdt=on -i"D:/ccs/ccs_base/msp430/include" -i"D:/ccs/ccs_base/msp430/lib/FR2xx" -i"D:/ccs/tools/compiler/ti-cgt-msp430_21.6.1.LTS/lib" -i"D:/ccs/tools/compiler/ti-cgt-msp430_21.6.1.LTS/include" --priority --reread_libs --define=_FRWP_ENABLE --define=_INFO_FRWP_ENABLE --diag_wrap=off --display_error_number --warn_sections --xml_link_info="Project 08_linkInfo.xml" --use_hw_mpy=F5 --rom_model -o "Project 08.out" "./Display.obj" "./adc.obj" "./black_line.obj" "./clocks.obj" "./init.obj" "./led.obj" "./main.obj" "./ports.obj" "./serial.obj" "./states.obj" "./switches.obj" "./system.obj" "./timers.obj" "./timers_move.obj" "./transmit.obj" "./wheels.obj" "../Compiled/LCD.obj" "../lnk_msp430fr2355.cmd"  -lfrwp_init.a -llibc.a 
<Linking>
remark #10372-D: (ULP 4.1) Detected uninitialized Port A in this project. Recommend initializing all unused ports to eliminate wasted current consumption on unused pins.
remark #10372-D: (ULP 4.1) Detected uninitialized Port B in this project. Recommend initializing all unused ports to eliminate wasted current consumption on unused pins.
remark #10372-D: (ULP 4.1) Detected uninitialized Port C in this project. Recommend initializing all unused ports to eliminate wasted current consumption on unused pins.
remark #10422-D: (ULP 6.2) Detected use of a device with available 32-bit hardware multiplier and not also using MSPMATHLIB library (libmath.a).  Recommend using MSPMATHLIB library (libmath.a) for improved performance.
Finished building target: "Project 08.out"
 

**** Build Finished ****

**** Build of configuration Debug for project Project 08 ****

"D:\\ccs\\utils\\bin\\gmake" -k -j 16 all -O 
 
gmake[1]: 'Project 08.out' is up to date.

**** Build Finished ****

**** Build of configuration Debug for project Project 08 ****

"D:\\ccs\\utils\\bin\\gmake" -k -j 16 all -O 
 
Building file: "../transmit.c"
Invoking: MSP430 Compiler
"D:/ccs/tools/compiler/ti-cgt-msp430_21.6.1.LTS/bin/cl430" -vmspx --use_hw_mpy=F5 --include_path="D:/ccs/ccs_base/msp430/include" --include_path="D:/ccs/Project 08/Project 08" --include_path="D:/ccs/tools/compiler/ti-cgt-msp430_21.6.1.LTS/include" --advice:power=all --advice:hw_config=all --define=__MSP430FR2355__ --define=_FRWP_ENABLE --define=_INFO_FRWP_ENABLE -g --printf_support=minimal --diag_warning=225 --diag_wrap=off --display_error_number --silicon_errata=CPU21 --silicon_errata=CPU22 --silicon_errata=CPU40 --preproc_with_compile --preproc_dependency="transmit.d_raw"  "../transmit.c"
"..\macros.h", line 144: warning #48-D: incompatible redefinition of macro "WAIT" (declared at line 17)
"..\macros.h", line 174: warning #48-D: incompatible redefinition of macro "PRESSED" (declared at line 120)
"..\macros.h", line 175: warning #48-D: incompatible redefinition of macro "RELEASED" (declared at line 121)
"..\macros.h", line 200: warning #48-D: incompatible redefinition of macro "TB0CCR0_INTERVAL" (declared at line 68)
"..\macros.h", line 201: warning #48-D: incompatible redefinition of macro "TB0CCR1_INTERVAL" (declared at line 69)
"..\macros.h", line 202: warning #48-D: incompatible redefinition of macro "TB0CCR2_INTERVAL" (declared at line 70)
"../transmit.c", line 46: remark #1544-D: (ULP 13.1) Detected loop counting up. Recommend loops count down as detecting zeros is easier
"../transmit.c", line 46: remark #2553-D: (ULP 14.1) Array index (involving "i") of type "int". Recommend using "unsigned int"
"../transmit.c", line 66: remark #1527-D: (ULP 2.1) Detected SW delay loop using empty loop. Recommend using a timer module instead
Finished building: "../transmit.c"
 
Building target: "Project 08.out"
Invoking: MSP430 Linker
"D:/ccs/tools/compiler/ti-cgt-msp430_21.6.1.LTS/bin/cl430" -vmspx --use_hw_mpy=F5 --advice:power=all --advice:hw_config=all --define=__MSP430FR2355__ --define=_FRWP_ENABLE --define=_INFO_FRWP_ENABLE -g --printf_support=minimal --diag_warning=225 --diag_wrap=off --display_error_number --silicon_errata=CPU21 --silicon_errata=CPU22 --silicon_errata=CPU40 -z -m"Project 08.map" --heap_size=160 --stack_size=160 --cinit_hold_wdt=on -i"D:/ccs/ccs_base/msp430/include" -i"D:/ccs/ccs_base/msp430/lib/FR2xx" -i"D:/ccs/tools/compiler/ti-cgt-msp430_21.6.1.LTS/lib" -i"D:/ccs/tools/compiler/ti-cgt-msp430_21.6.1.LTS/include" --priority --reread_libs --define=_FRWP_ENABLE --define=_INFO_FRWP_ENABLE --diag_wrap=off --display_error_number --warn_sections --xml_link_info="Project 08_linkInfo.xml" --use_hw_mpy=F5 --rom_model -o "Project 08.out" "./Display.obj" "./adc.obj" "./black_line.obj" "./clocks.obj" "./init.obj" "./led.obj" "./main.obj" "./ports.obj" "./serial.obj" "./states.obj" "./switches.obj" "./system.obj" "./timers.obj" "./timers_move.obj" "./transmit.obj" "./wheels.obj" "../Compiled/LCD.obj" "../lnk_msp430fr2355.cmd"  -lfrwp_init.a -llibc.a 
<Linking>
remark #10372-D: (ULP 4.1) Detected uninitialized Port A in this project. Recommend initializing all unused ports to eliminate wasted current consumption on unused pins.
remark #10372-D: (ULP 4.1) Detected uninitialized Port B in this project. Recommend initializing all unused ports to eliminate wasted current consumption on unused pins.
remark #10372-D: (ULP 4.1) Detected uninitialized Port C in this project. Recommend initializing all unused ports to eliminate wasted current consumption on unused pins.
remark #10422-D: (ULP 6.2) Detected use of a device with available 32-bit hardware multiplier and not also using MSPMATHLIB library (libmath.a).  Recommend using MSPMATHLIB library (libmath.a) for improved performance.
Finished building target: "Project 08.out"
 

**** Build Finished ****

**** Build of configuration Debug for project Project 08 ****

"D:\\ccs\\utils\\bin\\gmake" -k -j 16 all -O 
 
gmake[1]: 'Project 08.out' is up to date.

**** Build Finished ****

**** Build of configuration Debug for project Project 08 ****

"D:\\ccs\\utils\\bin\\gmake" -k -j 16 all -O 
 
Building file: "../main.c"
Invoking: MSP430 Compiler
"D:/ccs/tools/compiler/ti-cgt-msp430_21.6.1.LTS/bin/cl430" -vmspx --use_hw_mpy=F5 --include_path="D:/ccs/ccs_base/msp430/include" --include_path="D:/ccs/Project 08/Project 08" --include_path="D:/ccs/tools/compiler/ti-cgt-msp430_21.6.1.LTS/include" --advice:power=all --advice:hw_config=all --define=__MSP430FR2355__ --define=_FRWP_ENABLE --define=_INFO_FRWP_ENABLE -g --printf_support=minimal --diag_warning=225 --diag_wrap=off --display_error_number --silicon_errata=CPU21 --silicon_errata=CPU22 --silicon_errata=CPU40 --preproc_with_compile --preproc_dependency="main.d_raw"  "../main.c"
"..\macros.h", line 144: warning #48-D: incompatible redefinition of macro "WAIT" (declared at line 17)
"..\macros.h", line 174: warning #48-D: incompatible redefinition of macro "PRESSED" (declared at line 120)
"..\macros.h", line 175: warning #48-D: incompatible redefinition of macro "RELEASED" (declared at line 121)
"..\macros.h", line 200: warning #48-D: incompatible redefinition of macro "TB0CCR0_INTERVAL" (declared at line 68)
"..\macros.h", line 201: warning #48-D: incompatible redefinition of macro "TB0CCR1_INTERVAL" (declared at line 69)
"..\macros.h", line 202: warning #48-D: incompatible redefinition of macro "TB0CCR2_INTERVAL" (declared at line 70)
Finished building: "../main.c"
 
Building target: "Project 08.out"
Invoking: MSP430 Linker
"D:/ccs/tools/compiler/ti-cgt-msp430_21.6.1.LTS/bin/cl430" -vmspx --use_hw_mpy=F5 --advice:power=all --advice:hw_config=all --define=__MSP430FR2355__ --define=_FRWP_ENABLE --define=_INFO_FRWP_ENABLE -g --printf_support=minimal --diag_warning=225 --diag_wrap=off --display_error_number --silicon_errata=CPU21 --silicon_errata=CPU22 --silicon_errata=CPU40 -z -m"Project 08.map" --heap_size=160 --stack_size=160 --cinit_hold_wdt=on -i"D:/ccs/ccs_base/msp430/include" -i"D:/ccs/ccs_base/msp430/lib/FR2xx" -i"D:/ccs/tools/compiler/ti-cgt-msp430_21.6.1.LTS/lib" -i"D:/ccs/tools/compiler/ti-cgt-msp430_21.6.1.LTS/include" --priority --reread_libs --define=_FRWP_ENABLE --define=_INFO_FRWP_ENABLE --diag_wrap=off --display_error_number --warn_sections --xml_link_info="Project 08_linkInfo.xml" --use_hw_mpy=F5 --rom_model -o "Project 08.out" "./Display.obj" "./adc.obj" "./black_line.obj" "./clocks.obj" "./init.obj" "./led.obj" "./main.obj" "./ports.obj" "./serial.obj" "./states.obj" "./switches.obj" "./system.obj" "./timers.obj" "./timers_move.obj" "./transmit.obj" "./wheels.obj" "../Compiled/LCD.obj" "../lnk_msp430fr2355.cmd"  -lfrwp_init.a -llibc.a 
<Linking>
remark #10372-D: (ULP 4.1) Detected uninitialized Port A in this project. Recommend initializing all unused ports to eliminate wasted current consumption on unused pins.
remark #10372-D: (ULP 4.1) Detected uninitialized Port B in this project. Recommend initializing all unused ports to eliminate wasted current consumption on unused pins.
remark #10372-D: (ULP 4.1) Detected uninitialized Port C in this project. Recommend initializing all unused ports to eliminate wasted current consumption on unused pins.
remark #10422-D: (ULP 6.2) Detected use of a device with available 32-bit hardware multiplier and not also using MSPMATHLIB library (libmath.a).  Recommend using MSPMATHLIB library (libmath.a) for improved performance.
Finished building target: "Project 08.out"
 

**** Build Finished ****

**** Build of configuration Debug for project Project 08 ****

"D:\\ccs\\utils\\bin\\gmake" -k -j 16 all -O 
 
Building file: "../main.c"
Invoking: MSP430 Compiler
"D:/ccs/tools/compiler/ti-cgt-msp430_21.6.1.LTS/bin/cl430" -vmspx --use_hw_mpy=F5 --include_path="D:/ccs/ccs_base/msp430/include" --include_path="D:/ccs/Project 08/Project 08" --include_path="D:/ccs/tools/compiler/ti-cgt-msp430_21.6.1.LTS/include" --advice:power=all --advice:hw_config=all --define=__MSP430FR2355__ --define=_FRWP_ENABLE --define=_INFO_FRWP_ENABLE -g --printf_support=minimal --diag_warning=225 --diag_wrap=off --display_error_number --silicon_errata=CPU21 --silicon_errata=CPU22 --silicon_errata=CPU40 --preproc_with_compile --preproc_dependency="main.d_raw"  "../main.c"
"..\macros.h", line 144: warning #48-D: incompatible redefinition of macro "WAIT" (declared at line 17)
"..\macros.h", line 174: warning #48-D: incompatible redefinition of macro "PRESSED" (declared at line 120)
"..\macros.h", line 175: warning #48-D: incompatible redefinition of macro "RELEASED" (declared at line 121)
"..\macros.h", line 200: warning #48-D: incompatible redefinition of macro "TB0CCR0_INTERVAL" (declared at line 68)
"..\macros.h", line 201: warning #48-D: incompatible redefinition of macro "TB0CCR1_INTERVAL" (declared at line 69)
"..\macros.h", line 202: warning #48-D: incompatible redefinition of macro "TB0CCR2_INTERVAL" (declared at line 70)
Finished building: "../main.c"
 
Building target: "Project 08.out"
Invoking: MSP430 Linker
"D:/ccs/tools/compiler/ti-cgt-msp430_21.6.1.LTS/bin/cl430" -vmspx --use_hw_mpy=F5 --advice:power=all --advice:hw_config=all --define=__MSP430FR2355__ --define=_FRWP_ENABLE --define=_INFO_FRWP_ENABLE -g --printf_support=minimal --diag_warning=225 --diag_wrap=off --display_error_number --silicon_errata=CPU21 --silicon_errata=CPU22 --silicon_errata=CPU40 -z -m"Project 08.map" --heap_size=160 --stack_size=160 --cinit_hold_wdt=on -i"D:/ccs/ccs_base/msp430/include" -i"D:/ccs/ccs_base/msp430/lib/FR2xx" -i"D:/ccs/tools/compiler/ti-cgt-msp430_21.6.1.LTS/lib" -i"D:/ccs/tools/compiler/ti-cgt-msp430_21.6.1.LTS/include" --priority --reread_libs --define=_FRWP_ENABLE --define=_INFO_FRWP_ENABLE --diag_wrap=off --display_error_number --warn_sections --xml_link_info="Project 08_linkInfo.xml" --use_hw_mpy=F5 --rom_model -o "Project 08.out" "./Display.obj" "./adc.obj" "./black_line.obj" "./clocks.obj" "./init.obj" "./led.obj" "./main.obj" "./ports.obj" "./serial.obj" "./states.obj" "./switches.obj" "./system.obj" "./timers.obj" "./timers_move.obj" "./transmit.obj" "./wheels.obj" "../Compiled/LCD.obj" "../lnk_msp430fr2355.cmd"  -lfrwp_init.a -llibc.a 
<Linking>
remark #10372-D: (ULP 4.1) Detected uninitialized Port A in this project. Recommend initializing all unused ports to eliminate wasted current consumption on unused pins.
remark #10372-D: (ULP 4.1) Detected uninitialized Port B in this project. Recommend initializing all unused ports to eliminate wasted current consumption on unused pins.
remark #10372-D: (ULP 4.1) Detected uninitialized Port C in this project. Recommend initializing all unused ports to eliminate wasted current consumption on unused pins.
remark #10422-D: (ULP 6.2) Detected use of a device with available 32-bit hardware multiplier and not also using MSPMATHLIB library (libmath.a).  Recommend using MSPMATHLIB library (libmath.a) for improved performance.
Finished building target: "Project 08.out"
 

**** Build Finished ****

**** Build of configuration Debug for project Project 08 ****

"D:\\ccs\\utils\\bin\\gmake" -k -j 16 all -O 
 
gmake[1]: 'Project 08.out' is up to date.

**** Build Finished ****

**** Build of configuration Debug for project Project 08 ****

"D:\\ccs\\utils\\bin\\gmake" -k -j 16 all -O 
 
gmake[1]: 'Project 08.out' is up to date.

**** Build Finished ****

**** Build of configuration Debug for project Project 08 ****

"D:\\ccs\\utils\\bin\\gmake" -k -j 16 all -O 
 
Building file: "../switches.c"
Invoking: MSP430 Compiler
"D:/ccs/tools/compiler/ti-cgt-msp430_21.6.1.LTS/bin/cl430" -vmspx --use_hw_mpy=F5 --include_path="D:/ccs/ccs_base/msp430/include" --include_path="D:/ccs/Project 08/Project 08" --include_path="D:/ccs/tools/compiler/ti-cgt-msp430_21.6.1.LTS/include" --advice:power=all --advice:hw_config=all --define=__MSP430FR2355__ --define=_FRWP_ENABLE --define=_INFO_FRWP_ENABLE -g --printf_support=minimal --diag_warning=225 --diag_wrap=off --display_error_number --silicon_errata=CPU21 --silicon_errata=CPU22 --silicon_errata=CPU40 --preproc_with_compile --preproc_dependency="switches.d_raw"  "../switches.c"
"..\macros.h", line 144: warning #48-D: incompatible redefinition of macro "WAIT" (declared at line 17)
"..\macros.h", line 174: warning #48-D: incompatible redefinition of macro "PRESSED" (declared at line 120)
"..\macros.h", line 175: warning #48-D: incompatible redefinition of macro "RELEASED" (declared at line 121)
"..\macros.h", line 200: warning #48-D: incompatible redefinition of macro "TB0CCR0_INTERVAL" (declared at line 68)
"..\macros.h", line 201: warning #48-D: incompatible redefinition of macro "TB0CCR1_INTERVAL" (declared at line 69)
"..\macros.h", line 202: warning #48-D: incompatible redefinition of macro "TB0CCR2_INTERVAL" (declared at line 70)
Finished building: "../switches.c"
 
Building target: "Project 08.out"
Invoking: MSP430 Linker
"D:/ccs/tools/compiler/ti-cgt-msp430_21.6.1.LTS/bin/cl430" -vmspx --use_hw_mpy=F5 --advice:power=all --advice:hw_config=all --define=__MSP430FR2355__ --define=_FRWP_ENABLE --define=_INFO_FRWP_ENABLE -g --printf_support=minimal --diag_warning=225 --diag_wrap=off --display_error_number --silicon_errata=CPU21 --silicon_errata=CPU22 --silicon_errata=CPU40 -z -m"Project 08.map" --heap_size=160 --stack_size=160 --cinit_hold_wdt=on -i"D:/ccs/ccs_base/msp430/include" -i"D:/ccs/ccs_base/msp430/lib/FR2xx" -i"D:/ccs/tools/compiler/ti-cgt-msp430_21.6.1.LTS/lib" -i"D:/ccs/tools/compiler/ti-cgt-msp430_21.6.1.LTS/include" --priority --reread_libs --define=_FRWP_ENABLE --define=_INFO_FRWP_ENABLE --diag_wrap=off --display_error_number --warn_sections --xml_link_info="Project 08_linkInfo.xml" --use_hw_mpy=F5 --rom_model -o "Project 08.out" "./Display.obj" "./adc.obj" "./black_line.obj" "./clocks.obj" "./init.obj" "./led.obj" "./main.obj" "./ports.obj" "./serial.obj" "./states.obj" "./switches.obj" "./system.obj" "./timers.obj" "./timers_move.obj" "./transmit.obj" "./wheels.obj" "../Compiled/LCD.obj" "../lnk_msp430fr2355.cmd"  -lfrwp_init.a -llibc.a 
<Linking>
remark #10372-D: (ULP 4.1) Detected uninitialized Port A in this project. Recommend initializing all unused ports to eliminate wasted current consumption on unused pins.
remark #10372-D: (ULP 4.1) Detected uninitialized Port B in this project. Recommend initializing all unused ports to eliminate wasted current consumption on unused pins.
remark #10372-D: (ULP 4.1) Detected uninitialized Port C in this project. Recommend initializing all unused ports to eliminate wasted current consumption on unused pins.
remark #10422-D: (ULP 6.2) Detected use of a device with available 32-bit hardware multiplier and not also using MSPMATHLIB library (libmath.a).  Recommend using MSPMATHLIB library (libmath.a) for improved performance.
Finished building target: "Project 08.out"
 

**** Build Finished ****

**** Build of configuration Debug for project Project 08 ****

"D:\\ccs\\utils\\bin\\gmake" -k -j 16 all -O 
 
gmake[1]: 'Project 08.out' is up to date.

**** Build Finished ****

**** Build of configuration Debug for project Project 08 ****

"D:\\ccs\\utils\\bin\\gmake" -k -j 16 all -O 
 
Building file: "../switches.c"
Invoking: MSP430 Compiler
"D:/ccs/tools/compiler/ti-cgt-msp430_21.6.1.LTS/bin/cl430" -vmspx --use_hw_mpy=F5 --include_path="D:/ccs/ccs_base/msp430/include" --include_path="D:/ccs/Project 08/Project 08" --include_path="D:/ccs/tools/compiler/ti-cgt-msp430_21.6.1.LTS/include" --advice:power=all --advice:hw_config=all --define=__MSP430FR2355__ --define=_FRWP_ENABLE --define=_INFO_FRWP_ENABLE -g --printf_support=minimal --diag_warning=225 --diag_wrap=off --display_error_number --silicon_errata=CPU21 --silicon_errata=CPU22 --silicon_errata=CPU40 --preproc_with_compile --preproc_dependency="switches.d_raw"  "../switches.c"
"..\macros.h", line 144: warning #48-D: incompatible redefinition of macro "WAIT" (declared at line 17)
"..\macros.h", line 174: warning #48-D: incompatible redefinition of macro "PRESSED" (declared at line 120)
"..\macros.h", line 175: warning #48-D: incompatible redefinition of macro "RELEASED" (declared at line 121)
"..\macros.h", line 200: warning #48-D: incompatible redefinition of macro "TB0CCR0_INTERVAL" (declared at line 68)
"..\macros.h", line 201: warning #48-D: incompatible redefinition of macro "TB0CCR1_INTERVAL" (declared at line 69)
"..\macros.h", line 202: warning #48-D: incompatible redefinition of macro "TB0CCR2_INTERVAL" (declared at line 70)
Finished building: "../switches.c"
 
Building target: "Project 08.out"
Invoking: MSP430 Linker
"D:/ccs/tools/compiler/ti-cgt-msp430_21.6.1.LTS/bin/cl430" -vmspx --use_hw_mpy=F5 --advice:power=all --advice:hw_config=all --define=__MSP430FR2355__ --define=_FRWP_ENABLE --define=_INFO_FRWP_ENABLE -g --printf_support=minimal --diag_warning=225 --diag_wrap=off --display_error_number --silicon_errata=CPU21 --silicon_errata=CPU22 --silicon_errata=CPU40 -z -m"Project 08.map" --heap_size=160 --stack_size=160 --cinit_hold_wdt=on -i"D:/ccs/ccs_base/msp430/include" -i"D:/ccs/ccs_base/msp430/lib/FR2xx" -i"D:/ccs/tools/compiler/ti-cgt-msp430_21.6.1.LTS/lib" -i"D:/ccs/tools/compiler/ti-cgt-msp430_21.6.1.LTS/include" --priority --reread_libs --define=_FRWP_ENABLE --define=_INFO_FRWP_ENABLE --diag_wrap=off --display_error_number --warn_sections --xml_link_info="Project 08_linkInfo.xml" --use_hw_mpy=F5 --rom_model -o "Project 08.out" "./Display.obj" "./adc.obj" "./black_line.obj" "./clocks.obj" "./init.obj" "./led.obj" "./main.obj" "./ports.obj" "./serial.obj" "./states.obj" "./switches.obj" "./system.obj" "./timers.obj" "./timers_move.obj" "./transmit.obj" "./wheels.obj" "../Compiled/LCD.obj" "../lnk_msp430fr2355.cmd"  -lfrwp_init.a -llibc.a 
<Linking>
remark #10372-D: (ULP 4.1) Detected uninitialized Port A in this project. Recommend initializing all unused ports to eliminate wasted current consumption on unused pins.
remark #10372-D: (ULP 4.1) Detected uninitialized Port B in this project. Recommend initializing all unused ports to eliminate wasted current consumption on unused pins.
remark #10372-D: (ULP 4.1) Detected uninitialized Port C in this project. Recommend initializing all unused ports to eliminate wasted current consumption on unused pins.
remark #10422-D: (ULP 6.2) Detected use of a device with available 32-bit hardware multiplier and not also using MSPMATHLIB library (libmath.a).  Recommend using MSPMATHLIB library (libmath.a) for improved performance.
Finished building target: "Project 08.out"
 

**** Build Finished ****

**** Build of configuration Debug for project Project 08 ****

"D:\\ccs\\utils\\bin\\gmake" -k -j 16 all -O 
 
gmake[1]: 'Project 08.out' is up to date.

**** Build Finished ****

**** Build of configuration Debug for project Project 08 ****

"D:\\ccs\\utils\\bin\\gmake" -k -j 16 all -O 
 
Building file: "../transmit.c"
Invoking: MSP430 Compiler
"D:/ccs/tools/compiler/ti-cgt-msp430_21.6.1.LTS/bin/cl430" -vmspx --use_hw_mpy=F5 --include_path="D:/ccs/ccs_base/msp430/include" --include_path="D:/ccs/Project 08/Project 08" --include_path="D:/ccs/tools/compiler/ti-cgt-msp430_21.6.1.LTS/include" --advice:power=all --advice:hw_config=all --define=__MSP430FR2355__ --define=_FRWP_ENABLE --define=_INFO_FRWP_ENABLE -g --printf_support=minimal --diag_warning=225 --diag_wrap=off --display_error_number --silicon_errata=CPU21 --silicon_errata=CPU22 --silicon_errata=CPU40 --preproc_with_compile --preproc_dependency="transmit.d_raw"  "../transmit.c"
"..\macros.h", line 144: warning #48-D: incompatible redefinition of macro "WAIT" (declared at line 17)
"..\macros.h", line 174: warning #48-D: incompatible redefinition of macro "PRESSED" (declared at line 120)
"..\macros.h", line 175: warning #48-D: incompatible redefinition of macro "RELEASED" (declared at line 121)
"..\macros.h", line 200: warning #48-D: incompatible redefinition of macro "TB0CCR0_INTERVAL" (declared at line 68)
"..\macros.h", line 201: warning #48-D: incompatible redefinition of macro "TB0CCR1_INTERVAL" (declared at line 69)
"..\macros.h", line 202: warning #48-D: incompatible redefinition of macro "TB0CCR2_INTERVAL" (declared at line 70)
"../transmit.c", line 46: remark #1544-D: (ULP 13.1) Detected loop counting up. Recommend loops count down as detecting zeros is easier
"../transmit.c", line 46: remark #2553-D: (ULP 14.1) Array index (involving "i") of type "int". Recommend using "unsigned int"
"../transmit.c", line 66: remark #1527-D: (ULP 2.1) Detected SW delay loop using empty loop. Recommend using a timer module instead
Finished building: "../transmit.c"
 
Building target: "Project 08.out"
Invoking: MSP430 Linker
"D:/ccs/tools/compiler/ti-cgt-msp430_21.6.1.LTS/bin/cl430" -vmspx --use_hw_mpy=F5 --advice:power=all --advice:hw_config=all --define=__MSP430FR2355__ --define=_FRWP_ENABLE --define=_INFO_FRWP_ENABLE -g --printf_support=minimal --diag_warning=225 --diag_wrap=off --display_error_number --silicon_errata=CPU21 --silicon_errata=CPU22 --silicon_errata=CPU40 -z -m"Project 08.map" --heap_size=160 --stack_size=160 --cinit_hold_wdt=on -i"D:/ccs/ccs_base/msp430/include" -i"D:/ccs/ccs_base/msp430/lib/FR2xx" -i"D:/ccs/tools/compiler/ti-cgt-msp430_21.6.1.LTS/lib" -i"D:/ccs/tools/compiler/ti-cgt-msp430_21.6.1.LTS/include" --priority --reread_libs --define=_FRWP_ENABLE --define=_INFO_FRWP_ENABLE --diag_wrap=off --display_error_number --warn_sections --xml_link_info="Project 08_linkInfo.xml" --use_hw_mpy=F5 --rom_model -o "Project 08.out" "./Display.obj" "./adc.obj" "./black_line.obj" "./clocks.obj" "./init.obj" "./led.obj" "./main.obj" "./ports.obj" "./serial.obj" "./states.obj" "./switches.obj" "./system.obj" "./timers.obj" "./timers_move.obj" "./transmit.obj" "./wheels.obj" "../Compiled/LCD.obj" "../lnk_msp430fr2355.cmd"  -lfrwp_init.a -llibc.a 
<Linking>
remark #10372-D: (ULP 4.1) Detected uninitialized Port A in this project. Recommend initializing all unused ports to eliminate wasted current consumption on unused pins.
remark #10372-D: (ULP 4.1) Detected uninitialized Port B in this project. Recommend initializing all unused ports to eliminate wasted current consumption on unused pins.
remark #10372-D: (ULP 4.1) Detected uninitialized Port C in this project. Recommend initializing all unused ports to eliminate wasted current consumption on unused pins.
remark #10422-D: (ULP 6.2) Detected use of a device with available 32-bit hardware multiplier and not also using MSPMATHLIB library (libmath.a).  Recommend using MSPMATHLIB library (libmath.a) for improved performance.
Finished building target: "Project 08.out"
 

**** Build Finished ****

**** Build of configuration Debug for project Project 08 ****

"D:\\ccs\\utils\\bin\\gmake" -k -j 16 all -O 
 
gmake[1]: 'Project 08.out' is up to date.

**** Build Finished ****

**** Build of configuration Debug for project Project 08 ****

"D:\\ccs\\utils\\bin\\gmake" -k -j 16 all -O 
 
gmake[1]: 'Project 08.out' is up to date.

**** Build Finished ****

**** Build of configuration Debug for project Project 08 ****

"D:\\ccs\\utils\\bin\\gmake" -k -j 16 all -O 
 
gmake[1]: 'Project 08.out' is up to date.

**** Build Finished ****

**** Build of configuration Debug for project Project 08 ****

"D:\\ccs\\utils\\bin\\gmake" -k -j 16 all -O 
 
Building file: "../main.c"
Invoking: MSP430 Compiler
"D:/ccs/tools/compiler/ti-cgt-msp430_21.6.1.LTS/bin/cl430" -vmspx --use_hw_mpy=F5 --include_path="D:/ccs/ccs_base/msp430/include" --include_path="D:/ccs/Project 08/Project 08" --include_path="D:/ccs/tools/compiler/ti-cgt-msp430_21.6.1.LTS/include" --advice:power=all --advice:hw_config=all --define=__MSP430FR2355__ --define=_FRWP_ENABLE --define=_INFO_FRWP_ENABLE -g --printf_support=minimal --diag_warning=225 --diag_wrap=off --display_error_number --silicon_errata=CPU21 --silicon_errata=CPU22 --silicon_errata=CPU40 --preproc_with_compile --preproc_dependency="main.d_raw"  "../main.c"
"..\macros.h", line 144: warning #48-D: incompatible redefinition of macro "WAIT" (declared at line 17)
"..\macros.h", line 174: warning #48-D: incompatible redefinition of macro "PRESSED" (declared at line 120)
"..\macros.h", line 175: warning #48-D: incompatible redefinition of macro "RELEASED" (declared at line 121)
"..\macros.h", line 200: warning #48-D: incompatible redefinition of macro "TB0CCR0_INTERVAL" (declared at line 68)
"..\macros.h", line 201: warning #48-D: incompatible redefinition of macro "TB0CCR1_INTERVAL" (declared at line 69)
"..\macros.h", line 202: warning #48-D: incompatible redefinition of macro "TB0CCR2_INTERVAL" (declared at line 70)
Finished building: "../main.c"
 
Building target: "Project 08.out"
Invoking: MSP430 Linker
"D:/ccs/tools/compiler/ti-cgt-msp430_21.6.1.LTS/bin/cl430" -vmspx --use_hw_mpy=F5 --advice:power=all --advice:hw_config=all --define=__MSP430FR2355__ --define=_FRWP_ENABLE --define=_INFO_FRWP_ENABLE -g --printf_support=minimal --diag_warning=225 --diag_wrap=off --display_error_number --silicon_errata=CPU21 --silicon_errata=CPU22 --silicon_errata=CPU40 -z -m"Project 08.map" --heap_size=160 --stack_size=160 --cinit_hold_wdt=on -i"D:/ccs/ccs_base/msp430/include" -i"D:/ccs/ccs_base/msp430/lib/FR2xx" -i"D:/ccs/tools/compiler/ti-cgt-msp430_21.6.1.LTS/lib" -i"D:/ccs/tools/compiler/ti-cgt-msp430_21.6.1.LTS/include" --priority --reread_libs --define=_FRWP_ENABLE --define=_INFO_FRWP_ENABLE --diag_wrap=off --display_error_number --warn_sections --xml_link_info="Project 08_linkInfo.xml" --use_hw_mpy=F5 --rom_model -o "Project 08.out" "./Display.obj" "./adc.obj" "./black_line.obj" "./clocks.obj" "./init.obj" "./led.obj" "./main.obj" "./ports.obj" "./serial.obj" "./states.obj" "./switches.obj" "./system.obj" "./timers.obj" "./timers_move.obj" "./transmit.obj" "./wheels.obj" "../Compiled/LCD.obj" "../lnk_msp430fr2355.cmd"  -lfrwp_init.a -llibc.a 
<Linking>
remark #10372-D: (ULP 4.1) Detected uninitialized Port A in this project. Recommend initializing all unused ports to eliminate wasted current consumption on unused pins.
remark #10372-D: (ULP 4.1) Detected uninitialized Port B in this project. Recommend initializing all unused ports to eliminate wasted current consumption on unused pins.
remark #10372-D: (ULP 4.1) Detected uninitialized Port C in this project. Recommend initializing all unused ports to eliminate wasted current consumption on unused pins.
remark #10422-D: (ULP 6.2) Detected use of a device with available 32-bit hardware multiplier and not also using MSPMATHLIB library (libmath.a).  Recommend using MSPMATHLIB library (libmath.a) for improved performance.
Finished building target: "Project 08.out"
 

**** Build Finished ****

**** Build of configuration Debug for project Project 08 ****

"D:\\ccs\\utils\\bin\\gmake" -k -j 16 all -O 
 
gmake[1]: 'Project 08.out' is up to date.

**** Build Finished ****

**** Build of configuration Debug for project Project 08 ****

"D:\\ccs\\utils\\bin\\gmake" -k -j 16 all -O 
 
gmake[1]: 'Project 08.out' is up to date.

**** Build Finished ****

**** Build of configuration Debug for project Project 08 ****

"D:\\ccs\\utils\\bin\\gmake" -k -j 16 all -O 
 
gmake[1]: 'Project 08.out' is up to date.

**** Build Finished ****

**** Build of configuration Debug for project Project 08 ****

"D:\\ccs\\utils\\bin\\gmake" -k -j 16 all -O 
 
Building file: "../serial.c"
Invoking: MSP430 Compiler
"D:/ccs/tools/compiler/ti-cgt-msp430_21.6.1.LTS/bin/cl430" -vmspx --use_hw_mpy=F5 --include_path="D:/ccs/ccs_base/msp430/include" --include_path="D:/ccs/Project 08/Project 08" --include_path="D:/ccs/tools/compiler/ti-cgt-msp430_21.6.1.LTS/include" --advice:power=all --advice:hw_config=all --define=__MSP430FR2355__ --define=_FRWP_ENABLE --define=_INFO_FRWP_ENABLE -g --printf_support=minimal --diag_warning=225 --diag_wrap=off --display_error_number --silicon_errata=CPU21 --silicon_errata=CPU22 --silicon_errata=CPU40 --preproc_with_compile --preproc_dependency="serial.d_raw"  "../serial.c"
"..\macros.h", line 144: warning #48-D: incompatible redefinition of macro "WAIT" (declared at line 17)
"..\macros.h", line 174: warning #48-D: incompatible redefinition of macro "PRESSED" (declared at line 120)
"..\macros.h", line 175: warning #48-D: incompatible redefinition of macro "RELEASED" (declared at line 121)
"..\macros.h", line 200: warning #48-D: incompatible redefinition of macro "TB0CCR0_INTERVAL" (declared at line 68)
"..\macros.h", line 201: warning #48-D: incompatible redefinition of macro "TB0CCR1_INTERVAL" (declared at line 69)
"..\macros.h", line 202: warning #48-D: incompatible redefinition of macro "TB0CCR2_INTERVAL" (declared at line 70)
"../serial.c", line 51: remark #1528-D: (ULP 3.1) Detected flag polling using UCA1IFG. Recommend using an interrupt combined with enter LPMx and ISR
"../serial.c", line 50: remark #1544-D: (ULP 13.1) Detected loop counting up. Recommend loops count down as detecting zeros is easier
"../serial.c", line 50: remark #2553-D: (ULP 14.1) Array index (involving "i") of type "int". Recommend using "unsigned int"
"../serial.c", line 52: remark #2553-D: (ULP 14.1) Array index (involving "i") of type "int". Recommend using "unsigned int"
"../serial.c", line 59: remark #1528-D: (ULP 3.1) Detected flag polling using UCA0IFG. Recommend using an interrupt combined with enter LPMx and ISR
"../serial.c", line 58: remark #1544-D: (ULP 13.1) Detected loop counting up. Recommend loops count down as detecting zeros is easier
"../serial.c", line 58: remark #2553-D: (ULP 14.1) Array index (involving "i") of type "int". Recommend using "unsigned int"
"../serial.c", line 60: remark #2553-D: (ULP 14.1) Array index (involving "i") of type "int". Recommend using "unsigned int"
"../serial.c", line 72: remark #1528-D: (ULP 3.1) Detected flag polling using UCA1IFG. Recommend using an interrupt combined with enter LPMx and ISR
"../serial.c", line 83: remark #1535-D: (ULP 8.1) variable "usb_ready" is used as a constant. Recommend declaring variable as either 'static const' or 'const'
"../serial.c", line 88: remark #1534-D: (ULP 7.1) Detected use of global variable "rx_tail" within one function "USB_rx". Recommend placing variable in the function locally
"../serial.c", line 82: warning #179-D: variable "usb_buffer" was declared but never referenced
"../serial.c", line 83: warning #179-D: variable "usb_ready" was declared but never referenced
Finished building: "../serial.c"
 
Building target: "Project 08.out"
Invoking: MSP430 Linker
"D:/ccs/tools/compiler/ti-cgt-msp430_21.6.1.LTS/bin/cl430" -vmspx --use_hw_mpy=F5 --advice:power=all --advice:hw_config=all --define=__MSP430FR2355__ --define=_FRWP_ENABLE --define=_INFO_FRWP_ENABLE -g --printf_support=minimal --diag_warning=225 --diag_wrap=off --display_error_number --silicon_errata=CPU21 --silicon_errata=CPU22 --silicon_errata=CPU40 -z -m"Project 08.map" --heap_size=160 --stack_size=160 --cinit_hold_wdt=on -i"D:/ccs/ccs_base/msp430/include" -i"D:/ccs/ccs_base/msp430/lib/FR2xx" -i"D:/ccs/tools/compiler/ti-cgt-msp430_21.6.1.LTS/lib" -i"D:/ccs/tools/compiler/ti-cgt-msp430_21.6.1.LTS/include" --priority --reread_libs --define=_FRWP_ENABLE --define=_INFO_FRWP_ENABLE --diag_wrap=off --display_error_number --warn_sections --xml_link_info="Project 08_linkInfo.xml" --use_hw_mpy=F5 --rom_model -o "Project 08.out" "./Display.obj" "./adc.obj" "./black_line.obj" "./clocks.obj" "./init.obj" "./led.obj" "./main.obj" "./ports.obj" "./serial.obj" "./states.obj" "./switches.obj" "./system.obj" "./timers.obj" "./timers_move.obj" "./transmit.obj" "./wheels.obj" "../Compiled/LCD.obj" "../lnk_msp430fr2355.cmd"  -lfrwp_init.a -llibc.a 
<Linking>
remark #10372-D: (ULP 4.1) Detected uninitialized Port A in this project. Recommend initializing all unused ports to eliminate wasted current consumption on unused pins.
remark #10372-D: (ULP 4.1) Detected uninitialized Port B in this project. Recommend initializing all unused ports to eliminate wasted current consumption on unused pins.
remark #10372-D: (ULP 4.1) Detected uninitialized Port C in this project. Recommend initializing all unused ports to eliminate wasted current consumption on unused pins.
remark #10422-D: (ULP 6.2) Detected use of a device with available 32-bit hardware multiplier and not also using MSPMATHLIB library (libmath.a).  Recommend using MSPMATHLIB library (libmath.a) for improved performance.
Finished building target: "Project 08.out"
 

**** Build Finished ****

**** Build of configuration Debug for project Project 08 ****

"D:\\ccs\\utils\\bin\\gmake" -k -j 16 all -O 
 
gmake[1]: 'Project 08.out' is up to date.

**** Build Finished ****

**** Build of configuration Debug for project Project 08 ****

"D:\\ccs\\utils\\bin\\gmake" -k -j 16 all -O 
 
Building file: "../serial.c"
Invoking: MSP430 Compiler
"D:/ccs/tools/compiler/ti-cgt-msp430_21.6.1.LTS/bin/cl430" -vmspx --use_hw_mpy=F5 --include_path="D:/ccs/ccs_base/msp430/include" --include_path="D:/ccs/Project 08/Project 08" --include_path="D:/ccs/tools/compiler/ti-cgt-msp430_21.6.1.LTS/include" --advice:power=all --advice:hw_config=all --define=__MSP430FR2355__ --define=_FRWP_ENABLE --define=_INFO_FRWP_ENABLE -g --printf_support=minimal --diag_warning=225 --diag_wrap=off --display_error_number --silicon_errata=CPU21 --silicon_errata=CPU22 --silicon_errata=CPU40 --preproc_with_compile --preproc_dependency="serial.d_raw"  "../serial.c"
"..\macros.h", line 144: warning #48-D: incompatible redefinition of macro "WAIT" (declared at line 17)
"..\macros.h", line 174: warning #48-D: incompatible redefinition of macro "PRESSED" (declared at line 120)
"..\macros.h", line 175: warning #48-D: incompatible redefinition of macro "RELEASED" (declared at line 121)
"..\macros.h", line 200: warning #48-D: incompatible redefinition of macro "TB0CCR0_INTERVAL" (declared at line 68)
"..\macros.h", line 201: warning #48-D: incompatible redefinition of macro "TB0CCR1_INTERVAL" (declared at line 69)
"..\macros.h", line 202: warning #48-D: incompatible redefinition of macro "TB0CCR2_INTERVAL" (declared at line 70)
"../serial.c", line 51: remark #1528-D: (ULP 3.1) Detected flag polling using UCA1IFG. Recommend using an interrupt combined with enter LPMx and ISR
"../serial.c", line 50: remark #1544-D: (ULP 13.1) Detected loop counting up. Recommend loops count down as detecting zeros is easier
"../serial.c", line 50: remark #2553-D: (ULP 14.1) Array index (involving "i") of type "int". Recommend using "unsigned int"
"../serial.c", line 52: remark #2553-D: (ULP 14.1) Array index (involving "i") of type "int". Recommend using "unsigned int"
"../serial.c", line 59: remark #1528-D: (ULP 3.1) Detected flag polling using UCA0IFG. Recommend using an interrupt combined with enter LPMx and ISR
"../serial.c", line 58: remark #1544-D: (ULP 13.1) Detected loop counting up. Recommend loops count down as detecting zeros is easier
"../serial.c", line 58: remark #2553-D: (ULP 14.1) Array index (involving "i") of type "int". Recommend using "unsigned int"
"../serial.c", line 60: remark #2553-D: (ULP 14.1) Array index (involving "i") of type "int". Recommend using "unsigned int"
"../serial.c", line 72: remark #1528-D: (ULP 3.1) Detected flag polling using UCA1IFG. Recommend using an interrupt combined with enter LPMx and ISR
"../serial.c", line 96: remark #1528-D: (ULP 3.1) Detected flag polling using UCA0IFG. Recommend using an interrupt combined with enter LPMx and ISR
Finished building: "../serial.c"
 
Building target: "Project 08.out"
Invoking: MSP430 Linker
"D:/ccs/tools/compiler/ti-cgt-msp430_21.6.1.LTS/bin/cl430" -vmspx --use_hw_mpy=F5 --advice:power=all --advice:hw_config=all --define=__MSP430FR2355__ --define=_FRWP_ENABLE --define=_INFO_FRWP_ENABLE -g --printf_support=minimal --diag_warning=225 --diag_wrap=off --display_error_number --silicon_errata=CPU21 --silicon_errata=CPU22 --silicon_errata=CPU40 -z -m"Project 08.map" --heap_size=160 --stack_size=160 --cinit_hold_wdt=on -i"D:/ccs/ccs_base/msp430/include" -i"D:/ccs/ccs_base/msp430/lib/FR2xx" -i"D:/ccs/tools/compiler/ti-cgt-msp430_21.6.1.LTS/lib" -i"D:/ccs/tools/compiler/ti-cgt-msp430_21.6.1.LTS/include" --priority --reread_libs --define=_FRWP_ENABLE --define=_INFO_FRWP_ENABLE --diag_wrap=off --display_error_number --warn_sections --xml_link_info="Project 08_linkInfo.xml" --use_hw_mpy=F5 --rom_model -o "Project 08.out" "./Display.obj" "./adc.obj" "./black_line.obj" "./clocks.obj" "./init.obj" "./led.obj" "./main.obj" "./ports.obj" "./serial.obj" "./states.obj" "./switches.obj" "./system.obj" "./timers.obj" "./timers_move.obj" "./transmit.obj" "./wheels.obj" "../Compiled/LCD.obj" "../lnk_msp430fr2355.cmd"  -lfrwp_init.a -llibc.a 
<Linking>
remark #10372-D: (ULP 4.1) Detected uninitialized Port A in this project. Recommend initializing all unused ports to eliminate wasted current consumption on unused pins.
remark #10372-D: (ULP 4.1) Detected uninitialized Port B in this project. Recommend initializing all unused ports to eliminate wasted current consumption on unused pins.
remark #10372-D: (ULP 4.1) Detected uninitialized Port C in this project. Recommend initializing all unused ports to eliminate wasted current consumption on unused pins.
remark #10422-D: (ULP 6.2) Detected use of a device with available 32-bit hardware multiplier and not also using MSPMATHLIB library (libmath.a).  Recommend using MSPMATHLIB library (libmath.a) for improved performance.
Finished building target: "Project 08.out"
 

**** Build Finished ****

**** Build of configuration Debug for project Project 08 ****

"D:\\ccs\\utils\\bin\\gmake" -k -j 16 all -O 
 
gmake[1]: 'Project 08.out' is up to date.

**** Build Finished ****

**** Build of configuration Debug for project Project 08 ****

"D:\\ccs\\utils\\bin\\gmake" -k -j 16 all -O 
 
Building file: "../switches.c"
Invoking: MSP430 Compiler
"D:/ccs/tools/compiler/ti-cgt-msp430_21.6.1.LTS/bin/cl430" -vmspx --use_hw_mpy=F5 --include_path="D:/ccs/ccs_base/msp430/include" --include_path="D:/ccs/Project 08/Project 08" --include_path="D:/ccs/tools/compiler/ti-cgt-msp430_21.6.1.LTS/include" --advice:power=all --advice:hw_config=all --define=__MSP430FR2355__ --define=_FRWP_ENABLE --define=_INFO_FRWP_ENABLE -g --printf_support=minimal --diag_warning=225 --diag_wrap=off --display_error_number --silicon_errata=CPU21 --silicon_errata=CPU22 --silicon_errata=CPU40 --preproc_with_compile --preproc_dependency="switches.d_raw"  "../switches.c"
 
>> Compilation failure
subdir_rules.mk:9: recipe for target 'switches.obj' failed
"..\macros.h", line 144: warning #48-D: incompatible redefinition of macro "WAIT" (declared at line 17)
"..\macros.h", line 174: warning #48-D: incompatible redefinition of macro "PRESSED" (declared at line 120)
"..\macros.h", line 175: warning #48-D: incompatible redefinition of macro "RELEASED" (declared at line 121)
"..\macros.h", line 200: warning #48-D: incompatible redefinition of macro "TB0CCR0_INTERVAL" (declared at line 68)
"..\macros.h", line 201: warning #48-D: incompatible redefinition of macro "TB0CCR1_INTERVAL" (declared at line 69)
"..\macros.h", line 202: warning #48-D: incompatible redefinition of macro "TB0CCR2_INTERVAL" (declared at line 70)
"../switches.c", line 74: error #171: expected a declaration
1 error detected in the compilation of "../switches.c".
gmake: *** [switches.obj] Error 1
Building file: "../main.c"
Invoking: MSP430 Compiler
"D:/ccs/tools/compiler/ti-cgt-msp430_21.6.1.LTS/bin/cl430" -vmspx --use_hw_mpy=F5 --include_path="D:/ccs/ccs_base/msp430/include" --include_path="D:/ccs/Project 08/Project 08" --include_path="D:/ccs/tools/compiler/ti-cgt-msp430_21.6.1.LTS/include" --advice:power=all --advice:hw_config=all --define=__MSP430FR2355__ --define=_FRWP_ENABLE --define=_INFO_FRWP_ENABLE -g --printf_support=minimal --diag_warning=225 --diag_wrap=off --display_error_number --silicon_errata=CPU21 --silicon_errata=CPU22 --silicon_errata=CPU40 --preproc_with_compile --preproc_dependency="main.d_raw"  "../main.c"
"..\macros.h", line 144: warning #48-D: incompatible redefinition of macro "WAIT" (declared at line 17)
"..\macros.h", line 174: warning #48-D: incompatible redefinition of macro "PRESSED" (declared at line 120)
"..\macros.h", line 175: warning #48-D: incompatible redefinition of macro "RELEASED" (declared at line 121)
"..\macros.h", line 200: warning #48-D: incompatible redefinition of macro "TB0CCR0_INTERVAL" (declared at line 68)
"..\macros.h", line 201: warning #48-D: incompatible redefinition of macro "TB0CCR1_INTERVAL" (declared at line 69)
"..\macros.h", line 202: warning #48-D: incompatible redefinition of macro "TB0CCR2_INTERVAL" (declared at line 70)
Finished building: "../main.c"
 
gmake: Target 'all' not remade because of errors.

**** Build Finished ****

**** Build of configuration Debug for project Project 08 ****

"D:\\ccs\\utils\\bin\\gmake" -k -j 16 all -O 
 
Building file: "../switches.c"
Invoking: MSP430 Compiler
"D:/ccs/tools/compiler/ti-cgt-msp430_21.6.1.LTS/bin/cl430" -vmspx --use_hw_mpy=F5 --include_path="D:/ccs/ccs_base/msp430/include" --include_path="D:/ccs/Project 08/Project 08" --include_path="D:/ccs/tools/compiler/ti-cgt-msp430_21.6.1.LTS/include" --advice:power=all --advice:hw_config=all --define=__MSP430FR2355__ --define=_FRWP_ENABLE --define=_INFO_FRWP_ENABLE -g --printf_support=minimal --diag_warning=225 --diag_wrap=off --display_error_number --silicon_errata=CPU21 --silicon_errata=CPU22 --silicon_errata=CPU40 --preproc_with_compile --preproc_dependency="switches.d_raw"  "../switches.c"
"..\macros.h", line 144: warning #48-D: incompatible redefinition of macro "WAIT" (declared at line 17)
"..\macros.h", line 174: warning #48-D: incompatible redefinition of macro "PRESSED" (declared at line 120)
"..\macros.h", line 175: warning #48-D: incompatible redefinition of macro "RELEASED" (declared at line 121)
"..\macros.h", line 200: warning #48-D: incompatible redefinition of macro "TB0CCR0_INTERVAL" (declared at line 68)
"..\macros.h", line 201: warning #48-D: incompatible redefinition of macro "TB0CCR1_INTERVAL" (declared at line 69)
"..\macros.h", line 202: warning #48-D: incompatible redefinition of macro "TB0CCR2_INTERVAL" (declared at line 70)
Finished building: "../switches.c"
 
Building target: "Project 08.out"
Invoking: MSP430 Linker
"D:/ccs/tools/compiler/ti-cgt-msp430_21.6.1.LTS/bin/cl430" -vmspx --use_hw_mpy=F5 --advice:power=all --advice:hw_config=all --define=__MSP430FR2355__ --define=_FRWP_ENABLE --define=_INFO_FRWP_ENABLE -g --printf_support=minimal --diag_warning=225 --diag_wrap=off --display_error_number --silicon_errata=CPU21 --silicon_errata=CPU22 --silicon_errata=CPU40 -z -m"Project 08.map" --heap_size=160 --stack_size=160 --cinit_hold_wdt=on -i"D:/ccs/ccs_base/msp430/include" -i"D:/ccs/ccs_base/msp430/lib/FR2xx" -i"D:/ccs/tools/compiler/ti-cgt-msp430_21.6.1.LTS/lib" -i"D:/ccs/tools/compiler/ti-cgt-msp430_21.6.1.LTS/include" --priority --reread_libs --define=_FRWP_ENABLE --define=_INFO_FRWP_ENABLE --diag_wrap=off --display_error_number --warn_sections --xml_link_info="Project 08_linkInfo.xml" --use_hw_mpy=F5 --rom_model -o "Project 08.out" "./Display.obj" "./adc.obj" "./black_line.obj" "./clocks.obj" "./init.obj" "./led.obj" "./main.obj" "./ports.obj" "./serial.obj" "./states.obj" "./switches.obj" "./system.obj" "./timers.obj" "./timers_move.obj" "./transmit.obj" "./wheels.obj" "../Compiled/LCD.obj" "../lnk_msp430fr2355.cmd"  -lfrwp_init.a -llibc.a 
<Linking>
remark #10372-D: (ULP 4.1) Detected uninitialized Port A in this project. Recommend initializing all unused ports to eliminate wasted current consumption on unused pins.
remark #10372-D: (ULP 4.1) Detected uninitialized Port B in this project. Recommend initializing all unused ports to eliminate wasted current consumption on unused pins.
remark #10372-D: (ULP 4.1) Detected uninitialized Port C in this project. Recommend initializing all unused ports to eliminate wasted current consumption on unused pins.
remark #10422-D: (ULP 6.2) Detected use of a device with available 32-bit hardware multiplier and not also using MSPMATHLIB library (libmath.a).  Recommend using MSPMATHLIB library (libmath.a) for improved performance.
Finished building target: "Project 08.out"
 

**** Build Finished ****

**** Build of configuration Debug for project Project 08 ****

"D:\\ccs\\utils\\bin\\gmake" -k -j 16 all -O 
 
Building file: "../main.c"
Invoking: MSP430 Compiler
"D:/ccs/tools/compiler/ti-cgt-msp430_21.6.1.LTS/bin/cl430" -vmspx --use_hw_mpy=F5 --include_path="D:/ccs/ccs_base/msp430/include" --include_path="D:/ccs/Project 08/Project 08" --include_path="D:/ccs/tools/compiler/ti-cgt-msp430_21.6.1.LTS/include" --advice:power=all --advice:hw_config=all --define=__MSP430FR2355__ --define=_FRWP_ENABLE --define=_INFO_FRWP_ENABLE -g --printf_support=minimal --diag_warning=225 --diag_wrap=off --display_error_number --silicon_errata=CPU21 --silicon_errata=CPU22 --silicon_errata=CPU40 --preproc_with_compile --preproc_dependency="main.d_raw"  "../main.c"
"..\macros.h", line 144: warning #48-D: incompatible redefinition of macro "WAIT" (declared at line 17)
"..\macros.h", line 174: warning #48-D: incompatible redefinition of macro "PRESSED" (declared at line 120)
"..\macros.h", line 175: warning #48-D: incompatible redefinition of macro "RELEASED" (declared at line 121)
"..\macros.h", line 200: warning #48-D: incompatible redefinition of macro "TB0CCR0_INTERVAL" (declared at line 68)
"..\macros.h", line 201: warning #48-D: incompatible redefinition of macro "TB0CCR1_INTERVAL" (declared at line 69)
"..\macros.h", line 202: warning #48-D: incompatible redefinition of macro "TB0CCR2_INTERVAL" (declared at line 70)
"../main.c", line 36: warning #225-D: function "Clear_Variables" declared implicitly
Finished building: "../main.c"
 
Building target: "Project 08.out"
Invoking: MSP430 Linker
"D:/ccs/tools/compiler/ti-cgt-msp430_21.6.1.LTS/bin/cl430" -vmspx --use_hw_mpy=F5 --advice:power=all --advice:hw_config=all --define=__MSP430FR2355__ --define=_FRWP_ENABLE --define=_INFO_FRWP_ENABLE -g --printf_support=minimal --diag_warning=225 --diag_wrap=off --display_error_number --silicon_errata=CPU21 --silicon_errata=CPU22 --silicon_errata=CPU40 -z -m"Project 08.map" --heap_size=160 --stack_size=160 --cinit_hold_wdt=on -i"D:/ccs/ccs_base/msp430/include" -i"D:/ccs/ccs_base/msp430/lib/FR2xx" -i"D:/ccs/tools/compiler/ti-cgt-msp430_21.6.1.LTS/lib" -i"D:/ccs/tools/compiler/ti-cgt-msp430_21.6.1.LTS/include" --priority --reread_libs --define=_FRWP_ENABLE --define=_INFO_FRWP_ENABLE --diag_wrap=off --display_error_number --warn_sections --xml_link_info="Project 08_linkInfo.xml" --use_hw_mpy=F5 --rom_model -o "Project 08.out" "./Display.obj" "./adc.obj" "./black_line.obj" "./clocks.obj" "./init.obj" "./led.obj" "./main.obj" "./ports.obj" "./serial.obj" "./states.obj" "./switches.obj" "./system.obj" "./timers.obj" "./timers_move.obj" "./transmit.obj" "./wheels.obj" "../Compiled/LCD.obj" "../lnk_msp430fr2355.cmd"  -lfrwp_init.a -llibc.a 
<Linking>
remark #10372-D: (ULP 4.1) Detected uninitialized Port A in this project. Recommend initializing all unused ports to eliminate wasted current consumption on unused pins.
remark #10372-D: (ULP 4.1) Detected uninitialized Port B in this project. Recommend initializing all unused ports to eliminate wasted current consumption on unused pins.
remark #10372-D: (ULP 4.1) Detected uninitialized Port C in this project. Recommend initializing all unused ports to eliminate wasted current consumption on unused pins.
remark #10422-D: (ULP 6.2) Detected use of a device with available 32-bit hardware multiplier and not also using MSPMATHLIB library (libmath.a).  Recommend using MSPMATHLIB library (libmath.a) for improved performance.
Finished building target: "Project 08.out"
 

**** Build Finished ****

**** Build of configuration Debug for project Project 08 ****

"D:\\ccs\\utils\\bin\\gmake" -k -j 16 all -O 
 
gmake[1]: 'Project 08.out' is up to date.

**** Build Finished ****

**** Build of configuration Debug for project Project 08 ****

"D:\\ccs\\utils\\bin\\gmake" -k -j 16 all -O 
 
Building file: "../main.c"
Invoking: MSP430 Compiler
"D:/ccs/tools/compiler/ti-cgt-msp430_21.6.1.LTS/bin/cl430" -vmspx --use_hw_mpy=F5 --include_path="D:/ccs/ccs_base/msp430/include" --include_path="D:/ccs/Project 08/Project 08" --include_path="D:/ccs/tools/compiler/ti-cgt-msp430_21.6.1.LTS/include" --advice:power=all --advice:hw_config=all --define=__MSP430FR2355__ --define=_FRWP_ENABLE --define=_INFO_FRWP_ENABLE -g --printf_support=minimal --diag_warning=225 --diag_wrap=off --display_error_number --silicon_errata=CPU21 --silicon_errata=CPU22 --silicon_errata=CPU40 --preproc_with_compile --preproc_dependency="main.d_raw"  "../main.c"
"..\macros.h", line 144: warning #48-D: incompatible redefinition of macro "WAIT" (declared at line 17)
"..\macros.h", line 174: warning #48-D: incompatible redefinition of macro "PRESSED" (declared at line 120)
"..\macros.h", line 175: warning #48-D: incompatible redefinition of macro "RELEASED" (declared at line 121)
"..\macros.h", line 200: warning #48-D: incompatible redefinition of macro "TB0CCR0_INTERVAL" (declared at line 68)
"..\macros.h", line 201: warning #48-D: incompatible redefinition of macro "TB0CCR1_INTERVAL" (declared at line 69)
"..\macros.h", line 202: warning #48-D: incompatible redefinition of macro "TB0CCR2_INTERVAL" (declared at line 70)
Finished building: "../main.c"
 
Building target: "Project 08.out"
Invoking: MSP430 Linker
"D:/ccs/tools/compiler/ti-cgt-msp430_21.6.1.LTS/bin/cl430" -vmspx --use_hw_mpy=F5 --advice:power=all --advice:hw_config=all --define=__MSP430FR2355__ --define=_FRWP_ENABLE --define=_INFO_FRWP_ENABLE -g --printf_support=minimal --diag_warning=225 --diag_wrap=off --display_error_number --silicon_errata=CPU21 --silicon_errata=CPU22 --silicon_errata=CPU40 -z -m"Project 08.map" --heap_size=160 --stack_size=160 --cinit_hold_wdt=on -i"D:/ccs/ccs_base/msp430/include" -i"D:/ccs/ccs_base/msp430/lib/FR2xx" -i"D:/ccs/tools/compiler/ti-cgt-msp430_21.6.1.LTS/lib" -i"D:/ccs/tools/compiler/ti-cgt-msp430_21.6.1.LTS/include" --priority --reread_libs --define=_FRWP_ENABLE --define=_INFO_FRWP_ENABLE --diag_wrap=off --display_error_number --warn_sections --xml_link_info="Project 08_linkInfo.xml" --use_hw_mpy=F5 --rom_model -o "Project 08.out" "./Display.obj" "./adc.obj" "./black_line.obj" "./clocks.obj" "./init.obj" "./led.obj" "./main.obj" "./ports.obj" "./serial.obj" "./states.obj" "./switches.obj" "./system.obj" "./timers.obj" "./timers_move.obj" "./transmit.obj" "./wheels.obj" "../Compiled/LCD.obj" "../lnk_msp430fr2355.cmd"  -lfrwp_init.a -llibc.a 
<Linking>
remark #10372-D: (ULP 4.1) Detected uninitialized Port A in this project. Recommend initializing all unused ports to eliminate wasted current consumption on unused pins.
remark #10372-D: (ULP 4.1) Detected uninitialized Port B in this project. Recommend initializing all unused ports to eliminate wasted current consumption on unused pins.
remark #10372-D: (ULP 4.1) Detected uninitialized Port C in this project. Recommend initializing all unused ports to eliminate wasted current consumption on unused pins.
remark #10422-D: (ULP 6.2) Detected use of a device with available 32-bit hardware multiplier and not also using MSPMATHLIB library (libmath.a).  Recommend using MSPMATHLIB library (libmath.a) for improved performance.
Finished building target: "Project 08.out"
 

**** Build Finished ****

**** Build of configuration Debug for project Project 08 ****

"D:\\ccs\\utils\\bin\\gmake" -k -j 16 all -O 
 
Building file: "../main.c"
Invoking: MSP430 Compiler
"D:/ccs/tools/compiler/ti-cgt-msp430_21.6.1.LTS/bin/cl430" -vmspx --use_hw_mpy=F5 --include_path="D:/ccs/ccs_base/msp430/include" --include_path="D:/ccs/Project 08/Project 08" --include_path="D:/ccs/tools/compiler/ti-cgt-msp430_21.6.1.LTS/include" --advice:power=all --advice:hw_config=all --define=__MSP430FR2355__ --define=_FRWP_ENABLE --define=_INFO_FRWP_ENABLE -g --printf_support=minimal --diag_warning=225 --diag_wrap=off --display_error_number --silicon_errata=CPU21 --silicon_errata=CPU22 --silicon_errata=CPU40 --preproc_with_compile --preproc_dependency="main.d_raw"  "../main.c"
"..\macros.h", line 144: warning #48-D: incompatible redefinition of macro "WAIT" (declared at line 17)
"..\macros.h", line 174: warning #48-D: incompatible redefinition of macro "PRESSED" (declared at line 120)
"..\macros.h", line 175: warning #48-D: incompatible redefinition of macro "RELEASED" (declared at line 121)
"..\macros.h", line 200: warning #48-D: incompatible redefinition of macro "TB0CCR0_INTERVAL" (declared at line 68)
"..\macros.h", line 201: warning #48-D: incompatible redefinition of macro "TB0CCR1_INTERVAL" (declared at line 69)
"..\macros.h", line 202: warning #48-D: incompatible redefinition of macro "TB0CCR2_INTERVAL" (declared at line 70)
Finished building: "../main.c"
 
Building target: "Project 08.out"
Invoking: MSP430 Linker
"D:/ccs/tools/compiler/ti-cgt-msp430_21.6.1.LTS/bin/cl430" -vmspx --use_hw_mpy=F5 --advice:power=all --advice:hw_config=all --define=__MSP430FR2355__ --define=_FRWP_ENABLE --define=_INFO_FRWP_ENABLE -g --printf_support=minimal --diag_warning=225 --diag_wrap=off --display_error_number --silicon_errata=CPU21 --silicon_errata=CPU22 --silicon_errata=CPU40 -z -m"Project 08.map" --heap_size=160 --stack_size=160 --cinit_hold_wdt=on -i"D:/ccs/ccs_base/msp430/include" -i"D:/ccs/ccs_base/msp430/lib/FR2xx" -i"D:/ccs/tools/compiler/ti-cgt-msp430_21.6.1.LTS/lib" -i"D:/ccs/tools/compiler/ti-cgt-msp430_21.6.1.LTS/include" --priority --reread_libs --define=_FRWP_ENABLE --define=_INFO_FRWP_ENABLE --diag_wrap=off --display_error_number --warn_sections --xml_link_info="Project 08_linkInfo.xml" --use_hw_mpy=F5 --rom_model -o "Project 08.out" "./Display.obj" "./adc.obj" "./black_line.obj" "./clocks.obj" "./init.obj" "./led.obj" "./main.obj" "./ports.obj" "./serial.obj" "./states.obj" "./switches.obj" "./system.obj" "./timers.obj" "./timers_move.obj" "./transmit.obj" "./wheels.obj" "../Compiled/LCD.obj" "../lnk_msp430fr2355.cmd"  -lfrwp_init.a -llibc.a 
<Linking>
remark #10372-D: (ULP 4.1) Detected uninitialized Port A in this project. Recommend initializing all unused ports to eliminate wasted current consumption on unused pins.
remark #10372-D: (ULP 4.1) Detected uninitialized Port B in this project. Recommend initializing all unused ports to eliminate wasted current consumption on unused pins.
remark #10372-D: (ULP 4.1) Detected uninitialized Port C in this project. Recommend initializing all unused ports to eliminate wasted current consumption on unused pins.
remark #10422-D: (ULP 6.2) Detected use of a device with available 32-bit hardware multiplier and not also using MSPMATHLIB library (libmath.a).  Recommend using MSPMATHLIB library (libmath.a) for improved performance.
Finished building target: "Project 08.out"
 

**** Build Finished ****

**** Build of configuration Debug for project Project 08 ****

"D:\\ccs\\utils\\bin\\gmake" -k -j 16 all -O 
 
gmake[1]: 'Project 08.out' is up to date.

**** Build Finished ****

**** Build of configuration Debug for project Project 08 ****

"D:\\ccs\\utils\\bin\\gmake" -k -j 16 all -O 
 
Building file: "../transmit.c"
Invoking: MSP430 Compiler
"D:/ccs/tools/compiler/ti-cgt-msp430_21.6.1.LTS/bin/cl430" -vmspx --use_hw_mpy=F5 --include_path="D:/ccs/ccs_base/msp430/include" --include_path="D:/ccs/Project 08/Project 08" --include_path="D:/ccs/tools/compiler/ti-cgt-msp430_21.6.1.LTS/include" --advice:power=all --advice:hw_config=all --define=__MSP430FR2355__ --define=_FRWP_ENABLE --define=_INFO_FRWP_ENABLE -g --printf_support=minimal --diag_warning=225 --diag_wrap=off --display_error_number --silicon_errata=CPU21 --silicon_errata=CPU22 --silicon_errata=CPU40 --preproc_with_compile --preproc_dependency="transmit.d_raw"  "../transmit.c"
"..\macros.h", line 144: warning #48-D: incompatible redefinition of macro "WAIT" (declared at line 17)
"..\macros.h", line 174: warning #48-D: incompatible redefinition of macro "PRESSED" (declared at line 120)
"..\macros.h", line 175: warning #48-D: incompatible redefinition of macro "RELEASED" (declared at line 121)
"..\macros.h", line 200: warning #48-D: incompatible redefinition of macro "TB0CCR0_INTERVAL" (declared at line 68)
"..\macros.h", line 201: warning #48-D: incompatible redefinition of macro "TB0CCR1_INTERVAL" (declared at line 69)
"..\macros.h", line 202: warning #48-D: incompatible redefinition of macro "TB0CCR2_INTERVAL" (declared at line 70)
"../transmit.c", line 46: remark #1544-D: (ULP 13.1) Detected loop counting up. Recommend loops count down as detecting zeros is easier
"../transmit.c", line 46: remark #2553-D: (ULP 14.1) Array index (involving "i") of type "int". Recommend using "unsigned int"
"../transmit.c", line 66: remark #1527-D: (ULP 2.1) Detected SW delay loop using empty loop. Recommend using a timer module instead
"../transmit.c", line 117: warning #225-D: function "Clear_Variables" declared implicitly
"../transmit.c", line 116: warning #179-D: variable "init_done" was declared but never referenced
"../transmit.c", line 116: remark #1535-D: (ULP 8.1) variable "init_done" is used as a constant. Recommend declaring variable as either 'static const' or 'const'
Finished building: "../transmit.c"
 
Building target: "Project 08.out"
Invoking: MSP430 Linker
"D:/ccs/tools/compiler/ti-cgt-msp430_21.6.1.LTS/bin/cl430" -vmspx --use_hw_mpy=F5 --advice:power=all --advice:hw_config=all --define=__MSP430FR2355__ --define=_FRWP_ENABLE --define=_INFO_FRWP_ENABLE -g --printf_support=minimal --diag_warning=225 --diag_wrap=off --display_error_number --silicon_errata=CPU21 --silicon_errata=CPU22 --silicon_errata=CPU40 -z -m"Project 08.map" --heap_size=160 --stack_size=160 --cinit_hold_wdt=on -i"D:/ccs/ccs_base/msp430/include" -i"D:/ccs/ccs_base/msp430/lib/FR2xx" -i"D:/ccs/tools/compiler/ti-cgt-msp430_21.6.1.LTS/lib" -i"D:/ccs/tools/compiler/ti-cgt-msp430_21.6.1.LTS/include" --priority --reread_libs --define=_FRWP_ENABLE --define=_INFO_FRWP_ENABLE --diag_wrap=off --display_error_number --warn_sections --xml_link_info="Project 08_linkInfo.xml" --use_hw_mpy=F5 --rom_model -o "Project 08.out" "./Display.obj" "./adc.obj" "./black_line.obj" "./clocks.obj" "./init.obj" "./led.obj" "./main.obj" "./ports.obj" "./serial.obj" "./states.obj" "./switches.obj" "./system.obj" "./timers.obj" "./timers_move.obj" "./transmit.obj" "./wheels.obj" "../Compiled/LCD.obj" "../lnk_msp430fr2355.cmd"  -lfrwp_init.a -llibc.a 
<Linking>
remark #10372-D: (ULP 4.1) Detected uninitialized Port A in this project. Recommend initializing all unused ports to eliminate wasted current consumption on unused pins.
remark #10372-D: (ULP 4.1) Detected uninitialized Port B in this project. Recommend initializing all unused ports to eliminate wasted current consumption on unused pins.
remark #10372-D: (ULP 4.1) Detected uninitialized Port C in this project. Recommend initializing all unused ports to eliminate wasted current consumption on unused pins.
remark #10422-D: (ULP 6.2) Detected use of a device with available 32-bit hardware multiplier and not also using MSPMATHLIB library (libmath.a).  Recommend using MSPMATHLIB library (libmath.a) for improved performance.
Finished building target: "Project 08.out"
 

**** Build Finished ****

**** Build of configuration Debug for project Project 08 ****

"D:\\ccs\\utils\\bin\\gmake" -k -j 16 all -O 
 
gmake[1]: 'Project 08.out' is up to date.

**** Build Finished ****

**** Build of configuration Debug for project Project 08 ****

"D:\\ccs\\utils\\bin\\gmake" -k -j 16 all -O 
 
Building file: "../switches.c"
Invoking: MSP430 Compiler
"D:/ccs/tools/compiler/ti-cgt-msp430_21.6.1.LTS/bin/cl430" -vmspx --use_hw_mpy=F5 --include_path="D:/ccs/ccs_base/msp430/include" --include_path="D:/ccs/Project 08/Project 08" --include_path="D:/ccs/tools/compiler/ti-cgt-msp430_21.6.1.LTS/include" --advice:power=all --advice:hw_config=all --define=__MSP430FR2355__ --define=_FRWP_ENABLE --define=_INFO_FRWP_ENABLE -g --printf_support=minimal --diag_warning=225 --diag_wrap=off --display_error_number --silicon_errata=CPU21 --silicon_errata=CPU22 --silicon_errata=CPU40 --preproc_with_compile --preproc_dependency="switches.d_raw"  "../switches.c"
"..\macros.h", line 144: warning #48-D: incompatible redefinition of macro "WAIT" (declared at line 17)
"..\macros.h", line 174: warning #48-D: incompatible redefinition of macro "PRESSED" (declared at line 120)
"..\macros.h", line 175: warning #48-D: incompatible redefinition of macro "RELEASED" (declared at line 121)
"..\macros.h", line 200: warning #48-D: incompatible redefinition of macro "TB0CCR0_INTERVAL" (declared at line 68)
"..\macros.h", line 201: warning #48-D: incompatible redefinition of macro "TB0CCR1_INTERVAL" (declared at line 69)
"..\macros.h", line 202: warning #48-D: incompatible redefinition of macro "TB0CCR2_INTERVAL" (declared at line 70)
Finished building: "../switches.c"
 
Building target: "Project 08.out"
Invoking: MSP430 Linker
"D:/ccs/tools/compiler/ti-cgt-msp430_21.6.1.LTS/bin/cl430" -vmspx --use_hw_mpy=F5 --advice:power=all --advice:hw_config=all --define=__MSP430FR2355__ --define=_FRWP_ENABLE --define=_INFO_FRWP_ENABLE -g --printf_support=minimal --diag_warning=225 --diag_wrap=off --display_error_number --silicon_errata=CPU21 --silicon_errata=CPU22 --silicon_errata=CPU40 -z -m"Project 08.map" --heap_size=160 --stack_size=160 --cinit_hold_wdt=on -i"D:/ccs/ccs_base/msp430/include" -i"D:/ccs/ccs_base/msp430/lib/FR2xx" -i"D:/ccs/tools/compiler/ti-cgt-msp430_21.6.1.LTS/lib" -i"D:/ccs/tools/compiler/ti-cgt-msp430_21.6.1.LTS/include" --priority --reread_libs --define=_FRWP_ENABLE --define=_INFO_FRWP_ENABLE --diag_wrap=off --display_error_number --warn_sections --xml_link_info="Project 08_linkInfo.xml" --use_hw_mpy=F5 --rom_model -o "Project 08.out" "./Display.obj" "./adc.obj" "./black_line.obj" "./clocks.obj" "./init.obj" "./led.obj" "./main.obj" "./ports.obj" "./serial.obj" "./states.obj" "./switches.obj" "./system.obj" "./timers.obj" "./timers_move.obj" "./transmit.obj" "./wheels.obj" "../Compiled/LCD.obj" "../lnk_msp430fr2355.cmd"  -lfrwp_init.a -llibc.a 
<Linking>
remark #10372-D: (ULP 4.1) Detected uninitialized Port A in this project. Recommend initializing all unused ports to eliminate wasted current consumption on unused pins.
remark #10372-D: (ULP 4.1) Detected uninitialized Port B in this project. Recommend initializing all unused ports to eliminate wasted current consumption on unused pins.
remark #10372-D: (ULP 4.1) Detected uninitialized Port C in this project. Recommend initializing all unused ports to eliminate wasted current consumption on unused pins.
remark #10422-D: (ULP 6.2) Detected use of a device with available 32-bit hardware multiplier and not also using MSPMATHLIB library (libmath.a).  Recommend using MSPMATHLIB library (libmath.a) for improved performance.
Finished building target: "Project 08.out"
 

**** Build Finished ****

**** Build of configuration Debug for project Project 08 ****

"D:\\ccs\\utils\\bin\\gmake" -k -j 16 all -O 
 
Building file: "../timers.c"
Invoking: MSP430 Compiler
"D:/ccs/tools/compiler/ti-cgt-msp430_21.6.1.LTS/bin/cl430" -vmspx --use_hw_mpy=F5 --include_path="D:/ccs/ccs_base/msp430/include" --include_path="D:/ccs/Project 08/Project 08" --include_path="D:/ccs/tools/compiler/ti-cgt-msp430_21.6.1.LTS/include" --advice:power=all --advice:hw_config=all --define=__MSP430FR2355__ --define=_FRWP_ENABLE --define=_INFO_FRWP_ENABLE -g --printf_support=minimal --diag_warning=225 --diag_wrap=off --display_error_number --silicon_errata=CPU21 --silicon_errata=CPU22 --silicon_errata=CPU40 --preproc_with_compile --preproc_dependency="timers.d_raw"  "../timers.c"
"..\macros.h", line 144: warning #48-D: incompatible redefinition of macro "WAIT" (declared at line 17)
"..\macros.h", line 174: warning #48-D: incompatible redefinition of macro "PRESSED" (declared at line 120)
"..\macros.h", line 175: warning #48-D: incompatible redefinition of macro "RELEASED" (declared at line 121)
"..\macros.h", line 200: warning #48-D: incompatible redefinition of macro "TB0CCR0_INTERVAL" (declared at line 68)
"..\macros.h", line 201: warning #48-D: incompatible redefinition of macro "TB0CCR1_INTERVAL" (declared at line 69)
"..\macros.h", line 202: warning #48-D: incompatible redefinition of macro "TB0CCR2_INTERVAL" (declared at line 70)
Finished building: "../timers.c"
 
Building target: "Project 08.out"
Invoking: MSP430 Linker
"D:/ccs/tools/compiler/ti-cgt-msp430_21.6.1.LTS/bin/cl430" -vmspx --use_hw_mpy=F5 --advice:power=all --advice:hw_config=all --define=__MSP430FR2355__ --define=_FRWP_ENABLE --define=_INFO_FRWP_ENABLE -g --printf_support=minimal --diag_warning=225 --diag_wrap=off --display_error_number --silicon_errata=CPU21 --silicon_errata=CPU22 --silicon_errata=CPU40 -z -m"Project 08.map" --heap_size=160 --stack_size=160 --cinit_hold_wdt=on -i"D:/ccs/ccs_base/msp430/include" -i"D:/ccs/ccs_base/msp430/lib/FR2xx" -i"D:/ccs/tools/compiler/ti-cgt-msp430_21.6.1.LTS/lib" -i"D:/ccs/tools/compiler/ti-cgt-msp430_21.6.1.LTS/include" --priority --reread_libs --define=_FRWP_ENABLE --define=_INFO_FRWP_ENABLE --diag_wrap=off --display_error_number --warn_sections --xml_link_info="Project 08_linkInfo.xml" --use_hw_mpy=F5 --rom_model -o "Project 08.out" "./Display.obj" "./adc.obj" "./black_line.obj" "./clocks.obj" "./init.obj" "./led.obj" "./main.obj" "./ports.obj" "./serial.obj" "./states.obj" "./switches.obj" "./system.obj" "./timers.obj" "./timers_move.obj" "./transmit.obj" "./wheels.obj" "../Compiled/LCD.obj" "../lnk_msp430fr2355.cmd"  -lfrwp_init.a -llibc.a 
<Linking>
remark #10372-D: (ULP 4.1) Detected uninitialized Port A in this project. Recommend initializing all unused ports to eliminate wasted current consumption on unused pins.
remark #10372-D: (ULP 4.1) Detected uninitialized Port B in this project. Recommend initializing all unused ports to eliminate wasted current consumption on unused pins.
remark #10372-D: (ULP 4.1) Detected uninitialized Port C in this project. Recommend initializing all unused ports to eliminate wasted current consumption on unused pins.
remark #10422-D: (ULP 6.2) Detected use of a device with available 32-bit hardware multiplier and not also using MSPMATHLIB library (libmath.a).  Recommend using MSPMATHLIB library (libmath.a) for improved performance.
Finished building target: "Project 08.out"
 

**** Build Finished ****

**** Build of configuration Debug for project Project 08 ****

"D:\\ccs\\utils\\bin\\gmake" -k -j 16 all -O 
 
gmake[1]: 'Project 08.out' is up to date.

**** Build Finished ****

**** Build of configuration Debug for project Project 08 ****

"D:\\ccs\\utils\\bin\\gmake" -k -j 16 all -O 
 
gmake[1]: 'Project 08.out' is up to date.

**** Build Finished ****

**** Build of configuration Debug for project Project 08 ****

"D:\\ccs\\utils\\bin\\gmake" -k -j 16 all -O 
 
gmake[1]: 'Project 08.out' is up to date.

**** Build Finished ****

**** Build of configuration Debug for project Project 08 ****

"D:\\ccs\\utils\\bin\\gmake" -k -j 16 all -O 
 
Building file: "../transmit.c"
Invoking: MSP430 Compiler
"D:/ccs/tools/compiler/ti-cgt-msp430_21.6.1.LTS/bin/cl430" -vmspx --use_hw_mpy=F5 --include_path="D:/ccs/ccs_base/msp430/include" --include_path="D:/ccs/Project 08/Project 08" --include_path="D:/ccs/tools/compiler/ti-cgt-msp430_21.6.1.LTS/include" --advice:power=all --advice:hw_config=all --define=__MSP430FR2355__ --define=_FRWP_ENABLE --define=_INFO_FRWP_ENABLE -g --printf_support=minimal --diag_warning=225 --diag_wrap=off --display_error_number --silicon_errata=CPU21 --silicon_errata=CPU22 --silicon_errata=CPU40 --preproc_with_compile --preproc_dependency="transmit.d_raw"  "../transmit.c"
"..\macros.h", line 144: warning #48-D: incompatible redefinition of macro "WAIT" (declared at line 17)
"..\macros.h", line 174: warning #48-D: incompatible redefinition of macro "PRESSED" (declared at line 120)
"..\macros.h", line 175: warning #48-D: incompatible redefinition of macro "RELEASED" (declared at line 121)
"..\macros.h", line 200: warning #48-D: incompatible redefinition of macro "TB0CCR0_INTERVAL" (declared at line 68)
"..\macros.h", line 201: warning #48-D: incompatible redefinition of macro "TB0CCR1_INTERVAL" (declared at line 69)
"..\macros.h", line 202: warning #48-D: incompatible redefinition of macro "TB0CCR2_INTERVAL" (declared at line 70)
"../transmit.c", line 46: remark #1544-D: (ULP 13.1) Detected loop counting up. Recommend loops count down as detecting zeros is easier
"../transmit.c", line 46: remark #2553-D: (ULP 14.1) Array index (involving "i") of type "int". Recommend using "unsigned int"
"../transmit.c", line 66: remark #1527-D: (ULP 2.1) Detected SW delay loop using empty loop. Recommend using a timer module instead
"../transmit.c", line 130: warning #225-D: function "Clear_Variables" declared implicitly
"../transmit.c", line 129: warning #179-D: variable "init_done" was declared but never referenced
"../transmit.c", line 129: remark #1535-D: (ULP 8.1) variable "init_done" is used as a constant. Recommend declaring variable as either 'static const' or 'const'
Finished building: "../transmit.c"
 
Building target: "Project 08.out"
Invoking: MSP430 Linker
"D:/ccs/tools/compiler/ti-cgt-msp430_21.6.1.LTS/bin/cl430" -vmspx --use_hw_mpy=F5 --advice:power=all --advice:hw_config=all --define=__MSP430FR2355__ --define=_FRWP_ENABLE --define=_INFO_FRWP_ENABLE -g --printf_support=minimal --diag_warning=225 --diag_wrap=off --display_error_number --silicon_errata=CPU21 --silicon_errata=CPU22 --silicon_errata=CPU40 -z -m"Project 08.map" --heap_size=160 --stack_size=160 --cinit_hold_wdt=on -i"D:/ccs/ccs_base/msp430/include" -i"D:/ccs/ccs_base/msp430/lib/FR2xx" -i"D:/ccs/tools/compiler/ti-cgt-msp430_21.6.1.LTS/lib" -i"D:/ccs/tools/compiler/ti-cgt-msp430_21.6.1.LTS/include" --priority --reread_libs --define=_FRWP_ENABLE --define=_INFO_FRWP_ENABLE --diag_wrap=off --display_error_number --warn_sections --xml_link_info="Project 08_linkInfo.xml" --use_hw_mpy=F5 --rom_model -o "Project 08.out" "./Display.obj" "./adc.obj" "./black_line.obj" "./clocks.obj" "./init.obj" "./led.obj" "./main.obj" "./ports.obj" "./serial.obj" "./states.obj" "./switches.obj" "./system.obj" "./timers.obj" "./timers_move.obj" "./transmit.obj" "./wheels.obj" "../Compiled/LCD.obj" "../lnk_msp430fr2355.cmd"  -lfrwp_init.a -llibc.a 
<Linking>
remark #10372-D: (ULP 4.1) Detected uninitialized Port A in this project. Recommend initializing all unused ports to eliminate wasted current consumption on unused pins.
remark #10372-D: (ULP 4.1) Detected uninitialized Port B in this project. Recommend initializing all unused ports to eliminate wasted current consumption on unused pins.
remark #10372-D: (ULP 4.1) Detected uninitialized Port C in this project. Recommend initializing all unused ports to eliminate wasted current consumption on unused pins.
remark #10422-D: (ULP 6.2) Detected use of a device with available 32-bit hardware multiplier and not also using MSPMATHLIB library (libmath.a).  Recommend using MSPMATHLIB library (libmath.a) for improved performance.
Finished building target: "Project 08.out"
 

**** Build Finished ****

**** Build of configuration Debug for project Project 08 ****

"D:\\ccs\\utils\\bin\\gmake" -k -j 16 all -O 
 
Building file: "../transmit.c"
Invoking: MSP430 Compiler
"D:/ccs/tools/compiler/ti-cgt-msp430_21.6.1.LTS/bin/cl430" -vmspx --use_hw_mpy=F5 --include_path="D:/ccs/ccs_base/msp430/include" --include_path="D:/ccs/Project 08/Project 08" --include_path="D:/ccs/tools/compiler/ti-cgt-msp430_21.6.1.LTS/include" --advice:power=all --advice:hw_config=all --define=__MSP430FR2355__ --define=_FRWP_ENABLE --define=_INFO_FRWP_ENABLE -g --printf_support=minimal --diag_warning=225 --diag_wrap=off --display_error_number --silicon_errata=CPU21 --silicon_errata=CPU22 --silicon_errata=CPU40 --preproc_with_compile --preproc_dependency="transmit.d_raw"  "../transmit.c"
 
>> Compilation failure
subdir_rules.mk:9: recipe for target 'transmit.obj' failed
"..\macros.h", line 144: warning #48-D: incompatible redefinition of macro "WAIT" (declared at line 17)
"..\macros.h", line 174: warning #48-D: incompatible redefinition of macro "PRESSED" (declared at line 120)
"..\macros.h", line 175: warning #48-D: incompatible redefinition of macro "RELEASED" (declared at line 121)
"..\macros.h", line 200: warning #48-D: incompatible redefinition of macro "TB0CCR0_INTERVAL" (declared at line 68)
"..\macros.h", line 201: warning #48-D: incompatible redefinition of macro "TB0CCR1_INTERVAL" (declared at line 69)
"..\macros.h", line 202: warning #48-D: incompatible redefinition of macro "TB0CCR2_INTERVAL" (declared at line 70)
"../transmit.c", line 46: remark #1544-D: (ULP 13.1) Detected loop counting up. Recommend loops count down as detecting zeros is easier
"../transmit.c", line 46: remark #2553-D: (ULP 14.1) Array index (involving "i") of type "int". Recommend using "unsigned int"
"../transmit.c", line 66: remark #1527-D: (ULP 2.1) Detected SW delay loop using empty loop. Recommend using a timer module instead
"../transmit.c", line 130: warning #225-D: function "Clear_Variables" declared implicitly
"../transmit.c", line 129: warning #179-D: variable "init_done" was declared but never referenced
"../transmit.c", line 129: remark #1535-D: (ULP 8.1) variable "init_done" is used as a constant. Recommend declaring variable as either 'static const' or 'const'
"../transmit.c", line 161: error #171: expected a declaration
At end of source: warning #12-D: parsing restarts here after previous syntax error
1 error detected in the compilation of "../transmit.c".
gmake: *** [transmit.obj] Error 1
gmake: Target 'all' not remade because of errors.

**** Build Finished ****

**** Build of configuration Debug for project Project 08 ****

"D:\\ccs\\utils\\bin\\gmake" -k -j 16 all -O 
 
Building file: "../transmit.c"
Invoking: MSP430 Compiler
"D:/ccs/tools/compiler/ti-cgt-msp430_21.6.1.LTS/bin/cl430" -vmspx --use_hw_mpy=F5 --include_path="D:/ccs/ccs_base/msp430/include" --include_path="D:/ccs/Project 08/Project 08" --include_path="D:/ccs/tools/compiler/ti-cgt-msp430_21.6.1.LTS/include" --advice:power=all --advice:hw_config=all --define=__MSP430FR2355__ --define=_FRWP_ENABLE --define=_INFO_FRWP_ENABLE -g --printf_support=minimal --diag_warning=225 --diag_wrap=off --display_error_number --silicon_errata=CPU21 --silicon_errata=CPU22 --silicon_errata=CPU40 --preproc_with_compile --preproc_dependency="transmit.d_raw"  "../transmit.c"
 
>> Compilation failure
subdir_rules.mk:9: recipe for target 'transmit.obj' failed
"..\macros.h", line 144: warning #48-D: incompatible redefinition of macro "WAIT" (declared at line 17)
"..\macros.h", line 174: warning #48-D: incompatible redefinition of macro "PRESSED" (declared at line 120)
"..\macros.h", line 175: warning #48-D: incompatible redefinition of macro "RELEASED" (declared at line 121)
"..\macros.h", line 200: warning #48-D: incompatible redefinition of macro "TB0CCR0_INTERVAL" (declared at line 68)
"..\macros.h", line 201: warning #48-D: incompatible redefinition of macro "TB0CCR1_INTERVAL" (declared at line 69)
"..\macros.h", line 202: warning #48-D: incompatible redefinition of macro "TB0CCR2_INTERVAL" (declared at line 70)
"../transmit.c", line 46: remark #1544-D: (ULP 13.1) Detected loop counting up. Recommend loops count down as detecting zeros is easier
"../transmit.c", line 46: remark #2553-D: (ULP 14.1) Array index (involving "i") of type "int". Recommend using "unsigned int"
"../transmit.c", line 66: remark #1527-D: (ULP 2.1) Detected SW delay loop using empty loop. Recommend using a timer module instead
"../transmit.c", line 130: warning #225-D: function "Clear_Variables" declared implicitly
"../transmit.c", line 129: warning #179-D: variable "init_done" was declared but never referenced
"../transmit.c", line 129: remark #1535-D: (ULP 8.1) variable "init_done" is used as a constant. Recommend declaring variable as either 'static const' or 'const'
"../transmit.c", line 163: error #171: expected a declaration
At end of source: warning #12-D: parsing restarts here after previous syntax error
1 error detected in the compilation of "../transmit.c".
gmake: *** [transmit.obj] Error 1
gmake: Target 'all' not remade because of errors.

**** Build Finished ****

**** Build of configuration Debug for project Project 08 ****

"D:\\ccs\\utils\\bin\\gmake" -k -j 16 all -O 
 
Building file: "../transmit.c"
Invoking: MSP430 Compiler
"D:/ccs/tools/compiler/ti-cgt-msp430_21.6.1.LTS/bin/cl430" -vmspx --use_hw_mpy=F5 --include_path="D:/ccs/ccs_base/msp430/include" --include_path="D:/ccs/Project 08/Project 08" --include_path="D:/ccs/tools/compiler/ti-cgt-msp430_21.6.1.LTS/include" --advice:power=all --advice:hw_config=all --define=__MSP430FR2355__ --define=_FRWP_ENABLE --define=_INFO_FRWP_ENABLE -g --printf_support=minimal --diag_warning=225 --diag_wrap=off --display_error_number --silicon_errata=CPU21 --silicon_errata=CPU22 --silicon_errata=CPU40 --preproc_with_compile --preproc_dependency="transmit.d_raw"  "../transmit.c"
"..\macros.h", line 144: warning #48-D: incompatible redefinition of macro "WAIT" (declared at line 17)
"..\macros.h", line 174: warning #48-D: incompatible redefinition of macro "PRESSED" (declared at line 120)
"..\macros.h", line 175: warning #48-D: incompatible redefinition of macro "RELEASED" (declared at line 121)
"..\macros.h", line 200: warning #48-D: incompatible redefinition of macro "TB0CCR0_INTERVAL" (declared at line 68)
"..\macros.h", line 201: warning #48-D: incompatible redefinition of macro "TB0CCR1_INTERVAL" (declared at line 69)
"..\macros.h", line 202: warning #48-D: incompatible redefinition of macro "TB0CCR2_INTERVAL" (declared at line 70)
"../transmit.c", line 46: remark #1544-D: (ULP 13.1) Detected loop counting up. Recommend loops count down as detecting zeros is easier
"../transmit.c", line 46: remark #2553-D: (ULP 14.1) Array index (involving "i") of type "int". Recommend using "unsigned int"
"../transmit.c", line 66: remark #1527-D: (ULP 2.1) Detected SW delay loop using empty loop. Recommend using a timer module instead
"../transmit.c", line 130: warning #225-D: function "Clear_Variables" declared implicitly
"../transmit.c", line 129: warning #179-D: variable "init_done" was declared but never referenced
"../transmit.c", line 129: remark #1535-D: (ULP 8.1) variable "init_done" is used as a constant. Recommend declaring variable as either 'static const' or 'const'
Finished building: "../transmit.c"
 
Building target: "Project 08.out"
Invoking: MSP430 Linker
"D:/ccs/tools/compiler/ti-cgt-msp430_21.6.1.LTS/bin/cl430" -vmspx --use_hw_mpy=F5 --advice:power=all --advice:hw_config=all --define=__MSP430FR2355__ --define=_FRWP_ENABLE --define=_INFO_FRWP_ENABLE -g --printf_support=minimal --diag_warning=225 --diag_wrap=off --display_error_number --silicon_errata=CPU21 --silicon_errata=CPU22 --silicon_errata=CPU40 -z -m"Project 08.map" --heap_size=160 --stack_size=160 --cinit_hold_wdt=on -i"D:/ccs/ccs_base/msp430/include" -i"D:/ccs/ccs_base/msp430/lib/FR2xx" -i"D:/ccs/tools/compiler/ti-cgt-msp430_21.6.1.LTS/lib" -i"D:/ccs/tools/compiler/ti-cgt-msp430_21.6.1.LTS/include" --priority --reread_libs --define=_FRWP_ENABLE --define=_INFO_FRWP_ENABLE --diag_wrap=off --display_error_number --warn_sections --xml_link_info="Project 08_linkInfo.xml" --use_hw_mpy=F5 --rom_model -o "Project 08.out" "./Display.obj" "./adc.obj" "./black_line.obj" "./clocks.obj" "./init.obj" "./led.obj" "./main.obj" "./ports.obj" "./serial.obj" "./states.obj" "./switches.obj" "./system.obj" "./timers.obj" "./timers_move.obj" "./transmit.obj" "./wheels.obj" "../Compiled/LCD.obj" "../lnk_msp430fr2355.cmd"  -lfrwp_init.a -llibc.a 
<Linking>
remark #10372-D: (ULP 4.1) Detected uninitialized Port A in this project. Recommend initializing all unused ports to eliminate wasted current consumption on unused pins.
remark #10372-D: (ULP 4.1) Detected uninitialized Port B in this project. Recommend initializing all unused ports to eliminate wasted current consumption on unused pins.
remark #10372-D: (ULP 4.1) Detected uninitialized Port C in this project. Recommend initializing all unused ports to eliminate wasted current consumption on unused pins.
remark #10422-D: (ULP 6.2) Detected use of a device with available 32-bit hardware multiplier and not also using MSPMATHLIB library (libmath.a).  Recommend using MSPMATHLIB library (libmath.a) for improved performance.
Finished building target: "Project 08.out"
 

**** Build Finished ****

**** Build of configuration Debug for project Project 08 ****

"D:\\ccs\\utils\\bin\\gmake" -k -j 16 all -O 
 
gmake[1]: 'Project 08.out' is up to date.

**** Build Finished ****

**** Build of configuration Debug for project Project 08 ****

"D:\\ccs\\utils\\bin\\gmake" -k -j 16 all -O 
 
Building file: "../transmit.c"
Invoking: MSP430 Compiler
"D:/ccs/tools/compiler/ti-cgt-msp430_21.6.1.LTS/bin/cl430" -vmspx --use_hw_mpy=F5 --include_path="D:/ccs/ccs_base/msp430/include" --include_path="D:/ccs/Project 08/Project 08" --include_path="D:/ccs/tools/compiler/ti-cgt-msp430_21.6.1.LTS/include" --advice:power=all --advice:hw_config=all --define=__MSP430FR2355__ --define=_FRWP_ENABLE --define=_INFO_FRWP_ENABLE -g --printf_support=minimal --diag_warning=225 --diag_wrap=off --display_error_number --silicon_errata=CPU21 --silicon_errata=CPU22 --silicon_errata=CPU40 --preproc_with_compile --preproc_dependency="transmit.d_raw"  "../transmit.c"
"..\macros.h", line 144: warning #48-D: incompatible redefinition of macro "WAIT" (declared at line 17)
"..\macros.h", line 174: warning #48-D: incompatible redefinition of macro "PRESSED" (declared at line 120)
"..\macros.h", line 175: warning #48-D: incompatible redefinition of macro "RELEASED" (declared at line 121)
"..\macros.h", line 200: warning #48-D: incompatible redefinition of macro "TB0CCR0_INTERVAL" (declared at line 68)
"..\macros.h", line 201: warning #48-D: incompatible redefinition of macro "TB0CCR1_INTERVAL" (declared at line 69)
"..\macros.h", line 202: warning #48-D: incompatible redefinition of macro "TB0CCR2_INTERVAL" (declared at line 70)
"../transmit.c", line 46: remark #1544-D: (ULP 13.1) Detected loop counting up. Recommend loops count down as detecting zeros is easier
"../transmit.c", line 46: remark #2553-D: (ULP 14.1) Array index (involving "i") of type "int". Recommend using "unsigned int"
"../transmit.c", line 66: remark #1527-D: (ULP 2.1) Detected SW delay loop using empty loop. Recommend using a timer module instead
"../transmit.c", line 130: warning #225-D: function "Clear_Variables" declared implicitly
"../transmit.c", line 129: warning #179-D: variable "init_done" was declared but never referenced
"../transmit.c", line 129: remark #1535-D: (ULP 8.1) variable "init_done" is used as a constant. Recommend declaring variable as either 'static const' or 'const'
Finished building: "../transmit.c"
 
Building target: "Project 08.out"
Invoking: MSP430 Linker
"D:/ccs/tools/compiler/ti-cgt-msp430_21.6.1.LTS/bin/cl430" -vmspx --use_hw_mpy=F5 --advice:power=all --advice:hw_config=all --define=__MSP430FR2355__ --define=_FRWP_ENABLE --define=_INFO_FRWP_ENABLE -g --printf_support=minimal --diag_warning=225 --diag_wrap=off --display_error_number --silicon_errata=CPU21 --silicon_errata=CPU22 --silicon_errata=CPU40 -z -m"Project 08.map" --heap_size=160 --stack_size=160 --cinit_hold_wdt=on -i"D:/ccs/ccs_base/msp430/include" -i"D:/ccs/ccs_base/msp430/lib/FR2xx" -i"D:/ccs/tools/compiler/ti-cgt-msp430_21.6.1.LTS/lib" -i"D:/ccs/tools/compiler/ti-cgt-msp430_21.6.1.LTS/include" --priority --reread_libs --define=_FRWP_ENABLE --define=_INFO_FRWP_ENABLE --diag_wrap=off --display_error_number --warn_sections --xml_link_info="Project 08_linkInfo.xml" --use_hw_mpy=F5 --rom_model -o "Project 08.out" "./Display.obj" "./adc.obj" "./black_line.obj" "./clocks.obj" "./init.obj" "./led.obj" "./main.obj" "./ports.obj" "./serial.obj" "./states.obj" "./switches.obj" "./system.obj" "./timers.obj" "./timers_move.obj" "./transmit.obj" "./wheels.obj" "../Compiled/LCD.obj" "../lnk_msp430fr2355.cmd"  -lfrwp_init.a -llibc.a 
<Linking>
remark #10372-D: (ULP 4.1) Detected uninitialized Port A in this project. Recommend initializing all unused ports to eliminate wasted current consumption on unused pins.
remark #10372-D: (ULP 4.1) Detected uninitialized Port B in this project. Recommend initializing all unused ports to eliminate wasted current consumption on unused pins.
remark #10372-D: (ULP 4.1) Detected uninitialized Port C in this project. Recommend initializing all unused ports to eliminate wasted current consumption on unused pins.
remark #10422-D: (ULP 6.2) Detected use of a device with available 32-bit hardware multiplier and not also using MSPMATHLIB library (libmath.a).  Recommend using MSPMATHLIB library (libmath.a) for improved performance.
Finished building target: "Project 08.out"
 

**** Build Finished ****

**** Build of configuration Debug for project Project 08 ****

"D:\\ccs\\utils\\bin\\gmake" -k -j 16 all -O 
 
gmake[1]: 'Project 08.out' is up to date.

**** Build Finished ****

**** Build of configuration Debug for project Project 08 ****

"D:\\ccs\\utils\\bin\\gmake" -k -j 16 all -O 
 
Building file: "../transmit.c"
Invoking: MSP430 Compiler
"D:/ccs/tools/compiler/ti-cgt-msp430_21.6.1.LTS/bin/cl430" -vmspx --use_hw_mpy=F5 --include_path="D:/ccs/ccs_base/msp430/include" --include_path="D:/ccs/Project 08/Project 08" --include_path="D:/ccs/tools/compiler/ti-cgt-msp430_21.6.1.LTS/include" --advice:power=all --advice:hw_config=all --define=__MSP430FR2355__ --define=_FRWP_ENABLE --define=_INFO_FRWP_ENABLE -g --printf_support=minimal --diag_warning=225 --diag_wrap=off --display_error_number --silicon_errata=CPU21 --silicon_errata=CPU22 --silicon_errata=CPU40 --preproc_with_compile --preproc_dependency="transmit.d_raw"  "../transmit.c"
"..\macros.h", line 144: warning #48-D: incompatible redefinition of macro "WAIT" (declared at line 17)
"..\macros.h", line 174: warning #48-D: incompatible redefinition of macro "PRESSED" (declared at line 120)
"..\macros.h", line 175: warning #48-D: incompatible redefinition of macro "RELEASED" (declared at line 121)
"..\macros.h", line 200: warning #48-D: incompatible redefinition of macro "TB0CCR0_INTERVAL" (declared at line 68)
"..\macros.h", line 201: warning #48-D: incompatible redefinition of macro "TB0CCR1_INTERVAL" (declared at line 69)
"..\macros.h", line 202: warning #48-D: incompatible redefinition of macro "TB0CCR2_INTERVAL" (declared at line 70)
"../transmit.c", line 46: remark #1544-D: (ULP 13.1) Detected loop counting up. Recommend loops count down as detecting zeros is easier
"../transmit.c", line 46: remark #2553-D: (ULP 14.1) Array index (involving "i") of type "int". Recommend using "unsigned int"
"../transmit.c", line 66: remark #1527-D: (ULP 2.1) Detected SW delay loop using empty loop. Recommend using a timer module instead
"../transmit.c", line 130: warning #225-D: function "Clear_Variables" declared implicitly
"../transmit.c", line 129: warning #179-D: variable "init_done" was declared but never referenced
"../transmit.c", line 129: remark #1535-D: (ULP 8.1) variable "init_done" is used as a constant. Recommend declaring variable as either 'static const' or 'const'
Finished building: "../transmit.c"
 
Building target: "Project 08.out"
Invoking: MSP430 Linker
"D:/ccs/tools/compiler/ti-cgt-msp430_21.6.1.LTS/bin/cl430" -vmspx --use_hw_mpy=F5 --advice:power=all --advice:hw_config=all --define=__MSP430FR2355__ --define=_FRWP_ENABLE --define=_INFO_FRWP_ENABLE -g --printf_support=minimal --diag_warning=225 --diag_wrap=off --display_error_number --silicon_errata=CPU21 --silicon_errata=CPU22 --silicon_errata=CPU40 -z -m"Project 08.map" --heap_size=160 --stack_size=160 --cinit_hold_wdt=on -i"D:/ccs/ccs_base/msp430/include" -i"D:/ccs/ccs_base/msp430/lib/FR2xx" -i"D:/ccs/tools/compiler/ti-cgt-msp430_21.6.1.LTS/lib" -i"D:/ccs/tools/compiler/ti-cgt-msp430_21.6.1.LTS/include" --priority --reread_libs --define=_FRWP_ENABLE --define=_INFO_FRWP_ENABLE --diag_wrap=off --display_error_number --warn_sections --xml_link_info="Project 08_linkInfo.xml" --use_hw_mpy=F5 --rom_model -o "Project 08.out" "./Display.obj" "./adc.obj" "./black_line.obj" "./clocks.obj" "./init.obj" "./led.obj" "./main.obj" "./ports.obj" "./serial.obj" "./states.obj" "./switches.obj" "./system.obj" "./timers.obj" "./timers_move.obj" "./transmit.obj" "./wheels.obj" "../Compiled/LCD.obj" "../lnk_msp430fr2355.cmd"  -lfrwp_init.a -llibc.a 
<Linking>
remark #10372-D: (ULP 4.1) Detected uninitialized Port A in this project. Recommend initializing all unused ports to eliminate wasted current consumption on unused pins.
remark #10372-D: (ULP 4.1) Detected uninitialized Port B in this project. Recommend initializing all unused ports to eliminate wasted current consumption on unused pins.
remark #10372-D: (ULP 4.1) Detected uninitialized Port C in this project. Recommend initializing all unused ports to eliminate wasted current consumption on unused pins.
remark #10422-D: (ULP 6.2) Detected use of a device with available 32-bit hardware multiplier and not also using MSPMATHLIB library (libmath.a).  Recommend using MSPMATHLIB library (libmath.a) for improved performance.
Finished building target: "Project 08.out"
 

**** Build Finished ****

**** Build of configuration Debug for project Project 08 ****

"D:\\ccs\\utils\\bin\\gmake" -k -j 16 all -O 
 
gmake[1]: 'Project 08.out' is up to date.

**** Build Finished ****

**** Build of configuration Debug for project Project 08 ****

"D:\\ccs\\utils\\bin\\gmake" -k -j 16 all -O 
 
Building file: "../transmit.c"
Invoking: MSP430 Compiler
"D:/ccs/tools/compiler/ti-cgt-msp430_21.6.1.LTS/bin/cl430" -vmspx --use_hw_mpy=F5 --include_path="D:/ccs/ccs_base/msp430/include" --include_path="D:/ccs/Project 08/Project 08" --include_path="D:/ccs/tools/compiler/ti-cgt-msp430_21.6.1.LTS/include" --advice:power=all --advice:hw_config=all --define=__MSP430FR2355__ --define=_FRWP_ENABLE --define=_INFO_FRWP_ENABLE -g --printf_support=minimal --diag_warning=225 --diag_wrap=off --display_error_number --silicon_errata=CPU21 --silicon_errata=CPU22 --silicon_errata=CPU40 --preproc_with_compile --preproc_dependency="transmit.d_raw"  "../transmit.c"
"..\macros.h", line 144: warning #48-D: incompatible redefinition of macro "WAIT" (declared at line 17)
"..\macros.h", line 174: warning #48-D: incompatible redefinition of macro "PRESSED" (declared at line 120)
"..\macros.h", line 175: warning #48-D: incompatible redefinition of macro "RELEASED" (declared at line 121)
"..\macros.h", line 200: warning #48-D: incompatible redefinition of macro "TB0CCR0_INTERVAL" (declared at line 68)
"..\macros.h", line 201: warning #48-D: incompatible redefinition of macro "TB0CCR1_INTERVAL" (declared at line 69)
"..\macros.h", line 202: warning #48-D: incompatible redefinition of macro "TB0CCR2_INTERVAL" (declared at line 70)
"../transmit.c", line 46: remark #1544-D: (ULP 13.1) Detected loop counting up. Recommend loops count down as detecting zeros is easier
"../transmit.c", line 46: remark #2553-D: (ULP 14.1) Array index (involving "i") of type "int". Recommend using "unsigned int"
"../transmit.c", line 66: remark #1527-D: (ULP 2.1) Detected SW delay loop using empty loop. Recommend using a timer module instead
"../transmit.c", line 130: warning #225-D: function "Clear_Variables" declared implicitly
"../transmit.c", line 129: warning #179-D: variable "init_done" was declared but never referenced
"../transmit.c", line 129: remark #1535-D: (ULP 8.1) variable "init_done" is used as a constant. Recommend declaring variable as either 'static const' or 'const'
Finished building: "../transmit.c"
 
Building target: "Project 08.out"
Invoking: MSP430 Linker
"D:/ccs/tools/compiler/ti-cgt-msp430_21.6.1.LTS/bin/cl430" -vmspx --use_hw_mpy=F5 --advice:power=all --advice:hw_config=all --define=__MSP430FR2355__ --define=_FRWP_ENABLE --define=_INFO_FRWP_ENABLE -g --printf_support=minimal --diag_warning=225 --diag_wrap=off --display_error_number --silicon_errata=CPU21 --silicon_errata=CPU22 --silicon_errata=CPU40 -z -m"Project 08.map" --heap_size=160 --stack_size=160 --cinit_hold_wdt=on -i"D:/ccs/ccs_base/msp430/include" -i"D:/ccs/ccs_base/msp430/lib/FR2xx" -i"D:/ccs/tools/compiler/ti-cgt-msp430_21.6.1.LTS/lib" -i"D:/ccs/tools/compiler/ti-cgt-msp430_21.6.1.LTS/include" --priority --reread_libs --define=_FRWP_ENABLE --define=_INFO_FRWP_ENABLE --diag_wrap=off --display_error_number --warn_sections --xml_link_info="Project 08_linkInfo.xml" --use_hw_mpy=F5 --rom_model -o "Project 08.out" "./Display.obj" "./adc.obj" "./black_line.obj" "./clocks.obj" "./init.obj" "./led.obj" "./main.obj" "./ports.obj" "./serial.obj" "./states.obj" "./switches.obj" "./system.obj" "./timers.obj" "./timers_move.obj" "./transmit.obj" "./wheels.obj" "../Compiled/LCD.obj" "../lnk_msp430fr2355.cmd"  -lfrwp_init.a -llibc.a 
<Linking>
remark #10372-D: (ULP 4.1) Detected uninitialized Port A in this project. Recommend initializing all unused ports to eliminate wasted current consumption on unused pins.
remark #10372-D: (ULP 4.1) Detected uninitialized Port B in this project. Recommend initializing all unused ports to eliminate wasted current consumption on unused pins.
remark #10372-D: (ULP 4.1) Detected uninitialized Port C in this project. Recommend initializing all unused ports to eliminate wasted current consumption on unused pins.
remark #10422-D: (ULP 6.2) Detected use of a device with available 32-bit hardware multiplier and not also using MSPMATHLIB library (libmath.a).  Recommend using MSPMATHLIB library (libmath.a) for improved performance.
Finished building target: "Project 08.out"
 

**** Build Finished ****

**** Build of configuration Debug for project Project 08 ****

"D:\\ccs\\utils\\bin\\gmake" -k -j 16 all -O 
 
gmake[1]: 'Project 08.out' is up to date.

**** Build Finished ****

**** Build of configuration Debug for project Project 08 ****

"D:\\ccs\\utils\\bin\\gmake" -k -j 16 all -O 
 
Building file: "../switches.c"
Invoking: MSP430 Compiler
"D:/ccs/tools/compiler/ti-cgt-msp430_21.6.1.LTS/bin/cl430" -vmspx --use_hw_mpy=F5 --include_path="D:/ccs/ccs_base/msp430/include" --include_path="D:/ccs/Project 08/Project 08" --include_path="D:/ccs/tools/compiler/ti-cgt-msp430_21.6.1.LTS/include" --advice:power=all --advice:hw_config=all --define=__MSP430FR2355__ --define=_FRWP_ENABLE --define=_INFO_FRWP_ENABLE -g --printf_support=minimal --diag_warning=225 --diag_wrap=off --display_error_number --silicon_errata=CPU21 --silicon_errata=CPU22 --silicon_errata=CPU40 --preproc_with_compile --preproc_dependency="switches.d_raw"  "../switches.c"
 
>> Compilation failure
subdir_rules.mk:9: recipe for target 'switches.obj' failed
"..\macros.h", line 144: warning #48-D: incompatible redefinition of macro "WAIT" (declared at line 17)
"..\macros.h", line 174: warning #48-D: incompatible redefinition of macro "PRESSED" (declared at line 120)
"..\macros.h", line 175: warning #48-D: incompatible redefinition of macro "RELEASED" (declared at line 121)
"..\macros.h", line 200: warning #48-D: incompatible redefinition of macro "TB0CCR0_INTERVAL" (declared at line 68)
"..\macros.h", line 201: warning #48-D: incompatible redefinition of macro "TB0CCR1_INTERVAL" (declared at line 69)
"..\macros.h", line 202: warning #48-D: incompatible redefinition of macro "TB0CCR2_INTERVAL" (declared at line 70)
"../switches.c", line 66: error #20: identifier "sw1_pressed" is undefined
"../switches.c", line 67: error #20: identifier "sw2_pressed" is undefined
"../switches.c", line 67: error #2989: digit separator cannot appear here
"../switches.c", line 67: error #8: missing closing quote
"../switches.c", line 67: error #66: expected a ";"
5 errors detected in the compilation of "../switches.c".
gmake: *** [switches.obj] Error 1
gmake: Target 'all' not remade because of errors.

**** Build Finished ****

**** Build of configuration Debug for project Project 08 ****

"D:\\ccs\\utils\\bin\\gmake" -k -j 16 all -O 
 
Building file: "../switches.c"
Invoking: MSP430 Compiler
"D:/ccs/tools/compiler/ti-cgt-msp430_21.6.1.LTS/bin/cl430" -vmspx --use_hw_mpy=F5 --include_path="D:/ccs/ccs_base/msp430/include" --include_path="D:/ccs/Project 08/Project 08" --include_path="D:/ccs/tools/compiler/ti-cgt-msp430_21.6.1.LTS/include" --advice:power=all --advice:hw_config=all --define=__MSP430FR2355__ --define=_FRWP_ENABLE --define=_INFO_FRWP_ENABLE -g --printf_support=minimal --diag_warning=225 --diag_wrap=off --display_error_number --silicon_errata=CPU21 --silicon_errata=CPU22 --silicon_errata=CPU40 --preproc_with_compile --preproc_dependency="switches.d_raw"  "../switches.c"
 
>> Compilation failure
subdir_rules.mk:9: recipe for target 'switches.obj' failed
"..\macros.h", line 144: warning #48-D: incompatible redefinition of macro "WAIT" (declared at line 17)
"..\macros.h", line 174: warning #48-D: incompatible redefinition of macro "PRESSED" (declared at line 120)
"..\macros.h", line 175: warning #48-D: incompatible redefinition of macro "RELEASED" (declared at line 121)
"..\macros.h", line 200: warning #48-D: incompatible redefinition of macro "TB0CCR0_INTERVAL" (declared at line 68)
"..\macros.h", line 201: warning #48-D: incompatible redefinition of macro "TB0CCR1_INTERVAL" (declared at line 69)
"..\macros.h", line 202: warning #48-D: incompatible redefinition of macro "TB0CCR2_INTERVAL" (declared at line 70)
"../switches.c", line 66: error #20: identifier "sw1_pressed" is undefined
"../switches.c", line 67: error #20: identifier "sw2_pressed" is undefined
2 errors detected in the compilation of "../switches.c".
gmake: *** [switches.obj] Error 1
gmake: Target 'all' not remade because of errors.

**** Build Finished ****

**** Build of configuration Debug for project Project 08 ****

"D:\\ccs\\utils\\bin\\gmake" -k -j 16 all -O 
 
Building file: "../switches.c"
Invoking: MSP430 Compiler
"D:/ccs/tools/compiler/ti-cgt-msp430_21.6.1.LTS/bin/cl430" -vmspx --use_hw_mpy=F5 --include_path="D:/ccs/ccs_base/msp430/include" --include_path="D:/ccs/Project 08/Project 08" --include_path="D:/ccs/tools/compiler/ti-cgt-msp430_21.6.1.LTS/include" --advice:power=all --advice:hw_config=all --define=__MSP430FR2355__ --define=_FRWP_ENABLE --define=_INFO_FRWP_ENABLE -g --printf_support=minimal --diag_warning=225 --diag_wrap=off --display_error_number --silicon_errata=CPU21 --silicon_errata=CPU22 --silicon_errata=CPU40 --preproc_with_compile --preproc_dependency="switches.d_raw"  "../switches.c"
"..\macros.h", line 144: warning #48-D: incompatible redefinition of macro "WAIT" (declared at line 17)
"..\macros.h", line 174: warning #48-D: incompatible redefinition of macro "PRESSED" (declared at line 120)
"..\macros.h", line 175: warning #48-D: incompatible redefinition of macro "RELEASED" (declared at line 121)
"..\macros.h", line 200: warning #48-D: incompatible redefinition of macro "TB0CCR0_INTERVAL" (declared at line 68)
"..\macros.h", line 201: warning #48-D: incompatible redefinition of macro "TB0CCR1_INTERVAL" (declared at line 69)
"..\macros.h", line 202: warning #48-D: incompatible redefinition of macro "TB0CCR2_INTERVAL" (declared at line 70)
Finished building: "../switches.c"
 
Building target: "Project 08.out"
Invoking: MSP430 Linker
"D:/ccs/tools/compiler/ti-cgt-msp430_21.6.1.LTS/bin/cl430" -vmspx --use_hw_mpy=F5 --advice:power=all --advice:hw_config=all --define=__MSP430FR2355__ --define=_FRWP_ENABLE --define=_INFO_FRWP_ENABLE -g --printf_support=minimal --diag_warning=225 --diag_wrap=off --display_error_number --silicon_errata=CPU21 --silicon_errata=CPU22 --silicon_errata=CPU40 -z -m"Project 08.map" --heap_size=160 --stack_size=160 --cinit_hold_wdt=on -i"D:/ccs/ccs_base/msp430/include" -i"D:/ccs/ccs_base/msp430/lib/FR2xx" -i"D:/ccs/tools/compiler/ti-cgt-msp430_21.6.1.LTS/lib" -i"D:/ccs/tools/compiler/ti-cgt-msp430_21.6.1.LTS/include" --priority --reread_libs --define=_FRWP_ENABLE --define=_INFO_FRWP_ENABLE --diag_wrap=off --display_error_number --warn_sections --xml_link_info="Project 08_linkInfo.xml" --use_hw_mpy=F5 --rom_model -o "Project 08.out" "./Display.obj" "./adc.obj" "./black_line.obj" "./clocks.obj" "./init.obj" "./led.obj" "./main.obj" "./ports.obj" "./serial.obj" "./states.obj" "./switches.obj" "./system.obj" "./timers.obj" "./timers_move.obj" "./transmit.obj" "./wheels.obj" "../Compiled/LCD.obj" "../lnk_msp430fr2355.cmd"  -lfrwp_init.a -llibc.a 
<Linking>
remark #10372-D: (ULP 4.1) Detected uninitialized Port A in this project. Recommend initializing all unused ports to eliminate wasted current consumption on unused pins.
remark #10372-D: (ULP 4.1) Detected uninitialized Port B in this project. Recommend initializing all unused ports to eliminate wasted current consumption on unused pins.
remark #10372-D: (ULP 4.1) Detected uninitialized Port C in this project. Recommend initializing all unused ports to eliminate wasted current consumption on unused pins.
remark #10422-D: (ULP 6.2) Detected use of a device with available 32-bit hardware multiplier and not also using MSPMATHLIB library (libmath.a).  Recommend using MSPMATHLIB library (libmath.a) for improved performance.
Finished building target: "Project 08.out"
 

**** Build Finished ****

**** Build of configuration Debug for project Project 08 ****

"D:\\ccs\\utils\\bin\\gmake" -k -j 16 all -O 
 
gmake[1]: 'Project 08.out' is up to date.

**** Build Finished ****

**** Build of configuration Debug for project Project 08 ****

"D:\\ccs\\utils\\bin\\gmake" -k -j 16 all -O 
 
gmake[1]: 'Project 08.out' is up to date.

**** Build Finished ****

**** Build of configuration Debug for project Project 08 ****

"D:\\ccs\\utils\\bin\\gmake" -k -j 16 all -O 
 
Building file: "../switches.c"
Invoking: MSP430 Compiler
"D:/ccs/tools/compiler/ti-cgt-msp430_21.6.1.LTS/bin/cl430" -vmspx --use_hw_mpy=F5 --include_path="D:/ccs/ccs_base/msp430/include" --include_path="D:/ccs/Project 08/Project 08" --include_path="D:/ccs/tools/compiler/ti-cgt-msp430_21.6.1.LTS/include" --advice:power=all --advice:hw_config=all --define=__MSP430FR2355__ --define=_FRWP_ENABLE --define=_INFO_FRWP_ENABLE -g --printf_support=minimal --diag_warning=225 --diag_wrap=off --display_error_number --silicon_errata=CPU21 --silicon_errata=CPU22 --silicon_errata=CPU40 --preproc_with_compile --preproc_dependency="switches.d_raw"  "../switches.c"
"..\macros.h", line 144: warning #48-D: incompatible redefinition of macro "WAIT" (declared at line 17)
"..\macros.h", line 174: warning #48-D: incompatible redefinition of macro "PRESSED" (declared at line 120)
"..\macros.h", line 175: warning #48-D: incompatible redefinition of macro "RELEASED" (declared at line 121)
"..\macros.h", line 200: warning #48-D: incompatible redefinition of macro "TB0CCR0_INTERVAL" (declared at line 68)
"..\macros.h", line 201: warning #48-D: incompatible redefinition of macro "TB0CCR1_INTERVAL" (declared at line 69)
"..\macros.h", line 202: warning #48-D: incompatible redefinition of macro "TB0CCR2_INTERVAL" (declared at line 70)
Finished building: "../switches.c"
 
Building target: "Project 08.out"
Invoking: MSP430 Linker
"D:/ccs/tools/compiler/ti-cgt-msp430_21.6.1.LTS/bin/cl430" -vmspx --use_hw_mpy=F5 --advice:power=all --advice:hw_config=all --define=__MSP430FR2355__ --define=_FRWP_ENABLE --define=_INFO_FRWP_ENABLE -g --printf_support=minimal --diag_warning=225 --diag_wrap=off --display_error_number --silicon_errata=CPU21 --silicon_errata=CPU22 --silicon_errata=CPU40 -z -m"Project 08.map" --heap_size=160 --stack_size=160 --cinit_hold_wdt=on -i"D:/ccs/ccs_base/msp430/include" -i"D:/ccs/ccs_base/msp430/lib/FR2xx" -i"D:/ccs/tools/compiler/ti-cgt-msp430_21.6.1.LTS/lib" -i"D:/ccs/tools/compiler/ti-cgt-msp430_21.6.1.LTS/include" --priority --reread_libs --define=_FRWP_ENABLE --define=_INFO_FRWP_ENABLE --diag_wrap=off --display_error_number --warn_sections --xml_link_info="Project 08_linkInfo.xml" --use_hw_mpy=F5 --rom_model -o "Project 08.out" "./Display.obj" "./adc.obj" "./black_line.obj" "./clocks.obj" "./init.obj" "./led.obj" "./main.obj" "./ports.obj" "./serial.obj" "./states.obj" "./switches.obj" "./system.obj" "./timers.obj" "./timers_move.obj" "./transmit.obj" "./wheels.obj" "../Compiled/LCD.obj" "../lnk_msp430fr2355.cmd"  -lfrwp_init.a -llibc.a 
<Linking>
remark #10372-D: (ULP 4.1) Detected uninitialized Port A in this project. Recommend initializing all unused ports to eliminate wasted current consumption on unused pins.
remark #10372-D: (ULP 4.1) Detected uninitialized Port B in this project. Recommend initializing all unused ports to eliminate wasted current consumption on unused pins.
remark #10372-D: (ULP 4.1) Detected uninitialized Port C in this project. Recommend initializing all unused ports to eliminate wasted current consumption on unused pins.
remark #10422-D: (ULP 6.2) Detected use of a device with available 32-bit hardware multiplier and not also using MSPMATHLIB library (libmath.a).  Recommend using MSPMATHLIB library (libmath.a) for improved performance.
Finished building target: "Project 08.out"
 

**** Build Finished ****

**** Build of configuration Debug for project Project 08 ****

"D:\\ccs\\utils\\bin\\gmake" -k -j 16 all -O 
 
gmake[1]: 'Project 08.out' is up to date.

**** Build Finished ****

**** Build of configuration Debug for project Project 08 ****

"D:\\ccs\\utils\\bin\\gmake" -k -j 16 all -O 
 
gmake[1]: 'Project 08.out' is up to date.

**** Build Finished ****

**** Build of configuration Debug for project Project 08 ****

"D:\\ccs\\utils\\bin\\gmake" -k -j 16 all -O 
 
Building file: "../switches.c"
Invoking: MSP430 Compiler
"D:/ccs/tools/compiler/ti-cgt-msp430_21.6.1.LTS/bin/cl430" -vmspx --use_hw_mpy=F5 --include_path="D:/ccs/ccs_base/msp430/include" --include_path="D:/ccs/Project 08/Project 08" --include_path="D:/ccs/tools/compiler/ti-cgt-msp430_21.6.1.LTS/include" --advice:power=all --advice:hw_config=all --define=__MSP430FR2355__ --define=_FRWP_ENABLE --define=_INFO_FRWP_ENABLE -g --printf_support=minimal --diag_warning=225 --diag_wrap=off --display_error_number --silicon_errata=CPU21 --silicon_errata=CPU22 --silicon_errata=CPU40 --preproc_with_compile --preproc_dependency="switches.d_raw"  "../switches.c"
 
>> Compilation failure
subdir_rules.mk:9: recipe for target 'switches.obj' failed
"..\macros.h", line 144: warning #48-D: incompatible redefinition of macro "WAIT" (declared at line 17)
"..\macros.h", line 174: warning #48-D: incompatible redefinition of macro "PRESSED" (declared at line 120)
"..\macros.h", line 175: warning #48-D: incompatible redefinition of macro "RELEASED" (declared at line 121)
"..\macros.h", line 200: warning #48-D: incompatible redefinition of macro "TB0CCR0_INTERVAL" (declared at line 68)
"..\macros.h", line 201: warning #48-D: incompatible redefinition of macro "TB0CCR1_INTERVAL" (declared at line 69)
"..\macros.h", line 202: warning #48-D: incompatible redefinition of macro "TB0CCR2_INTERVAL" (declared at line 70)
"../switches.c", line 40: error #110: expression preceding parentheses of apparent call must have (pointer-to-) function type
1 error detected in the compilation of "../switches.c".
gmake: *** [switches.obj] Error 1
gmake: Target 'all' not remade because of errors.

**** Build Finished ****

**** Build of configuration Debug for project Project 08 ****

"D:\\ccs\\utils\\bin\\gmake" -k -j 16 all -O 
 
Building file: "../switches.c"
Invoking: MSP430 Compiler
"D:/ccs/tools/compiler/ti-cgt-msp430_21.6.1.LTS/bin/cl430" -vmspx --use_hw_mpy=F5 --include_path="D:/ccs/ccs_base/msp430/include" --include_path="D:/ccs/Project 08/Project 08" --include_path="D:/ccs/tools/compiler/ti-cgt-msp430_21.6.1.LTS/include" --advice:power=all --advice:hw_config=all --define=__MSP430FR2355__ --define=_FRWP_ENABLE --define=_INFO_FRWP_ENABLE -g --printf_support=minimal --diag_warning=225 --diag_wrap=off --display_error_number --silicon_errata=CPU21 --silicon_errata=CPU22 --silicon_errata=CPU40 --preproc_with_compile --preproc_dependency="switches.d_raw"  "../switches.c"
"..\macros.h", line 144: warning #48-D: incompatible redefinition of macro "WAIT" (declared at line 17)
"..\macros.h", line 174: warning #48-D: incompatible redefinition of macro "PRESSED" (declared at line 120)
"..\macros.h", line 175: warning #48-D: incompatible redefinition of macro "RELEASED" (declared at line 121)
"..\macros.h", line 200: warning #48-D: incompatible redefinition of macro "TB0CCR0_INTERVAL" (declared at line 68)
"..\macros.h", line 201: warning #48-D: incompatible redefinition of macro "TB0CCR1_INTERVAL" (declared at line 69)
"..\macros.h", line 202: warning #48-D: incompatible redefinition of macro "TB0CCR2_INTERVAL" (declared at line 70)
Finished building: "../switches.c"
 
Building target: "Project 08.out"
Invoking: MSP430 Linker
"D:/ccs/tools/compiler/ti-cgt-msp430_21.6.1.LTS/bin/cl430" -vmspx --use_hw_mpy=F5 --advice:power=all --advice:hw_config=all --define=__MSP430FR2355__ --define=_FRWP_ENABLE --define=_INFO_FRWP_ENABLE -g --printf_support=minimal --diag_warning=225 --diag_wrap=off --display_error_number --silicon_errata=CPU21 --silicon_errata=CPU22 --silicon_errata=CPU40 -z -m"Project 08.map" --heap_size=160 --stack_size=160 --cinit_hold_wdt=on -i"D:/ccs/ccs_base/msp430/include" -i"D:/ccs/ccs_base/msp430/lib/FR2xx" -i"D:/ccs/tools/compiler/ti-cgt-msp430_21.6.1.LTS/lib" -i"D:/ccs/tools/compiler/ti-cgt-msp430_21.6.1.LTS/include" --priority --reread_libs --define=_FRWP_ENABLE --define=_INFO_FRWP_ENABLE --diag_wrap=off --display_error_number --warn_sections --xml_link_info="Project 08_linkInfo.xml" --use_hw_mpy=F5 --rom_model -o "Project 08.out" "./Display.obj" "./adc.obj" "./black_line.obj" "./clocks.obj" "./init.obj" "./led.obj" "./main.obj" "./ports.obj" "./serial.obj" "./states.obj" "./switches.obj" "./system.obj" "./timers.obj" "./timers_move.obj" "./transmit.obj" "./wheels.obj" "../Compiled/LCD.obj" "../lnk_msp430fr2355.cmd"  -lfrwp_init.a -llibc.a 
<Linking>
remark #10372-D: (ULP 4.1) Detected uninitialized Port A in this project. Recommend initializing all unused ports to eliminate wasted current consumption on unused pins.
remark #10372-D: (ULP 4.1) Detected uninitialized Port B in this project. Recommend initializing all unused ports to eliminate wasted current consumption on unused pins.
remark #10372-D: (ULP 4.1) Detected uninitialized Port C in this project. Recommend initializing all unused ports to eliminate wasted current consumption on unused pins.
remark #10422-D: (ULP 6.2) Detected use of a device with available 32-bit hardware multiplier and not also using MSPMATHLIB library (libmath.a).  Recommend using MSPMATHLIB library (libmath.a) for improved performance.
Finished building target: "Project 08.out"
 

**** Build Finished ****

**** Build of configuration Debug for project Project 08 ****

"D:\\ccs\\utils\\bin\\gmake" -k -j 16 all -O 
 
gmake[1]: 'Project 08.out' is up to date.

**** Build Finished ****

**** Build of configuration Debug for project Project 08 ****

"D:\\ccs\\utils\\bin\\gmake" -k -j 16 all -O 
 
Building file: "../main.c"
Invoking: MSP430 Compiler
"D:/ccs/tools/compiler/ti-cgt-msp430_21.6.1.LTS/bin/cl430" -vmspx --use_hw_mpy=F5 --include_path="D:/ccs/ccs_base/msp430/include" --include_path="D:/ccs/Project 08/Project 08" --include_path="D:/ccs/tools/compiler/ti-cgt-msp430_21.6.1.LTS/include" --advice:power=all --advice:hw_config=all --define=__MSP430FR2355__ --define=_FRWP_ENABLE --define=_INFO_FRWP_ENABLE -g --printf_support=minimal --diag_warning=225 --diag_wrap=off --display_error_number --silicon_errata=CPU21 --silicon_errata=CPU22 --silicon_errata=CPU40 --preproc_with_compile --preproc_dependency="main.d_raw"  "../main.c"
"..\macros.h", line 144: warning #48-D: incompatible redefinition of macro "WAIT" (declared at line 17)
"..\macros.h", line 174: warning #48-D: incompatible redefinition of macro "PRESSED" (declared at line 120)
"..\macros.h", line 175: warning #48-D: incompatible redefinition of macro "RELEASED" (declared at line 121)
"..\macros.h", line 200: warning #48-D: incompatible redefinition of macro "TB0CCR0_INTERVAL" (declared at line 68)
"..\macros.h", line 201: warning #48-D: incompatible redefinition of macro "TB0CCR1_INTERVAL" (declared at line 69)
"..\macros.h", line 202: warning #48-D: incompatible redefinition of macro "TB0CCR2_INTERVAL" (declared at line 70)
Finished building: "../main.c"
 
Building target: "Project 08.out"
Invoking: MSP430 Linker
"D:/ccs/tools/compiler/ti-cgt-msp430_21.6.1.LTS/bin/cl430" -vmspx --use_hw_mpy=F5 --advice:power=all --advice:hw_config=all --define=__MSP430FR2355__ --define=_FRWP_ENABLE --define=_INFO_FRWP_ENABLE -g --printf_support=minimal --diag_warning=225 --diag_wrap=off --display_error_number --silicon_errata=CPU21 --silicon_errata=CPU22 --silicon_errata=CPU40 -z -m"Project 08.map" --heap_size=160 --stack_size=160 --cinit_hold_wdt=on -i"D:/ccs/ccs_base/msp430/include" -i"D:/ccs/ccs_base/msp430/lib/FR2xx" -i"D:/ccs/tools/compiler/ti-cgt-msp430_21.6.1.LTS/lib" -i"D:/ccs/tools/compiler/ti-cgt-msp430_21.6.1.LTS/include" --priority --reread_libs --define=_FRWP_ENABLE --define=_INFO_FRWP_ENABLE --diag_wrap=off --display_error_number --warn_sections --xml_link_info="Project 08_linkInfo.xml" --use_hw_mpy=F5 --rom_model -o "Project 08.out" "./Display.obj" "./adc.obj" "./black_line.obj" "./clocks.obj" "./init.obj" "./led.obj" "./main.obj" "./ports.obj" "./serial.obj" "./states.obj" "./switches.obj" "./system.obj" "./timers.obj" "./timers_move.obj" "./transmit.obj" "./wheels.obj" "../Compiled/LCD.obj" "../lnk_msp430fr2355.cmd"  -lfrwp_init.a -llibc.a 
<Linking>
remark #10372-D: (ULP 4.1) Detected uninitialized Port A in this project. Recommend initializing all unused ports to eliminate wasted current consumption on unused pins.
remark #10372-D: (ULP 4.1) Detected uninitialized Port B in this project. Recommend initializing all unused ports to eliminate wasted current consumption on unused pins.
remark #10372-D: (ULP 4.1) Detected uninitialized Port C in this project. Recommend initializing all unused ports to eliminate wasted current consumption on unused pins.
remark #10422-D: (ULP 6.2) Detected use of a device with available 32-bit hardware multiplier and not also using MSPMATHLIB library (libmath.a).  Recommend using MSPMATHLIB library (libmath.a) for improved performance.
Finished building target: "Project 08.out"
 

**** Build Finished ****

**** Build of configuration Debug for project Project 08 ****

"D:\\ccs\\utils\\bin\\gmake" -k -j 16 all -O 
 
gmake[1]: 'Project 08.out' is up to date.

**** Build Finished ****

**** Build of configuration Debug for project Project 08 ****

"D:\\ccs\\utils\\bin\\gmake" -k -j 16 all -O 
 
Building file: "../ports.c"
Invoking: MSP430 Compiler
"D:/ccs/tools/compiler/ti-cgt-msp430_21.6.1.LTS/bin/cl430" -vmspx --use_hw_mpy=F5 --include_path="D:/ccs/ccs_base/msp430/include" --include_path="D:/ccs/Project 08/Project 08" --include_path="D:/ccs/tools/compiler/ti-cgt-msp430_21.6.1.LTS/include" --advice:power=all --advice:hw_config=all --define=__MSP430FR2355__ --define=_FRWP_ENABLE --define=_INFO_FRWP_ENABLE -g --printf_support=minimal --diag_warning=225 --diag_wrap=off --display_error_number --silicon_errata=CPU21 --silicon_errata=CPU22 --silicon_errata=CPU40 --preproc_with_compile --preproc_dependency="ports.d_raw"  "../ports.c"
"..\macros.h", line 144: warning #48-D: incompatible redefinition of macro "WAIT" (declared at line 17)
"..\macros.h", line 174: warning #48-D: incompatible redefinition of macro "PRESSED" (declared at line 120)
"..\macros.h", line 175: warning #48-D: incompatible redefinition of macro "RELEASED" (declared at line 121)
"..\macros.h", line 200: warning #48-D: incompatible redefinition of macro "TB0CCR0_INTERVAL" (declared at line 68)
"..\macros.h", line 201: warning #48-D: incompatible redefinition of macro "TB0CCR1_INTERVAL" (declared at line 69)
"..\macros.h", line 202: warning #48-D: incompatible redefinition of macro "TB0CCR2_INTERVAL" (declared at line 70)
"../ports.c", line 24: warning #225-D: function "Init_Port_1" declared implicitly
"../ports.c", line 25: warning #225-D: function "Init_Port_2" declared implicitly
"../ports.c", line 26: warning #225-D: function "Init_Port_3" declared implicitly
"../ports.c", line 27: warning #225-D: function "Init_Port_4" declared implicitly
"../ports.c", line 28: warning #225-D: function "Init_Port_5" declared implicitly
"../ports.c", line 29: warning #225-D: function "Init_Port_6" declared implicitly
"../ports.c", line 32: warning #161-D: declaration is incompatible with previous "Init_Port_1" (declared at line 24)
"../ports.c", line 73: warning #161-D: declaration is incompatible with previous "Init_Port_2" (declared at line 25)
"../ports.c", line 123: warning #161-D: declaration is incompatible with previous "Init_Port_3" (declared at line 26)
"../ports.c", line 168: warning #161-D: declaration is incompatible with previous "Init_Port_4" (declared at line 27)
"../ports.c", line 207: warning #161-D: declaration is incompatible with previous "Init_Port_5" (declared at line 28)
"../ports.c", line 240: warning #161-D: declaration is incompatible with previous "Init_Port_6" (declared at line 29)
Finished building: "../ports.c"
 
Building target: "Project 08.out"
Invoking: MSP430 Linker
"D:/ccs/tools/compiler/ti-cgt-msp430_21.6.1.LTS/bin/cl430" -vmspx --use_hw_mpy=F5 --advice:power=all --advice:hw_config=all --define=__MSP430FR2355__ --define=_FRWP_ENABLE --define=_INFO_FRWP_ENABLE -g --printf_support=minimal --diag_warning=225 --diag_wrap=off --display_error_number --silicon_errata=CPU21 --silicon_errata=CPU22 --silicon_errata=CPU40 -z -m"Project 08.map" --heap_size=160 --stack_size=160 --cinit_hold_wdt=on -i"D:/ccs/ccs_base/msp430/include" -i"D:/ccs/ccs_base/msp430/lib/FR2xx" -i"D:/ccs/tools/compiler/ti-cgt-msp430_21.6.1.LTS/lib" -i"D:/ccs/tools/compiler/ti-cgt-msp430_21.6.1.LTS/include" --priority --reread_libs --define=_FRWP_ENABLE --define=_INFO_FRWP_ENABLE --diag_wrap=off --display_error_number --warn_sections --xml_link_info="Project 08_linkInfo.xml" --use_hw_mpy=F5 --rom_model -o "Project 08.out" "./Display.obj" "./adc.obj" "./black_line.obj" "./clocks.obj" "./init.obj" "./led.obj" "./main.obj" "./ports.obj" "./serial.obj" "./states.obj" "./switches.obj" "./system.obj" "./timers.obj" "./timers_move.obj" "./transmit.obj" "./wheels.obj" "../Compiled/LCD.obj" "../lnk_msp430fr2355.cmd"  -lfrwp_init.a -llibc.a 
<Linking>
remark #10372-D: (ULP 4.1) Detected uninitialized Port A in this project. Recommend initializing all unused ports to eliminate wasted current consumption on unused pins.
remark #10372-D: (ULP 4.1) Detected uninitialized Port B in this project. Recommend initializing all unused ports to eliminate wasted current consumption on unused pins.
remark #10372-D: (ULP 4.1) Detected uninitialized Port C in this project. Recommend initializing all unused ports to eliminate wasted current consumption on unused pins.
remark #10422-D: (ULP 6.2) Detected use of a device with available 32-bit hardware multiplier and not also using MSPMATHLIB library (libmath.a).  Recommend using MSPMATHLIB library (libmath.a) for improved performance.
Finished building target: "Project 08.out"
 

**** Build Finished ****

**** Build of configuration Debug for project Project 08 ****

"D:\\ccs\\utils\\bin\\gmake" -k -j 16 all -O 
 
gmake[1]: 'Project 08.out' is up to date.

**** Build Finished ****

**** Build of configuration Debug for project Project 08 ****

"D:\\ccs\\utils\\bin\\gmake" -k -j 16 all -O 
 
gmake[1]: 'Project 08.out' is up to date.

**** Build Finished ****

**** Build of configuration Debug for project Project 08 ****

"D:\\ccs\\utils\\bin\\gmake" -k -j 16 all -O 
 
gmake[1]: 'Project 08.out' is up to date.

**** Build Finished ****

**** Build of configuration Debug for project Project 08 ****

"D:\\ccs\\utils\\bin\\gmake" -k -j 16 all -O 
 
Building file: "../timers.c"
Invoking: MSP430 Compiler
"D:/ccs/tools/compiler/ti-cgt-msp430_21.6.1.LTS/bin/cl430" -vmspx --use_hw_mpy=F5 --include_path="D:/ccs/ccs_base/msp430/include" --include_path="D:/ccs/Project 08/Project 08" --include_path="D:/ccs/tools/compiler/ti-cgt-msp430_21.6.1.LTS/include" --advice:power=all --advice:hw_config=all --define=__MSP430FR2355__ --define=_FRWP_ENABLE --define=_INFO_FRWP_ENABLE -g --printf_support=minimal --diag_warning=225 --diag_wrap=off --display_error_number --silicon_errata=CPU21 --silicon_errata=CPU22 --silicon_errata=CPU40 --preproc_with_compile --preproc_dependency="timers.d_raw"  "../timers.c"
"..\macros.h", line 144: warning #48-D: incompatible redefinition of macro "WAIT" (declared at line 17)
"..\macros.h", line 174: warning #48-D: incompatible redefinition of macro "PRESSED" (declared at line 120)
"..\macros.h", line 175: warning #48-D: incompatible redefinition of macro "RELEASED" (declared at line 121)
"..\macros.h", line 200: warning #48-D: incompatible redefinition of macro "TB0CCR0_INTERVAL" (declared at line 68)
"..\macros.h", line 201: warning #48-D: incompatible redefinition of macro "TB0CCR1_INTERVAL" (declared at line 69)
"..\macros.h", line 202: warning #48-D: incompatible redefinition of macro "TB0CCR2_INTERVAL" (declared at line 70)
Finished building: "../timers.c"
 
Building file: "../main.c"
Invoking: MSP430 Compiler
"D:/ccs/tools/compiler/ti-cgt-msp430_21.6.1.LTS/bin/cl430" -vmspx --use_hw_mpy=F5 --include_path="D:/ccs/ccs_base/msp430/include" --include_path="D:/ccs/Project 08/Project 08" --include_path="D:/ccs/tools/compiler/ti-cgt-msp430_21.6.1.LTS/include" --advice:power=all --advice:hw_config=all --define=__MSP430FR2355__ --define=_FRWP_ENABLE --define=_INFO_FRWP_ENABLE -g --printf_support=minimal --diag_warning=225 --diag_wrap=off --display_error_number --silicon_errata=CPU21 --silicon_errata=CPU22 --silicon_errata=CPU40 --preproc_with_compile --preproc_dependency="main.d_raw"  "../main.c"
"..\macros.h", line 144: warning #48-D: incompatible redefinition of macro "WAIT" (declared at line 17)
"..\macros.h", line 174: warning #48-D: incompatible redefinition of macro "PRESSED" (declared at line 120)
"..\macros.h", line 175: warning #48-D: incompatible redefinition of macro "RELEASED" (declared at line 121)
"..\macros.h", line 200: warning #48-D: incompatible redefinition of macro "TB0CCR0_INTERVAL" (declared at line 68)
"..\macros.h", line 201: warning #48-D: incompatible redefinition of macro "TB0CCR1_INTERVAL" (declared at line 69)
"..\macros.h", line 202: warning #48-D: incompatible redefinition of macro "TB0CCR2_INTERVAL" (declared at line 70)
Finished building: "../main.c"
 
Building file: "../ports.c"
Invoking: MSP430 Compiler
"D:/ccs/tools/compiler/ti-cgt-msp430_21.6.1.LTS/bin/cl430" -vmspx --use_hw_mpy=F5 --include_path="D:/ccs/ccs_base/msp430/include" --include_path="D:/ccs/Project 08/Project 08" --include_path="D:/ccs/tools/compiler/ti-cgt-msp430_21.6.1.LTS/include" --advice:power=all --advice:hw_config=all --define=__MSP430FR2355__ --define=_FRWP_ENABLE --define=_INFO_FRWP_ENABLE -g --printf_support=minimal --diag_warning=225 --diag_wrap=off --display_error_number --silicon_errata=CPU21 --silicon_errata=CPU22 --silicon_errata=CPU40 --preproc_with_compile --preproc_dependency="ports.d_raw"  "../ports.c"
"..\macros.h", line 144: warning #48-D: incompatible redefinition of macro "WAIT" (declared at line 17)
"..\macros.h", line 174: warning #48-D: incompatible redefinition of macro "PRESSED" (declared at line 120)
"..\macros.h", line 175: warning #48-D: incompatible redefinition of macro "RELEASED" (declared at line 121)
"..\macros.h", line 200: warning #48-D: incompatible redefinition of macro "TB0CCR0_INTERVAL" (declared at line 68)
"..\macros.h", line 201: warning #48-D: incompatible redefinition of macro "TB0CCR1_INTERVAL" (declared at line 69)
"..\macros.h", line 202: warning #48-D: incompatible redefinition of macro "TB0CCR2_INTERVAL" (declared at line 70)
"../ports.c", line 16: warning #225-D: function "Init_Port_1" declared implicitly
"../ports.c", line 17: warning #225-D: function "Init_Port_2" declared implicitly
"../ports.c", line 18: warning #225-D: function "Init_Port_3" declared implicitly
"../ports.c", line 19: warning #225-D: function "Init_Port_4" declared implicitly
"../ports.c", line 20: warning #225-D: function "Init_Port_5" declared implicitly
"../ports.c", line 21: warning #225-D: function "Init_Port_6" declared implicitly
"../ports.c", line 24: warning #161-D: declaration is incompatible with previous "Init_Port_1" (declared at line 16)
"../ports.c", line 65: warning #161-D: declaration is incompatible with previous "Init_Port_2" (declared at line 17)
"../ports.c", line 115: warning #161-D: declaration is incompatible with previous "Init_Port_3" (declared at line 18)
"../ports.c", line 160: warning #161-D: declaration is incompatible with previous "Init_Port_4" (declared at line 19)
"../ports.c", line 199: warning #161-D: declaration is incompatible with previous "Init_Port_5" (declared at line 20)
"../ports.c", line 232: warning #161-D: declaration is incompatible with previous "Init_Port_6" (declared at line 21)
Finished building: "../ports.c"
 
Building file: "../serial.c"
Invoking: MSP430 Compiler
"D:/ccs/tools/compiler/ti-cgt-msp430_21.6.1.LTS/bin/cl430" -vmspx --use_hw_mpy=F5 --include_path="D:/ccs/ccs_base/msp430/include" --include_path="D:/ccs/Project 08/Project 08" --include_path="D:/ccs/tools/compiler/ti-cgt-msp430_21.6.1.LTS/include" --advice:power=all --advice:hw_config=all --define=__MSP430FR2355__ --define=_FRWP_ENABLE --define=_INFO_FRWP_ENABLE -g --printf_support=minimal --diag_warning=225 --diag_wrap=off --display_error_number --silicon_errata=CPU21 --silicon_errata=CPU22 --silicon_errata=CPU40 --preproc_with_compile --preproc_dependency="serial.d_raw"  "../serial.c"
"..\macros.h", line 144: warning #48-D: incompatible redefinition of macro "WAIT" (declared at line 17)
"..\macros.h", line 174: warning #48-D: incompatible redefinition of macro "PRESSED" (declared at line 120)
"..\macros.h", line 175: warning #48-D: incompatible redefinition of macro "RELEASED" (declared at line 121)
"..\macros.h", line 200: warning #48-D: incompatible redefinition of macro "TB0CCR0_INTERVAL" (declared at line 68)
"..\macros.h", line 201: warning #48-D: incompatible redefinition of macro "TB0CCR1_INTERVAL" (declared at line 69)
"..\macros.h", line 202: warning #48-D: incompatible redefinition of macro "TB0CCR2_INTERVAL" (declared at line 70)
"../serial.c", line 51: remark #1528-D: (ULP 3.1) Detected flag polling using UCA1IFG. Recommend using an interrupt combined with enter LPMx and ISR
"../serial.c", line 50: remark #1544-D: (ULP 13.1) Detected loop counting up. Recommend loops count down as detecting zeros is easier
"../serial.c", line 50: remark #2553-D: (ULP 14.1) Array index (involving "i") of type "int". Recommend using "unsigned int"
"../serial.c", line 52: remark #2553-D: (ULP 14.1) Array index (involving "i") of type "int". Recommend using "unsigned int"
"../serial.c", line 59: remark #1528-D: (ULP 3.1) Detected flag polling using UCA0IFG. Recommend using an interrupt combined with enter LPMx and ISR
"../serial.c", line 58: remark #1544-D: (ULP 13.1) Detected loop counting up. Recommend loops count down as detecting zeros is easier
"../serial.c", line 58: remark #2553-D: (ULP 14.1) Array index (involving "i") of type "int". Recommend using "unsigned int"
"../serial.c", line 60: remark #2553-D: (ULP 14.1) Array index (involving "i") of type "int". Recommend using "unsigned int"
"../serial.c", line 72: remark #1528-D: (ULP 3.1) Detected flag polling using UCA1IFG. Recommend using an interrupt combined with enter LPMx and ISR
"../serial.c", line 96: remark #1528-D: (ULP 3.1) Detected flag polling using UCA0IFG. Recommend using an interrupt combined with enter LPMx and ISR
Finished building: "../serial.c"
 
Building file: "../switches.c"
Invoking: MSP430 Compiler
"D:/ccs/tools/compiler/ti-cgt-msp430_21.6.1.LTS/bin/cl430" -vmspx --use_hw_mpy=F5 --include_path="D:/ccs/ccs_base/msp430/include" --include_path="D:/ccs/Project 08/Project 08" --include_path="D:/ccs/tools/compiler/ti-cgt-msp430_21.6.1.LTS/include" --advice:power=all --advice:hw_config=all --define=__MSP430FR2355__ --define=_FRWP_ENABLE --define=_INFO_FRWP_ENABLE -g --printf_support=minimal --diag_warning=225 --diag_wrap=off --display_error_number --silicon_errata=CPU21 --silicon_errata=CPU22 --silicon_errata=CPU40 --preproc_with_compile --preproc_dependency="switches.d_raw"  "../switches.c"
"..\macros.h", line 144: warning #48-D: incompatible redefinition of macro "WAIT" (declared at line 17)
"..\macros.h", line 174: warning #48-D: incompatible redefinition of macro "PRESSED" (declared at line 120)
"..\macros.h", line 175: warning #48-D: incompatible redefinition of macro "RELEASED" (declared at line 121)
"..\macros.h", line 200: warning #48-D: incompatible redefinition of macro "TB0CCR0_INTERVAL" (declared at line 68)
"..\macros.h", line 201: warning #48-D: incompatible redefinition of macro "TB0CCR1_INTERVAL" (declared at line 69)
"..\macros.h", line 202: warning #48-D: incompatible redefinition of macro "TB0CCR2_INTERVAL" (declared at line 70)
Finished building: "../switches.c"
 
Building file: "../transmit.c"
Invoking: MSP430 Compiler
"D:/ccs/tools/compiler/ti-cgt-msp430_21.6.1.LTS/bin/cl430" -vmspx --use_hw_mpy=F5 --include_path="D:/ccs/ccs_base/msp430/include" --include_path="D:/ccs/Project 08/Project 08" --include_path="D:/ccs/tools/compiler/ti-cgt-msp430_21.6.1.LTS/include" --advice:power=all --advice:hw_config=all --define=__MSP430FR2355__ --define=_FRWP_ENABLE --define=_INFO_FRWP_ENABLE -g --printf_support=minimal --diag_warning=225 --diag_wrap=off --display_error_number --silicon_errata=CPU21 --silicon_errata=CPU22 --silicon_errata=CPU40 --preproc_with_compile --preproc_dependency="transmit.d_raw"  "../transmit.c"
"..\macros.h", line 144: warning #48-D: incompatible redefinition of macro "WAIT" (declared at line 17)
"..\macros.h", line 174: warning #48-D: incompatible redefinition of macro "PRESSED" (declared at line 120)
"..\macros.h", line 175: warning #48-D: incompatible redefinition of macro "RELEASED" (declared at line 121)
"..\macros.h", line 200: warning #48-D: incompatible redefinition of macro "TB0CCR0_INTERVAL" (declared at line 68)
"..\macros.h", line 201: warning #48-D: incompatible redefinition of macro "TB0CCR1_INTERVAL" (declared at line 69)
"..\macros.h", line 202: warning #48-D: incompatible redefinition of macro "TB0CCR2_INTERVAL" (declared at line 70)
"../transmit.c", line 46: remark #1544-D: (ULP 13.1) Detected loop counting up. Recommend loops count down as detecting zeros is easier
"../transmit.c", line 46: remark #2553-D: (ULP 14.1) Array index (involving "i") of type "int". Recommend using "unsigned int"
"../transmit.c", line 66: remark #1527-D: (ULP 2.1) Detected SW delay loop using empty loop. Recommend using a timer module instead
Finished building: "../transmit.c"
 
Building target: "Project 08.out"
Invoking: MSP430 Linker
"D:/ccs/tools/compiler/ti-cgt-msp430_21.6.1.LTS/bin/cl430" -vmspx --use_hw_mpy=F5 --advice:power=all --advice:hw_config=all --define=__MSP430FR2355__ --define=_FRWP_ENABLE --define=_INFO_FRWP_ENABLE -g --printf_support=minimal --diag_warning=225 --diag_wrap=off --display_error_number --silicon_errata=CPU21 --silicon_errata=CPU22 --silicon_errata=CPU40 -z -m"Project 08.map" --heap_size=160 --stack_size=160 --cinit_hold_wdt=on -i"D:/ccs/ccs_base/msp430/include" -i"D:/ccs/ccs_base/msp430/lib/FR2xx" -i"D:/ccs/tools/compiler/ti-cgt-msp430_21.6.1.LTS/lib" -i"D:/ccs/tools/compiler/ti-cgt-msp430_21.6.1.LTS/include" --priority --reread_libs --define=_FRWP_ENABLE --define=_INFO_FRWP_ENABLE --diag_wrap=off --display_error_number --warn_sections --xml_link_info="Project 08_linkInfo.xml" --use_hw_mpy=F5 --rom_model -o "Project 08.out" "./Display.obj" "./adc.obj" "./black_line.obj" "./clocks.obj" "./init.obj" "./led.obj" "./main.obj" "./ports.obj" "./serial.obj" "./states.obj" "./switches.obj" "./system.obj" "./timers.obj" "./timers_move.obj" "./transmit.obj" "./wheels.obj" "../Compiled/LCD.obj" "../lnk_msp430fr2355.cmd"  -lfrwp_init.a -llibc.a 
<Linking>
remark #10372-D: (ULP 4.1) Detected uninitialized Port A in this project. Recommend initializing all unused ports to eliminate wasted current consumption on unused pins.
remark #10372-D: (ULP 4.1) Detected uninitialized Port B in this project. Recommend initializing all unused ports to eliminate wasted current consumption on unused pins.
remark #10372-D: (ULP 4.1) Detected uninitialized Port C in this project. Recommend initializing all unused ports to eliminate wasted current consumption on unused pins.
remark #10422-D: (ULP 6.2) Detected use of a device with available 32-bit hardware multiplier and not also using MSPMATHLIB library (libmath.a).  Recommend using MSPMATHLIB library (libmath.a) for improved performance.
Finished building target: "Project 08.out"
 

**** Build Finished ****

**** Build of configuration Debug for project Project 08 ****

"D:\\ccs\\utils\\bin\\gmake" -k -j 16 all -O 
 
gmake[1]: 'Project 08.out' is up to date.

**** Build Finished ****

**** Build of configuration Debug for project Project 08 ****

"D:\\ccs\\utils\\bin\\gmake" -k -j 16 all -O 
 
Building file: "../main.c"
Invoking: MSP430 Compiler
"D:/ccs/tools/compiler/ti-cgt-msp430_21.6.1.LTS/bin/cl430" -vmspx --use_hw_mpy=F5 --include_path="D:/ccs/ccs_base/msp430/include" --include_path="D:/ccs/Project 08/Project 08" --include_path="D:/ccs/tools/compiler/ti-cgt-msp430_21.6.1.LTS/include" --advice:power=all --advice:hw_config=all --define=__MSP430FR2355__ --define=_FRWP_ENABLE --define=_INFO_FRWP_ENABLE -g --printf_support=minimal --diag_warning=225 --diag_wrap=off --display_error_number --silicon_errata=CPU21 --silicon_errata=CPU22 --silicon_errata=CPU40 --preproc_with_compile --preproc_dependency="main.d_raw"  "../main.c"
"..\macros.h", line 144: warning #48-D: incompatible redefinition of macro "WAIT" (declared at line 17)
"..\macros.h", line 174: warning #48-D: incompatible redefinition of macro "PRESSED" (declared at line 120)
"..\macros.h", line 175: warning #48-D: incompatible redefinition of macro "RELEASED" (declared at line 121)
"..\macros.h", line 200: warning #48-D: incompatible redefinition of macro "TB0CCR0_INTERVAL" (declared at line 68)
"..\macros.h", line 201: warning #48-D: incompatible redefinition of macro "TB0CCR1_INTERVAL" (declared at line 69)
"..\macros.h", line 202: warning #48-D: incompatible redefinition of macro "TB0CCR2_INTERVAL" (declared at line 70)
Finished building: "../main.c"
 
Building file: "../serial.c"
Invoking: MSP430 Compiler
"D:/ccs/tools/compiler/ti-cgt-msp430_21.6.1.LTS/bin/cl430" -vmspx --use_hw_mpy=F5 --include_path="D:/ccs/ccs_base/msp430/include" --include_path="D:/ccs/Project 08/Project 08" --include_path="D:/ccs/tools/compiler/ti-cgt-msp430_21.6.1.LTS/include" --advice:power=all --advice:hw_config=all --define=__MSP430FR2355__ --define=_FRWP_ENABLE --define=_INFO_FRWP_ENABLE -g --printf_support=minimal --diag_warning=225 --diag_wrap=off --display_error_number --silicon_errata=CPU21 --silicon_errata=CPU22 --silicon_errata=CPU40 --preproc_with_compile --preproc_dependency="serial.d_raw"  "../serial.c"
"..\macros.h", line 144: warning #48-D: incompatible redefinition of macro "WAIT" (declared at line 17)
"..\macros.h", line 174: warning #48-D: incompatible redefinition of macro "PRESSED" (declared at line 120)
"..\macros.h", line 175: warning #48-D: incompatible redefinition of macro "RELEASED" (declared at line 121)
"..\macros.h", line 200: warning #48-D: incompatible redefinition of macro "TB0CCR0_INTERVAL" (declared at line 68)
"..\macros.h", line 201: warning #48-D: incompatible redefinition of macro "TB0CCR1_INTERVAL" (declared at line 69)
"..\macros.h", line 202: warning #48-D: incompatible redefinition of macro "TB0CCR2_INTERVAL" (declared at line 70)
"../serial.c", line 51: remark #1528-D: (ULP 3.1) Detected flag polling using UCA1IFG. Recommend using an interrupt combined with enter LPMx and ISR
"../serial.c", line 50: remark #1544-D: (ULP 13.1) Detected loop counting up. Recommend loops count down as detecting zeros is easier
"../serial.c", line 50: remark #2553-D: (ULP 14.1) Array index (involving "i") of type "int". Recommend using "unsigned int"
"../serial.c", line 52: remark #2553-D: (ULP 14.1) Array index (involving "i") of type "int". Recommend using "unsigned int"
"../serial.c", line 59: remark #1528-D: (ULP 3.1) Detected flag polling using UCA0IFG. Recommend using an interrupt combined with enter LPMx and ISR
"../serial.c", line 58: remark #1544-D: (ULP 13.1) Detected loop counting up. Recommend loops count down as detecting zeros is easier
"../serial.c", line 58: remark #2553-D: (ULP 14.1) Array index (involving "i") of type "int". Recommend using "unsigned int"
"../serial.c", line 60: remark #2553-D: (ULP 14.1) Array index (involving "i") of type "int". Recommend using "unsigned int"
"../serial.c", line 72: remark #1528-D: (ULP 3.1) Detected flag polling using UCA1IFG. Recommend using an interrupt combined with enter LPMx and ISR
"../serial.c", line 96: remark #1528-D: (ULP 3.1) Detected flag polling using UCA0IFG. Recommend using an interrupt combined with enter LPMx and ISR
Finished building: "../serial.c"
 
Building file: "../switches.c"
Invoking: MSP430 Compiler
"D:/ccs/tools/compiler/ti-cgt-msp430_21.6.1.LTS/bin/cl430" -vmspx --use_hw_mpy=F5 --include_path="D:/ccs/ccs_base/msp430/include" --include_path="D:/ccs/Project 08/Project 08" --include_path="D:/ccs/tools/compiler/ti-cgt-msp430_21.6.1.LTS/include" --advice:power=all --advice:hw_config=all --define=__MSP430FR2355__ --define=_FRWP_ENABLE --define=_INFO_FRWP_ENABLE -g --printf_support=minimal --diag_warning=225 --diag_wrap=off --display_error_number --silicon_errata=CPU21 --silicon_errata=CPU22 --silicon_errata=CPU40 --preproc_with_compile --preproc_dependency="switches.d_raw"  "../switches.c"
"..\macros.h", line 144: warning #48-D: incompatible redefinition of macro "WAIT" (declared at line 17)
"..\macros.h", line 174: warning #48-D: incompatible redefinition of macro "PRESSED" (declared at line 120)
"..\macros.h", line 175: warning #48-D: incompatible redefinition of macro "RELEASED" (declared at line 121)
"..\macros.h", line 200: warning #48-D: incompatible redefinition of macro "TB0CCR0_INTERVAL" (declared at line 68)
"..\macros.h", line 201: warning #48-D: incompatible redefinition of macro "TB0CCR1_INTERVAL" (declared at line 69)
"..\macros.h", line 202: warning #48-D: incompatible redefinition of macro "TB0CCR2_INTERVAL" (declared at line 70)
Finished building: "../switches.c"
 
Building file: "../ports.c"
Invoking: MSP430 Compiler
"D:/ccs/tools/compiler/ti-cgt-msp430_21.6.1.LTS/bin/cl430" -vmspx --use_hw_mpy=F5 --include_path="D:/ccs/ccs_base/msp430/include" --include_path="D:/ccs/Project 08/Project 08" --include_path="D:/ccs/tools/compiler/ti-cgt-msp430_21.6.1.LTS/include" --advice:power=all --advice:hw_config=all --define=__MSP430FR2355__ --define=_FRWP_ENABLE --define=_INFO_FRWP_ENABLE -g --printf_support=minimal --diag_warning=225 --diag_wrap=off --display_error_number --silicon_errata=CPU21 --silicon_errata=CPU22 --silicon_errata=CPU40 --preproc_with_compile --preproc_dependency="ports.d_raw"  "../ports.c"
"..\macros.h", line 144: warning #48-D: incompatible redefinition of macro "WAIT" (declared at line 17)
"..\macros.h", line 174: warning #48-D: incompatible redefinition of macro "PRESSED" (declared at line 120)
"..\macros.h", line 175: warning #48-D: incompatible redefinition of macro "RELEASED" (declared at line 121)
"..\macros.h", line 200: warning #48-D: incompatible redefinition of macro "TB0CCR0_INTERVAL" (declared at line 68)
"..\macros.h", line 201: warning #48-D: incompatible redefinition of macro "TB0CCR1_INTERVAL" (declared at line 69)
"..\macros.h", line 202: warning #48-D: incompatible redefinition of macro "TB0CCR2_INTERVAL" (declared at line 70)
"../ports.c", line 24: warning #225-D: function "Init_Port_1" declared implicitly
"../ports.c", line 25: warning #225-D: function "Init_Port_2" declared implicitly
"../ports.c", line 26: warning #225-D: function "Init_Port_3" declared implicitly
"../ports.c", line 27: warning #225-D: function "Init_Port_4" declared implicitly
"../ports.c", line 28: warning #225-D: function "Init_Port_5" declared implicitly
"../ports.c", line 29: warning #225-D: function "Init_Port_6" declared implicitly
"../ports.c", line 32: warning #161-D: declaration is incompatible with previous "Init_Port_1" (declared at line 24)
"../ports.c", line 73: warning #161-D: declaration is incompatible with previous "Init_Port_2" (declared at line 25)
"../ports.c", line 123: warning #161-D: declaration is incompatible with previous "Init_Port_3" (declared at line 26)
"../ports.c", line 168: warning #161-D: declaration is incompatible with previous "Init_Port_4" (declared at line 27)
"../ports.c", line 207: warning #161-D: declaration is incompatible with previous "Init_Port_5" (declared at line 28)
"../ports.c", line 240: warning #161-D: declaration is incompatible with previous "Init_Port_6" (declared at line 29)
Finished building: "../ports.c"
 
Building file: "../timers.c"
Invoking: MSP430 Compiler
"D:/ccs/tools/compiler/ti-cgt-msp430_21.6.1.LTS/bin/cl430" -vmspx --use_hw_mpy=F5 --include_path="D:/ccs/ccs_base/msp430/include" --include_path="D:/ccs/Project 08/Project 08" --include_path="D:/ccs/tools/compiler/ti-cgt-msp430_21.6.1.LTS/include" --advice:power=all --advice:hw_config=all --define=__MSP430FR2355__ --define=_FRWP_ENABLE --define=_INFO_FRWP_ENABLE -g --printf_support=minimal --diag_warning=225 --diag_wrap=off --display_error_number --silicon_errata=CPU21 --silicon_errata=CPU22 --silicon_errata=CPU40 --preproc_with_compile --preproc_dependency="timers.d_raw"  "../timers.c"
"..\macros.h", line 144: warning #48-D: incompatible redefinition of macro "WAIT" (declared at line 17)
"..\macros.h", line 174: warning #48-D: incompatible redefinition of macro "PRESSED" (declared at line 120)
"..\macros.h", line 175: warning #48-D: incompatible redefinition of macro "RELEASED" (declared at line 121)
"..\macros.h", line 200: warning #48-D: incompatible redefinition of macro "TB0CCR0_INTERVAL" (declared at line 68)
"..\macros.h", line 201: warning #48-D: incompatible redefinition of macro "TB0CCR1_INTERVAL" (declared at line 69)
"..\macros.h", line 202: warning #48-D: incompatible redefinition of macro "TB0CCR2_INTERVAL" (declared at line 70)
Finished building: "../timers.c"
 
Building file: "../transmit.c"
Invoking: MSP430 Compiler
"D:/ccs/tools/compiler/ti-cgt-msp430_21.6.1.LTS/bin/cl430" -vmspx --use_hw_mpy=F5 --include_path="D:/ccs/ccs_base/msp430/include" --include_path="D:/ccs/Project 08/Project 08" --include_path="D:/ccs/tools/compiler/ti-cgt-msp430_21.6.1.LTS/include" --advice:power=all --advice:hw_config=all --define=__MSP430FR2355__ --define=_FRWP_ENABLE --define=_INFO_FRWP_ENABLE -g --printf_support=minimal --diag_warning=225 --diag_wrap=off --display_error_number --silicon_errata=CPU21 --silicon_errata=CPU22 --silicon_errata=CPU40 --preproc_with_compile --preproc_dependency="transmit.d_raw"  "../transmit.c"
"..\macros.h", line 144: warning #48-D: incompatible redefinition of macro "WAIT" (declared at line 17)
"..\macros.h", line 174: warning #48-D: incompatible redefinition of macro "PRESSED" (declared at line 120)
"..\macros.h", line 175: warning #48-D: incompatible redefinition of macro "RELEASED" (declared at line 121)
"..\macros.h", line 200: warning #48-D: incompatible redefinition of macro "TB0CCR0_INTERVAL" (declared at line 68)
"..\macros.h", line 201: warning #48-D: incompatible redefinition of macro "TB0CCR1_INTERVAL" (declared at line 69)
"..\macros.h", line 202: warning #48-D: incompatible redefinition of macro "TB0CCR2_INTERVAL" (declared at line 70)
"../transmit.c", line 46: remark #1544-D: (ULP 13.1) Detected loop counting up. Recommend loops count down as detecting zeros is easier
"../transmit.c", line 46: remark #2553-D: (ULP 14.1) Array index (involving "i") of type "int". Recommend using "unsigned int"
"../transmit.c", line 66: remark #1527-D: (ULP 2.1) Detected SW delay loop using empty loop. Recommend using a timer module instead
"../transmit.c", line 130: warning #225-D: function "Clear_Variables" declared implicitly
"../transmit.c", line 129: warning #179-D: variable "init_done" was declared but never referenced
"../transmit.c", line 129: remark #1535-D: (ULP 8.1) variable "init_done" is used as a constant. Recommend declaring variable as either 'static const' or 'const'
Finished building: "../transmit.c"
 
Building target: "Project 08.out"
Invoking: MSP430 Linker
"D:/ccs/tools/compiler/ti-cgt-msp430_21.6.1.LTS/bin/cl430" -vmspx --use_hw_mpy=F5 --advice:power=all --advice:hw_config=all --define=__MSP430FR2355__ --define=_FRWP_ENABLE --define=_INFO_FRWP_ENABLE -g --printf_support=minimal --diag_warning=225 --diag_wrap=off --display_error_number --silicon_errata=CPU21 --silicon_errata=CPU22 --silicon_errata=CPU40 -z -m"Project 08.map" --heap_size=160 --stack_size=160 --cinit_hold_wdt=on -i"D:/ccs/ccs_base/msp430/include" -i"D:/ccs/ccs_base/msp430/lib/FR2xx" -i"D:/ccs/tools/compiler/ti-cgt-msp430_21.6.1.LTS/lib" -i"D:/ccs/tools/compiler/ti-cgt-msp430_21.6.1.LTS/include" --priority --reread_libs --define=_FRWP_ENABLE --define=_INFO_FRWP_ENABLE --diag_wrap=off --display_error_number --warn_sections --xml_link_info="Project 08_linkInfo.xml" --use_hw_mpy=F5 --rom_model -o "Project 08.out" "./Display.obj" "./adc.obj" "./black_line.obj" "./clocks.obj" "./init.obj" "./led.obj" "./main.obj" "./ports.obj" "./serial.obj" "./states.obj" "./switches.obj" "./system.obj" "./timers.obj" "./timers_move.obj" "./transmit.obj" "./wheels.obj" "../Compiled/LCD.obj" "../lnk_msp430fr2355.cmd"  -lfrwp_init.a -llibc.a 
<Linking>
remark #10372-D: (ULP 4.1) Detected uninitialized Port A in this project. Recommend initializing all unused ports to eliminate wasted current consumption on unused pins.
remark #10372-D: (ULP 4.1) Detected uninitialized Port B in this project. Recommend initializing all unused ports to eliminate wasted current consumption on unused pins.
remark #10372-D: (ULP 4.1) Detected uninitialized Port C in this project. Recommend initializing all unused ports to eliminate wasted current consumption on unused pins.
remark #10422-D: (ULP 6.2) Detected use of a device with available 32-bit hardware multiplier and not also using MSPMATHLIB library (libmath.a).  Recommend using MSPMATHLIB library (libmath.a) for improved performance.
Finished building target: "Project 08.out"
 

**** Build Finished ****

**** Build of configuration Debug for project Project 08 ****

"D:\\ccs\\utils\\bin\\gmake" -k -j 16 all -O 
 
gmake[1]: 'Project 08.out' is up to date.

**** Build Finished ****

**** Build of configuration Debug for project Project 08 ****

"D:\\ccs\\utils\\bin\\gmake" -k -j 16 all -O 
 
Building file: "../serial.c"
Invoking: MSP430 Compiler
"D:/ccs/tools/compiler/ti-cgt-msp430_21.6.1.LTS/bin/cl430" -vmspx --use_hw_mpy=F5 --include_path="D:/ccs/ccs_base/msp430/include" --include_path="D:/ccs/Project 08/Project 08" --include_path="D:/ccs/tools/compiler/ti-cgt-msp430_21.6.1.LTS/include" --advice:power=all --advice:hw_config=all --define=__MSP430FR2355__ --define=_FRWP_ENABLE --define=_INFO_FRWP_ENABLE -g --printf_support=minimal --diag_warning=225 --diag_wrap=off --display_error_number --silicon_errata=CPU21 --silicon_errata=CPU22 --silicon_errata=CPU40 --preproc_with_compile --preproc_dependency="serial.d_raw"  "../serial.c"
"..\macros.h", line 144: warning #48-D: incompatible redefinition of macro "WAIT" (declared at line 17)
"..\macros.h", line 174: warning #48-D: incompatible redefinition of macro "PRESSED" (declared at line 120)
"..\macros.h", line 175: warning #48-D: incompatible redefinition of macro "RELEASED" (declared at line 121)
"..\macros.h", line 200: warning #48-D: incompatible redefinition of macro "TB0CCR0_INTERVAL" (declared at line 68)
"..\macros.h", line 201: warning #48-D: incompatible redefinition of macro "TB0CCR1_INTERVAL" (declared at line 69)
"..\macros.h", line 202: warning #48-D: incompatible redefinition of macro "TB0CCR2_INTERVAL" (declared at line 70)
"../serial.c", line 164: remark #1528-D: (ULP 3.1) Detected flag polling using UCA0IFG. Recommend using an interrupt combined with enter LPMx and ISR
Finished building: "../serial.c"
 
Building file: "../switches.c"
Invoking: MSP430 Compiler
"D:/ccs/tools/compiler/ti-cgt-msp430_21.6.1.LTS/bin/cl430" -vmspx --use_hw_mpy=F5 --include_path="D:/ccs/ccs_base/msp430/include" --include_path="D:/ccs/Project 08/Project 08" --include_path="D:/ccs/tools/compiler/ti-cgt-msp430_21.6.1.LTS/include" --advice:power=all --advice:hw_config=all --define=__MSP430FR2355__ --define=_FRWP_ENABLE --define=_INFO_FRWP_ENABLE -g --printf_support=minimal --diag_warning=225 --diag_wrap=off --display_error_number --silicon_errata=CPU21 --silicon_errata=CPU22 --silicon_errata=CPU40 --preproc_with_compile --preproc_dependency="switches.d_raw"  "../switches.c"
"..\macros.h", line 144: warning #48-D: incompatible redefinition of macro "WAIT" (declared at line 17)
"..\macros.h", line 174: warning #48-D: incompatible redefinition of macro "PRESSED" (declared at line 120)
"..\macros.h", line 175: warning #48-D: incompatible redefinition of macro "RELEASED" (declared at line 121)
"..\macros.h", line 200: warning #48-D: incompatible redefinition of macro "TB0CCR0_INTERVAL" (declared at line 68)
"..\macros.h", line 201: warning #48-D: incompatible redefinition of macro "TB0CCR1_INTERVAL" (declared at line 69)
"..\macros.h", line 202: warning #48-D: incompatible redefinition of macro "TB0CCR2_INTERVAL" (declared at line 70)
Finished building: "../switches.c"
 
Building file: "../timers.c"
Invoking: MSP430 Compiler
"D:/ccs/tools/compiler/ti-cgt-msp430_21.6.1.LTS/bin/cl430" -vmspx --use_hw_mpy=F5 --include_path="D:/ccs/ccs_base/msp430/include" --include_path="D:/ccs/Project 08/Project 08" --include_path="D:/ccs/tools/compiler/ti-cgt-msp430_21.6.1.LTS/include" --advice:power=all --advice:hw_config=all --define=__MSP430FR2355__ --define=_FRWP_ENABLE --define=_INFO_FRWP_ENABLE -g --printf_support=minimal --diag_warning=225 --diag_wrap=off --display_error_number --silicon_errata=CPU21 --silicon_errata=CPU22 --silicon_errata=CPU40 --preproc_with_compile --preproc_dependency="timers.d_raw"  "../timers.c"
"..\macros.h", line 144: warning #48-D: incompatible redefinition of macro "WAIT" (declared at line 17)
"..\macros.h", line 174: warning #48-D: incompatible redefinition of macro "PRESSED" (declared at line 120)
"..\macros.h", line 175: warning #48-D: incompatible redefinition of macro "RELEASED" (declared at line 121)
"..\macros.h", line 200: warning #48-D: incompatible redefinition of macro "TB0CCR0_INTERVAL" (declared at line 68)
"..\macros.h", line 201: warning #48-D: incompatible redefinition of macro "TB0CCR1_INTERVAL" (declared at line 69)
"..\macros.h", line 202: warning #48-D: incompatible redefinition of macro "TB0CCR2_INTERVAL" (declared at line 70)
Finished building: "../timers.c"
 
Building file: "../transmit.c"
Invoking: MSP430 Compiler
"D:/ccs/tools/compiler/ti-cgt-msp430_21.6.1.LTS/bin/cl430" -vmspx --use_hw_mpy=F5 --include_path="D:/ccs/ccs_base/msp430/include" --include_path="D:/ccs/Project 08/Project 08" --include_path="D:/ccs/tools/compiler/ti-cgt-msp430_21.6.1.LTS/include" --advice:power=all --advice:hw_config=all --define=__MSP430FR2355__ --define=_FRWP_ENABLE --define=_INFO_FRWP_ENABLE -g --printf_support=minimal --diag_warning=225 --diag_wrap=off --display_error_number --silicon_errata=CPU21 --silicon_errata=CPU22 --silicon_errata=CPU40 --preproc_with_compile --preproc_dependency="transmit.d_raw"  "../transmit.c"
"..\macros.h", line 144: warning #48-D: incompatible redefinition of macro "WAIT" (declared at line 17)
"..\macros.h", line 174: warning #48-D: incompatible redefinition of macro "PRESSED" (declared at line 120)
"..\macros.h", line 175: warning #48-D: incompatible redefinition of macro "RELEASED" (declared at line 121)
"..\macros.h", line 200: warning #48-D: incompatible redefinition of macro "TB0CCR0_INTERVAL" (declared at line 68)
"..\macros.h", line 201: warning #48-D: incompatible redefinition of macro "TB0CCR1_INTERVAL" (declared at line 69)
"..\macros.h", line 202: warning #48-D: incompatible redefinition of macro "TB0CCR2_INTERVAL" (declared at line 70)
"../transmit.c", line 62: remark #1544-D: (ULP 13.1) Detected loop counting up. Recommend loops count down as detecting zeros is easier
"../transmit.c", line 63: remark #2553-D: (ULP 14.1) Array index (involving "i") of type "int". Recommend using "unsigned int"
"../transmit.c", line 90: remark #1527-D: (ULP 2.1) Detected SW delay loop using empty loop. Recommend using a timer module instead
"../transmit.c", line 199: remark #1544-D: (ULP 13.1) Detected loop counting up. Recommend loops count down as detecting zeros is easier
"../transmit.c", line 199: remark #1527-D: (ULP 2.1) Detected SW delay loop using empty loop. Recommend using a timer module instead
"../transmit.c", line 199: remark #1544-D: (ULP 13.1) Detected loop counting up. Recommend loops count down as detecting zeros is easier
"../transmit.c", line 199: remark #1527-D: (ULP 2.1) Detected SW delay loop using empty loop. Recommend using a timer module instead
"../transmit.c", line 199: remark #1544-D: (ULP 13.1) Detected loop counting up. Recommend loops count down as detecting zeros is easier
"../transmit.c", line 199: remark #1527-D: (ULP 2.1) Detected SW delay loop using empty loop. Recommend using a timer module instead
Finished building: "../transmit.c"
 
Building target: "Project 08.out"
Invoking: MSP430 Linker
"D:/ccs/tools/compiler/ti-cgt-msp430_21.6.1.LTS/bin/cl430" -vmspx --use_hw_mpy=F5 --advice:power=all --advice:hw_config=all --define=__MSP430FR2355__ --define=_FRWP_ENABLE --define=_INFO_FRWP_ENABLE -g --printf_support=minimal --diag_warning=225 --diag_wrap=off --display_error_number --silicon_errata=CPU21 --silicon_errata=CPU22 --silicon_errata=CPU40 -z -m"Project 08.map" --heap_size=160 --stack_size=160 --cinit_hold_wdt=on -i"D:/ccs/ccs_base/msp430/include" -i"D:/ccs/ccs_base/msp430/lib/FR2xx" -i"D:/ccs/tools/compiler/ti-cgt-msp430_21.6.1.LTS/lib" -i"D:/ccs/tools/compiler/ti-cgt-msp430_21.6.1.LTS/include" --priority --reread_libs --define=_FRWP_ENABLE --define=_INFO_FRWP_ENABLE --diag_wrap=off --display_error_number --warn_sections --xml_link_info="Project 08_linkInfo.xml" --use_hw_mpy=F5 --rom_model -o "Project 08.out" "./Display.obj" "./adc.obj" "./black_line.obj" "./clocks.obj" "./init.obj" "./led.obj" "./main.obj" "./ports.obj" "./serial.obj" "./states.obj" "./switches.obj" "./system.obj" "./timers.obj" "./timers_move.obj" "./transmit.obj" "./wheels.obj" "../Compiled/LCD.obj" "../lnk_msp430fr2355.cmd"  -lfrwp_init.a -llibc.a 
<Linking>
error #10056: symbol "__TI_int38" redefined: first defined in "./switches.obj"; redefined in "./timers.obj"
error #10056: symbol "Timer2_B1_ISR" redefined: first defined in "./switches.obj"; redefined in "./timers.obj"
 
 undefined     first referenced
  symbol           in file     
remark #10372-D: (ULP 4.1) Detected uninitialized Port A in this project. Recommend initializing all unused ports to eliminate wasted current consumption on unused pins.
remark #10372-D: (ULP 4.1) Detected uninitialized Port B in this project. Recommend initializing all unused ports to eliminate wasted current consumption on unused pins.
 ---------     ----------------
remark #10372-D: (ULP 4.1) Detected uninitialized Port C in this project. Recommend initializing all unused ports to eliminate wasted current consumption on unused pins.
remark #10422-D: (ULP 6.2) Detected use of a device with available 32-bit hardware multiplier and not also using MSPMATHLIB library (libmath.a).  Recommend using MSPMATHLIB library (libmath.a) for improved performance.
 
>> Compilation failure
makefile:154: recipe for target 'Project 08.out' failed
 Init_Timer_B1 ./timers.obj    
 Init_Timer_B3 ./timers.obj    
 
error #10234-D: unresolved symbols remain
error #10010: errors encountered during linking; "Project 08.out" not built
gmake[1]: *** [Project 08.out] Error 1
makefile:150: recipe for target 'all' failed
gmake: *** [all] Error 2

**** Build Finished ****

**** Build of configuration Debug for project Project 08 ****

"D:\\ccs\\utils\\bin\\gmake" -k -j 16 all -O 
 
Building file: "../serial.c"
Invoking: MSP430 Compiler
"D:/ccs/tools/compiler/ti-cgt-msp430_21.6.1.LTS/bin/cl430" -vmspx --use_hw_mpy=F5 --include_path="D:/ccs/ccs_base/msp430/include" --include_path="D:/ccs/Project 08/Project 08" --include_path="D:/ccs/tools/compiler/ti-cgt-msp430_21.6.1.LTS/include" --advice:power=all --advice:hw_config=all --define=__MSP430FR2355__ --define=_FRWP_ENABLE --define=_INFO_FRWP_ENABLE -g --printf_support=minimal --diag_warning=225 --diag_wrap=off --display_error_number --silicon_errata=CPU21 --silicon_errata=CPU22 --silicon_errata=CPU40 --preproc_with_compile --preproc_dependency="serial.d_raw"  "../serial.c"
"..\macros.h", line 144: warning #48-D: incompatible redefinition of macro "WAIT" (declared at line 17)
"..\macros.h", line 174: warning #48-D: incompatible redefinition of macro "PRESSED" (declared at line 120)
"..\macros.h", line 175: warning #48-D: incompatible redefinition of macro "RELEASED" (declared at line 121)
"..\macros.h", line 200: warning #48-D: incompatible redefinition of macro "TB0CCR0_INTERVAL" (declared at line 68)
"..\macros.h", line 201: warning #48-D: incompatible redefinition of macro "TB0CCR1_INTERVAL" (declared at line 69)
"..\macros.h", line 202: warning #48-D: incompatible redefinition of macro "TB0CCR2_INTERVAL" (declared at line 70)
"../serial.c", line 69: remark #1528-D: (ULP 3.1) Detected flag polling using UCA1IFG. Recommend using an interrupt combined with enter LPMx and ISR
"../serial.c", line 68: remark #1544-D: (ULP 13.1) Detected loop counting up. Recommend loops count down as detecting zeros is easier
"../serial.c", line 68: remark #2553-D: (ULP 14.1) Array index (involving "i") of type "int". Recommend using "unsigned int"
"../serial.c", line 70: remark #2553-D: (ULP 14.1) Array index (involving "i") of type "int". Recommend using "unsigned int"
"../serial.c", line 77: remark #1528-D: (ULP 3.1) Detected flag polling using UCA0IFG. Recommend using an interrupt combined with enter LPMx and ISR
"../serial.c", line 76: remark #1544-D: (ULP 13.1) Detected loop counting up. Recommend loops count down as detecting zeros is easier
"../serial.c", line 76: remark #2553-D: (ULP 14.1) Array index (involving "i") of type "int". Recommend using "unsigned int"
"../serial.c", line 78: remark #2553-D: (ULP 14.1) Array index (involving "i") of type "int". Recommend using "unsigned int"
Finished building: "../serial.c"
 
Building file: "../transmit.c"
Invoking: MSP430 Compiler
"D:/ccs/tools/compiler/ti-cgt-msp430_21.6.1.LTS/bin/cl430" -vmspx --use_hw_mpy=F5 --include_path="D:/ccs/ccs_base/msp430/include" --include_path="D:/ccs/Project 08/Project 08" --include_path="D:/ccs/tools/compiler/ti-cgt-msp430_21.6.1.LTS/include" --advice:power=all --advice:hw_config=all --define=__MSP430FR2355__ --define=_FRWP_ENABLE --define=_INFO_FRWP_ENABLE -g --printf_support=minimal --diag_warning=225 --diag_wrap=off --display_error_number --silicon_errata=CPU21 --silicon_errata=CPU22 --silicon_errata=CPU40 --preproc_with_compile --preproc_dependency="transmit.d_raw"  "../transmit.c"
"..\macros.h", line 144: warning #48-D: incompatible redefinition of macro "WAIT" (declared at line 17)
"..\macros.h", line 174: warning #48-D: incompatible redefinition of macro "PRESSED" (declared at line 120)
"..\macros.h", line 175: warning #48-D: incompatible redefinition of macro "RELEASED" (declared at line 121)
"..\macros.h", line 200: warning #48-D: incompatible redefinition of macro "TB0CCR0_INTERVAL" (declared at line 68)
"..\macros.h", line 201: warning #48-D: incompatible redefinition of macro "TB0CCR1_INTERVAL" (declared at line 69)
"..\macros.h", line 202: warning #48-D: incompatible redefinition of macro "TB0CCR2_INTERVAL" (declared at line 70)
"../transmit.c", line 62: remark #1544-D: (ULP 13.1) Detected loop counting up. Recommend loops count down as detecting zeros is easier
"../transmit.c", line 63: remark #2553-D: (ULP 14.1) Array index (involving "i") of type "int". Recommend using "unsigned int"
"../transmit.c", line 90: remark #1527-D: (ULP 2.1) Detected SW delay loop using empty loop. Recommend using a timer module instead
"../transmit.c", line 199: remark #1544-D: (ULP 13.1) Detected loop counting up. Recommend loops count down as detecting zeros is easier
"../transmit.c", line 199: remark #1527-D: (ULP 2.1) Detected SW delay loop using empty loop. Recommend using a timer module instead
"../transmit.c", line 199: remark #1544-D: (ULP 13.1) Detected loop counting up. Recommend loops count down as detecting zeros is easier
"../transmit.c", line 199: remark #1527-D: (ULP 2.1) Detected SW delay loop using empty loop. Recommend using a timer module instead
"../transmit.c", line 199: remark #1544-D: (ULP 13.1) Detected loop counting up. Recommend loops count down as detecting zeros is easier
"../transmit.c", line 199: remark #1527-D: (ULP 2.1) Detected SW delay loop using empty loop. Recommend using a timer module instead
Finished building: "../transmit.c"
 
Building target: "Project 08.out"
Invoking: MSP430 Linker
"D:/ccs/tools/compiler/ti-cgt-msp430_21.6.1.LTS/bin/cl430" -vmspx --use_hw_mpy=F5 --advice:power=all --advice:hw_config=all --define=__MSP430FR2355__ --define=_FRWP_ENABLE --define=_INFO_FRWP_ENABLE -g --printf_support=minimal --diag_warning=225 --diag_wrap=off --display_error_number --silicon_errata=CPU21 --silicon_errata=CPU22 --silicon_errata=CPU40 -z -m"Project 08.map" --heap_size=160 --stack_size=160 --cinit_hold_wdt=on -i"D:/ccs/ccs_base/msp430/include" -i"D:/ccs/ccs_base/msp430/lib/FR2xx" -i"D:/ccs/tools/compiler/ti-cgt-msp430_21.6.1.LTS/lib" -i"D:/ccs/tools/compiler/ti-cgt-msp430_21.6.1.LTS/include" --priority --reread_libs --define=_FRWP_ENABLE --define=_INFO_FRWP_ENABLE --diag_wrap=off --display_error_number --warn_sections --xml_link_info="Project 08_linkInfo.xml" --use_hw_mpy=F5 --rom_model -o "Project 08.out" "./Display.obj" "./adc.obj" "./black_line.obj" "./clocks.obj" "./init.obj" "./led.obj" "./main.obj" "./ports.obj" "./serial.obj" "./states.obj" "./switches.obj" "./system.obj" "./timers.obj" "./timers_move.obj" "./transmit.obj" "./wheels.obj" "../Compiled/LCD.obj" "../lnk_msp430fr2355.cmd"  -lfrwp_init.a -llibc.a 
<Linking>
error #10056: symbol "__TI_int38" redefined: first defined in "./switches.obj"; redefined in "./timers.obj"
error #10056: symbol "Timer2_B1_ISR" redefined: first defined in "./switches.obj"; redefined in "./timers.obj"
 
 undefined     first referenced
  symbol           in file     
remark #10372-D: (ULP 4.1) Detected uninitialized Port A in this project. Recommend initializing all unused ports to eliminate wasted current consumption on unused pins.
remark #10372-D: (ULP 4.1) Detected uninitialized Port B in this project. Recommend initializing all unused ports to eliminate wasted current consumption on unused pins.
remark #10372-D: (ULP 4.1) Detected uninitialized Port C in this project. Recommend initializing all unused ports to eliminate wasted current consumption on unused pins.
 ---------     ----------------
remark #10422-D: (ULP 6.2) Detected use of a device with available 32-bit hardware multiplier and not also using MSPMATHLIB library (libmath.a).  Recommend using MSPMATHLIB library (libmath.a) for improved performance.
 
>> Compilation failure
makefile:154: recipe for target 'Project 08.out' failed
 Init_Timer_B1 ./timers.obj    
 Init_Timer_B3 ./timers.obj    
 
error #10234-D: unresolved symbols remain
error #10010: errors encountered during linking; "Project 08.out" not built
gmake[1]: *** [Project 08.out] Error 1
makefile:150: recipe for target 'all' failed
gmake: *** [all] Error 2

**** Build Finished ****

**** Build of configuration Debug for project Project 08 ****

"D:\\ccs\\utils\\bin\\gmake" -k -j 16 all -O 
 
Building file: "../switches.c"
Invoking: MSP430 Compiler
"D:/ccs/tools/compiler/ti-cgt-msp430_21.6.1.LTS/bin/cl430" -vmspx --use_hw_mpy=F5 --include_path="D:/ccs/ccs_base/msp430/include" --include_path="D:/ccs/Project 08/Project 08" --include_path="D:/ccs/tools/compiler/ti-cgt-msp430_21.6.1.LTS/include" --advice:power=all --advice:hw_config=all --define=__MSP430FR2355__ --define=_FRWP_ENABLE --define=_INFO_FRWP_ENABLE -g --printf_support=minimal --diag_warning=225 --diag_wrap=off --display_error_number --silicon_errata=CPU21 --silicon_errata=CPU22 --silicon_errata=CPU40 --preproc_with_compile --preproc_dependency="switches.d_raw"  "../switches.c"
"..\macros.h", line 144: warning #48-D: incompatible redefinition of macro "WAIT" (declared at line 17)
"..\macros.h", line 174: warning #48-D: incompatible redefinition of macro "PRESSED" (declared at line 120)
"..\macros.h", line 175: warning #48-D: incompatible redefinition of macro "RELEASED" (declared at line 121)
"..\macros.h", line 200: warning #48-D: incompatible redefinition of macro "TB0CCR0_INTERVAL" (declared at line 68)
"..\macros.h", line 201: warning #48-D: incompatible redefinition of macro "TB0CCR1_INTERVAL" (declared at line 69)
"..\macros.h", line 202: warning #48-D: incompatible redefinition of macro "TB0CCR2_INTERVAL" (declared at line 70)
Finished building: "../switches.c"
 
Building target: "Project 08.out"
Invoking: MSP430 Linker
"D:/ccs/tools/compiler/ti-cgt-msp430_21.6.1.LTS/bin/cl430" -vmspx --use_hw_mpy=F5 --advice:power=all --advice:hw_config=all --define=__MSP430FR2355__ --define=_FRWP_ENABLE --define=_INFO_FRWP_ENABLE -g --printf_support=minimal --diag_warning=225 --diag_wrap=off --display_error_number --silicon_errata=CPU21 --silicon_errata=CPU22 --silicon_errata=CPU40 -z -m"Project 08.map" --heap_size=160 --stack_size=160 --cinit_hold_wdt=on -i"D:/ccs/ccs_base/msp430/include" -i"D:/ccs/ccs_base/msp430/lib/FR2xx" -i"D:/ccs/tools/compiler/ti-cgt-msp430_21.6.1.LTS/lib" -i"D:/ccs/tools/compiler/ti-cgt-msp430_21.6.1.LTS/include" --priority --reread_libs --define=_FRWP_ENABLE --define=_INFO_FRWP_ENABLE --diag_wrap=off --display_error_number --warn_sections --xml_link_info="Project 08_linkInfo.xml" --use_hw_mpy=F5 --rom_model -o "Project 08.out" "./Display.obj" "./adc.obj" "./black_line.obj" "./clocks.obj" "./init.obj" "./led.obj" "./main.obj" "./ports.obj" "./serial.obj" "./states.obj" "./switches.obj" "./system.obj" "./timers.obj" "./timers_move.obj" "./transmit.obj" "./wheels.obj" "../Compiled/LCD.obj" "../lnk_msp430fr2355.cmd"  -lfrwp_init.a -llibc.a 
<Linking>
 
 undefined     first referenced
  symbol           in file     
 ---------     ----------------
 Init_Timer_B1 ./timers.obj    
 Init_Timer_B3 ./timers.obj    
 
error #10234-D: unresolved symbols remain
remark #10372-D: (ULP 4.1) Detected uninitialized Port A in this project. Recommend initializing all unused ports to eliminate wasted current consumption on unused pins.
remark #10372-D: (ULP 4.1) Detected uninitialized Port B in this project. Recommend initializing all unused ports to eliminate wasted current consumption on unused pins.
error #10010: errors encountered during linking; "Project 08.out" not built
remark #10372-D: (ULP 4.1) Detected uninitialized Port C in this project. Recommend initializing all unused ports to eliminate wasted current consumption on unused pins.
remark #10422-D: (ULP 6.2) Detected use of a device with available 32-bit hardware multiplier and not also using MSPMATHLIB library (libmath.a).  Recommend using MSPMATHLIB library (libmath.a) for improved performance.
 
>> Compilation failure
makefile:154: recipe for target 'Project 08.out' failed
gmake[1]: *** [Project 08.out] Error 1
makefile:150: recipe for target 'all' failed
gmake: *** [all] Error 2

**** Build Finished ****

**** Build of configuration Debug for project Project 08 ****

"D:\\ccs\\utils\\bin\\gmake" -k -j 16 all -O 
 
Building file: "../timers.c"
Invoking: MSP430 Compiler
"D:/ccs/tools/compiler/ti-cgt-msp430_21.6.1.LTS/bin/cl430" -vmspx --use_hw_mpy=F5 --include_path="D:/ccs/ccs_base/msp430/include" --include_path="D:/ccs/Project 08/Project 08" --include_path="D:/ccs/tools/compiler/ti-cgt-msp430_21.6.1.LTS/include" --advice:power=all --advice:hw_config=all --define=__MSP430FR2355__ --define=_FRWP_ENABLE --define=_INFO_FRWP_ENABLE -g --printf_support=minimal --diag_warning=225 --diag_wrap=off --display_error_number --silicon_errata=CPU21 --silicon_errata=CPU22 --silicon_errata=CPU40 --preproc_with_compile --preproc_dependency="timers.d_raw"  "../timers.c"
"..\macros.h", line 144: warning #48-D: incompatible redefinition of macro "WAIT" (declared at line 17)
"..\macros.h", line 174: warning #48-D: incompatible redefinition of macro "PRESSED" (declared at line 120)
"..\macros.h", line 175: warning #48-D: incompatible redefinition of macro "RELEASED" (declared at line 121)
"..\macros.h", line 200: warning #48-D: incompatible redefinition of macro "TB0CCR0_INTERVAL" (declared at line 68)
"..\macros.h", line 201: warning #48-D: incompatible redefinition of macro "TB0CCR1_INTERVAL" (declared at line 69)
"..\macros.h", line 202: warning #48-D: incompatible redefinition of macro "TB0CCR2_INTERVAL" (declared at line 70)
Finished building: "../timers.c"
 
Building target: "Project 08.out"
Invoking: MSP430 Linker
"D:/ccs/tools/compiler/ti-cgt-msp430_21.6.1.LTS/bin/cl430" -vmspx --use_hw_mpy=F5 --advice:power=all --advice:hw_config=all --define=__MSP430FR2355__ --define=_FRWP_ENABLE --define=_INFO_FRWP_ENABLE -g --printf_support=minimal --diag_warning=225 --diag_wrap=off --display_error_number --silicon_errata=CPU21 --silicon_errata=CPU22 --silicon_errata=CPU40 -z -m"Project 08.map" --heap_size=160 --stack_size=160 --cinit_hold_wdt=on -i"D:/ccs/ccs_base/msp430/include" -i"D:/ccs/ccs_base/msp430/lib/FR2xx" -i"D:/ccs/tools/compiler/ti-cgt-msp430_21.6.1.LTS/lib" -i"D:/ccs/tools/compiler/ti-cgt-msp430_21.6.1.LTS/include" --priority --reread_libs --define=_FRWP_ENABLE --define=_INFO_FRWP_ENABLE --diag_wrap=off --display_error_number --warn_sections --xml_link_info="Project 08_linkInfo.xml" --use_hw_mpy=F5 --rom_model -o "Project 08.out" "./Display.obj" "./adc.obj" "./black_line.obj" "./clocks.obj" "./init.obj" "./led.obj" "./main.obj" "./ports.obj" "./serial.obj" "./states.obj" "./switches.obj" "./system.obj" "./timers.obj" "./timers_move.obj" "./transmit.obj" "./wheels.obj" "../Compiled/LCD.obj" "../lnk_msp430fr2355.cmd"  -lfrwp_init.a -llibc.a 
<Linking>
remark #10372-D: (ULP 4.1) Detected uninitialized Port A in this project. Recommend initializing all unused ports to eliminate wasted current consumption on unused pins.
remark #10372-D: (ULP 4.1) Detected uninitialized Port B in this project. Recommend initializing all unused ports to eliminate wasted current consumption on unused pins.
remark #10372-D: (ULP 4.1) Detected uninitialized Port C in this project. Recommend initializing all unused ports to eliminate wasted current consumption on unused pins.
remark #10422-D: (ULP 6.2) Detected use of a device with available 32-bit hardware multiplier and not also using MSPMATHLIB library (libmath.a).  Recommend using MSPMATHLIB library (libmath.a) for improved performance.
Finished building target: "Project 08.out"
 

**** Build Finished ****

**** Build of configuration Debug for project Project 08 ****

"D:\\ccs\\utils\\bin\\gmake" -k -j 16 all -O 
 
gmake[1]: 'Project 08.out' is up to date.

**** Build Finished ****

**** Build of configuration Debug for project Project 08 ****

"D:\\ccs\\utils\\bin\\gmake" -k -j 16 all -O 
 
gmake[1]: 'Project 08.out' is up to date.

**** Build Finished ****

**** Build of configuration Debug for project Project 08 ****

"D:\\ccs\\utils\\bin\\gmake" -k -j 16 all -O 
 
gmake[1]: 'Project 08.out' is up to date.

**** Build Finished ****

**** Build of configuration Debug for project Project 08 ****

"D:\\ccs\\utils\\bin\\gmake" -k -j 16 all -O 
 
gmake[1]: 'Project 08.out' is up to date.

**** Build Finished ****

**** Build of configuration Debug for project Project 08 ****

"D:\\ccs\\utils\\bin\\gmake" -k -j 16 all -O 
 
Building file: "../switches.c"
Invoking: MSP430 Compiler
"D:/ccs/tools/compiler/ti-cgt-msp430_21.6.1.LTS/bin/cl430" -vmspx --use_hw_mpy=F5 --include_path="D:/ccs/ccs_base/msp430/include" --include_path="D:/ccs/Project 08/Project 08" --include_path="D:/ccs/tools/compiler/ti-cgt-msp430_21.6.1.LTS/include" --advice:power=all --advice:hw_config=all --define=__MSP430FR2355__ --define=_FRWP_ENABLE --define=_INFO_FRWP_ENABLE -g --printf_support=minimal --diag_warning=225 --diag_wrap=off --display_error_number --silicon_errata=CPU21 --silicon_errata=CPU22 --silicon_errata=CPU40 --preproc_with_compile --preproc_dependency="switches.d_raw"  "../switches.c"
"..\macros.h", line 144: warning #48-D: incompatible redefinition of macro "WAIT" (declared at line 17)
"..\macros.h", line 174: warning #48-D: incompatible redefinition of macro "PRESSED" (declared at line 120)
"..\macros.h", line 175: warning #48-D: incompatible redefinition of macro "RELEASED" (declared at line 121)
"..\macros.h", line 200: warning #48-D: incompatible redefinition of macro "TB0CCR0_INTERVAL" (declared at line 68)
"..\macros.h", line 201: warning #48-D: incompatible redefinition of macro "TB0CCR1_INTERVAL" (declared at line 69)
"..\macros.h", line 202: warning #48-D: incompatible redefinition of macro "TB0CCR2_INTERVAL" (declared at line 70)
Finished building: "../switches.c"
 
Building file: "../main.c"
Invoking: MSP430 Compiler
"D:/ccs/tools/compiler/ti-cgt-msp430_21.6.1.LTS/bin/cl430" -vmspx --use_hw_mpy=F5 --include_path="D:/ccs/ccs_base/msp430/include" --include_path="D:/ccs/Project 08/Project 08" --include_path="D:/ccs/tools/compiler/ti-cgt-msp430_21.6.1.LTS/include" --advice:power=all --advice:hw_config=all --define=__MSP430FR2355__ --define=_FRWP_ENABLE --define=_INFO_FRWP_ENABLE -g --printf_support=minimal --diag_warning=225 --diag_wrap=off --display_error_number --silicon_errata=CPU21 --silicon_errata=CPU22 --silicon_errata=CPU40 --preproc_with_compile --preproc_dependency="main.d_raw"  "../main.c"
"..\macros.h", line 144: warning #48-D: incompatible redefinition of macro "WAIT" (declared at line 17)
"..\macros.h", line 174: warning #48-D: incompatible redefinition of macro "PRESSED" (declared at line 120)
"..\macros.h", line 175: warning #48-D: incompatible redefinition of macro "RELEASED" (declared at line 121)
"..\macros.h", line 200: warning #48-D: incompatible redefinition of macro "TB0CCR0_INTERVAL" (declared at line 68)
"..\macros.h", line 201: warning #48-D: incompatible redefinition of macro "TB0CCR1_INTERVAL" (declared at line 69)
"..\macros.h", line 202: warning #48-D: incompatible redefinition of macro "TB0CCR2_INTERVAL" (declared at line 70)
Finished building: "../main.c"
 
Building file: "../serial.c"
Invoking: MSP430 Compiler
"D:/ccs/tools/compiler/ti-cgt-msp430_21.6.1.LTS/bin/cl430" -vmspx --use_hw_mpy=F5 --include_path="D:/ccs/ccs_base/msp430/include" --include_path="D:/ccs/Project 08/Project 08" --include_path="D:/ccs/tools/compiler/ti-cgt-msp430_21.6.1.LTS/include" --advice:power=all --advice:hw_config=all --define=__MSP430FR2355__ --define=_FRWP_ENABLE --define=_INFO_FRWP_ENABLE -g --printf_support=minimal --diag_warning=225 --diag_wrap=off --display_error_number --silicon_errata=CPU21 --silicon_errata=CPU22 --silicon_errata=CPU40 --preproc_with_compile --preproc_dependency="serial.d_raw"  "../serial.c"
"..\macros.h", line 144: warning #48-D: incompatible redefinition of macro "WAIT" (declared at line 17)
"..\macros.h", line 174: warning #48-D: incompatible redefinition of macro "PRESSED" (declared at line 120)
"..\macros.h", line 175: warning #48-D: incompatible redefinition of macro "RELEASED" (declared at line 121)
"..\macros.h", line 200: warning #48-D: incompatible redefinition of macro "TB0CCR0_INTERVAL" (declared at line 68)
"..\macros.h", line 201: warning #48-D: incompatible redefinition of macro "TB0CCR1_INTERVAL" (declared at line 69)
"..\macros.h", line 202: warning #48-D: incompatible redefinition of macro "TB0CCR2_INTERVAL" (declared at line 70)
"../serial.c", line 51: remark #1528-D: (ULP 3.1) Detected flag polling using UCA1IFG. Recommend using an interrupt combined with enter LPMx and ISR
"../serial.c", line 50: remark #1544-D: (ULP 13.1) Detected loop counting up. Recommend loops count down as detecting zeros is easier
"../serial.c", line 50: remark #2553-D: (ULP 14.1) Array index (involving "i") of type "int". Recommend using "unsigned int"
"../serial.c", line 52: remark #2553-D: (ULP 14.1) Array index (involving "i") of type "int". Recommend using "unsigned int"
"../serial.c", line 59: remark #1528-D: (ULP 3.1) Detected flag polling using UCA0IFG. Recommend using an interrupt combined with enter LPMx and ISR
"../serial.c", line 58: remark #1544-D: (ULP 13.1) Detected loop counting up. Recommend loops count down as detecting zeros is easier
"../serial.c", line 58: remark #2553-D: (ULP 14.1) Array index (involving "i") of type "int". Recommend using "unsigned int"
"../serial.c", line 60: remark #2553-D: (ULP 14.1) Array index (involving "i") of type "int". Recommend using "unsigned int"
"../serial.c", line 72: remark #1528-D: (ULP 3.1) Detected flag polling using UCA1IFG. Recommend using an interrupt combined with enter LPMx and ISR
"../serial.c", line 96: remark #1528-D: (ULP 3.1) Detected flag polling using UCA0IFG. Recommend using an interrupt combined with enter LPMx and ISR
Finished building: "../serial.c"
 
Building file: "../ports.c"
Invoking: MSP430 Compiler
"D:/ccs/tools/compiler/ti-cgt-msp430_21.6.1.LTS/bin/cl430" -vmspx --use_hw_mpy=F5 --include_path="D:/ccs/ccs_base/msp430/include" --include_path="D:/ccs/Project 08/Project 08" --include_path="D:/ccs/tools/compiler/ti-cgt-msp430_21.6.1.LTS/include" --advice:power=all --advice:hw_config=all --define=__MSP430FR2355__ --define=_FRWP_ENABLE --define=_INFO_FRWP_ENABLE -g --printf_support=minimal --diag_warning=225 --diag_wrap=off --display_error_number --silicon_errata=CPU21 --silicon_errata=CPU22 --silicon_errata=CPU40 --preproc_with_compile --preproc_dependency="ports.d_raw"  "../ports.c"
"..\macros.h", line 144: warning #48-D: incompatible redefinition of macro "WAIT" (declared at line 17)
"..\macros.h", line 174: warning #48-D: incompatible redefinition of macro "PRESSED" (declared at line 120)
"..\macros.h", line 175: warning #48-D: incompatible redefinition of macro "RELEASED" (declared at line 121)
"..\macros.h", line 200: warning #48-D: incompatible redefinition of macro "TB0CCR0_INTERVAL" (declared at line 68)
"..\macros.h", line 201: warning #48-D: incompatible redefinition of macro "TB0CCR1_INTERVAL" (declared at line 69)
"..\macros.h", line 202: warning #48-D: incompatible redefinition of macro "TB0CCR2_INTERVAL" (declared at line 70)
"../ports.c", line 16: warning #225-D: function "Init_Port_1" declared implicitly
"../ports.c", line 17: warning #225-D: function "Init_Port_2" declared implicitly
"../ports.c", line 18: warning #225-D: function "Init_Port_3" declared implicitly
"../ports.c", line 19: warning #225-D: function "Init_Port_4" declared implicitly
"../ports.c", line 20: warning #225-D: function "Init_Port_5" declared implicitly
"../ports.c", line 21: warning #225-D: function "Init_Port_6" declared implicitly
"../ports.c", line 24: warning #161-D: declaration is incompatible with previous "Init_Port_1" (declared at line 16)
"../ports.c", line 65: warning #161-D: declaration is incompatible with previous "Init_Port_2" (declared at line 17)
"../ports.c", line 115: warning #161-D: declaration is incompatible with previous "Init_Port_3" (declared at line 18)
"../ports.c", line 160: warning #161-D: declaration is incompatible with previous "Init_Port_4" (declared at line 19)
"../ports.c", line 199: warning #161-D: declaration is incompatible with previous "Init_Port_5" (declared at line 20)
"../ports.c", line 232: warning #161-D: declaration is incompatible with previous "Init_Port_6" (declared at line 21)
Finished building: "../ports.c"
 
Building file: "../timers.c"
Invoking: MSP430 Compiler
"D:/ccs/tools/compiler/ti-cgt-msp430_21.6.1.LTS/bin/cl430" -vmspx --use_hw_mpy=F5 --include_path="D:/ccs/ccs_base/msp430/include" --include_path="D:/ccs/Project 08/Project 08" --include_path="D:/ccs/tools/compiler/ti-cgt-msp430_21.6.1.LTS/include" --advice:power=all --advice:hw_config=all --define=__MSP430FR2355__ --define=_FRWP_ENABLE --define=_INFO_FRWP_ENABLE -g --printf_support=minimal --diag_warning=225 --diag_wrap=off --display_error_number --silicon_errata=CPU21 --silicon_errata=CPU22 --silicon_errata=CPU40 --preproc_with_compile --preproc_dependency="timers.d_raw"  "../timers.c"
"..\macros.h", line 144: warning #48-D: incompatible redefinition of macro "WAIT" (declared at line 17)
"..\macros.h", line 174: warning #48-D: incompatible redefinition of macro "PRESSED" (declared at line 120)
"..\macros.h", line 175: warning #48-D: incompatible redefinition of macro "RELEASED" (declared at line 121)
"..\macros.h", line 200: warning #48-D: incompatible redefinition of macro "TB0CCR0_INTERVAL" (declared at line 68)
"..\macros.h", line 201: warning #48-D: incompatible redefinition of macro "TB0CCR1_INTERVAL" (declared at line 69)
"..\macros.h", line 202: warning #48-D: incompatible redefinition of macro "TB0CCR2_INTERVAL" (declared at line 70)
Finished building: "../timers.c"
 
Building file: "../transmit.c"
Invoking: MSP430 Compiler
"D:/ccs/tools/compiler/ti-cgt-msp430_21.6.1.LTS/bin/cl430" -vmspx --use_hw_mpy=F5 --include_path="D:/ccs/ccs_base/msp430/include" --include_path="D:/ccs/Project 08/Project 08" --include_path="D:/ccs/tools/compiler/ti-cgt-msp430_21.6.1.LTS/include" --advice:power=all --advice:hw_config=all --define=__MSP430FR2355__ --define=_FRWP_ENABLE --define=_INFO_FRWP_ENABLE -g --printf_support=minimal --diag_warning=225 --diag_wrap=off --display_error_number --silicon_errata=CPU21 --silicon_errata=CPU22 --silicon_errata=CPU40 --preproc_with_compile --preproc_dependency="transmit.d_raw"  "../transmit.c"
"..\macros.h", line 144: warning #48-D: incompatible redefinition of macro "WAIT" (declared at line 17)
"..\macros.h", line 174: warning #48-D: incompatible redefinition of macro "PRESSED" (declared at line 120)
"..\macros.h", line 175: warning #48-D: incompatible redefinition of macro "RELEASED" (declared at line 121)
"..\macros.h", line 200: warning #48-D: incompatible redefinition of macro "TB0CCR0_INTERVAL" (declared at line 68)
"..\macros.h", line 201: warning #48-D: incompatible redefinition of macro "TB0CCR1_INTERVAL" (declared at line 69)
"..\macros.h", line 202: warning #48-D: incompatible redefinition of macro "TB0CCR2_INTERVAL" (declared at line 70)
"../transmit.c", line 46: remark #1544-D: (ULP 13.1) Detected loop counting up. Recommend loops count down as detecting zeros is easier
"../transmit.c", line 46: remark #2553-D: (ULP 14.1) Array index (involving "i") of type "int". Recommend using "unsigned int"
"../transmit.c", line 66: remark #1527-D: (ULP 2.1) Detected SW delay loop using empty loop. Recommend using a timer module instead
Finished building: "../transmit.c"
 
Building target: "Project 08.out"
Invoking: MSP430 Linker
"D:/ccs/tools/compiler/ti-cgt-msp430_21.6.1.LTS/bin/cl430" -vmspx --use_hw_mpy=F5 --advice:power=all --advice:hw_config=all --define=__MSP430FR2355__ --define=_FRWP_ENABLE --define=_INFO_FRWP_ENABLE -g --printf_support=minimal --diag_warning=225 --diag_wrap=off --display_error_number --silicon_errata=CPU21 --silicon_errata=CPU22 --silicon_errata=CPU40 -z -m"Project 08.map" --heap_size=160 --stack_size=160 --cinit_hold_wdt=on -i"D:/ccs/ccs_base/msp430/include" -i"D:/ccs/ccs_base/msp430/lib/FR2xx" -i"D:/ccs/tools/compiler/ti-cgt-msp430_21.6.1.LTS/lib" -i"D:/ccs/tools/compiler/ti-cgt-msp430_21.6.1.LTS/include" --priority --reread_libs --define=_FRWP_ENABLE --define=_INFO_FRWP_ENABLE --diag_wrap=off --display_error_number --warn_sections --xml_link_info="Project 08_linkInfo.xml" --use_hw_mpy=F5 --rom_model -o "Project 08.out" "./Display.obj" "./adc.obj" "./black_line.obj" "./clocks.obj" "./init.obj" "./led.obj" "./main.obj" "./ports.obj" "./serial.obj" "./states.obj" "./switches.obj" "./system.obj" "./timers.obj" "./timers_move.obj" "./transmit.obj" "./wheels.obj" "../Compiled/LCD.obj" "../lnk_msp430fr2355.cmd"  -lfrwp_init.a -llibc.a 
<Linking>
remark #10372-D: (ULP 4.1) Detected uninitialized Port A in this project. Recommend initializing all unused ports to eliminate wasted current consumption on unused pins.
remark #10372-D: (ULP 4.1) Detected uninitialized Port B in this project. Recommend initializing all unused ports to eliminate wasted current consumption on unused pins.
remark #10372-D: (ULP 4.1) Detected uninitialized Port C in this project. Recommend initializing all unused ports to eliminate wasted current consumption on unused pins.
remark #10422-D: (ULP 6.2) Detected use of a device with available 32-bit hardware multiplier and not also using MSPMATHLIB library (libmath.a).  Recommend using MSPMATHLIB library (libmath.a) for improved performance.
Finished building target: "Project 08.out"
 

**** Build Finished ****

**** Build of configuration Debug for project Project 08 ****

"D:\\ccs\\utils\\bin\\gmake" -k -j 16 all -O 
 
gmake[1]: 'Project 08.out' is up to date.

**** Build Finished ****

**** Build of configuration Debug for project Project 08 ****

"D:\\ccs\\utils\\bin\\gmake" -k -j 16 all -O 
 
gmake[1]: 'Project 08.out' is up to date.

**** Build Finished ****

**** Build of configuration Debug for project Project 08 ****

"D:\\ccs\\utils\\bin\\gmake" -k -j 16 all -O 
 
gmake[1]: 'Project 08.out' is up to date.

**** Build Finished ****

**** Build of configuration Debug for project Project 08 ****

"D:\\ccs\\utils\\bin\\gmake" -k -j 16 all -O 
 
Building file: "../serial.c"
Invoking: MSP430 Compiler
"D:/ccs/tools/compiler/ti-cgt-msp430_21.6.1.LTS/bin/cl430" -vmspx --use_hw_mpy=F5 --include_path="D:/ccs/ccs_base/msp430/include" --include_path="D:/ccs/Project 08/Project 08" --include_path="D:/ccs/tools/compiler/ti-cgt-msp430_21.6.1.LTS/include" --advice:power=all --advice:hw_config=all --define=__MSP430FR2355__ --define=_FRWP_ENABLE --define=_INFO_FRWP_ENABLE -g --printf_support=minimal --diag_warning=225 --diag_wrap=off --display_error_number --silicon_errata=CPU21 --silicon_errata=CPU22 --silicon_errata=CPU40 --preproc_with_compile --preproc_dependency="serial.d_raw"  "../serial.c"
 
>> Compilation failure
subdir_rules.mk:9: recipe for target 'serial.obj' failed
"..\macros.h", line 144: warning #48-D: incompatible redefinition of macro "WAIT" (declared at line 17)
"..\macros.h", line 174: warning #48-D: incompatible redefinition of macro "PRESSED" (declared at line 120)
"..\macros.h", line 175: warning #48-D: incompatible redefinition of macro "RELEASED" (declared at line 121)
"..\macros.h", line 200: warning #48-D: incompatible redefinition of macro "TB0CCR0_INTERVAL" (declared at line 68)
"..\macros.h", line 201: warning #48-D: incompatible redefinition of macro "TB0CCR1_INTERVAL" (declared at line 69)
"..\macros.h", line 202: warning #48-D: incompatible redefinition of macro "TB0CCR2_INTERVAL" (declared at line 70)
"../serial.c", line 79: remark #1530-D: (ULP 5.1) Detected modulo operation(s). Recommend moving them to RAM during run time or not using as these are processing/power intensive
"../serial.c", line 90: error #29: expected an expression
"../serial.c", line 90: error #20: identifier "i" is undefined
"../serial.c", line 100: remark #1530-D: (ULP 5.1) Detected modulo operation(s). Recommend moving them to RAM during run time or not using as these are processing/power intensive
"../serial.c", line 124: remark #1530-D: (ULP 5.1) Detected modulo operation(s). Recommend moving them to RAM during run time or not using as these are processing/power intensive
"../serial.c", line 135: remark #1530-D: (ULP 5.1) Detected modulo operation(s). Recommend moving them to RAM during run time or not using as these are processing/power intensive
2 errors detected in the compilation of "../serial.c".
gmake: *** [serial.obj] Error 1
Building file: "../main.c"
Invoking: MSP430 Compiler
"D:/ccs/tools/compiler/ti-cgt-msp430_21.6.1.LTS/bin/cl430" -vmspx --use_hw_mpy=F5 --include_path="D:/ccs/ccs_base/msp430/include" --include_path="D:/ccs/Project 08/Project 08" --include_path="D:/ccs/tools/compiler/ti-cgt-msp430_21.6.1.LTS/include" --advice:power=all --advice:hw_config=all --define=__MSP430FR2355__ --define=_FRWP_ENABLE --define=_INFO_FRWP_ENABLE -g --printf_support=minimal --diag_warning=225 --diag_wrap=off --display_error_number --silicon_errata=CPU21 --silicon_errata=CPU22 --silicon_errata=CPU40 --preproc_with_compile --preproc_dependency="main.d_raw"  "../main.c"
"..\macros.h", line 144: warning #48-D: incompatible redefinition of macro "WAIT" (declared at line 17)
"..\macros.h", line 174: warning #48-D: incompatible redefinition of macro "PRESSED" (declared at line 120)
"..\macros.h", line 175: warning #48-D: incompatible redefinition of macro "RELEASED" (declared at line 121)
"..\macros.h", line 200: warning #48-D: incompatible redefinition of macro "TB0CCR0_INTERVAL" (declared at line 68)
"..\macros.h", line 201: warning #48-D: incompatible redefinition of macro "TB0CCR1_INTERVAL" (declared at line 69)
"..\macros.h", line 202: warning #48-D: incompatible redefinition of macro "TB0CCR2_INTERVAL" (declared at line 70)
"../main.c", line 47: warning #225-D: function "Init_ADC" declared implicitly
"../main.c", line 31: remark #1535-D: (ULP 8.1) variable "event" is used as a constant. Recommend declaring variable as either 'static const' or 'const'
Finished building: "../main.c"
 
Building file: "../switches.c"
Invoking: MSP430 Compiler
"D:/ccs/tools/compiler/ti-cgt-msp430_21.6.1.LTS/bin/cl430" -vmspx --use_hw_mpy=F5 --include_path="D:/ccs/ccs_base/msp430/include" --include_path="D:/ccs/Project 08/Project 08" --include_path="D:/ccs/tools/compiler/ti-cgt-msp430_21.6.1.LTS/include" --advice:power=all --advice:hw_config=all --define=__MSP430FR2355__ --define=_FRWP_ENABLE --define=_INFO_FRWP_ENABLE -g --printf_support=minimal --diag_warning=225 --diag_wrap=off --display_error_number --silicon_errata=CPU21 --silicon_errata=CPU22 --silicon_errata=CPU40 --preproc_with_compile --preproc_dependency="switches.d_raw"  "../switches.c"
"..\macros.h", line 144: warning #48-D: incompatible redefinition of macro "WAIT" (declared at line 17)
"..\macros.h", line 174: warning #48-D: incompatible redefinition of macro "PRESSED" (declared at line 120)
"..\macros.h", line 175: warning #48-D: incompatible redefinition of macro "RELEASED" (declared at line 121)
"..\macros.h", line 200: warning #48-D: incompatible redefinition of macro "TB0CCR0_INTERVAL" (declared at line 68)
"..\macros.h", line 201: warning #48-D: incompatible redefinition of macro "TB0CCR1_INTERVAL" (declared at line 69)
"..\macros.h", line 202: warning #48-D: incompatible redefinition of macro "TB0CCR2_INTERVAL" (declared at line 70)
Finished building: "../switches.c"
 
gmake: Target 'all' not remade because of errors.

**** Build Finished ****

**** Build of configuration Debug for project Project 08 ****

"D:\\ccs\\utils\\bin\\gmake" -k -j 16 all -O 
 
Building file: "../serial.c"
Invoking: MSP430 Compiler
"D:/ccs/tools/compiler/ti-cgt-msp430_21.6.1.LTS/bin/cl430" -vmspx --use_hw_mpy=F5 --include_path="D:/ccs/ccs_base/msp430/include" --include_path="D:/ccs/Project 08/Project 08" --include_path="D:/ccs/tools/compiler/ti-cgt-msp430_21.6.1.LTS/include" --advice:power=all --advice:hw_config=all --define=__MSP430FR2355__ --define=_FRWP_ENABLE --define=_INFO_FRWP_ENABLE -g --printf_support=minimal --diag_warning=225 --diag_wrap=off --display_error_number --silicon_errata=CPU21 --silicon_errata=CPU22 --silicon_errata=CPU40 --preproc_with_compile --preproc_dependency="serial.d_raw"  "../serial.c"
"..\macros.h", line 144: warning #48-D: incompatible redefinition of macro "WAIT" (declared at line 17)
"..\macros.h", line 174: warning #48-D: incompatible redefinition of macro "PRESSED" (declared at line 120)
"..\macros.h", line 175: warning #48-D: incompatible redefinition of macro "RELEASED" (declared at line 121)
"..\macros.h", line 200: warning #48-D: incompatible redefinition of macro "TB0CCR0_INTERVAL" (declared at line 68)
"..\macros.h", line 201: warning #48-D: incompatible redefinition of macro "TB0CCR1_INTERVAL" (declared at line 69)
"..\macros.h", line 202: warning #48-D: incompatible redefinition of macro "TB0CCR2_INTERVAL" (declared at line 70)
"../serial.c", line 79: remark #1530-D: (ULP 5.1) Detected modulo operation(s). Recommend moving them to RAM during run time or not using as these are processing/power intensive
"../serial.c", line 91: remark #1544-D: (ULP 13.1) Detected loop counting up. Recommend loops count down as detecting zeros is easier
"../serial.c", line 101: remark #1530-D: (ULP 5.1) Detected modulo operation(s). Recommend moving them to RAM during run time or not using as these are processing/power intensive
"../serial.c", line 125: remark #1530-D: (ULP 5.1) Detected modulo operation(s). Recommend moving them to RAM during run time or not using as these are processing/power intensive
"../serial.c", line 136: remark #1530-D: (ULP 5.1) Detected modulo operation(s). Recommend moving them to RAM during run time or not using as these are processing/power intensive
Finished building: "../serial.c"
 
Building target: "Project 08.out"
Invoking: MSP430 Linker
"D:/ccs/tools/compiler/ti-cgt-msp430_21.6.1.LTS/bin/cl430" -vmspx --use_hw_mpy=F5 --advice:power=all --advice:hw_config=all --define=__MSP430FR2355__ --define=_FRWP_ENABLE --define=_INFO_FRWP_ENABLE -g --printf_support=minimal --diag_warning=225 --diag_wrap=off --display_error_number --silicon_errata=CPU21 --silicon_errata=CPU22 --silicon_errata=CPU40 -z -m"Project 08.map" --heap_size=160 --stack_size=160 --cinit_hold_wdt=on -i"D:/ccs/ccs_base/msp430/include" -i"D:/ccs/ccs_base/msp430/lib/FR2xx" -i"D:/ccs/tools/compiler/ti-cgt-msp430_21.6.1.LTS/lib" -i"D:/ccs/tools/compiler/ti-cgt-msp430_21.6.1.LTS/include" --priority --reread_libs --define=_FRWP_ENABLE --define=_INFO_FRWP_ENABLE --diag_wrap=off --display_error_number --warn_sections --xml_link_info="Project 08_linkInfo.xml" --use_hw_mpy=F5 --rom_model -o "Project 08.out" "./Display.obj" "./adc.obj" "./black_line.obj" "./clocks.obj" "./init.obj" "./led.obj" "./main.obj" "./ports.obj" "./serial.obj" "./states.obj" "./switches.obj" "./system.obj" "./timers.obj" "./timers_move.obj" "./transmit.obj" "./wheels.obj" "../Compiled/LCD.obj" "../lnk_msp430fr2355.cmd"  -lfrwp_init.a -llibc.a 
<Linking>
 
remark #10372-D: (ULP 4.1) Detected uninitialized Port A in this project. Recommend initializing all unused ports to eliminate wasted current consumption on unused pins.
remark #10372-D: (ULP 4.1) Detected uninitialized Port B in this project. Recommend initializing all unused ports to eliminate wasted current consumption on unused pins.
remark #10372-D: (ULP 4.1) Detected uninitialized Port C in this project. Recommend initializing all unused ports to eliminate wasted current consumption on unused pins.
remark #10422-D: (ULP 6.2) Detected use of a device with available 32-bit hardware multiplier and not also using MSPMATHLIB library (libmath.a).  Recommend using MSPMATHLIB library (libmath.a) for improved performance.
 undefined       first referenced
 
>> Compilation failure
makefile:154: recipe for target 'Project 08.out' failed
  symbol             in file     
 ---------       ----------------
 five_msec_sleep ./main.obj      
 
error #10234-D: unresolved symbols remain
error #10010: errors encountered during linking; "Project 08.out" not built
gmake[1]: *** [Project 08.out] Error 1
makefile:150: recipe for target 'all' failed
gmake: *** [all] Error 2

**** Build Finished ****

**** Build of configuration Debug for project Project 08 ****

"D:\\ccs\\utils\\bin\\gmake" -k -j 16 all -O 
 
Building file: "../timers.c"
Invoking: MSP430 Compiler
"D:/ccs/tools/compiler/ti-cgt-msp430_21.6.1.LTS/bin/cl430" -vmspx --use_hw_mpy=F5 --include_path="D:/ccs/ccs_base/msp430/include" --include_path="D:/ccs/Project 08/Project 08" --include_path="D:/ccs/tools/compiler/ti-cgt-msp430_21.6.1.LTS/include" --advice:power=all --advice:hw_config=all --define=__MSP430FR2355__ --define=_FRWP_ENABLE --define=_INFO_FRWP_ENABLE -g --printf_support=minimal --diag_warning=225 --diag_wrap=off --display_error_number --silicon_errata=CPU21 --silicon_errata=CPU22 --silicon_errata=CPU40 --preproc_with_compile --preproc_dependency="timers.d_raw"  "../timers.c"
"..\macros.h", line 144: warning #48-D: incompatible redefinition of macro "WAIT" (declared at line 17)
"..\macros.h", line 174: warning #48-D: incompatible redefinition of macro "PRESSED" (declared at line 120)
"..\macros.h", line 175: warning #48-D: incompatible redefinition of macro "RELEASED" (declared at line 121)
"..\macros.h", line 200: warning #48-D: incompatible redefinition of macro "TB0CCR0_INTERVAL" (declared at line 68)
"..\macros.h", line 201: warning #48-D: incompatible redefinition of macro "TB0CCR1_INTERVAL" (declared at line 69)
"..\macros.h", line 202: warning #48-D: incompatible redefinition of macro "TB0CCR2_INTERVAL" (declared at line 70)
"../timers.c", line 108: warning #225-D: function "five_ms_delay" declared implicitly
"../timers.c", line 107: remark #1544-D: (ULP 13.1) Detected loop counting up. Recommend loops count down as detecting zeros is easier
Finished building: "../timers.c"
 
Building target: "Project 08.out"
Invoking: MSP430 Linker
"D:/ccs/tools/compiler/ti-cgt-msp430_21.6.1.LTS/bin/cl430" -vmspx --use_hw_mpy=F5 --advice:power=all --advice:hw_config=all --define=__MSP430FR2355__ --define=_FRWP_ENABLE --define=_INFO_FRWP_ENABLE -g --printf_support=minimal --diag_warning=225 --diag_wrap=off --display_error_number --silicon_errata=CPU21 --silicon_errata=CPU22 --silicon_errata=CPU40 -z -m"Project 08.map" --heap_size=160 --stack_size=160 --cinit_hold_wdt=on -i"D:/ccs/ccs_base/msp430/include" -i"D:/ccs/ccs_base/msp430/lib/FR2xx" -i"D:/ccs/tools/compiler/ti-cgt-msp430_21.6.1.LTS/lib" -i"D:/ccs/tools/compiler/ti-cgt-msp430_21.6.1.LTS/include" --priority --reread_libs --define=_FRWP_ENABLE --define=_INFO_FRWP_ENABLE --diag_wrap=off --display_error_number --warn_sections --xml_link_info="Project 08_linkInfo.xml" --use_hw_mpy=F5 --rom_model -o "Project 08.out" "./Display.obj" "./adc.obj" "./black_line.obj" "./clocks.obj" "./init.obj" "./led.obj" "./main.obj" "./ports.obj" "./serial.obj" "./states.obj" "./switches.obj" "./system.obj" "./timers.obj" "./timers_move.obj" "./transmit.obj" "./wheels.obj" "../Compiled/LCD.obj" "../lnk_msp430fr2355.cmd"  -lfrwp_init.a -llibc.a 
<Linking>
 
 undefined     first referenced
  symbol           in file     
 ---------     ----------------
 five_ms_delay ./timers.obj    
 
remark #10372-D: (ULP 4.1) Detected uninitialized Port A in this project. Recommend initializing all unused ports to eliminate wasted current consumption on unused pins.
error #10234-D: unresolved symbols remain
remark #10372-D: (ULP 4.1) Detected uninitialized Port B in this project. Recommend initializing all unused ports to eliminate wasted current consumption on unused pins.
remark #10372-D: (ULP 4.1) Detected uninitialized Port C in this project. Recommend initializing all unused ports to eliminate wasted current consumption on unused pins.
remark #10422-D: (ULP 6.2) Detected use of a device with available 32-bit hardware multiplier and not also using MSPMATHLIB library (libmath.a).  Recommend using MSPMATHLIB library (libmath.a) for improved performance.
 
>> Compilation failure
makefile:154: recipe for target 'Project 08.out' failed
error #10010: errors encountered during linking; "Project 08.out" not built
gmake[1]: *** [Project 08.out] Error 1
makefile:150: recipe for target 'all' failed
gmake: *** [all] Error 2

**** Build Finished ****

**** Build of configuration Debug for project Project 08 ****

"D:\\ccs\\utils\\bin\\gmake" -k -j 16 all -O 
 
Building file: "../timers.c"
Invoking: MSP430 Compiler
"D:/ccs/tools/compiler/ti-cgt-msp430_21.6.1.LTS/bin/cl430" -vmspx --use_hw_mpy=F5 --include_path="D:/ccs/ccs_base/msp430/include" --include_path="D:/ccs/Project 08/Project 08" --include_path="D:/ccs/tools/compiler/ti-cgt-msp430_21.6.1.LTS/include" --advice:power=all --advice:hw_config=all --define=__MSP430FR2355__ --define=_FRWP_ENABLE --define=_INFO_FRWP_ENABLE -g --printf_support=minimal --diag_warning=225 --diag_wrap=off --display_error_number --silicon_errata=CPU21 --silicon_errata=CPU22 --silicon_errata=CPU40 --preproc_with_compile --preproc_dependency="timers.d_raw"  "../timers.c"
 
>> Compilation failure
subdir_rules.mk:9: recipe for target 'timers.obj' failed
"..\macros.h", line 144: warning #48-D: incompatible redefinition of macro "WAIT" (declared at line 17)
"..\macros.h", line 174: warning #48-D: incompatible redefinition of macro "PRESSED" (declared at line 120)
"..\macros.h", line 175: warning #48-D: incompatible redefinition of macro "RELEASED" (declared at line 121)
"..\macros.h", line 200: warning #48-D: incompatible redefinition of macro "TB0CCR0_INTERVAL" (declared at line 68)
"..\macros.h", line 201: warning #48-D: incompatible redefinition of macro "TB0CCR1_INTERVAL" (declared at line 69)
"..\macros.h", line 202: warning #48-D: incompatible redefinition of macro "TB0CCR2_INTERVAL" (declared at line 70)
"../timers.c", line 108: warning #225-D: function "five_ms_delay" declared implicitly
"../timers.c", line 107: remark #1544-D: (ULP 13.1) Detected loop counting up. Recommend loops count down as detecting zeros is easier
"../timers.c", line 112: warning #161-D: declaration is incompatible with previous "five_ms_delay" (declared at line 108)
"../timers.c", line 113: error #20: identifier "DELAY_5MS" is undefined
1 error detected in the compilation of "../timers.c".
gmake: *** [timers.obj] Error 1
gmake: Target 'all' not remade because of errors.

**** Build Finished ****

**** Build of configuration Debug for project Project 08 ****

"D:\\ccs\\utils\\bin\\gmake" -k -j 16 all -O 
 
Building file: "../Display.c"
Invoking: MSP430 Compiler
"D:/ccs/tools/compiler/ti-cgt-msp430_21.6.1.LTS/bin/cl430" -vmspx --use_hw_mpy=F5 --include_path="D:/ccs/ccs_base/msp430/include" --include_path="D:/ccs/Project 08/Project 08" --include_path="D:/ccs/tools/compiler/ti-cgt-msp430_21.6.1.LTS/include" --advice:power=all --advice:hw_config=all --define=__MSP430FR2355__ --define=_FRWP_ENABLE --define=_INFO_FRWP_ENABLE -g --printf_support=minimal --diag_warning=225 --diag_wrap=off --display_error_number --silicon_errata=CPU21 --silicon_errata=CPU22 --silicon_errata=CPU40 --preproc_with_compile --preproc_dependency="Display.d_raw"  "../Display.c"
Finished building: "../Display.c"
 
Building file: "../adc.c"
Invoking: MSP430 Compiler
"D:/ccs/tools/compiler/ti-cgt-msp430_21.6.1.LTS/bin/cl430" -vmspx --use_hw_mpy=F5 --include_path="D:/ccs/ccs_base/msp430/include" --include_path="D:/ccs/Project 08/Project 08" --include_path="D:/ccs/tools/compiler/ti-cgt-msp430_21.6.1.LTS/include" --advice:power=all --advice:hw_config=all --define=__MSP430FR2355__ --define=_FRWP_ENABLE --define=_INFO_FRWP_ENABLE -g --printf_support=minimal --diag_warning=225 --diag_wrap=off --display_error_number --silicon_errata=CPU21 --silicon_errata=CPU22 --silicon_errata=CPU40 --preproc_with_compile --preproc_dependency="adc.d_raw"  "../adc.c"
Finished building: "../adc.c"
 
Building file: "../black_line.c"
Invoking: MSP430 Compiler
"D:/ccs/tools/compiler/ti-cgt-msp430_21.6.1.LTS/bin/cl430" -vmspx --use_hw_mpy=F5 --include_path="D:/ccs/ccs_base/msp430/include" --include_path="D:/ccs/Project 08/Project 08" --include_path="D:/ccs/tools/compiler/ti-cgt-msp430_21.6.1.LTS/include" --advice:power=all --advice:hw_config=all --define=__MSP430FR2355__ --define=_FRWP_ENABLE --define=_INFO_FRWP_ENABLE -g --printf_support=minimal --diag_warning=225 --diag_wrap=off --display_error_number --silicon_errata=CPU21 --silicon_errata=CPU22 --silicon_errata=CPU40 --preproc_with_compile --preproc_dependency="black_line.d_raw"  "../black_line.c"
"../black_line.c", line 30: warning #225-D: function "search_line" declared implicitly
"../black_line.c", line 31: warning #225-D: function "stop_on_line" declared implicitly
"../black_line.c", line 32: warning #225-D: function "reverse_to_line" declared implicitly
"../black_line.c", line 34: warning #225-D: function "stopall" declared implicitly
"../black_line.c", line 35: warning #225-D: function "strcpy" declared implicitly
"../black_line.c", line 40: warning #225-D: function "adc_line" declared implicitly
"../black_line.c", line 46: warning #161-D: declaration is incompatible with previous "search_line" (declared at line 30)
"../black_line.c", line 47: warning #225-D: function "strcpy" declared implicitly
"../black_line.c", line 54: warning #225-D: function "stopall" declared implicitly
"../black_line.c", line 56: warning #225-D: function "moveforward" declared implicitly
"../black_line.c", line 60: warning #225-D: function "moveforward" declared implicitly
"../black_line.c", line 75: warning #161-D: declaration is incompatible with previous "stop_on_line" (declared at line 31)
"../black_line.c", line 76: warning #225-D: function "stopall" declared implicitly
"../black_line.c", line 77: warning #225-D: function "strcpy" declared implicitly
"../black_line.c", line 92: warning #161-D: declaration is incompatible with previous "reverse_to_line" (declared at line 32)
"../black_line.c", line 93: warning #225-D: function "strcpy" declared implicitly
"../black_line.c", line 100: warning #225-D: function "spin_clockwise" declared implicitly
"../black_line.c", line 115: remark #1544-D: (ULP 13.1) Detected loop counting up. Recommend loops count down as detecting zeros is easier
"../black_line.c", line 116: remark #2553-D: (ULP 14.1) Array index (involving "i") of type "int". Recommend using "unsigned int"
"../black_line.c", line 138: warning #161-D: declaration is incompatible with previous "adc_line" (declared at line 40)
"../black_line.c", line 142: remark #1544-D: (ULP 13.1) Detected loop counting up. Recommend loops count down as detecting zeros is easier
"../black_line.c", line 143: remark #1545-D: (ULP 14.1) Array index of type "int". Recommend using "unsigned int"
"../black_line.c", line 143: remark #2553-D: (ULP 14.1) Array index (involving "i") of type "int". Recommend using "unsigned int"
"../black_line.c", line 173: warning #225-D: function "strcpy" declared implicitly
"../black_line.c", line 179: warning #225-D: function "strcpy" declared implicitly
"../black_line.c", line 157: remark #1544-D: (ULP 13.1) Detected loop counting up. Recommend loops count down as detecting zeros is easier
"../black_line.c", line 158: remark #2553-D: (ULP 14.1) Array index (involving "j") of type "int". Recommend using "unsigned int"
"../black_line.c", line 158: remark #2553-D: (ULP 14.1) Array index (involving "j") of type "int". Recommend using "unsigned int"
"../black_line.c", line 165: remark #1544-D: (ULP 13.1) Detected loop counting up. Recommend loops count down as detecting zeros is easier
"../black_line.c", line 166: remark #2553-D: (ULP 14.1) Array index (involving "j") of type "int". Recommend using "unsigned int"
"../black_line.c", line 166: remark #2553-D: (ULP 14.1) Array index (involving "j") of type "int". Recommend using "unsigned int"
"../black_line.c", line 157: remark #1544-D: (ULP 13.1) Detected loop counting up. Recommend loops count down as detecting zeros is easier
"../black_line.c", line 158: remark #2553-D: (ULP 14.1) Array index (involving "j") of type "int". Recommend using "unsigned int"
"../black_line.c", line 158: remark #2553-D: (ULP 14.1) Array index (involving "j") of type "int". Recommend using "unsigned int"
"../black_line.c", line 165: remark #1544-D: (ULP 13.1) Detected loop counting up. Recommend loops count down as detecting zeros is easier
"../black_line.c", line 166: remark #2553-D: (ULP 14.1) Array index (involving "j") of type "int". Recommend using "unsigned int"
"../black_line.c", line 166: remark #2553-D: (ULP 14.1) Array index (involving "j") of type "int". Recommend using "unsigned int"
Finished building: "../black_line.c"
 
Building file: "../clocks.c"
Invoking: MSP430 Compiler
"D:/ccs/tools/compiler/ti-cgt-msp430_21.6.1.LTS/bin/cl430" -vmspx --use_hw_mpy=F5 --include_path="D:/ccs/ccs_base/msp430/include" --include_path="D:/ccs/Project 08/Project 08" --include_path="D:/ccs/tools/compiler/ti-cgt-msp430_21.6.1.LTS/include" --advice:power=all --advice:hw_config=all --define=__MSP430FR2355__ --define=_FRWP_ENABLE --define=_INFO_FRWP_ENABLE -g --printf_support=minimal --diag_warning=225 --diag_wrap=off --display_error_number --silicon_errata=CPU21 --silicon_errata=CPU22 --silicon_errata=CPU40 --preproc_with_compile --preproc_dependency="clocks.d_raw"  "../clocks.c"
"../clocks.c", line 86: remark #1527-D: (ULP 2.1) Detected SW delay loop using __delay_cycles. Recommend using a timer module instead
"../clocks.c", line 87: remark #1527-D: (ULP 2.1) Detected SW delay loop using empty loop. Recommend using a timer module instead
"../clocks.c", line 120: remark #1527-D: (ULP 2.1) Detected SW delay loop using empty loop. Recommend using a timer module instead
Finished building: "../clocks.c"
 
Building file: "../init.c"
Invoking: MSP430 Compiler
"D:/ccs/tools/compiler/ti-cgt-msp430_21.6.1.LTS/bin/cl430" -vmspx --use_hw_mpy=F5 --include_path="D:/ccs/ccs_base/msp430/include" --include_path="D:/ccs/Project 08/Project 08" --include_path="D:/ccs/tools/compiler/ti-cgt-msp430_21.6.1.LTS/include" --advice:power=all --advice:hw_config=all --define=__MSP430FR2355__ --define=_FRWP_ENABLE --define=_INFO_FRWP_ENABLE -g --printf_support=minimal --diag_warning=225 --diag_wrap=off --display_error_number --silicon_errata=CPU21 --silicon_errata=CPU22 --silicon_errata=CPU40 --preproc_with_compile --preproc_dependency="init.d_raw"  "../init.c"
"../init.c", line 26: remark #1544-D: (ULP 13.1) Detected loop counting up. Recommend loops count down as detecting zeros is easier
"../init.c", line 27: remark #2553-D: (ULP 14.1) Array index (involving "i") of type "int". Recommend using "unsigned int"
"../init.c", line 28: remark #2553-D: (ULP 14.1) Array index (involving "i") of type "int". Recommend using "unsigned int"
"../init.c", line 29: remark #2553-D: (ULP 14.1) Array index (involving "i") of type "int". Recommend using "unsigned int"
"../init.c", line 30: remark #2553-D: (ULP 14.1) Array index (involving "i") of type "int". Recommend using "unsigned int"
Finished building: "../init.c"
 
Building file: "../main.c"
Invoking: MSP430 Compiler
"D:/ccs/tools/compiler/ti-cgt-msp430_21.6.1.LTS/bin/cl430" -vmspx --use_hw_mpy=F5 --include_path="D:/ccs/ccs_base/msp430/include" --include_path="D:/ccs/Project 08/Project 08" --include_path="D:/ccs/tools/compiler/ti-cgt-msp430_21.6.1.LTS/include" --advice:power=all --advice:hw_config=all --define=__MSP430FR2355__ --define=_FRWP_ENABLE --define=_INFO_FRWP_ENABLE -g --printf_support=minimal --diag_warning=225 --diag_wrap=off --display_error_number --silicon_errata=CPU21 --silicon_errata=CPU22 --silicon_errata=CPU40 --preproc_with_compile --preproc_dependency="main.d_raw"  "../main.c"
 
>> Compilation failure
subdir_rules.mk:9: recipe for target 'main.obj' failed
"../main.c", line 47: warning #225-D: function "Init_ADC" declared implicitly
"../main.c", line 92: error #20: identifier "BLACK_LINE_FOLLOW" is undefined
"../main.c", line 31: remark #1535-D: (ULP 8.1) variable "event" is used as a constant. Recommend declaring variable as either 'static const' or 'const'
1 error detected in the compilation of "../main.c".
gmake: *** [main.obj] Error 1
Building file: "../led.c"
Invoking: MSP430 Compiler
"D:/ccs/tools/compiler/ti-cgt-msp430_21.6.1.LTS/bin/cl430" -vmspx --use_hw_mpy=F5 --include_path="D:/ccs/ccs_base/msp430/include" --include_path="D:/ccs/Project 08/Project 08" --include_path="D:/ccs/tools/compiler/ti-cgt-msp430_21.6.1.LTS/include" --advice:power=all --advice:hw_config=all --define=__MSP430FR2355__ --define=_FRWP_ENABLE --define=_INFO_FRWP_ENABLE -g --printf_support=minimal --diag_warning=225 --diag_wrap=off --display_error_number --silicon_errata=CPU21 --silicon_errata=CPU22 --silicon_errata=CPU40 --preproc_with_compile --preproc_dependency="led.d_raw"  "../led.c"
Finished building: "../led.c"
 
Building file: "../states.c"
Invoking: MSP430 Compiler
"D:/ccs/tools/compiler/ti-cgt-msp430_21.6.1.LTS/bin/cl430" -vmspx --use_hw_mpy=F5 --include_path="D:/ccs/ccs_base/msp430/include" --include_path="D:/ccs/Project 08/Project 08" --include_path="D:/ccs/tools/compiler/ti-cgt-msp430_21.6.1.LTS/include" --advice:power=all --advice:hw_config=all --define=__MSP430FR2355__ --define=_FRWP_ENABLE --define=_INFO_FRWP_ENABLE -g --printf_support=minimal --diag_warning=225 --diag_wrap=off --display_error_number --silicon_errata=CPU21 --silicon_errata=CPU22 --silicon_errata=CPU40 --preproc_with_compile --preproc_dependency="states.d_raw"  "../states.c"
 
>> Compilation failure
subdir_rules.mk:9: recipe for target 'states.obj' failed
"../states.c", line 17: error #20: identifier "WAIT" is undefined
"../states.c", line 35: warning #225-D: function "wait_case" declared implicitly
"../states.c", line 37: error #20: identifier "START" is undefined
"../states.c", line 38: warning #225-D: function "start_case" declared implicitly
"../states.c", line 40: error #20: identifier "RUN" is undefined
"../states.c", line 41: warning #225-D: function "run_case" declared implicitly
"../states.c", line 43: error #20: identifier "END" is undefined
"../states.c", line 44: warning #225-D: function "end_case" declared implicitly
"../states.c", line 50: warning #161-D: declaration is incompatible with previous "start_case" (declared at line 38)
"../states.c", line 54: warning #225-D: function "moveforward" declared implicitly
"../states.c", line 56: error #20: identifier "RUN" is undefined
"../states.c", line 59: warning #161-D: declaration is incompatible with previous "run_case" (declared at line 41)
"../states.c", line 74: warning #225-D: function "moveforward" declared implicitly
"../states.c", line 77: error #20: identifier "END" is undefined
"../states.c", line 85: warning #225-D: function "wait_case" declared implicitly
"../states.c", line 86: error #20: identifier "START" is undefined
"../states.c", line 86: warning #225-D: function "start_case_circle" declared implicitly
"../states.c", line 87: error #20: identifier "RUN" is undefined
"../states.c", line 87: warning #225-D: function "run_case_circle" declared implicitly
"../states.c", line 88: error #20: identifier "END" is undefined
"../states.c", line 88: warning #225-D: function "end_case" declared implicitly
"../states.c", line 93: warning #161-D: declaration is incompatible with previous "wait_case" (declared at line 35)
"../states.c", line 98: error #20: identifier "START" is undefined
"../states.c", line 103: warning #161-D: declaration is incompatible with previous "start_case_circle" (declared at line 86)
"../states.c", line 107: warning #225-D: function "moveforward" declared implicitly
"../states.c", line 109: error #20: identifier "RUN" is undefined
"../states.c", line 112: warning #161-D: declaration is incompatible with previous "run_case_circle" (declared at line 87)
"../states.c", line 133: warning #225-D: function "moveforward" declared implicitly
"../states.c", line 136: error #20: identifier "END" is undefined
"../states.c", line 141: warning #161-D: declaration is incompatible with previous "end_case" (declared at line 44)
"../states.c", line 142: warning #225-D: function "stopall" declared implicitly
"../states.c", line 151: error #20: identifier "START" is undefined
"../states.c", line 151: warning #225-D: function "start_case_triangle" declared implicitly
"../states.c", line 152: error #20: identifier "RUN" is undefined
"../states.c", line 152: warning #225-D: function "run_case_triangle" declared implicitly
"../states.c", line 153: error #20: identifier "END" is undefined
"../states.c", line 158: warning #161-D: declaration is incompatible with previous "start_case_triangle" (declared at line 151)
"../states.c", line 162: warning #225-D: function "moveforward" declared implicitly
"../states.c", line 166: error #20: identifier "RUN" is undefined
"../states.c", line 169: warning #161-D: declaration is incompatible with previous "run_case_triangle" (declared at line 152)
"../states.c", line 192: warning #225-D: function "moveforward" declared implicitly
"../states.c", line 203: warning #188-D: pointless comparison of unsigned integer with zero
"../states.c", line 217: warning #225-D: function "moveforward" declared implicitly
"../states.c", line 226: error #20: identifier "END" is undefined
"../states.c", line 238: error #20: identifier "START" is undefined
"../states.c", line 238: warning #225-D: function "start_case_figure8" declared implicitly
"../states.c", line 239: error #20: identifier "RUN" is undefined
"../states.c", line 239: warning #225-D: function "run_case_figure8" declared implicitly
"../states.c", line 240: error #20: identifier "END" is undefined
"../states.c", line 246: warning #161-D: declaration is incompatible with previous "start_case_figure8" (declared at line 238)
"../states.c", line 250: warning #225-D: function "moveforward" declared implicitly
"../states.c", line 253: error #20: identifier "RUN" is undefined
"../states.c", line 258: warning #161-D: declaration is incompatible with previous "run_case_figure8" (declared at line 239)
"../states.c", line 289: warning #225-D: function "moveforward" declared implicitly
"../states.c", line 293: error #20: identifier "END" is undefined
"../states.c", line 300: warning #225-D: function "moveforward" declared implicitly
"../states.c", line 24: remark #1535-D: (ULP 8.1) variable "event" is used as a constant. Recommend declaring variable as either 'static const' or 'const'
22 errors detected in the compilation of "../states.c".
gmake: *** [states.obj] Error 1
Building file: "../ports.c"
Invoking: MSP430 Compiler
"D:/ccs/tools/compiler/ti-cgt-msp430_21.6.1.LTS/bin/cl430" -vmspx --use_hw_mpy=F5 --include_path="D:/ccs/ccs_base/msp430/include" --include_path="D:/ccs/Project 08/Project 08" --include_path="D:/ccs/tools/compiler/ti-cgt-msp430_21.6.1.LTS/include" --advice:power=all --advice:hw_config=all --define=__MSP430FR2355__ --define=_FRWP_ENABLE --define=_INFO_FRWP_ENABLE -g --printf_support=minimal --diag_warning=225 --diag_wrap=off --display_error_number --silicon_errata=CPU21 --silicon_errata=CPU22 --silicon_errata=CPU40 --preproc_with_compile --preproc_dependency="ports.d_raw"  "../ports.c"
"../ports.c", line 16: warning #225-D: function "Init_Port_1" declared implicitly
"../ports.c", line 17: warning #225-D: function "Init_Port_2" declared implicitly
"../ports.c", line 18: warning #225-D: function "Init_Port_3" declared implicitly
"../ports.c", line 19: warning #225-D: function "Init_Port_4" declared implicitly
"../ports.c", line 20: warning #225-D: function "Init_Port_5" declared implicitly
"../ports.c", line 21: warning #225-D: function "Init_Port_6" declared implicitly
"../ports.c", line 24: warning #161-D: declaration is incompatible with previous "Init_Port_1" (declared at line 16)
"../ports.c", line 65: warning #161-D: declaration is incompatible with previous "Init_Port_2" (declared at line 17)
"../ports.c", line 115: warning #161-D: declaration is incompatible with previous "Init_Port_3" (declared at line 18)
"../ports.c", line 160: warning #161-D: declaration is incompatible with previous "Init_Port_4" (declared at line 19)
"../ports.c", line 199: warning #161-D: declaration is incompatible with previous "Init_Port_5" (declared at line 20)
"../ports.c", line 232: warning #161-D: declaration is incompatible with previous "Init_Port_6" (declared at line 21)
Finished building: "../ports.c"
 
Building file: "../serial.c"
Invoking: MSP430 Compiler
"D:/ccs/tools/compiler/ti-cgt-msp430_21.6.1.LTS/bin/cl430" -vmspx --use_hw_mpy=F5 --include_path="D:/ccs/ccs_base/msp430/include" --include_path="D:/ccs/Project 08/Project 08" --include_path="D:/ccs/tools/compiler/ti-cgt-msp430_21.6.1.LTS/include" --advice:power=all --advice:hw_config=all --define=__MSP430FR2355__ --define=_FRWP_ENABLE --define=_INFO_FRWP_ENABLE -g --printf_support=minimal --diag_warning=225 --diag_wrap=off --display_error_number --silicon_errata=CPU21 --silicon_errata=CPU22 --silicon_errata=CPU40 --preproc_with_compile --preproc_dependency="serial.d_raw"  "../serial.c"
"../serial.c", line 79: remark #1530-D: (ULP 5.1) Detected modulo operation(s). Recommend moving them to RAM during run time or not using as these are processing/power intensive
"../serial.c", line 91: remark #1544-D: (ULP 13.1) Detected loop counting up. Recommend loops count down as detecting zeros is easier
"../serial.c", line 101: remark #1530-D: (ULP 5.1) Detected modulo operation(s). Recommend moving them to RAM during run time or not using as these are processing/power intensive
"../serial.c", line 125: remark #1530-D: (ULP 5.1) Detected modulo operation(s). Recommend moving them to RAM during run time or not using as these are processing/power intensive
"../serial.c", line 136: remark #1530-D: (ULP 5.1) Detected modulo operation(s). Recommend moving them to RAM during run time or not using as these are processing/power intensive
Finished building: "../serial.c"
 
Building file: "../switches.c"
Invoking: MSP430 Compiler
"D:/ccs/tools/compiler/ti-cgt-msp430_21.6.1.LTS/bin/cl430" -vmspx --use_hw_mpy=F5 --include_path="D:/ccs/ccs_base/msp430/include" --include_path="D:/ccs/Project 08/Project 08" --include_path="D:/ccs/tools/compiler/ti-cgt-msp430_21.6.1.LTS/include" --advice:power=all --advice:hw_config=all --define=__MSP430FR2355__ --define=_FRWP_ENABLE --define=_INFO_FRWP_ENABLE -g --printf_support=minimal --diag_warning=225 --diag_wrap=off --display_error_number --silicon_errata=CPU21 --silicon_errata=CPU22 --silicon_errata=CPU40 --preproc_with_compile --preproc_dependency="switches.d_raw"  "../switches.c"
Finished building: "../switches.c"
 
Building file: "../system.c"
Invoking: MSP430 Compiler
"D:/ccs/tools/compiler/ti-cgt-msp430_21.6.1.LTS/bin/cl430" -vmspx --use_hw_mpy=F5 --include_path="D:/ccs/ccs_base/msp430/include" --include_path="D:/ccs/Project 08/Project 08" --include_path="D:/ccs/tools/compiler/ti-cgt-msp430_21.6.1.LTS/include" --advice:power=all --advice:hw_config=all --define=__MSP430FR2355__ --define=_FRWP_ENABLE --define=_INFO_FRWP_ENABLE -g --printf_support=minimal --diag_warning=225 --diag_wrap=off --display_error_number --silicon_errata=CPU21 --silicon_errata=CPU22 --silicon_errata=CPU40 --preproc_with_compile --preproc_dependency="system.d_raw"  "../system.c"
Finished building: "../system.c"
 
Building file: "../timers.c"
Invoking: MSP430 Compiler
"D:/ccs/tools/compiler/ti-cgt-msp430_21.6.1.LTS/bin/cl430" -vmspx --use_hw_mpy=F5 --include_path="D:/ccs/ccs_base/msp430/include" --include_path="D:/ccs/Project 08/Project 08" --include_path="D:/ccs/tools/compiler/ti-cgt-msp430_21.6.1.LTS/include" --advice:power=all --advice:hw_config=all --define=__MSP430FR2355__ --define=_FRWP_ENABLE --define=_INFO_FRWP_ENABLE -g --printf_support=minimal --diag_warning=225 --diag_wrap=off --display_error_number --silicon_errata=CPU21 --silicon_errata=CPU22 --silicon_errata=CPU40 --preproc_with_compile --preproc_dependency="timers.d_raw"  "../timers.c"
"../timers.c", line 108: warning #225-D: function "five_ms_delay" declared implicitly
"../timers.c", line 107: remark #1544-D: (ULP 13.1) Detected loop counting up. Recommend loops count down as detecting zeros is easier
"../timers.c", line 112: warning #161-D: declaration is incompatible with previous "five_ms_delay" (declared at line 108)
Finished building: "../timers.c"
 
Building file: "../timers_move.c"
Invoking: MSP430 Compiler
"D:/ccs/tools/compiler/ti-cgt-msp430_21.6.1.LTS/bin/cl430" -vmspx --use_hw_mpy=F5 --include_path="D:/ccs/ccs_base/msp430/include" --include_path="D:/ccs/Project 08/Project 08" --include_path="D:/ccs/tools/compiler/ti-cgt-msp430_21.6.1.LTS/include" --advice:power=all --advice:hw_config=all --define=__MSP430FR2355__ --define=_FRWP_ENABLE --define=_INFO_FRWP_ENABLE -g --printf_support=minimal --diag_warning=225 --diag_wrap=off --display_error_number --silicon_errata=CPU21 --silicon_errata=CPU22 --silicon_errata=CPU40 --preproc_with_compile --preproc_dependency="timers_move.d_raw"  "../timers_move.c"
"../timers_move.c", line 57: warning #225-D: function "moveforward" declared implicitly
"../timers_move.c", line 61: warning #225-D: function "stopall" declared implicitly
"../timers_move.c", line 65: warning #225-D: function "movereverse" declared implicitly
"../timers_move.c", line 82: warning #225-D: function "spin_clockwise" declared implicitly
"../timers_move.c", line 90: warning #225-D: function "spin_counterclockwise" declared implicitly
Finished building: "../timers_move.c"
 
Building file: "../transmit.c"
Invoking: MSP430 Compiler
"D:/ccs/tools/compiler/ti-cgt-msp430_21.6.1.LTS/bin/cl430" -vmspx --use_hw_mpy=F5 --include_path="D:/ccs/ccs_base/msp430/include" --include_path="D:/ccs/Project 08/Project 08" --include_path="D:/ccs/tools/compiler/ti-cgt-msp430_21.6.1.LTS/include" --advice:power=all --advice:hw_config=all --define=__MSP430FR2355__ --define=_FRWP_ENABLE --define=_INFO_FRWP_ENABLE -g --printf_support=minimal --diag_warning=225 --diag_wrap=off --display_error_number --silicon_errata=CPU21 --silicon_errata=CPU22 --silicon_errata=CPU40 --preproc_with_compile --preproc_dependency="transmit.d_raw"  "../transmit.c"
"../transmit.c", line 46: remark #1544-D: (ULP 13.1) Detected loop counting up. Recommend loops count down as detecting zeros is easier
"../transmit.c", line 46: remark #2553-D: (ULP 14.1) Array index (involving "i") of type "int". Recommend using "unsigned int"
"../transmit.c", line 66: remark #1527-D: (ULP 2.1) Detected SW delay loop using empty loop. Recommend using a timer module instead
Finished building: "../transmit.c"
 
Building file: "../wheels.c"
Invoking: MSP430 Compiler
"D:/ccs/tools/compiler/ti-cgt-msp430_21.6.1.LTS/bin/cl430" -vmspx --use_hw_mpy=F5 --include_path="D:/ccs/ccs_base/msp430/include" --include_path="D:/ccs/Project 08/Project 08" --include_path="D:/ccs/tools/compiler/ti-cgt-msp430_21.6.1.LTS/include" --advice:power=all --advice:hw_config=all --define=__MSP430FR2355__ --define=_FRWP_ENABLE --define=_INFO_FRWP_ENABLE -g --printf_support=minimal --diag_warning=225 --diag_wrap=off --display_error_number --silicon_errata=CPU21 --silicon_errata=CPU22 --silicon_errata=CPU40 --preproc_with_compile --preproc_dependency="wheels.d_raw"  "../wheels.c"
Finished building: "../wheels.c"
 
gmake: Target 'all' not remade because of errors.

**** Build Finished ****

**** Build of configuration Debug for project Project 08 ****

"D:\\ccs\\utils\\bin\\gmake" -k -j 16 all -O 
 
Building file: "../main.c"
Invoking: MSP430 Compiler
"D:/ccs/tools/compiler/ti-cgt-msp430_21.6.1.LTS/bin/cl430" -vmspx --use_hw_mpy=F5 --include_path="D:/ccs/ccs_base/msp430/include" --include_path="D:/ccs/Project 08/Project 08" --include_path="D:/ccs/tools/compiler/ti-cgt-msp430_21.6.1.LTS/include" --advice:power=all --advice:hw_config=all --define=__MSP430FR2355__ --define=_FRWP_ENABLE --define=_INFO_FRWP_ENABLE -g --printf_support=minimal --diag_warning=225 --diag_wrap=off --display_error_number --silicon_errata=CPU21 --silicon_errata=CPU22 --silicon_errata=CPU40 --preproc_with_compile --preproc_dependency="main.d_raw"  "../main.c"
 
>> Compilation failure
subdir_rules.mk:9: recipe for target 'main.obj' failed
"../main.c", line 47: warning #225-D: function "Init_ADC" declared implicitly
"../main.c", line 92: error #20: identifier "BLACK_LINE_FOLLOW" is undefined
"../main.c", line 31: remark #1535-D: (ULP 8.1) variable "event" is used as a constant. Recommend declaring variable as either 'static const' or 'const'
1 error detected in the compilation of "../main.c".
gmake: *** [main.obj] Error 1
Building file: "../states.c"
Invoking: MSP430 Compiler
"D:/ccs/tools/compiler/ti-cgt-msp430_21.6.1.LTS/bin/cl430" -vmspx --use_hw_mpy=F5 --include_path="D:/ccs/ccs_base/msp430/include" --include_path="D:/ccs/Project 08/Project 08" --include_path="D:/ccs/tools/compiler/ti-cgt-msp430_21.6.1.LTS/include" --advice:power=all --advice:hw_config=all --define=__MSP430FR2355__ --define=_FRWP_ENABLE --define=_INFO_FRWP_ENABLE -g --printf_support=minimal --diag_warning=225 --diag_wrap=off --display_error_number --silicon_errata=CPU21 --silicon_errata=CPU22 --silicon_errata=CPU40 --preproc_with_compile --preproc_dependency="states.d_raw"  "../states.c"
Finished building: "../states.c"
 
gmake: Target 'all' not remade because of errors.

**** Build Finished ****

**** Build of configuration Debug for project Project 08 ****

"D:\\ccs\\utils\\bin\\gmake" -k -j 16 all -O 
 
Building file: "../main.c"
Invoking: MSP430 Compiler
"D:/ccs/tools/compiler/ti-cgt-msp430_21.6.1.LTS/bin/cl430" -vmspx --use_hw_mpy=F5 --include_path="D:/ccs/ccs_base/msp430/include" --include_path="D:/ccs/Project 08/Project 08" --include_path="D:/ccs/tools/compiler/ti-cgt-msp430_21.6.1.LTS/include" --advice:power=all --advice:hw_config=all --define=__MSP430FR2355__ --define=_FRWP_ENABLE --define=_INFO_FRWP_ENABLE -g --printf_support=minimal --diag_warning=225 --diag_wrap=off --display_error_number --silicon_errata=CPU21 --silicon_errata=CPU22 --silicon_errata=CPU40 --preproc_with_compile --preproc_dependency="main.d_raw"  "../main.c"
"../main.c", line 47: warning #225-D: function "Init_ADC" declared implicitly
"../main.c", line 31: remark #1535-D: (ULP 8.1) variable "event" is used as a constant. Recommend declaring variable as either 'static const' or 'const'
Finished building: "../main.c"
 
Building target: "Project 08.out"
Invoking: MSP430 Linker
"D:/ccs/tools/compiler/ti-cgt-msp430_21.6.1.LTS/bin/cl430" -vmspx --use_hw_mpy=F5 --advice:power=all --advice:hw_config=all --define=__MSP430FR2355__ --define=_FRWP_ENABLE --define=_INFO_FRWP_ENABLE -g --printf_support=minimal --diag_warning=225 --diag_wrap=off --display_error_number --silicon_errata=CPU21 --silicon_errata=CPU22 --silicon_errata=CPU40 -z -m"Project 08.map" --heap_size=160 --stack_size=160 --cinit_hold_wdt=on -i"D:/ccs/ccs_base/msp430/include" -i"D:/ccs/ccs_base/msp430/lib/FR2xx" -i"D:/ccs/tools/compiler/ti-cgt-msp430_21.6.1.LTS/lib" -i"D:/ccs/tools/compiler/ti-cgt-msp430_21.6.1.LTS/include" --priority --reread_libs --define=_FRWP_ENABLE --define=_INFO_FRWP_ENABLE --diag_wrap=off --display_error_number --warn_sections --xml_link_info="Project 08_linkInfo.xml" --use_hw_mpy=F5 --rom_model -o "Project 08.out" "./Display.obj" "./adc.obj" "./black_line.obj" "./clocks.obj" "./init.obj" "./led.obj" "./main.obj" "./ports.obj" "./serial.obj" "./states.obj" "./switches.obj" "./system.obj" "./timers.obj" "./timers_move.obj" "./transmit.obj" "./wheels.obj" "../Compiled/LCD.obj" "../lnk_msp430fr2355.cmd"  -lfrwp_init.a -llibc.a 
<Linking>
 
 undefined   first referenced
  symbol         in file     
 ---------   ----------------
 delay_start ./black_line.obj
 
error #10234-D: unresolved symbols remain
error #10010: errors encountered during linking; "Project 08.out" not built
remark #10372-D: (ULP 4.1) Detected uninitialized Port A in this project. Recommend initializing all unused ports to eliminate wasted current consumption on unused pins.
remark #10372-D: (ULP 4.1) Detected uninitialized Port B in this project. Recommend initializing all unused ports to eliminate wasted current consumption on unused pins.
remark #10372-D: (ULP 4.1) Detected uninitialized Port C in this project. Recommend initializing all unused ports to eliminate wasted current consumption on unused pins.
remark #10422-D: (ULP 6.2) Detected use of a device with available 32-bit hardware multiplier and not also using MSPMATHLIB library (libmath.a).  Recommend using MSPMATHLIB library (libmath.a) for improved performance.
 
>> Compilation failure
makefile:154: recipe for target 'Project 08.out' failed
gmake[1]: *** [Project 08.out] Error 1
makefile:150: recipe for target 'all' failed
gmake: *** [all] Error 2

**** Build Finished ****

**** Build of configuration Debug for project Project 08 ****

"D:\\ccs\\utils\\bin\\gmake" -k -j 16 all -O 
 
Building file: "../states.c"
Invoking: MSP430 Compiler
"D:/ccs/tools/compiler/ti-cgt-msp430_21.6.1.LTS/bin/cl430" -vmspx --use_hw_mpy=F5 --include_path="D:/ccs/ccs_base/msp430/include" --include_path="D:/ccs/Project 08/Project 08" --include_path="D:/ccs/tools/compiler/ti-cgt-msp430_21.6.1.LTS/include" --advice:power=all --advice:hw_config=all --define=__MSP430FR2355__ --define=_FRWP_ENABLE --define=_INFO_FRWP_ENABLE -g --printf_support=minimal --diag_warning=225 --diag_wrap=off --display_error_number --silicon_errata=CPU21 --silicon_errata=CPU22 --silicon_errata=CPU40 --preproc_with_compile --preproc_dependency="states.d_raw"  "../states.c"
Finished building: "../states.c"
 
Building target: "Project 08.out"
Invoking: MSP430 Linker
"D:/ccs/tools/compiler/ti-cgt-msp430_21.6.1.LTS/bin/cl430" -vmspx --use_hw_mpy=F5 --advice:power=all --advice:hw_config=all --define=__MSP430FR2355__ --define=_FRWP_ENABLE --define=_INFO_FRWP_ENABLE -g --printf_support=minimal --diag_warning=225 --diag_wrap=off --display_error_number --silicon_errata=CPU21 --silicon_errata=CPU22 --silicon_errata=CPU40 -z -m"Project 08.map" --heap_size=160 --stack_size=160 --cinit_hold_wdt=on -i"D:/ccs/ccs_base/msp430/include" -i"D:/ccs/ccs_base/msp430/lib/FR2xx" -i"D:/ccs/tools/compiler/ti-cgt-msp430_21.6.1.LTS/lib" -i"D:/ccs/tools/compiler/ti-cgt-msp430_21.6.1.LTS/include" --priority --reread_libs --define=_FRWP_ENABLE --define=_INFO_FRWP_ENABLE --diag_wrap=off --display_error_number --warn_sections --xml_link_info="Project 08_linkInfo.xml" --use_hw_mpy=F5 --rom_model -o "Project 08.out" "./Display.obj" "./adc.obj" "./black_line.obj" "./clocks.obj" "./init.obj" "./led.obj" "./main.obj" "./ports.obj" "./serial.obj" "./states.obj" "./switches.obj" "./system.obj" "./timers.obj" "./timers_move.obj" "./transmit.obj" "./wheels.obj" "../Compiled/LCD.obj" "../lnk_msp430fr2355.cmd"  -lfrwp_init.a -llibc.a 
<Linking>
remark #10372-D: (ULP 4.1) Detected uninitialized Port A in this project. Recommend initializing all unused ports to eliminate wasted current consumption on unused pins.
remark #10372-D: (ULP 4.1) Detected uninitialized Port B in this project. Recommend initializing all unused ports to eliminate wasted current consumption on unused pins.
remark #10372-D: (ULP 4.1) Detected uninitialized Port C in this project. Recommend initializing all unused ports to eliminate wasted current consumption on unused pins.
remark #10422-D: (ULP 6.2) Detected use of a device with available 32-bit hardware multiplier and not also using MSPMATHLIB library (libmath.a).  Recommend using MSPMATHLIB library (libmath.a) for improved performance.
Finished building target: "Project 08.out"
 

**** Build Finished ****

**** Build of configuration Debug for project Project 08 ****

"D:\\ccs\\utils\\bin\\gmake" -k -j 16 all -O 
 
gmake[1]: 'Project 08.out' is up to date.

**** Build Finished ****

**** Build of configuration Debug for project Project 08 ****

"D:\\ccs\\utils\\bin\\gmake" -k -j 16 all -O 
 
Building target: "Project 08.out"
Invoking: MSP430 Linker
"D:/ccs/tools/compiler/ti-cgt-msp430_21.6.1.LTS/bin/cl430" -vmspx --use_hw_mpy=F5 --advice:power=all --advice:hw_config=all --define=__MSP430FR2355__ --define=_FRWP_ENABLE --define=_INFO_FRWP_ENABLE -g --printf_support=minimal --diag_warning=225 --diag_wrap=off --display_error_number --silicon_errata=CPU21 --silicon_errata=CPU22 --silicon_errata=CPU40 -z -m"Project 08.map" --heap_size=160 --stack_size=160 --cinit_hold_wdt=on -i"D:/ccs/ccs_base/msp430/include" -i"D:/ccs/ccs_base/msp430/lib/FR2xx" -i"D:/ccs/tools/compiler/ti-cgt-msp430_21.6.1.LTS/lib" -i"D:/ccs/tools/compiler/ti-cgt-msp430_21.6.1.LTS/include" --priority --reread_libs --define=_FRWP_ENABLE --define=_INFO_FRWP_ENABLE --diag_wrap=off --display_error_number --warn_sections --xml_link_info="Project 08_linkInfo.xml" --use_hw_mpy=F5 --rom_model -o "Project 08.out" "./Display.obj" "./adc.obj" "./black_line.obj" "./clocks.obj" "./init.obj" "./led.obj" "./main.obj" "./ports.obj" "./serial.obj" "./states.obj" "./switches.obj" "./system.obj" "./timers.obj" "./timers_move.obj" "./wheels.obj" "../Compiled/LCD.obj" "../lnk_msp430fr2355.cmd"  -lfrwp_init.a -llibc.a 
<Linking>
remark #10372-D: (ULP 4.1) Detected uninitialized Port A in this project. Recommend initializing all unused ports to eliminate wasted current consumption on unused pins.
remark #10372-D: (ULP 4.1) Detected uninitialized Port B in this project. Recommend initializing all unused ports to eliminate wasted current consumption on unused pins.
remark #10372-D: (ULP 4.1) Detected uninitialized Port C in this project. Recommend initializing all unused ports to eliminate wasted current consumption on unused pins.
remark #10422-D: (ULP 6.2) Detected use of a device with available 32-bit hardware multiplier and not also using MSPMATHLIB library (libmath.a).  Recommend using MSPMATHLIB library (libmath.a) for improved performance.
Finished building target: "Project 08.out"
 

**** Build Finished ****

**** Build of configuration Debug for project Project 08 ****

"D:\\ccs\\utils\\bin\\gmake" -k -j 16 all -O 
 
gmake[1]: 'Project 08.out' is up to date.

**** Build Finished ****

**** Build of configuration Debug for project Project 08 ****

"D:\\ccs\\utils\\bin\\gmake" -k -j 16 all -O 
 
gmake[1]: 'Project 08.out' is up to date.

**** Build Finished ****

**** Build of configuration Debug for project Project 08 ****

"D:\\ccs\\utils\\bin\\gmake" -k -j 16 all -O 
 
Building file: "../ports.c"
Invoking: MSP430 Compiler
"D:/ccs/tools/compiler/ti-cgt-msp430_21.6.1.LTS/bin/cl430" -vmspx --use_hw_mpy=F5 --include_path="D:/ccs/ccs_base/msp430/include" --include_path="D:/ccs/Project 08/Project 08" --include_path="D:/ccs/tools/compiler/ti-cgt-msp430_21.6.1.LTS/include" --advice:power=all --advice:hw_config=all --define=__MSP430FR2355__ --define=_FRWP_ENABLE --define=_INFO_FRWP_ENABLE -g --printf_support=minimal --diag_warning=225 --diag_wrap=off --display_error_number --silicon_errata=CPU21 --silicon_errata=CPU22 --silicon_errata=CPU40 --preproc_with_compile --preproc_dependency="ports.d_raw"  "../ports.c"
Finished building: "../ports.c"
 
Building file: "../main.c"
Invoking: MSP430 Compiler
"D:/ccs/tools/compiler/ti-cgt-msp430_21.6.1.LTS/bin/cl430" -vmspx --use_hw_mpy=F5 --include_path="D:/ccs/ccs_base/msp430/include" --include_path="D:/ccs/Project 08/Project 08" --include_path="D:/ccs/tools/compiler/ti-cgt-msp430_21.6.1.LTS/include" --advice:power=all --advice:hw_config=all --define=__MSP430FR2355__ --define=_FRWP_ENABLE --define=_INFO_FRWP_ENABLE -g --printf_support=minimal --diag_warning=225 --diag_wrap=off --display_error_number --silicon_errata=CPU21 --silicon_errata=CPU22 --silicon_errata=CPU40 --preproc_with_compile --preproc_dependency="main.d_raw"  "../main.c"
"../main.c", line 17: warning #225-D: function "Init_ADC" declared implicitly
"../main.c", line 24: warning #225-D: function "clear_display" declared implicitly
"../main.c", line 25: warning #225-D: function "Display_Line" declared implicitly
"../main.c", line 29: warning #225-D: function "update_display" declared implicitly
Finished building: "../main.c"
 
Building file: "../serial.c"
Invoking: MSP430 Compiler
"D:/ccs/tools/compiler/ti-cgt-msp430_21.6.1.LTS/bin/cl430" -vmspx --use_hw_mpy=F5 --include_path="D:/ccs/ccs_base/msp430/include" --include_path="D:/ccs/Project 08/Project 08" --include_path="D:/ccs/tools/compiler/ti-cgt-msp430_21.6.1.LTS/include" --advice:power=all --advice:hw_config=all --define=__MSP430FR2355__ --define=_FRWP_ENABLE --define=_INFO_FRWP_ENABLE -g --printf_support=minimal --diag_warning=225 --diag_wrap=off --display_error_number --silicon_errata=CPU21 --silicon_errata=CPU22 --silicon_errata=CPU40 --preproc_with_compile --preproc_dependency="serial.d_raw"  "../serial.c"
"../serial.c", line 27: remark #1530-D: (ULP 5.1) Detected modulo operation(s). Recommend moving them to RAM during run time or not using as these are processing/power intensive
"../serial.c", line 45: remark #1530-D: (ULP 5.1) Detected modulo operation(s). Recommend moving them to RAM during run time or not using as these are processing/power intensive
"../serial.c", line 88: remark #1530-D: (ULP 5.1) Detected modulo operation(s). Recommend moving them to RAM during run time or not using as these are processing/power intensive
"../serial.c", line 98: remark #1530-D: (ULP 5.1) Detected modulo operation(s). Recommend moving them to RAM during run time or not using as these are processing/power intensive
Finished building: "../serial.c"
 
Building file: "../switches.c"
Invoking: MSP430 Compiler
"D:/ccs/tools/compiler/ti-cgt-msp430_21.6.1.LTS/bin/cl430" -vmspx --use_hw_mpy=F5 --include_path="D:/ccs/ccs_base/msp430/include" --include_path="D:/ccs/Project 08/Project 08" --include_path="D:/ccs/tools/compiler/ti-cgt-msp430_21.6.1.LTS/include" --advice:power=all --advice:hw_config=all --define=__MSP430FR2355__ --define=_FRWP_ENABLE --define=_INFO_FRWP_ENABLE -g --printf_support=minimal --diag_warning=225 --diag_wrap=off --display_error_number --silicon_errata=CPU21 --silicon_errata=CPU22 --silicon_errata=CPU40 --preproc_with_compile --preproc_dependency="switches.d_raw"  "../switches.c"
Finished building: "../switches.c"
 
Building target: "Project 08.out"
Invoking: MSP430 Linker
"D:/ccs/tools/compiler/ti-cgt-msp430_21.6.1.LTS/bin/cl430" -vmspx --use_hw_mpy=F5 --advice:power=all --advice:hw_config=all --define=__MSP430FR2355__ --define=_FRWP_ENABLE --define=_INFO_FRWP_ENABLE -g --printf_support=minimal --diag_warning=225 --diag_wrap=off --display_error_number --silicon_errata=CPU21 --silicon_errata=CPU22 --silicon_errata=CPU40 -z -m"Project 08.map" --heap_size=160 --stack_size=160 --cinit_hold_wdt=on -i"D:/ccs/ccs_base/msp430/include" -i"D:/ccs/ccs_base/msp430/lib/FR2xx" -i"D:/ccs/tools/compiler/ti-cgt-msp430_21.6.1.LTS/lib" -i"D:/ccs/tools/compiler/ti-cgt-msp430_21.6.1.LTS/include" --priority --reread_libs --define=_FRWP_ENABLE --define=_INFO_FRWP_ENABLE --diag_wrap=off --display_error_number --warn_sections --xml_link_info="Project 08_linkInfo.xml" --use_hw_mpy=F5 --rom_model -o "Project 08.out" "./Display.obj" "./adc.obj" "./black_line.obj" "./clocks.obj" "./init.obj" "./led.obj" "./main.obj" "./ports.obj" "./serial.obj" "./states.obj" "./switches.obj" "./system.obj" "./timers.obj" "./timers_move.obj" "./wheels.obj" "../Compiled/LCD.obj" "../lnk_msp430fr2355.cmd"  -lfrwp_init.a -llibc.a 
<Linking>
 
 undefined     first referenced
  symbol           in file     
 ---------     ----------------
 Display_Line  ./main.obj      
 clear_display ./main.obj      
 sw1_position  ./timers.obj    
 sw2_position  ./timers.obj    
 
remark #10372-D: (ULP 4.1) Detected uninitialized Port 1 in this project. Recommend initializing all unused ports to eliminate wasted current consumption on unused pins.
remark #10372-D: (ULP 4.1) Detected uninitialized Port 2 in this project. Recommend initializing all unused ports to eliminate wasted current consumption on unused pins.
remark #10372-D: (ULP 4.1) Detected uninitialized Port 3 in this project. Recommend initializing all unused ports to eliminate wasted current consumption on unused pins.
error #10234-D: unresolved symbols remain
remark #10372-D: (ULP 4.1) Detected uninitialized Port 4 in this project. Recommend initializing all unused ports to eliminate wasted current consumption on unused pins.
remark #10372-D: (ULP 4.1) Detected uninitialized Port 5 in this project. Recommend initializing all unused ports to eliminate wasted current consumption on unused pins.
remark #10372-D: (ULP 4.1) Detected uninitialized Port 6 in this project. Recommend initializing all unused ports to eliminate wasted current consumption on unused pins.
remark #10372-D: (ULP 4.1) Detected uninitialized Port A in this project. Recommend initializing all unused ports to eliminate wasted current consumption on unused pins.
remark #10372-D: (ULP 4.1) Detected uninitialized Port B in this project. Recommend initializing all unused ports to eliminate wasted current consumption on unused pins.
remark #10372-D: (ULP 4.1) Detected uninitialized Port C in this project. Recommend initializing all unused ports to eliminate wasted current consumption on unused pins.
remark #10422-D: (ULP 6.2) Detected use of a device with available 32-bit hardware multiplier and not also using MSPMATHLIB library (libmath.a).  Recommend using MSPMATHLIB library (libmath.a) for improved performance.
 
>> Compilation failure
makefile:153: recipe for target 'Project 08.out' failed
error #10010: errors encountered during linking; "Project 08.out" not built
gmake[1]: *** [Project 08.out] Error 1
makefile:149: recipe for target 'all' failed
gmake: *** [all] Error 2

**** Build Finished ****

**** Build of configuration Debug for project Project 08 ****

"D:\\ccs\\utils\\bin\\gmake" -k -j 16 all -O 
 
Building file: "../timers.c"
Invoking: MSP430 Compiler
"D:/ccs/tools/compiler/ti-cgt-msp430_21.6.1.LTS/bin/cl430" -vmspx --use_hw_mpy=F5 --include_path="D:/ccs/ccs_base/msp430/include" --include_path="D:/ccs/Project 08/Project 08" --include_path="D:/ccs/tools/compiler/ti-cgt-msp430_21.6.1.LTS/include" --advice:power=all --advice:hw_config=all --define=__MSP430FR2355__ --define=_FRWP_ENABLE --define=_INFO_FRWP_ENABLE -g --printf_support=minimal --diag_warning=225 --diag_wrap=off --display_error_number --silicon_errata=CPU21 --silicon_errata=CPU22 --silicon_errata=CPU40 --preproc_with_compile --preproc_dependency="timers.d_raw"  "../timers.c"
Finished building: "../timers.c"
 
Building target: "Project 08.out"
Invoking: MSP430 Linker
"D:/ccs/tools/compiler/ti-cgt-msp430_21.6.1.LTS/bin/cl430" -vmspx --use_hw_mpy=F5 --advice:power=all --advice:hw_config=all --define=__MSP430FR2355__ --define=_FRWP_ENABLE --define=_INFO_FRWP_ENABLE -g --printf_support=minimal --diag_warning=225 --diag_wrap=off --display_error_number --silicon_errata=CPU21 --silicon_errata=CPU22 --silicon_errata=CPU40 -z -m"Project 08.map" --heap_size=160 --stack_size=160 --cinit_hold_wdt=on -i"D:/ccs/ccs_base/msp430/include" -i"D:/ccs/ccs_base/msp430/lib/FR2xx" -i"D:/ccs/tools/compiler/ti-cgt-msp430_21.6.1.LTS/lib" -i"D:/ccs/tools/compiler/ti-cgt-msp430_21.6.1.LTS/include" --priority --reread_libs --define=_FRWP_ENABLE --define=_INFO_FRWP_ENABLE --diag_wrap=off --display_error_number --warn_sections --xml_link_info="Project 08_linkInfo.xml" --use_hw_mpy=F5 --rom_model -o "Project 08.out" "./Display.obj" "./adc.obj" "./black_line.obj" "./clocks.obj" "./init.obj" "./led.obj" "./main.obj" "./ports.obj" "./serial.obj" "./states.obj" "./switches.obj" "./system.obj" "./timers.obj" "./timers_move.obj" "./wheels.obj" "../Compiled/LCD.obj" "../lnk_msp430fr2355.cmd"  -lfrwp_init.a -llibc.a 
<Linking>
 
 undefined       first referenced
  symbol             in file     
 ---------       ----------------
 Display_Line    ./main.obj      
 Init_Timers     ./main.obj      
 clear_display   ./main.obj      
 five_msec_sleep ./main.obj      
 
remark #10372-D: (ULP 4.1) Detected uninitialized Port 1 in this project. Recommend initializing all unused ports to eliminate wasted current consumption on unused pins.
error #10234-D: unresolved symbols remain
remark #10372-D: (ULP 4.1) Detected uninitialized Port 2 in this project. Recommend initializing all unused ports to eliminate wasted current consumption on unused pins.
remark #10372-D: (ULP 4.1) Detected uninitialized Port 3 in this project. Recommend initializing all unused ports to eliminate wasted current consumption on unused pins.
remark #10372-D: (ULP 4.1) Detected uninitialized Port 4 in this project. Recommend initializing all unused ports to eliminate wasted current consumption on unused pins.
remark #10372-D: (ULP 4.1) Detected uninitialized Port 5 in this project. Recommend initializing all unused ports to eliminate wasted current consumption on unused pins.
remark #10372-D: (ULP 4.1) Detected uninitialized Port 6 in this project. Recommend initializing all unused ports to eliminate wasted current consumption on unused pins.
remark #10372-D: (ULP 4.1) Detected uninitialized Port A in this project. Recommend initializing all unused ports to eliminate wasted current consumption on unused pins.
remark #10372-D: (ULP 4.1) Detected uninitialized Port B in this project. Recommend initializing all unused ports to eliminate wasted current consumption on unused pins.
remark #10372-D: (ULP 4.1) Detected uninitialized Port C in this project. Recommend initializing all unused ports to eliminate wasted current consumption on unused pins.
remark #10422-D: (ULP 6.2) Detected use of a device with available 32-bit hardware multiplier and not also using MSPMATHLIB library (libmath.a).  Recommend using MSPMATHLIB library (libmath.a) for improved performance.
 
>> Compilation failure
makefile:153: recipe for target 'Project 08.out' failed
error #10010: errors encountered during linking; "Project 08.out" not built
gmake[1]: *** [Project 08.out] Error 1
makefile:149: recipe for target 'all' failed
gmake: *** [all] Error 2

**** Build Finished ****

**** Build of configuration Debug for project Project 08 ****

"D:\\ccs\\utils\\bin\\gmake" -k -j 16 all -O 
 
Building file: "../main.c"
Invoking: MSP430 Compiler
"D:/ccs/tools/compiler/ti-cgt-msp430_21.6.1.LTS/bin/cl430" -vmspx --use_hw_mpy=F5 --include_path="D:/ccs/ccs_base/msp430/include" --include_path="D:/ccs/Project 08/Project 08" --include_path="D:/ccs/tools/compiler/ti-cgt-msp430_21.6.1.LTS/include" --advice:power=all --advice:hw_config=all --define=__MSP430FR2355__ --define=_FRWP_ENABLE --define=_INFO_FRWP_ENABLE -g --printf_support=minimal --diag_warning=225 --diag_wrap=off --display_error_number --silicon_errata=CPU21 --silicon_errata=CPU22 --silicon_errata=CPU40 --preproc_with_compile --preproc_dependency="main.d_raw"  "../main.c"
 
>> Compilation failure
subdir_rules.mk:9: recipe for target 'main.obj' failed
"../main.c", line 37: warning #225-D: function "Init_ADC" declared implicitly
"../main.c", line 44: warning #225-D: function "clear_display" declared implicitly
"../main.c", line 45: warning #225-D: function "Display_Line" declared implicitly
"../main.c", line 49: error #110: expression preceding parentheses of apparent call must have (pointer-to-) function type
"../main.c", line 58: error #110: expression preceding parentheses of apparent call must have (pointer-to-) function type
2 errors detected in the compilation of "../main.c".
gmake: *** [main.obj] Error 1
gmake: Target 'all' not remade because of errors.

**** Build Finished ****

**** Build of configuration Debug for project Project 08 ****

"D:\\ccs\\utils\\bin\\gmake" -k -j 16 all -O 
 
Building file: "../main.c"
Invoking: MSP430 Compiler
"D:/ccs/tools/compiler/ti-cgt-msp430_21.6.1.LTS/bin/cl430" -vmspx --use_hw_mpy=F5 --include_path="D:/ccs/ccs_base/msp430/include" --include_path="D:/ccs/Project 08/Project 08" --include_path="D:/ccs/tools/compiler/ti-cgt-msp430_21.6.1.LTS/include" --advice:power=all --advice:hw_config=all --define=__MSP430FR2355__ --define=_FRWP_ENABLE --define=_INFO_FRWP_ENABLE -g --printf_support=minimal --diag_warning=225 --diag_wrap=off --display_error_number --silicon_errata=CPU21 --silicon_errata=CPU22 --silicon_errata=CPU40 --preproc_with_compile --preproc_dependency="main.d_raw"  "../main.c"
"../main.c", line 37: warning #225-D: function "Init_ADC" declared implicitly
"../main.c", line 44: warning #225-D: function "clear_display" declared implicitly
"../main.c", line 45: warning #225-D: function "Display_Line" declared implicitly
"../main.c", line 49: warning #225-D: function "LCD_Update" declared implicitly
Finished building: "../main.c"
 
Building target: "Project 08.out"
Invoking: MSP430 Linker
"D:/ccs/tools/compiler/ti-cgt-msp430_21.6.1.LTS/bin/cl430" -vmspx --use_hw_mpy=F5 --advice:power=all --advice:hw_config=all --define=__MSP430FR2355__ --define=_FRWP_ENABLE --define=_INFO_FRWP_ENABLE -g --printf_support=minimal --diag_warning=225 --diag_wrap=off --display_error_number --silicon_errata=CPU21 --silicon_errata=CPU22 --silicon_errata=CPU40 -z -m"Project 08.map" --heap_size=160 --stack_size=160 --cinit_hold_wdt=on -i"D:/ccs/ccs_base/msp430/include" -i"D:/ccs/ccs_base/msp430/lib/FR2xx" -i"D:/ccs/tools/compiler/ti-cgt-msp430_21.6.1.LTS/lib" -i"D:/ccs/tools/compiler/ti-cgt-msp430_21.6.1.LTS/include" --priority --reread_libs --define=_FRWP_ENABLE --define=_INFO_FRWP_ENABLE --diag_wrap=off --display_error_number --warn_sections --xml_link_info="Project 08_linkInfo.xml" --use_hw_mpy=F5 --rom_model -o "Project 08.out" "./Display.obj" "./adc.obj" "./black_line.obj" "./clocks.obj" "./init.obj" "./led.obj" "./main.obj" "./ports.obj" "./serial.obj" "./states.obj" "./switches.obj" "./system.obj" "./timers.obj" "./timers_move.obj" "./wheels.obj" "../Compiled/LCD.obj" "../lnk_msp430fr2355.cmd"  -lfrwp_init.a -llibc.a 
<Linking>
 
 undefined       first referenced
  symbol             in file     
 ---------       ----------------
 Display_Line    ./main.obj      
 Init_Timers     ./main.obj      
 LCD_Update      ./main.obj      
 clear_display   ./main.obj      
 five_msec_sleep ./main.obj      
 
error #10234-D: unresolved symbols remain
remark #10372-D: (ULP 4.1) Detected uninitialized Port 1 in this project. Recommend initializing all unused ports to eliminate wasted current consumption on unused pins.
remark #10372-D: (ULP 4.1) Detected uninitialized Port 2 in this project. Recommend initializing all unused ports to eliminate wasted current consumption on unused pins.
error #10010: errors encountered during linking; "Project 08.out" not built
remark #10372-D: (ULP 4.1) Detected uninitialized Port 3 in this project. Recommend initializing all unused ports to eliminate wasted current consumption on unused pins.
remark #10372-D: (ULP 4.1) Detected uninitialized Port 4 in this project. Recommend initializing all unused ports to eliminate wasted current consumption on unused pins.
remark #10372-D: (ULP 4.1) Detected uninitialized Port 5 in this project. Recommend initializing all unused ports to eliminate wasted current consumption on unused pins.
remark #10372-D: (ULP 4.1) Detected uninitialized Port 6 in this project. Recommend initializing all unused ports to eliminate wasted current consumption on unused pins.
remark #10372-D: (ULP 4.1) Detected uninitialized Port A in this project. Recommend initializing all unused ports to eliminate wasted current consumption on unused pins.
remark #10372-D: (ULP 4.1) Detected uninitialized Port B in this project. Recommend initializing all unused ports to eliminate wasted current consumption on unused pins.
remark #10372-D: (ULP 4.1) Detected uninitialized Port C in this project. Recommend initializing all unused ports to eliminate wasted current consumption on unused pins.
remark #10422-D: (ULP 6.2) Detected use of a device with available 32-bit hardware multiplier and not also using MSPMATHLIB library (libmath.a).  Recommend using MSPMATHLIB library (libmath.a) for improved performance.
 
>> Compilation failure
makefile:153: recipe for target 'Project 08.out' failed
gmake[1]: *** [Project 08.out] Error 1
makefile:149: recipe for target 'all' failed
gmake: *** [all] Error 2

**** Build Finished ****

**** Build of configuration Debug for project Project 08 ****

"D:\\ccs\\utils\\bin\\gmake" -k -j 16 all -O 
 
Building file: "../main.c"
Invoking: MSP430 Compiler
"D:/ccs/tools/compiler/ti-cgt-msp430_21.6.1.LTS/bin/cl430" -vmspx --use_hw_mpy=F5 --include_path="D:/ccs/ccs_base/msp430/include" --include_path="D:/ccs/Project 08/Project 08" --include_path="D:/ccs/tools/compiler/ti-cgt-msp430_21.6.1.LTS/include" --advice:power=all --advice:hw_config=all --define=__MSP430FR2355__ --define=_FRWP_ENABLE --define=_INFO_FRWP_ENABLE -g --printf_support=minimal --diag_warning=225 --diag_wrap=off --display_error_number --silicon_errata=CPU21 --silicon_errata=CPU22 --silicon_errata=CPU40 --preproc_with_compile --preproc_dependency="main.d_raw"  "../main.c"
"../main.c", line 37: warning #225-D: function "Init_ADC" declared implicitly
"../main.c", line 44: warning #225-D: function "clear_display" declared implicitly
"../main.c", line 45: warning #225-D: function "strcpy" declared implicitly
"../main.c", line 49: warning #225-D: function "LCD_Update" declared implicitly
Finished building: "../main.c"
 
Building target: "Project 08.out"
Invoking: MSP430 Linker
"D:/ccs/tools/compiler/ti-cgt-msp430_21.6.1.LTS/bin/cl430" -vmspx --use_hw_mpy=F5 --advice:power=all --advice:hw_config=all --define=__MSP430FR2355__ --define=_FRWP_ENABLE --define=_INFO_FRWP_ENABLE -g --printf_support=minimal --diag_warning=225 --diag_wrap=off --display_error_number --silicon_errata=CPU21 --silicon_errata=CPU22 --silicon_errata=CPU40 -z -m"Project 08.map" --heap_size=160 --stack_size=160 --cinit_hold_wdt=on -i"D:/ccs/ccs_base/msp430/include" -i"D:/ccs/ccs_base/msp430/lib/FR2xx" -i"D:/ccs/tools/compiler/ti-cgt-msp430_21.6.1.LTS/lib" -i"D:/ccs/tools/compiler/ti-cgt-msp430_21.6.1.LTS/include" --priority --reread_libs --define=_FRWP_ENABLE --define=_INFO_FRWP_ENABLE --diag_wrap=off --display_error_number --warn_sections --xml_link_info="Project 08_linkInfo.xml" --use_hw_mpy=F5 --rom_model -o "Project 08.out" "./Display.obj" "./adc.obj" "./black_line.obj" "./clocks.obj" "./init.obj" "./led.obj" "./main.obj" "./ports.obj" "./serial.obj" "./states.obj" "./switches.obj" "./system.obj" "./timers.obj" "./timers_move.obj" "./wheels.obj" "../Compiled/LCD.obj" "../lnk_msp430fr2355.cmd"  -lfrwp_init.a -llibc.a 
<Linking>
 
 undefined       first referenced
  symbol             in file     
 ---------       ----------------
 Init_Timers     ./main.obj      
 LCD_Update      ./main.obj      
 clear_display   ./main.obj      
 five_msec_sleep ./main.obj      
 
error #10234-D: unresolved symbols remain
remark #10372-D: (ULP 4.1) Detected uninitialized Port 1 in this project. Recommend initializing all unused ports to eliminate wasted current consumption on unused pins.
error #10010: errors encountered during linking; "Project 08.out" not built
remark #10372-D: (ULP 4.1) Detected uninitialized Port 2 in this project. Recommend initializing all unused ports to eliminate wasted current consumption on unused pins.
remark #10372-D: (ULP 4.1) Detected uninitialized Port 3 in this project. Recommend initializing all unused ports to eliminate wasted current consumption on unused pins.
remark #10372-D: (ULP 4.1) Detected uninitialized Port 4 in this project. Recommend initializing all unused ports to eliminate wasted current consumption on unused pins.
remark #10372-D: (ULP 4.1) Detected uninitialized Port 5 in this project. Recommend initializing all unused ports to eliminate wasted current consumption on unused pins.
remark #10372-D: (ULP 4.1) Detected uninitialized Port 6 in this project. Recommend initializing all unused ports to eliminate wasted current consumption on unused pins.
remark #10372-D: (ULP 4.1) Detected uninitialized Port A in this project. Recommend initializing all unused ports to eliminate wasted current consumption on unused pins.
remark #10372-D: (ULP 4.1) Detected uninitialized Port B in this project. Recommend initializing all unused ports to eliminate wasted current consumption on unused pins.
remark #10372-D: (ULP 4.1) Detected uninitialized Port C in this project. Recommend initializing all unused ports to eliminate wasted current consumption on unused pins.
remark #10422-D: (ULP 6.2) Detected use of a device with available 32-bit hardware multiplier and not also using MSPMATHLIB library (libmath.a).  Recommend using MSPMATHLIB library (libmath.a) for improved performance.
 
>> Compilation failure
makefile:153: recipe for target 'Project 08.out' failed
gmake[1]: *** [Project 08.out] Error 1
makefile:149: recipe for target 'all' failed
gmake: *** [all] Error 2

**** Build Finished ****

**** Build of configuration Debug for project Project 08 ****

"D:\\ccs\\utils\\bin\\gmake" -k -j 16 all -O 
 
Building file: "../ports.c"
Invoking: MSP430 Compiler
"D:/ccs/tools/compiler/ti-cgt-msp430_21.6.1.LTS/bin/cl430" -vmspx --use_hw_mpy=F5 --include_path="D:/ccs/ccs_base/msp430/include" --include_path="D:/ccs/Project 08/Project 08" --include_path="D:/ccs/tools/compiler/ti-cgt-msp430_21.6.1.LTS/include" --advice:power=all --advice:hw_config=all --define=__MSP430FR2355__ --define=_FRWP_ENABLE --define=_INFO_FRWP_ENABLE -g --printf_support=minimal --diag_warning=225 --diag_wrap=off --display_error_number --silicon_errata=CPU21 --silicon_errata=CPU22 --silicon_errata=CPU40 --preproc_with_compile --preproc_dependency="ports.d_raw"  "../ports.c"
"../ports.c", line 16: warning #225-D: function "Init_Port_1" declared implicitly
"../ports.c", line 17: warning #225-D: function "Init_Port_2" declared implicitly
"../ports.c", line 18: warning #225-D: function "Init_Port_3" declared implicitly
"../ports.c", line 19: warning #225-D: function "Init_Port_4" declared implicitly
"../ports.c", line 20: warning #225-D: function "Init_Port_5" declared implicitly
"../ports.c", line 21: warning #225-D: function "Init_Port_6" declared implicitly
"../ports.c", line 24: warning #161-D: declaration is incompatible with previous "Init_Port_1" (declared at line 16)
"../ports.c", line 70: warning #161-D: declaration is incompatible with previous "Init_Port_2" (declared at line 17)
"../ports.c", line 106: warning #161-D: declaration is incompatible with previous "Init_Port_3" (declared at line 18)
"../ports.c", line 144: warning #161-D: declaration is incompatible with previous "Init_Port_4" (declared at line 19)
"../ports.c", line 184: warning #161-D: declaration is incompatible with previous "Init_Port_5" (declared at line 20)
"../ports.c", line 216: warning #161-D: declaration is incompatible with previous "Init_Port_6" (declared at line 21)
Finished building: "../ports.c"
 
Building target: "Project 08.out"
Invoking: MSP430 Linker
"D:/ccs/tools/compiler/ti-cgt-msp430_21.6.1.LTS/bin/cl430" -vmspx --use_hw_mpy=F5 --advice:power=all --advice:hw_config=all --define=__MSP430FR2355__ --define=_FRWP_ENABLE --define=_INFO_FRWP_ENABLE -g --printf_support=minimal --diag_warning=225 --diag_wrap=off --display_error_number --silicon_errata=CPU21 --silicon_errata=CPU22 --silicon_errata=CPU40 -z -m"Project 08.map" --heap_size=160 --stack_size=160 --cinit_hold_wdt=on -i"D:/ccs/ccs_base/msp430/include" -i"D:/ccs/ccs_base/msp430/lib/FR2xx" -i"D:/ccs/tools/compiler/ti-cgt-msp430_21.6.1.LTS/lib" -i"D:/ccs/tools/compiler/ti-cgt-msp430_21.6.1.LTS/include" --priority --reread_libs --define=_FRWP_ENABLE --define=_INFO_FRWP_ENABLE --diag_wrap=off --display_error_number --warn_sections --xml_link_info="Project 08_linkInfo.xml" --use_hw_mpy=F5 --rom_model -o "Project 08.out" "./Display.obj" "./adc.obj" "./black_line.obj" "./clocks.obj" "./init.obj" "./led.obj" "./main.obj" "./ports.obj" "./serial.obj" "./states.obj" "./switches.obj" "./system.obj" "./timers.obj" "./timers_move.obj" "./wheels.obj" "../Compiled/LCD.obj" "../lnk_msp430fr2355.cmd"  -lfrwp_init.a -llibc.a 
<Linking>
 
 undefined       first referenced
  symbol             in file     
 ---------       ----------------
 Init_Timers     ./main.obj      
 LCD_Update      ./main.obj      
 clear_display   ./main.obj      
 five_msec_sleep ./main.obj      
 
error #10234-D: unresolved symbols remain
error #10010: errors encountered during linking; "Project 08.out" not built
remark #10372-D: (ULP 4.1) Detected uninitialized Port A in this project. Recommend initializing all unused ports to eliminate wasted current consumption on unused pins.
remark #10372-D: (ULP 4.1) Detected uninitialized Port B in this project. Recommend initializing all unused ports to eliminate wasted current consumption on unused pins.
remark #10372-D: (ULP 4.1) Detected uninitialized Port C in this project. Recommend initializing all unused ports to eliminate wasted current consumption on unused pins.
remark #10422-D: (ULP 6.2) Detected use of a device with available 32-bit hardware multiplier and not also using MSPMATHLIB library (libmath.a).  Recommend using MSPMATHLIB library (libmath.a) for improved performance.
 
>> Compilation failure
makefile:153: recipe for target 'Project 08.out' failed
gmake[1]: *** [Project 08.out] Error 1
makefile:149: recipe for target 'all' failed
gmake: *** [all] Error 2

**** Build Finished ****

**** Build of configuration Debug for project Project 08 ****

"D:\\ccs\\utils\\bin\\gmake" -k -j 16 all -O 
 
Building file: "../main.c"
Invoking: MSP430 Compiler
"D:/ccs/tools/compiler/ti-cgt-msp430_21.6.1.LTS/bin/cl430" -vmspx --use_hw_mpy=F5 --include_path="D:/ccs/ccs_base/msp430/include" --include_path="D:/ccs/Project 08/Project 08" --include_path="D:/ccs/tools/compiler/ti-cgt-msp430_21.6.1.LTS/include" --advice:power=all --advice:hw_config=all --define=__MSP430FR2355__ --define=_FRWP_ENABLE --define=_INFO_FRWP_ENABLE -g --printf_support=minimal --diag_warning=225 --diag_wrap=off --display_error_number --silicon_errata=CPU21 --silicon_errata=CPU22 --silicon_errata=CPU40 --preproc_with_compile --preproc_dependency="main.d_raw"  "../main.c"
"../main.c", line 37: warning #225-D: function "Init_ADC" declared implicitly
"../main.c", line 44: warning #225-D: function "clear_display" declared implicitly
"../main.c", line 45: warning #225-D: function "strcpy" declared implicitly
"../main.c", line 49: warning #225-D: function "LCD_Update" declared implicitly
Finished building: "../main.c"
 
Building target: "Project 08.out"
Invoking: MSP430 Linker
"D:/ccs/tools/compiler/ti-cgt-msp430_21.6.1.LTS/bin/cl430" -vmspx --use_hw_mpy=F5 --advice:power=all --advice:hw_config=all --define=__MSP430FR2355__ --define=_FRWP_ENABLE --define=_INFO_FRWP_ENABLE -g --printf_support=minimal --diag_warning=225 --diag_wrap=off --display_error_number --silicon_errata=CPU21 --silicon_errata=CPU22 --silicon_errata=CPU40 -z -m"Project 08.map" --heap_size=160 --stack_size=160 --cinit_hold_wdt=on -i"D:/ccs/ccs_base/msp430/include" -i"D:/ccs/ccs_base/msp430/lib/FR2xx" -i"D:/ccs/tools/compiler/ti-cgt-msp430_21.6.1.LTS/lib" -i"D:/ccs/tools/compiler/ti-cgt-msp430_21.6.1.LTS/include" --priority --reread_libs --define=_FRWP_ENABLE --define=_INFO_FRWP_ENABLE --diag_wrap=off --display_error_number --warn_sections --xml_link_info="Project 08_linkInfo.xml" --use_hw_mpy=F5 --rom_model -o "Project 08.out" "./Display.obj" "./adc.obj" "./black_line.obj" "./clocks.obj" "./init.obj" "./led.obj" "./main.obj" "./ports.obj" "./serial.obj" "./states.obj" "./switches.obj" "./system.obj" "./timers.obj" "./timers_move.obj" "./wheels.obj" "../Compiled/LCD.obj" "../lnk_msp430fr2355.cmd"  -lfrwp_init.a -llibc.a 
<Linking>
 
 undefined       first referenced
  symbol             in file     
 ---------       ----------------
 LCD_Update      ./main.obj      
 clear_display   ./main.obj      
 five_msec_sleep ./main.obj      
 
error #10234-D: unresolved symbols remain
error #10010: errors encountered during linking; "Project 08.out" not built
remark #10372-D: (ULP 4.1) Detected uninitialized Port A in this project. Recommend initializing all unused ports to eliminate wasted current consumption on unused pins.
remark #10372-D: (ULP 4.1) Detected uninitialized Port B in this project. Recommend initializing all unused ports to eliminate wasted current consumption on unused pins.
remark #10372-D: (ULP 4.1) Detected uninitialized Port C in this project. Recommend initializing all unused ports to eliminate wasted current consumption on unused pins.
remark #10422-D: (ULP 6.2) Detected use of a device with available 32-bit hardware multiplier and not also using MSPMATHLIB library (libmath.a).  Recommend using MSPMATHLIB library (libmath.a) for improved performance.
 
>> Compilation failure
makefile:153: recipe for target 'Project 08.out' failed
gmake[1]: *** [Project 08.out] Error 1
makefile:149: recipe for target 'all' failed
gmake: *** [all] Error 2

**** Build Finished ****

**** Build of configuration Debug for project Project 08 ****

"D:\\ccs\\utils\\bin\\gmake" -k -j 16 all -O 
 
Building file: "../serial.c"
Invoking: MSP430 Compiler
"D:/ccs/tools/compiler/ti-cgt-msp430_21.6.1.LTS/bin/cl430" -vmspx --use_hw_mpy=F5 --include_path="D:/ccs/ccs_base/msp430/include" --include_path="D:/ccs/Project 08/Project 08" --include_path="D:/ccs/tools/compiler/ti-cgt-msp430_21.6.1.LTS/include" --advice:power=all --advice:hw_config=all --define=__MSP430FR2355__ --define=_FRWP_ENABLE --define=_INFO_FRWP_ENABLE -g --printf_support=minimal --diag_warning=225 --diag_wrap=off --display_error_number --silicon_errata=CPU21 --silicon_errata=CPU22 --silicon_errata=CPU40 --preproc_with_compile --preproc_dependency="serial.d_raw"  "../serial.c"
 
>> Compilation failure
subdir_rules.mk:9: recipe for target 'serial.obj' failed
"../serial.c", line 30: remark #1530-D: (ULP 5.1) Detected modulo operation(s). Recommend moving them to RAM during run time or not using as these are processing/power intensive
"../serial.c", line 48: remark #1530-D: (ULP 5.1) Detected modulo operation(s). Recommend moving them to RAM during run time or not using as these are processing/power intensive
"../serial.c", line 79: warning #225-D: function "moveforward" declared implicitly
"../serial.c", line 84: warning #225-D: function "movebackward" declared implicitly
"../serial.c", line 89: warning #225-D: function "turnleft" declared implicitly
"../serial.c", line 94: warning #225-D: function "turnright" declared implicitly
"../serial.c", line 99: warning #225-D: function "stopall" declared implicitly
"../serial.c", line 105: error #20: identifier "nextState" is undefined
"../serial.c", line 131: remark #1530-D: (ULP 5.1) Detected modulo operation(s). Recommend moving them to RAM during run time or not using as these are processing/power intensive
"../serial.c", line 141: remark #1530-D: (ULP 5.1) Detected modulo operation(s). Recommend moving them to RAM during run time or not using as these are processing/power intensive
1 error detected in the compilation of "../serial.c".
gmake: *** [serial.obj] Error 1
Building file: "../main.c"
Invoking: MSP430 Compiler
"D:/ccs/tools/compiler/ti-cgt-msp430_21.6.1.LTS/bin/cl430" -vmspx --use_hw_mpy=F5 --include_path="D:/ccs/ccs_base/msp430/include" --include_path="D:/ccs/Project 08/Project 08" --include_path="D:/ccs/tools/compiler/ti-cgt-msp430_21.6.1.LTS/include" --advice:power=all --advice:hw_config=all --define=__MSP430FR2355__ --define=_FRWP_ENABLE --define=_INFO_FRWP_ENABLE -g --printf_support=minimal --diag_warning=225 --diag_wrap=off --display_error_number --silicon_errata=CPU21 --silicon_errata=CPU22 --silicon_errata=CPU40 --preproc_with_compile --preproc_dependency="main.d_raw"  "../main.c"
"../main.c", line 20: warning #225-D: function "Init_ADC" declared implicitly
"../main.c", line 26: warning #225-D: function "clear_display" declared implicitly
"../main.c", line 27: warning #225-D: function "Display_Line" declared implicitly
"../main.c", line 31: warning #225-D: function "update_display" declared implicitly
"../main.c", line 46: warning #225-D: function "Carlson_StateMachine" declared implicitly
"../main.c", line 47: warning #225-D: function "ADC_Process" declared implicitly
Finished building: "../main.c"
 
Building file: "../ports.c"
Invoking: MSP430 Compiler
"D:/ccs/tools/compiler/ti-cgt-msp430_21.6.1.LTS/bin/cl430" -vmspx --use_hw_mpy=F5 --include_path="D:/ccs/ccs_base/msp430/include" --include_path="D:/ccs/Project 08/Project 08" --include_path="D:/ccs/tools/compiler/ti-cgt-msp430_21.6.1.LTS/include" --advice:power=all --advice:hw_config=all --define=__MSP430FR2355__ --define=_FRWP_ENABLE --define=_INFO_FRWP_ENABLE -g --printf_support=minimal --diag_warning=225 --diag_wrap=off --display_error_number --silicon_errata=CPU21 --silicon_errata=CPU22 --silicon_errata=CPU40 --preproc_with_compile --preproc_dependency="ports.d_raw"  "../ports.c"
"../ports.c", line 17: warning #225-D: function "Init_Port_1" declared implicitly
"../ports.c", line 18: warning #225-D: function "Init_Port_2" declared implicitly
"../ports.c", line 19: warning #225-D: function "Init_Port_3" declared implicitly
"../ports.c", line 20: warning #225-D: function "Init_Port_4" declared implicitly
"../ports.c", line 21: warning #225-D: function "Init_Port_5" declared implicitly
"../ports.c", line 22: warning #225-D: function "Init_Port_6" declared implicitly
"../ports.c", line 28: warning #161-D: declaration is incompatible with previous "Init_Port_1" (declared at line 17)
"../ports.c", line 86: warning #161-D: declaration is incompatible with previous "Init_Port_2" (declared at line 18)
"../ports.c", line 139: warning #161-D: declaration is incompatible with previous "Init_Port_3" (declared at line 19)
"../ports.c", line 188: warning #161-D: declaration is incompatible with previous "Init_Port_4" (declared at line 20)
"../ports.c", line 238: warning #161-D: declaration is incompatible with previous "Init_Port_5" (declared at line 21)
"../ports.c", line 271: warning #161-D: declaration is incompatible with previous "Init_Port_6" (declared at line 22)
Finished building: "../ports.c"
 
Building file: "../switches.c"
Invoking: MSP430 Compiler
"D:/ccs/tools/compiler/ti-cgt-msp430_21.6.1.LTS/bin/cl430" -vmspx --use_hw_mpy=F5 --include_path="D:/ccs/ccs_base/msp430/include" --include_path="D:/ccs/Project 08/Project 08" --include_path="D:/ccs/tools/compiler/ti-cgt-msp430_21.6.1.LTS/include" --advice:power=all --advice:hw_config=all --define=__MSP430FR2355__ --define=_FRWP_ENABLE --define=_INFO_FRWP_ENABLE -g --printf_support=minimal --diag_warning=225 --diag_wrap=off --display_error_number --silicon_errata=CPU21 --silicon_errata=CPU22 --silicon_errata=CPU40 --preproc_with_compile --preproc_dependency="switches.d_raw"  "../switches.c"
Finished building: "../switches.c"
 
gmake: Target 'all' not remade because of errors.

**** Build Finished ****

**** Build of configuration Debug for project Project 08 ****

"D:\\ccs\\utils\\bin\\gmake" -k -j 16 all -O 
 
Building file: "../serial.c"
Invoking: MSP430 Compiler
"D:/ccs/tools/compiler/ti-cgt-msp430_21.6.1.LTS/bin/cl430" -vmspx --use_hw_mpy=F5 --include_path="D:/ccs/ccs_base/msp430/include" --include_path="D:/ccs/Project 08/Project 08" --include_path="D:/ccs/tools/compiler/ti-cgt-msp430_21.6.1.LTS/include" --advice:power=all --advice:hw_config=all --define=__MSP430FR2355__ --define=_FRWP_ENABLE --define=_INFO_FRWP_ENABLE -g --printf_support=minimal --diag_warning=225 --diag_wrap=off --display_error_number --silicon_errata=CPU21 --silicon_errata=CPU22 --silicon_errata=CPU40 --preproc_with_compile --preproc_dependency="serial.d_raw"  "../serial.c"
"../serial.c", line 30: remark #1530-D: (ULP 5.1) Detected modulo operation(s). Recommend moving them to RAM during run time or not using as these are processing/power intensive
"../serial.c", line 48: remark #1530-D: (ULP 5.1) Detected modulo operation(s). Recommend moving them to RAM during run time or not using as these are processing/power intensive
"../serial.c", line 79: warning #225-D: function "moveforward" declared implicitly
"../serial.c", line 84: warning #225-D: function "movebackward" declared implicitly
"../serial.c", line 89: warning #225-D: function "turnleft" declared implicitly
"../serial.c", line 94: warning #225-D: function "turnright" declared implicitly
"../serial.c", line 99: warning #225-D: function "stopall" declared implicitly
"../serial.c", line 131: remark #1530-D: (ULP 5.1) Detected modulo operation(s). Recommend moving them to RAM during run time or not using as these are processing/power intensive
"../serial.c", line 141: remark #1530-D: (ULP 5.1) Detected modulo operation(s). Recommend moving them to RAM during run time or not using as these are processing/power intensive
Finished building: "../serial.c"
 
Building target: "Project 08.out"
Invoking: MSP430 Linker
"D:/ccs/tools/compiler/ti-cgt-msp430_21.6.1.LTS/bin/cl430" -vmspx --use_hw_mpy=F5 --advice:power=all --advice:hw_config=all --define=__MSP430FR2355__ --define=_FRWP_ENABLE --define=_INFO_FRWP_ENABLE -g --printf_support=minimal --diag_warning=225 --diag_wrap=off --display_error_number --silicon_errata=CPU21 --silicon_errata=CPU22 --silicon_errata=CPU40 -z -m"Project 08.map" --heap_size=160 --stack_size=160 --cinit_hold_wdt=on -i"D:/ccs/ccs_base/msp430/include" -i"D:/ccs/ccs_base/msp430/lib/FR2xx" -i"D:/ccs/tools/compiler/ti-cgt-msp430_21.6.1.LTS/lib" -i"D:/ccs/tools/compiler/ti-cgt-msp430_21.6.1.LTS/include" --priority --reread_libs --define=_FRWP_ENABLE --define=_INFO_FRWP_ENABLE --diag_wrap=off --display_error_number --warn_sections --xml_link_info="Project 08_linkInfo.xml" --use_hw_mpy=F5 --rom_model -o "Project 08.out" "./Display.obj" "./adc.obj" "./black_line.obj" "./clocks.obj" "./init.obj" "./led.obj" "./main.obj" "./ports.obj" "./serial.obj" "./states.obj" "./switches.obj" "./system.obj" "./timers.obj" "./timers_move.obj" "./wheels.obj" "../Compiled/LCD.obj" "../lnk_msp430fr2355.cmd"  -lfrwp_init.a -llibc.a 
<Linking>
 
 undefined       first referenced
  symbol             in file     
 ---------       ----------------
 ADC_Process     ./main.obj      
 Display_Line    ./main.obj      
 Init_Timers     ./main.obj      
 clear_display   ./main.obj      
 five_msec_sleep ./main.obj      
remark #10372-D: (ULP 4.1) Detected uninitialized Port A in this project. Recommend initializing all unused ports to eliminate wasted current consumption on unused pins.
remark #10372-D: (ULP 4.1) Detected uninitialized Port B in this project. Recommend initializing all unused ports to eliminate wasted current consumption on unused pins.
 movebackward    ./serial.obj    
remark #10372-D: (ULP 4.1) Detected uninitialized Port C in this project. Recommend initializing all unused ports to eliminate wasted current consumption on unused pins.
remark #10422-D: (ULP 6.2) Detected use of a device with available 32-bit hardware multiplier and not also using MSPMATHLIB library (libmath.a).  Recommend using MSPMATHLIB library (libmath.a) for improved performance.
 
>> Compilation failure
makefile:153: recipe for target 'Project 08.out' failed
 turnleft        ./serial.obj    
 turnright       ./serial.obj    
 
error #10234-D: unresolved symbols remain
error #10010: errors encountered during linking; "Project 08.out" not built
gmake[1]: *** [Project 08.out] Error 1
makefile:149: recipe for target 'all' failed
gmake: *** [all] Error 2

**** Build Finished ****

**** Build of configuration Debug for project Project 08 ****

"D:\\ccs\\utils\\bin\\gmake" -k -j 16 all -O 
 
Building file: "../serial.c"
Invoking: MSP430 Compiler
"D:/ccs/tools/compiler/ti-cgt-msp430_21.6.1.LTS/bin/cl430" -vmspx --use_hw_mpy=F5 --include_path="D:/ccs/ccs_base/msp430/include" --include_path="D:/ccs/Project 08/Project 08" --include_path="D:/ccs/tools/compiler/ti-cgt-msp430_21.6.1.LTS/include" --advice:power=all --advice:hw_config=all --define=__MSP430FR2355__ --define=_FRWP_ENABLE --define=_INFO_FRWP_ENABLE -g --printf_support=minimal --diag_warning=225 --diag_wrap=off --display_error_number --silicon_errata=CPU21 --silicon_errata=CPU22 --silicon_errata=CPU40 --preproc_with_compile --preproc_dependency="serial.d_raw"  "../serial.c"
 
>> Compilation failure
subdir_rules.mk:9: recipe for target 'serial.obj' failed
"../serial.c", line 30: remark #1530-D: (ULP 5.1) Detected modulo operation(s). Recommend moving them to RAM during run time or not using as these are processing/power intensive
"../serial.c", line 48: remark #1530-D: (ULP 5.1) Detected modulo operation(s). Recommend moving them to RAM during run time or not using as these are processing/power intensive
"../serial.c", line 79: warning #225-D: function "moveforward" declared implicitly
"../serial.c", line 84: warning #225-D: function "movereverse" declared implicitly
"../serial.c", line 89: warning #225-D: function "turnleft" declared implicitly
"../serial.c", line 93: error #1851: case label value has already appeared in this switch at line 83
"../serial.c", line 94: warning #225-D: function "turnright" declared implicitly
"../serial.c", line 99: warning #225-D: function "stopall" declared implicitly
"../serial.c", line 131: remark #1530-D: (ULP 5.1) Detected modulo operation(s). Recommend moving them to RAM during run time or not using as these are processing/power intensive
"../serial.c", line 141: remark #1530-D: (ULP 5.1) Detected modulo operation(s). Recommend moving them to RAM during run time or not using as these are processing/power intensive
1 error detected in the compilation of "../serial.c".
gmake: *** [serial.obj] Error 1
gmake: Target 'all' not remade because of errors.

**** Build Finished ****

**** Build of configuration Debug for project Project 08 ****

"D:\\ccs\\utils\\bin\\gmake" -k -j 16 all -O 
 
Building file: "../serial.c"
Invoking: MSP430 Compiler
"D:/ccs/tools/compiler/ti-cgt-msp430_21.6.1.LTS/bin/cl430" -vmspx --use_hw_mpy=F5 --include_path="D:/ccs/ccs_base/msp430/include" --include_path="D:/ccs/Project 08/Project 08" --include_path="D:/ccs/tools/compiler/ti-cgt-msp430_21.6.1.LTS/include" --advice:power=all --advice:hw_config=all --define=__MSP430FR2355__ --define=_FRWP_ENABLE --define=_INFO_FRWP_ENABLE -g --printf_support=minimal --diag_warning=225 --diag_wrap=off --display_error_number --silicon_errata=CPU21 --silicon_errata=CPU22 --silicon_errata=CPU40 --preproc_with_compile --preproc_dependency="serial.d_raw"  "../serial.c"
"../serial.c", line 30: remark #1530-D: (ULP 5.1) Detected modulo operation(s). Recommend moving them to RAM during run time or not using as these are processing/power intensive
"../serial.c", line 48: remark #1530-D: (ULP 5.1) Detected modulo operation(s). Recommend moving them to RAM during run time or not using as these are processing/power intensive
"../serial.c", line 79: warning #225-D: function "moveforward" declared implicitly
"../serial.c", line 83: warning #1696-D: multicharacter character literal (potential portability problem)
"../serial.c", line 84: warning #225-D: function "movereverse" declared implicitly
"../serial.c", line 89: warning #225-D: function "turnleft" declared implicitly
"../serial.c", line 94: warning #225-D: function "turnright" declared implicitly
"../serial.c", line 99: warning #225-D: function "stopall" declared implicitly
"../serial.c", line 131: remark #1530-D: (ULP 5.1) Detected modulo operation(s). Recommend moving them to RAM during run time or not using as these are processing/power intensive
"../serial.c", line 141: remark #1530-D: (ULP 5.1) Detected modulo operation(s). Recommend moving them to RAM during run time or not using as these are processing/power intensive
Finished building: "../serial.c"
 
Building target: "Project 08.out"
Invoking: MSP430 Linker
"D:/ccs/tools/compiler/ti-cgt-msp430_21.6.1.LTS/bin/cl430" -vmspx --use_hw_mpy=F5 --advice:power=all --advice:hw_config=all --define=__MSP430FR2355__ --define=_FRWP_ENABLE --define=_INFO_FRWP_ENABLE -g --printf_support=minimal --diag_warning=225 --diag_wrap=off --display_error_number --silicon_errata=CPU21 --silicon_errata=CPU22 --silicon_errata=CPU40 -z -m"Project 08.map" --heap_size=160 --stack_size=160 --cinit_hold_wdt=on -i"D:/ccs/ccs_base/msp430/include" -i"D:/ccs/ccs_base/msp430/lib/FR2xx" -i"D:/ccs/tools/compiler/ti-cgt-msp430_21.6.1.LTS/lib" -i"D:/ccs/tools/compiler/ti-cgt-msp430_21.6.1.LTS/include" --priority --reread_libs --define=_FRWP_ENABLE --define=_INFO_FRWP_ENABLE --diag_wrap=off --display_error_number --warn_sections --xml_link_info="Project 08_linkInfo.xml" --use_hw_mpy=F5 --rom_model -o "Project 08.out" "./Display.obj" "./adc.obj" "./black_line.obj" "./clocks.obj" "./init.obj" "./led.obj" "./main.obj" "./ports.obj" "./serial.obj" "./states.obj" "./switches.obj" "./system.obj" "./timers.obj" "./timers_move.obj" "./wheels.obj" "../Compiled/LCD.obj" "../lnk_msp430fr2355.cmd"  -lfrwp_init.a -llibc.a 
<Linking>
 
 undefined       first referenced
  symbol             in file     
 ---------       ----------------
 ADC_Process     ./main.obj      
 Display_Line    ./main.obj      
 Init_Timers     ./main.obj      
 clear_display   ./main.obj      
remark #10372-D: (ULP 4.1) Detected uninitialized Port A in this project. Recommend initializing all unused ports to eliminate wasted current consumption on unused pins.
remark #10372-D: (ULP 4.1) Detected uninitialized Port B in this project. Recommend initializing all unused ports to eliminate wasted current consumption on unused pins.
remark #10372-D: (ULP 4.1) Detected uninitialized Port C in this project. Recommend initializing all unused ports to eliminate wasted current consumption on unused pins.
 five_msec_sleep ./main.obj      
remark #10422-D: (ULP 6.2) Detected use of a device with available 32-bit hardware multiplier and not also using MSPMATHLIB library (libmath.a).  Recommend using MSPMATHLIB library (libmath.a) for improved performance.
 
>> Compilation failure
makefile:153: recipe for target 'Project 08.out' failed
 turnleft        ./serial.obj    
 turnright       ./serial.obj    
 
error #10234-D: unresolved symbols remain
error #10010: errors encountered during linking; "Project 08.out" not built
gmake[1]: *** [Project 08.out] Error 1
makefile:149: recipe for target 'all' failed
gmake: *** [all] Error 2

**** Build Finished ****

**** Build of configuration Debug for project Project 08 ****

"D:\\ccs\\utils\\bin\\gmake" -k -j 16 all -O 
 
Building file: "../timers.c"
Invoking: MSP430 Compiler
"D:/ccs/tools/compiler/ti-cgt-msp430_21.6.1.LTS/bin/cl430" -vmspx --use_hw_mpy=F5 --include_path="D:/ccs/ccs_base/msp430/include" --include_path="D:/ccs/Project 08/Project 08" --include_path="D:/ccs/tools/compiler/ti-cgt-msp430_21.6.1.LTS/include" --advice:power=all --advice:hw_config=all --define=__MSP430FR2355__ --define=_FRWP_ENABLE --define=_INFO_FRWP_ENABLE -g --printf_support=minimal --diag_warning=225 --diag_wrap=off --display_error_number --silicon_errata=CPU21 --silicon_errata=CPU22 --silicon_errata=CPU40 --preproc_with_compile --preproc_dependency="timers.d_raw"  "../timers.c"
"../timers.c", line 108: warning #225-D: function "five_ms_delay" declared implicitly
"../timers.c", line 107: remark #1544-D: (ULP 13.1) Detected loop counting up. Recommend loops count down as detecting zeros is easier
"../timers.c", line 112: warning #161-D: declaration is incompatible with previous "five_ms_delay" (declared at line 108)
Finished building: "../timers.c"
 
Building target: "Project 08.out"
Invoking: MSP430 Linker
"D:/ccs/tools/compiler/ti-cgt-msp430_21.6.1.LTS/bin/cl430" -vmspx --use_hw_mpy=F5 --advice:power=all --advice:hw_config=all --define=__MSP430FR2355__ --define=_FRWP_ENABLE --define=_INFO_FRWP_ENABLE -g --printf_support=minimal --diag_warning=225 --diag_wrap=off --display_error_number --silicon_errata=CPU21 --silicon_errata=CPU22 --silicon_errata=CPU40 -z -m"Project 08.map" --heap_size=160 --stack_size=160 --cinit_hold_wdt=on -i"D:/ccs/ccs_base/msp430/include" -i"D:/ccs/ccs_base/msp430/lib/FR2xx" -i"D:/ccs/tools/compiler/ti-cgt-msp430_21.6.1.LTS/lib" -i"D:/ccs/tools/compiler/ti-cgt-msp430_21.6.1.LTS/include" --priority --reread_libs --define=_FRWP_ENABLE --define=_INFO_FRWP_ENABLE --diag_wrap=off --display_error_number --warn_sections --xml_link_info="Project 08_linkInfo.xml" --use_hw_mpy=F5 --rom_model -o "Project 08.out" "./Display.obj" "./adc.obj" "./black_line.obj" "./clocks.obj" "./init.obj" "./led.obj" "./main.obj" "./ports.obj" "./serial.obj" "./states.obj" "./switches.obj" "./system.obj" "./timers.obj" "./timers_move.obj" "./wheels.obj" "../Compiled/LCD.obj" "../lnk_msp430fr2355.cmd"  -lfrwp_init.a -llibc.a 
<Linking>
 
 undefined     first referenced
  symbol           in file     
 ---------     ----------------
 ADC_Process   ./main.obj      
 Display_Line  ./main.obj      
 clear_display ./main.obj      
 sw1_position  ./timers.obj    
 sw2_position  ./timers.obj    
remark #10372-D: (ULP 4.1) Detected uninitialized Port A in this project. Recommend initializing all unused ports to eliminate wasted current consumption on unused pins.
remark #10372-D: (ULP 4.1) Detected uninitialized Port B in this project. Recommend initializing all unused ports to eliminate wasted current consumption on unused pins.
remark #10372-D: (ULP 4.1) Detected uninitialized Port C in this project. Recommend initializing all unused ports to eliminate wasted current consumption on unused pins.
 turnleft      ./serial.obj    
remark #10422-D: (ULP 6.2) Detected use of a device with available 32-bit hardware multiplier and not also using MSPMATHLIB library (libmath.a).  Recommend using MSPMATHLIB library (libmath.a) for improved performance.
 
>> Compilation failure
makefile:153: recipe for target 'Project 08.out' failed
 turnright     ./serial.obj    
 
error #10234-D: unresolved symbols remain
error #10010: errors encountered during linking; "Project 08.out" not built
gmake[1]: *** [Project 08.out] Error 1
makefile:149: recipe for target 'all' failed
gmake: *** [all] Error 2

**** Build Finished ****

**** Build of configuration Debug for project Project 08 ****

"D:\\ccs\\utils\\bin\\gmake" -k -j 16 all -O 
 
Building file: "../timers.c"
Invoking: MSP430 Compiler
"D:/ccs/tools/compiler/ti-cgt-msp430_21.6.1.LTS/bin/cl430" -vmspx --use_hw_mpy=F5 --include_path="D:/ccs/ccs_base/msp430/include" --include_path="D:/ccs/Project 08/Project 08" --include_path="D:/ccs/tools/compiler/ti-cgt-msp430_21.6.1.LTS/include" --advice:power=all --advice:hw_config=all --define=__MSP430FR2355__ --define=_FRWP_ENABLE --define=_INFO_FRWP_ENABLE -g --printf_support=minimal --diag_warning=225 --diag_wrap=off --display_error_number --silicon_errata=CPU21 --silicon_errata=CPU22 --silicon_errata=CPU40 --preproc_with_compile --preproc_dependency="timers.d_raw"  "../timers.c"
"../timers.c", line 108: warning #225-D: function "five_ms_delay" declared implicitly
"../timers.c", line 107: remark #1544-D: (ULP 13.1) Detected loop counting up. Recommend loops count down as detecting zeros is easier
"../timers.c", line 112: warning #161-D: declaration is incompatible with previous "five_ms_delay" (declared at line 108)
"../timers.c", line 24: remark #1535-D: (ULP 8.1) variable "sw1_position" is used as a constant. Recommend declaring variable as either 'static const' or 'const'
"../timers.c", line 25: remark #1535-D: (ULP 8.1) variable "sw2_position" is used as a constant. Recommend declaring variable as either 'static const' or 'const'
Finished building: "../timers.c"
 
Building target: "Project 08.out"
Invoking: MSP430 Linker
"D:/ccs/tools/compiler/ti-cgt-msp430_21.6.1.LTS/bin/cl430" -vmspx --use_hw_mpy=F5 --advice:power=all --advice:hw_config=all --define=__MSP430FR2355__ --define=_FRWP_ENABLE --define=_INFO_FRWP_ENABLE -g --printf_support=minimal --diag_warning=225 --diag_wrap=off --display_error_number --silicon_errata=CPU21 --silicon_errata=CPU22 --silicon_errata=CPU40 -z -m"Project 08.map" --heap_size=160 --stack_size=160 --cinit_hold_wdt=on -i"D:/ccs/ccs_base/msp430/include" -i"D:/ccs/ccs_base/msp430/lib/FR2xx" -i"D:/ccs/tools/compiler/ti-cgt-msp430_21.6.1.LTS/lib" -i"D:/ccs/tools/compiler/ti-cgt-msp430_21.6.1.LTS/include" --priority --reread_libs --define=_FRWP_ENABLE --define=_INFO_FRWP_ENABLE --diag_wrap=off --display_error_number --warn_sections --xml_link_info="Project 08_linkInfo.xml" --use_hw_mpy=F5 --rom_model -o "Project 08.out" "./Display.obj" "./adc.obj" "./black_line.obj" "./clocks.obj" "./init.obj" "./led.obj" "./main.obj" "./ports.obj" "./serial.obj" "./states.obj" "./switches.obj" "./system.obj" "./timers.obj" "./timers_move.obj" "./wheels.obj" "../Compiled/LCD.obj" "../lnk_msp430fr2355.cmd"  -lfrwp_init.a -llibc.a 
<Linking>
 
 undefined     first referenced
  symbol           in file     
 ---------     ----------------
 ADC_Process   ./main.obj      
 Display_Line  ./main.obj      
 clear_display ./main.obj      
 turnleft      ./serial.obj    
 turnright     ./serial.obj    
remark #10372-D: (ULP 4.1) Detected uninitialized Port A in this project. Recommend initializing all unused ports to eliminate wasted current consumption on unused pins.
 
remark #10372-D: (ULP 4.1) Detected uninitialized Port B in this project. Recommend initializing all unused ports to eliminate wasted current consumption on unused pins.
remark #10372-D: (ULP 4.1) Detected uninitialized Port C in this project. Recommend initializing all unused ports to eliminate wasted current consumption on unused pins.
remark #10422-D: (ULP 6.2) Detected use of a device with available 32-bit hardware multiplier and not also using MSPMATHLIB library (libmath.a).  Recommend using MSPMATHLIB library (libmath.a) for improved performance.
 
>> Compilation failure
makefile:153: recipe for target 'Project 08.out' failed
error #10234-D: unresolved symbols remain
error #10010: errors encountered during linking; "Project 08.out" not built
gmake[1]: *** [Project 08.out] Error 1
makefile:149: recipe for target 'all' failed
gmake: *** [all] Error 2

**** Build Finished ****

**** Build of configuration Debug for project Project 08 ****

"D:\\ccs\\utils\\bin\\gmake" -k -j 16 all -O 
 
Building file: "../serial.c"
Invoking: MSP430 Compiler
"D:/ccs/tools/compiler/ti-cgt-msp430_21.6.1.LTS/bin/cl430" -vmspx --use_hw_mpy=F5 --include_path="D:/ccs/ccs_base/msp430/include" --include_path="D:/ccs/Project 08/Project 08" --include_path="D:/ccs/tools/compiler/ti-cgt-msp430_21.6.1.LTS/include" --advice:power=all --advice:hw_config=all --define=__MSP430FR2355__ --define=_FRWP_ENABLE --define=_INFO_FRWP_ENABLE -g --printf_support=minimal --diag_warning=225 --diag_wrap=off --display_error_number --silicon_errata=CPU21 --silicon_errata=CPU22 --silicon_errata=CPU40 --preproc_with_compile --preproc_dependency="serial.d_raw"  "../serial.c"
"../serial.c", line 30: remark #1530-D: (ULP 5.1) Detected modulo operation(s). Recommend moving them to RAM during run time or not using as these are processing/power intensive
"../serial.c", line 48: remark #1530-D: (ULP 5.1) Detected modulo operation(s). Recommend moving them to RAM during run time or not using as these are processing/power intensive
"../serial.c", line 79: warning #225-D: function "moveforward" declared implicitly
"../serial.c", line 83: warning #1696-D: multicharacter character literal (potential portability problem)
"../serial.c", line 84: warning #225-D: function "movereverse" declared implicitly
"../serial.c", line 89: warning #225-D: function "spin_counterclockwise" declared implicitly
"../serial.c", line 94: warning #225-D: function "spin_clockwise" declared implicitly
"../serial.c", line 99: warning #225-D: function "stopall" declared implicitly
"../serial.c", line 131: remark #1530-D: (ULP 5.1) Detected modulo operation(s). Recommend moving them to RAM during run time or not using as these are processing/power intensive
"../serial.c", line 141: remark #1530-D: (ULP 5.1) Detected modulo operation(s). Recommend moving them to RAM during run time or not using as these are processing/power intensive
Finished building: "../serial.c"
 
Building target: "Project 08.out"
Invoking: MSP430 Linker
"D:/ccs/tools/compiler/ti-cgt-msp430_21.6.1.LTS/bin/cl430" -vmspx --use_hw_mpy=F5 --advice:power=all --advice:hw_config=all --define=__MSP430FR2355__ --define=_FRWP_ENABLE --define=_INFO_FRWP_ENABLE -g --printf_support=minimal --diag_warning=225 --diag_wrap=off --display_error_number --silicon_errata=CPU21 --silicon_errata=CPU22 --silicon_errata=CPU40 -z -m"Project 08.map" --heap_size=160 --stack_size=160 --cinit_hold_wdt=on -i"D:/ccs/ccs_base/msp430/include" -i"D:/ccs/ccs_base/msp430/lib/FR2xx" -i"D:/ccs/tools/compiler/ti-cgt-msp430_21.6.1.LTS/lib" -i"D:/ccs/tools/compiler/ti-cgt-msp430_21.6.1.LTS/include" --priority --reread_libs --define=_FRWP_ENABLE --define=_INFO_FRWP_ENABLE --diag_wrap=off --display_error_number --warn_sections --xml_link_info="Project 08_linkInfo.xml" --use_hw_mpy=F5 --rom_model -o "Project 08.out" "./Display.obj" "./adc.obj" "./black_line.obj" "./clocks.obj" "./init.obj" "./led.obj" "./main.obj" "./ports.obj" "./serial.obj" "./states.obj" "./switches.obj" "./system.obj" "./timers.obj" "./timers_move.obj" "./wheels.obj" "../Compiled/LCD.obj" "../lnk_msp430fr2355.cmd"  -lfrwp_init.a -llibc.a 
<Linking>
 
 undefined     first referenced
  symbol           in file     
 ---------     ----------------
 ADC_Process   ./main.obj      
 Display_Line  ./main.obj      
 clear_display ./main.obj      
 
error #10234-D: unresolved symbols remain
remark #10372-D: (ULP 4.1) Detected uninitialized Port A in this project. Recommend initializing all unused ports to eliminate wasted current consumption on unused pins.
error #10010: errors encountered during linking; "Project 08.out" not built
remark #10372-D: (ULP 4.1) Detected uninitialized Port B in this project. Recommend initializing all unused ports to eliminate wasted current consumption on unused pins.
remark #10372-D: (ULP 4.1) Detected uninitialized Port C in this project. Recommend initializing all unused ports to eliminate wasted current consumption on unused pins.
remark #10422-D: (ULP 6.2) Detected use of a device with available 32-bit hardware multiplier and not also using MSPMATHLIB library (libmath.a).  Recommend using MSPMATHLIB library (libmath.a) for improved performance.
 
>> Compilation failure
makefile:153: recipe for target 'Project 08.out' failed
gmake[1]: *** [Project 08.out] Error 1
makefile:149: recipe for target 'all' failed
gmake: *** [all] Error 2

**** Build Finished ****

**** Build of configuration Debug for project Project 08 ****

"D:\\ccs\\utils\\bin\\gmake" -k -j 16 all -O 
 
Building file: "../main.c"
Invoking: MSP430 Compiler
"D:/ccs/tools/compiler/ti-cgt-msp430_21.6.1.LTS/bin/cl430" -vmspx --use_hw_mpy=F5 --include_path="D:/ccs/ccs_base/msp430/include" --include_path="D:/ccs/Project 08/Project 08" --include_path="D:/ccs/tools/compiler/ti-cgt-msp430_21.6.1.LTS/include" --advice:power=all --advice:hw_config=all --define=__MSP430FR2355__ --define=_FRWP_ENABLE --define=_INFO_FRWP_ENABLE -g --printf_support=minimal --diag_warning=225 --diag_wrap=off --display_error_number --silicon_errata=CPU21 --silicon_errata=CPU22 --silicon_errata=CPU40 --preproc_with_compile --preproc_dependency="main.d_raw"  "../main.c"
 
>> Compilation failure
subdir_rules.mk:9: recipe for target 'main.obj' failed
"../main.c", line 20: warning #225-D: function "Init_ADC" declared implicitly
"../main.c", line 26: warning #225-D: function "clear_display" declared implicitly
"../main.c", line 27: warning #225-D: function "strcpy" declared implicitly
"../main.c", line 27: error #20: identifier "display_line" is undefined
"../main.c", line 31: warning #225-D: function "update_display" declared implicitly
"../main.c", line 46: warning #225-D: function "Carlson_StateMachine" declared implicitly
"../main.c", line 47: warning #225-D: function "ADC_Process" declared implicitly
1 error detected in the compilation of "../main.c".
gmake: *** [main.obj] Error 1
gmake: Target 'all' not remade because of errors.

**** Build Finished ****

**** Build of configuration Debug for project Project 08 ****

"D:\\ccs\\utils\\bin\\gmake" -k -j 16 all -O 
 
Building file: "../main.c"
Invoking: MSP430 Compiler
"D:/ccs/tools/compiler/ti-cgt-msp430_21.6.1.LTS/bin/cl430" -vmspx --use_hw_mpy=F5 --include_path="D:/ccs/ccs_base/msp430/include" --include_path="D:/ccs/Project 08/Project 08" --include_path="D:/ccs/tools/compiler/ti-cgt-msp430_21.6.1.LTS/include" --advice:power=all --advice:hw_config=all --define=__MSP430FR2355__ --define=_FRWP_ENABLE --define=_INFO_FRWP_ENABLE -g --printf_support=minimal --diag_warning=225 --diag_wrap=off --display_error_number --silicon_errata=CPU21 --silicon_errata=CPU22 --silicon_errata=CPU40 --preproc_with_compile --preproc_dependency="main.d_raw"  "../main.c"
 
>> Compilation failure
subdir_rules.mk:9: recipe for target 'main.obj' failed
"../main.c", line 38: warning #225-D: function "Init_ADC" declared implicitly
"../main.c", line 44: warning #225-D: function "clear_display" declared implicitly
"../main.c", line 45: warning #225-D: function "strcpy" declared implicitly
"../main.c", line 49: error #110: expression preceding parentheses of apparent call must have (pointer-to-) function type
"../main.c", line 58: error #110: expression preceding parentheses of apparent call must have (pointer-to-) function type
"../main.c", line 64: warning #225-D: function "Carlson_StateMachine" declared implicitly
"../main.c", line 65: warning #225-D: function "ADC_Process" declared implicitly
2 errors detected in the compilation of "../main.c".
gmake: *** [main.obj] Error 1
gmake: Target 'all' not remade because of errors.

**** Build Finished ****

**** Build of configuration Debug for project Project 08 ****

"D:\\ccs\\utils\\bin\\gmake" -k -j 16 all -O 
 
Building file: "../main.c"
Invoking: MSP430 Compiler
"D:/ccs/tools/compiler/ti-cgt-msp430_21.6.1.LTS/bin/cl430" -vmspx --use_hw_mpy=F5 --include_path="D:/ccs/ccs_base/msp430/include" --include_path="D:/ccs/Project 08/Project 08" --include_path="D:/ccs/tools/compiler/ti-cgt-msp430_21.6.1.LTS/include" --advice:power=all --advice:hw_config=all --define=__MSP430FR2355__ --define=_FRWP_ENABLE --define=_INFO_FRWP_ENABLE -g --printf_support=minimal --diag_warning=225 --diag_wrap=off --display_error_number --silicon_errata=CPU21 --silicon_errata=CPU22 --silicon_errata=CPU40 --preproc_with_compile --preproc_dependency="main.d_raw"  "../main.c"
"../main.c", line 38: warning #225-D: function "Init_ADC" declared implicitly
"../main.c", line 44: warning #225-D: function "clear_display" declared implicitly
"../main.c", line 45: warning #225-D: function "strcpy" declared implicitly
"../main.c", line 49: warning #225-D: function "LCD_update" declared implicitly
"../main.c", line 64: warning #225-D: function "Carlson_StateMachine" declared implicitly
"../main.c", line 65: warning #225-D: function "ADC_Process" declared implicitly
Finished building: "../main.c"
 
Building target: "Project 08.out"
Invoking: MSP430 Linker
"D:/ccs/tools/compiler/ti-cgt-msp430_21.6.1.LTS/bin/cl430" -vmspx --use_hw_mpy=F5 --advice:power=all --advice:hw_config=all --define=__MSP430FR2355__ --define=_FRWP_ENABLE --define=_INFO_FRWP_ENABLE -g --printf_support=minimal --diag_warning=225 --diag_wrap=off --display_error_number --silicon_errata=CPU21 --silicon_errata=CPU22 --silicon_errata=CPU40 -z -m"Project 08.map" --heap_size=160 --stack_size=160 --cinit_hold_wdt=on -i"D:/ccs/ccs_base/msp430/include" -i"D:/ccs/ccs_base/msp430/lib/FR2xx" -i"D:/ccs/tools/compiler/ti-cgt-msp430_21.6.1.LTS/lib" -i"D:/ccs/tools/compiler/ti-cgt-msp430_21.6.1.LTS/include" --priority --reread_libs --define=_FRWP_ENABLE --define=_INFO_FRWP_ENABLE --diag_wrap=off --display_error_number --warn_sections --xml_link_info="Project 08_linkInfo.xml" --use_hw_mpy=F5 --rom_model -o "Project 08.out" "./Display.obj" "./adc.obj" "./black_line.obj" "./clocks.obj" "./init.obj" "./led.obj" "./main.obj" "./ports.obj" "./serial.obj" "./states.obj" "./switches.obj" "./system.obj" "./timers.obj" "./timers_move.obj" "./wheels.obj" "../Compiled/LCD.obj" "../lnk_msp430fr2355.cmd"  -lfrwp_init.a -llibc.a 
<Linking>
 
 undefined     first referenced
  symbol           in file     
 ---------     ----------------
 ADC_Process   ./main.obj      
 clear_display ./main.obj      
 
error #10234-D: unresolved symbols remain
remark #10372-D: (ULP 4.1) Detected uninitialized Port A in this project. Recommend initializing all unused ports to eliminate wasted current consumption on unused pins.
remark #10372-D: (ULP 4.1) Detected uninitialized Port B in this project. Recommend initializing all unused ports to eliminate wasted current consumption on unused pins.
remark #10372-D: (ULP 4.1) Detected uninitialized Port C in this project. Recommend initializing all unused ports to eliminate wasted current consumption on unused pins.
remark #10422-D: (ULP 6.2) Detected use of a device with available 32-bit hardware multiplier and not also using MSPMATHLIB library (libmath.a).  Recommend using MSPMATHLIB library (libmath.a) for improved performance.
error #10010: errors encountered during linking; "Project 08.out" not built
 
>> Compilation failure
makefile:153: recipe for target 'Project 08.out' failed
gmake[1]: *** [Project 08.out] Error 1
makefile:149: recipe for target 'all' failed
gmake: *** [all] Error 2

**** Build Finished ****

**** Build of configuration Debug for project Project 08 ****

"D:\\ccs\\utils\\bin\\gmake" -k -j 16 all -O 
 
Building file: "../main.c"
Invoking: MSP430 Compiler
"D:/ccs/tools/compiler/ti-cgt-msp430_21.6.1.LTS/bin/cl430" -vmspx --use_hw_mpy=F5 --include_path="D:/ccs/ccs_base/msp430/include" --include_path="D:/ccs/Project 08/Project 08" --include_path="D:/ccs/tools/compiler/ti-cgt-msp430_21.6.1.LTS/include" --advice:power=all --advice:hw_config=all --define=__MSP430FR2355__ --define=_FRWP_ENABLE --define=_INFO_FRWP_ENABLE -g --printf_support=minimal --diag_warning=225 --diag_wrap=off --display_error_number --silicon_errata=CPU21 --silicon_errata=CPU22 --silicon_errata=CPU40 --preproc_with_compile --preproc_dependency="main.d_raw"  "../main.c"
"../main.c", line 38: warning #225-D: function "Init_ADC" declared implicitly
"../main.c", line 44: warning #225-D: function "clear_display" declared implicitly
"../main.c", line 45: warning #225-D: function "strcpy" declared implicitly
"../main.c", line 49: warning #225-D: function "LCD_update" declared implicitly
"../main.c", line 64: warning #225-D: function "Carlson_StateMachine" declared implicitly
Finished building: "../main.c"
 
Building target: "Project 08.out"
Invoking: MSP430 Linker
"D:/ccs/tools/compiler/ti-cgt-msp430_21.6.1.LTS/bin/cl430" -vmspx --use_hw_mpy=F5 --advice:power=all --advice:hw_config=all --define=__MSP430FR2355__ --define=_FRWP_ENABLE --define=_INFO_FRWP_ENABLE -g --printf_support=minimal --diag_warning=225 --diag_wrap=off --display_error_number --silicon_errata=CPU21 --silicon_errata=CPU22 --silicon_errata=CPU40 -z -m"Project 08.map" --heap_size=160 --stack_size=160 --cinit_hold_wdt=on -i"D:/ccs/ccs_base/msp430/include" -i"D:/ccs/ccs_base/msp430/lib/FR2xx" -i"D:/ccs/tools/compiler/ti-cgt-msp430_21.6.1.LTS/lib" -i"D:/ccs/tools/compiler/ti-cgt-msp430_21.6.1.LTS/include" --priority --reread_libs --define=_FRWP_ENABLE --define=_INFO_FRWP_ENABLE --diag_wrap=off --display_error_number --warn_sections --xml_link_info="Project 08_linkInfo.xml" --use_hw_mpy=F5 --rom_model -o "Project 08.out" "./Display.obj" "./adc.obj" "./black_line.obj" "./clocks.obj" "./init.obj" "./led.obj" "./main.obj" "./ports.obj" "./serial.obj" "./states.obj" "./switches.obj" "./system.obj" "./timers.obj" "./timers_move.obj" "./wheels.obj" "../Compiled/LCD.obj" "../lnk_msp430fr2355.cmd"  -lfrwp_init.a -llibc.a 
<Linking>
 
 undefined     first referenced
  symbol           in file     
 ---------     ----------------
 clear_display ./main.obj      
 
error #10234-D: unresolved symbols remain
error #10010: errors encountered during linking; "Project 08.out" not built
remark #10372-D: (ULP 4.1) Detected uninitialized Port A in this project. Recommend initializing all unused ports to eliminate wasted current consumption on unused pins.
remark #10372-D: (ULP 4.1) Detected uninitialized Port B in this project. Recommend initializing all unused ports to eliminate wasted current consumption on unused pins.
remark #10372-D: (ULP 4.1) Detected uninitialized Port C in this project. Recommend initializing all unused ports to eliminate wasted current consumption on unused pins.
remark #10422-D: (ULP 6.2) Detected use of a device with available 32-bit hardware multiplier and not also using MSPMATHLIB library (libmath.a).  Recommend using MSPMATHLIB library (libmath.a) for improved performance.
 
>> Compilation failure
makefile:153: recipe for target 'Project 08.out' failed
gmake[1]: *** [Project 08.out] Error 1
makefile:149: recipe for target 'all' failed
gmake: *** [all] Error 2

**** Build Finished ****

**** Build of configuration Debug for project Project 08 ****

"D:\\ccs\\utils\\bin\\gmake" -k -j 16 all -O 
 
Building file: "../Display.c"
Invoking: MSP430 Compiler
"D:/ccs/tools/compiler/ti-cgt-msp430_21.6.1.LTS/bin/cl430" -vmspx --use_hw_mpy=F5 --include_path="D:/ccs/ccs_base/msp430/include" --include_path="D:/ccs/Project 08/Project 08" --include_path="D:/ccs/tools/compiler/ti-cgt-msp430_21.6.1.LTS/include" --advice:power=all --advice:hw_config=all --define=__MSP430FR2355__ --define=_FRWP_ENABLE --define=_INFO_FRWP_ENABLE -g --printf_support=minimal --diag_warning=225 --diag_wrap=off --display_error_number --silicon_errata=CPU21 --silicon_errata=CPU22 --silicon_errata=CPU40 --preproc_with_compile --preproc_dependency="Display.d_raw"  "../Display.c"
 
>> Compilation failure
subdir_rules.mk:9: recipe for target 'Display.obj' failed
"../Display.c", line 43: error #20: identifier "display_line" is undefined
"../Display.c", line 45: error #20: identifier "display_line" is undefined
"../Display.c", line 49: error #20: identifier "line1" is undefined
"../Display.c", line 50: error #20: identifier "line2" is undefined
"../Display.c", line 51: error #20: identifier "line3" is undefined
"../Display.c", line 52: error #20: identifier "line4" is undefined
"../Display.c", line 54: error #110: expression preceding parentheses of apparent call must have (pointer-to-) function type
"../Display.c", line 41: remark #1544-D: (ULP 13.1) Detected loop counting up. Recommend loops count down as detecting zeros is easier
"../Display.c", line 42: remark #1544-D: (ULP 13.1) Detected loop counting up. Recommend loops count down as detecting zeros is easier
7 errors detected in the compilation of "../Display.c".
gmake: *** [Display.obj] Error 1
gmake: Target 'all' not remade because of errors.

**** Build Finished ****

**** Build of configuration Debug for project Project 08 ****

"D:\\ccs\\utils\\bin\\gmake" -k -j 16 all -O 
 
Building file: "../Display.c"
Invoking: MSP430 Compiler
"D:/ccs/tools/compiler/ti-cgt-msp430_21.6.1.LTS/bin/cl430" -vmspx --use_hw_mpy=F5 --include_path="D:/ccs/ccs_base/msp430/include" --include_path="D:/ccs/Project 08/Project 08" --include_path="D:/ccs/tools/compiler/ti-cgt-msp430_21.6.1.LTS/include" --advice:power=all --advice:hw_config=all --define=__MSP430FR2355__ --define=_FRWP_ENABLE --define=_INFO_FRWP_ENABLE -g --printf_support=minimal --diag_warning=225 --diag_wrap=off --display_error_number --silicon_errata=CPU21 --silicon_errata=CPU22 --silicon_errata=CPU40 --preproc_with_compile --preproc_dependency="Display.d_raw"  "../Display.c"
 
>> Compilation failure
subdir_rules.mk:9: recipe for target 'Display.obj' failed
"../Display.c", line 21: error #148: declaration is incompatible with "volatile unsigned char update_display" (declared at line 17)
"../Display.c", line 30: warning #238-D: controlling expression is constant
"../Display.c", line 31: error #138: expression must be a modifiable lvalue
"../Display.c", line 48: warning #177-D: subscript out of range
"../Display.c", line 44: remark #1544-D: (ULP 13.1) Detected loop counting up. Recommend loops count down as detecting zeros is easier
"../Display.c", line 45: remark #1544-D: (ULP 13.1) Detected loop counting up. Recommend loops count down as detecting zeros is easier
"../Display.c", line 46: remark #2553-D: (ULP 14.1) Array index (involving "j") of type "int". Recommend using "unsigned int"
"../Display.c", line 46: remark #2553-D: (ULP 14.1) Array index (involving "i") of type "int". Recommend using "unsigned int"
"../Display.c", line 48: remark #2553-D: (ULP 14.1) Array index (involving "i") of type "int". Recommend using "unsigned int"
2 errors detected in the compilation of "../Display.c".
gmake: *** [Display.obj] Error 1
gmake: Target 'all' not remade because of errors.

**** Build Finished ****

**** Build of configuration Debug for project Project 08 ****

"D:\\ccs\\utils\\bin\\gmake" -k -j 16 all -O 
 
Building file: "../Display.c"
Invoking: MSP430 Compiler
"D:/ccs/tools/compiler/ti-cgt-msp430_21.6.1.LTS/bin/cl430" -vmspx --use_hw_mpy=F5 --include_path="D:/ccs/ccs_base/msp430/include" --include_path="D:/ccs/Project 08/Project 08" --include_path="D:/ccs/tools/compiler/ti-cgt-msp430_21.6.1.LTS/include" --advice:power=all --advice:hw_config=all --define=__MSP430FR2355__ --define=_FRWP_ENABLE --define=_INFO_FRWP_ENABLE -g --printf_support=minimal --diag_warning=225 --diag_wrap=off --display_error_number --silicon_errata=CPU21 --silicon_errata=CPU22 --silicon_errata=CPU40 --preproc_with_compile --preproc_dependency="Display.d_raw"  "../Display.c"
 
>> Compilation failure
subdir_rules.mk:9: recipe for target 'Display.obj' failed
"../Display.c", line 47: warning #177-D: subscript out of range
"../Display.c", line 56: error #110: expression preceding parentheses of apparent call must have (pointer-to-) function type
"../Display.c", line 43: remark #1544-D: (ULP 13.1) Detected loop counting up. Recommend loops count down as detecting zeros is easier
"../Display.c", line 44: remark #1544-D: (ULP 13.1) Detected loop counting up. Recommend loops count down as detecting zeros is easier
"../Display.c", line 45: remark #2553-D: (ULP 14.1) Array index (involving "j") of type "int". Recommend using "unsigned int"
"../Display.c", line 45: remark #2553-D: (ULP 14.1) Array index (involving "i") of type "int". Recommend using "unsigned int"
"../Display.c", line 47: remark #2553-D: (ULP 14.1) Array index (involving "i") of type "int". Recommend using "unsigned int"
1 error detected in the compilation of "../Display.c".
gmake: *** [Display.obj] Error 1
gmake: Target 'all' not remade because of errors.

**** Build Finished ****

**** Build of configuration Debug for project Project 08 ****

"D:\\ccs\\utils\\bin\\gmake" -k -j 16 all -O 
 
Building file: "../Display.c"
Invoking: MSP430 Compiler
"D:/ccs/tools/compiler/ti-cgt-msp430_21.6.1.LTS/bin/cl430" -vmspx --use_hw_mpy=F5 --include_path="D:/ccs/ccs_base/msp430/include" --include_path="D:/ccs/Project 08/Project 08" --include_path="D:/ccs/tools/compiler/ti-cgt-msp430_21.6.1.LTS/include" --advice:power=all --advice:hw_config=all --define=__MSP430FR2355__ --define=_FRWP_ENABLE --define=_INFO_FRWP_ENABLE -g --printf_support=minimal --diag_warning=225 --diag_wrap=off --display_error_number --silicon_errata=CPU21 --silicon_errata=CPU22 --silicon_errata=CPU40 --preproc_with_compile --preproc_dependency="Display.d_raw"  "../Display.c"
"../Display.c", line 47: warning #177-D: subscript out of range
"../Display.c", line 56: warning #225-D: function "LCD_Update" declared implicitly
"../Display.c", line 43: remark #1544-D: (ULP 13.1) Detected loop counting up. Recommend loops count down as detecting zeros is easier
"../Display.c", line 44: remark #1544-D: (ULP 13.1) Detected loop counting up. Recommend loops count down as detecting zeros is easier
"../Display.c", line 45: remark #2553-D: (ULP 14.1) Array index (involving "j") of type "int". Recommend using "unsigned int"
"../Display.c", line 45: remark #2553-D: (ULP 14.1) Array index (involving "i") of type "int". Recommend using "unsigned int"
"../Display.c", line 47: remark #2553-D: (ULP 14.1) Array index (involving "i") of type "int". Recommend using "unsigned int"
Finished building: "../Display.c"
 
Building target: "Project 08.out"
Invoking: MSP430 Linker
"D:/ccs/tools/compiler/ti-cgt-msp430_21.6.1.LTS/bin/cl430" -vmspx --use_hw_mpy=F5 --advice:power=all --advice:hw_config=all --define=__MSP430FR2355__ --define=_FRWP_ENABLE --define=_INFO_FRWP_ENABLE -g --printf_support=minimal --diag_warning=225 --diag_wrap=off --display_error_number --silicon_errata=CPU21 --silicon_errata=CPU22 --silicon_errata=CPU40 -z -m"Project 08.map" --heap_size=160 --stack_size=160 --cinit_hold_wdt=on -i"D:/ccs/ccs_base/msp430/include" -i"D:/ccs/ccs_base/msp430/lib/FR2xx" -i"D:/ccs/tools/compiler/ti-cgt-msp430_21.6.1.LTS/lib" -i"D:/ccs/tools/compiler/ti-cgt-msp430_21.6.1.LTS/include" --priority --reread_libs --define=_FRWP_ENABLE --define=_INFO_FRWP_ENABLE --diag_wrap=off --display_error_number --warn_sections --xml_link_info="Project 08_linkInfo.xml" --use_hw_mpy=F5 --rom_model -o "Project 08.out" "./Display.obj" "./adc.obj" "./black_line.obj" "./clocks.obj" "./init.obj" "./led.obj" "./main.obj" "./ports.obj" "./serial.obj" "./states.obj" "./switches.obj" "./system.obj" "./timers.obj" "./timers_move.obj" "./wheels.obj" "../Compiled/LCD.obj" "../lnk_msp430fr2355.cmd"  -lfrwp_init.a -llibc.a 
<Linking>
 
 undefined  first referenced
  symbol        in file     
 ---------  ----------------
 LCD_Update ./Display.obj   
 line1      ./Display.obj   
 line2      ./Display.obj   
 line3      ./Display.obj   
 line4      ./Display.obj   
 
error #10234-D: unresolved symbols remain
remark #10372-D: (ULP 4.1) Detected uninitialized Port A in this project. Recommend initializing all unused ports to eliminate wasted current consumption on unused pins.
remark #10372-D: (ULP 4.1) Detected uninitialized Port B in this project. Recommend initializing all unused ports to eliminate wasted current consumption on unused pins.
remark #10372-D: (ULP 4.1) Detected uninitialized Port C in this project. Recommend initializing all unused ports to eliminate wasted current consumption on unused pins.
error #10010: errors encountered during linking; "Project 08.out" not built
remark #10422-D: (ULP 6.2) Detected use of a device with available 32-bit hardware multiplier and not also using MSPMATHLIB library (libmath.a).  Recommend using MSPMATHLIB library (libmath.a) for improved performance.
 
>> Compilation failure
makefile:153: recipe for target 'Project 08.out' failed
gmake[1]: *** [Project 08.out] Error 1
makefile:149: recipe for target 'all' failed
gmake: *** [all] Error 2

**** Build Finished ****

**** Build of configuration Debug for project Project 08 ****

"D:\\ccs\\utils\\bin\\gmake" -k -j 16 all -O 
 
Building file: "../Display.c"
Invoking: MSP430 Compiler
"D:/ccs/tools/compiler/ti-cgt-msp430_21.6.1.LTS/bin/cl430" -vmspx --use_hw_mpy=F5 --include_path="D:/ccs/ccs_base/msp430/include" --include_path="D:/ccs/Project 08/Project 08" --include_path="D:/ccs/tools/compiler/ti-cgt-msp430_21.6.1.LTS/include" --advice:power=all --advice:hw_config=all --define=__MSP430FR2355__ --define=_FRWP_ENABLE --define=_INFO_FRWP_ENABLE -g --printf_support=minimal --diag_warning=225 --diag_wrap=off --display_error_number --silicon_errata=CPU21 --silicon_errata=CPU22 --silicon_errata=CPU40 --preproc_with_compile --preproc_dependency="Display.d_raw"  "../Display.c"
"../Display.c", line 48: warning #177-D: subscript out of range
"../Display.c", line 57: warning #225-D: function "LCD_Update" declared implicitly
"../Display.c", line 44: remark #1544-D: (ULP 13.1) Detected loop counting up. Recommend loops count down as detecting zeros is easier
"../Display.c", line 45: remark #1544-D: (ULP 13.1) Detected loop counting up. Recommend loops count down as detecting zeros is easier
"../Display.c", line 46: remark #2553-D: (ULP 14.1) Array index (involving "j") of type "int". Recommend using "unsigned int"
"../Display.c", line 46: remark #2553-D: (ULP 14.1) Array index (involving "i") of type "int". Recommend using "unsigned int"
"../Display.c", line 48: remark #2553-D: (ULP 14.1) Array index (involving "i") of type "int". Recommend using "unsigned int"
Finished building: "../Display.c"
 
Building target: "Project 08.out"
Invoking: MSP430 Linker
"D:/ccs/tools/compiler/ti-cgt-msp430_21.6.1.LTS/bin/cl430" -vmspx --use_hw_mpy=F5 --advice:power=all --advice:hw_config=all --define=__MSP430FR2355__ --define=_FRWP_ENABLE --define=_INFO_FRWP_ENABLE -g --printf_support=minimal --diag_warning=225 --diag_wrap=off --display_error_number --silicon_errata=CPU21 --silicon_errata=CPU22 --silicon_errata=CPU40 -z -m"Project 08.map" --heap_size=160 --stack_size=160 --cinit_hold_wdt=on -i"D:/ccs/ccs_base/msp430/include" -i"D:/ccs/ccs_base/msp430/lib/FR2xx" -i"D:/ccs/tools/compiler/ti-cgt-msp430_21.6.1.LTS/lib" -i"D:/ccs/tools/compiler/ti-cgt-msp430_21.6.1.LTS/include" --priority --reread_libs --define=_FRWP_ENABLE --define=_INFO_FRWP_ENABLE --diag_wrap=off --display_error_number --warn_sections --xml_link_info="Project 08_linkInfo.xml" --use_hw_mpy=F5 --rom_model -o "Project 08.out" "./Display.obj" "./adc.obj" "./black_line.obj" "./clocks.obj" "./init.obj" "./led.obj" "./main.obj" "./ports.obj" "./serial.obj" "./states.obj" "./switches.obj" "./system.obj" "./timers.obj" "./timers_move.obj" "./wheels.obj" "../Compiled/LCD.obj" "../lnk_msp430fr2355.cmd"  -lfrwp_init.a -llibc.a 
<Linking>
 
 undefined  first referenced
  symbol        in file     
 ---------  ----------------
 LCD_Update ./Display.obj   
 line1      ./Display.obj   
 line2      ./Display.obj   
 line3      ./Display.obj   
 line4      ./Display.obj   
 
error #10234-D: unresolved symbols remain
remark #10372-D: (ULP 4.1) Detected uninitialized Port A in this project. Recommend initializing all unused ports to eliminate wasted current consumption on unused pins.
error #10010: errors encountered during linking; "Project 08.out" not built
remark #10372-D: (ULP 4.1) Detected uninitialized Port B in this project. Recommend initializing all unused ports to eliminate wasted current consumption on unused pins.
remark #10372-D: (ULP 4.1) Detected uninitialized Port C in this project. Recommend initializing all unused ports to eliminate wasted current consumption on unused pins.
remark #10422-D: (ULP 6.2) Detected use of a device with available 32-bit hardware multiplier and not also using MSPMATHLIB library (libmath.a).  Recommend using MSPMATHLIB library (libmath.a) for improved performance.
 
>> Compilation failure
makefile:153: recipe for target 'Project 08.out' failed
gmake[1]: *** [Project 08.out] Error 1
makefile:149: recipe for target 'all' failed
gmake: *** [all] Error 2

**** Build Finished ****

**** Build of configuration Debug for project Project 08 ****

"D:\\ccs\\utils\\bin\\gmake" -k -j 16 all -O 
 
Building file: "../Display.c"
Invoking: MSP430 Compiler
"D:/ccs/tools/compiler/ti-cgt-msp430_21.6.1.LTS/bin/cl430" -vmspx --use_hw_mpy=F5 --include_path="D:/ccs/ccs_base/msp430/include" --include_path="D:/ccs/Project 08/Project 08" --include_path="D:/ccs/tools/compiler/ti-cgt-msp430_21.6.1.LTS/include" --advice:power=all --advice:hw_config=all --define=__MSP430FR2355__ --define=_FRWP_ENABLE --define=_INFO_FRWP_ENABLE -g --printf_support=minimal --diag_warning=225 --diag_wrap=off --display_error_number --silicon_errata=CPU21 --silicon_errata=CPU22 --silicon_errata=CPU40 --preproc_with_compile --preproc_dependency="Display.d_raw"  "../Display.c"
"../Display.c", line 48: warning #177-D: subscript out of range
"../Display.c", line 57: warning #225-D: function "LCD_update" declared implicitly
"../Display.c", line 44: remark #1544-D: (ULP 13.1) Detected loop counting up. Recommend loops count down as detecting zeros is easier
"../Display.c", line 45: remark #1544-D: (ULP 13.1) Detected loop counting up. Recommend loops count down as detecting zeros is easier
"../Display.c", line 46: remark #2553-D: (ULP 14.1) Array index (involving "j") of type "int". Recommend using "unsigned int"
"../Display.c", line 46: remark #2553-D: (ULP 14.1) Array index (involving "i") of type "int". Recommend using "unsigned int"
"../Display.c", line 48: remark #2553-D: (ULP 14.1) Array index (involving "i") of type "int". Recommend using "unsigned int"
Finished building: "../Display.c"
 
Building target: "Project 08.out"
Invoking: MSP430 Linker
"D:/ccs/tools/compiler/ti-cgt-msp430_21.6.1.LTS/bin/cl430" -vmspx --use_hw_mpy=F5 --advice:power=all --advice:hw_config=all --define=__MSP430FR2355__ --define=_FRWP_ENABLE --define=_INFO_FRWP_ENABLE -g --printf_support=minimal --diag_warning=225 --diag_wrap=off --display_error_number --silicon_errata=CPU21 --silicon_errata=CPU22 --silicon_errata=CPU40 -z -m"Project 08.map" --heap_size=160 --stack_size=160 --cinit_hold_wdt=on -i"D:/ccs/ccs_base/msp430/include" -i"D:/ccs/ccs_base/msp430/lib/FR2xx" -i"D:/ccs/tools/compiler/ti-cgt-msp430_21.6.1.LTS/lib" -i"D:/ccs/tools/compiler/ti-cgt-msp430_21.6.1.LTS/include" --priority --reread_libs --define=_FRWP_ENABLE --define=_INFO_FRWP_ENABLE --diag_wrap=off --display_error_number --warn_sections --xml_link_info="Project 08_linkInfo.xml" --use_hw_mpy=F5 --rom_model -o "Project 08.out" "./Display.obj" "./adc.obj" "./black_line.obj" "./clocks.obj" "./init.obj" "./led.obj" "./main.obj" "./ports.obj" "./serial.obj" "./states.obj" "./switches.obj" "./system.obj" "./timers.obj" "./timers_move.obj" "./wheels.obj" "../Compiled/LCD.obj" "../lnk_msp430fr2355.cmd"  -lfrwp_init.a -llibc.a 
<Linking>
 
 undefined first referenced
  symbol       in file     
 --------- ----------------
 line1     ./Display.obj   
 line2     ./Display.obj   
 line3     ./Display.obj   
 line4     ./Display.obj   
 
error #10234-D: unresolved symbols remain
remark #10372-D: (ULP 4.1) Detected uninitialized Port A in this project. Recommend initializing all unused ports to eliminate wasted current consumption on unused pins.
error #10010: errors encountered during linking; "Project 08.out" not built
remark #10372-D: (ULP 4.1) Detected uninitialized Port B in this project. Recommend initializing all unused ports to eliminate wasted current consumption on unused pins.
remark #10372-D: (ULP 4.1) Detected uninitialized Port C in this project. Recommend initializing all unused ports to eliminate wasted current consumption on unused pins.
remark #10422-D: (ULP 6.2) Detected use of a device with available 32-bit hardware multiplier and not also using MSPMATHLIB library (libmath.a).  Recommend using MSPMATHLIB library (libmath.a) for improved performance.
 
>> Compilation failure
makefile:153: recipe for target 'Project 08.out' failed
gmake[1]: *** [Project 08.out] Error 1
makefile:149: recipe for target 'all' failed
gmake: *** [all] Error 2

**** Build Finished ****

**** Build of configuration Debug for project Project 08 ****

"D:\\ccs\\utils\\bin\\gmake" -k -j 16 all -O 
 
Building file: "../Display.c"
Invoking: MSP430 Compiler
"D:/ccs/tools/compiler/ti-cgt-msp430_21.6.1.LTS/bin/cl430" -vmspx --use_hw_mpy=F5 --include_path="D:/ccs/ccs_base/msp430/include" --include_path="D:/ccs/Project 08/Project 08" --include_path="D:/ccs/tools/compiler/ti-cgt-msp430_21.6.1.LTS/include" --advice:power=all --advice:hw_config=all --define=__MSP430FR2355__ --define=_FRWP_ENABLE --define=_INFO_FRWP_ENABLE -g --printf_support=minimal --diag_warning=225 --diag_wrap=off --display_error_number --silicon_errata=CPU21 --silicon_errata=CPU22 --silicon_errata=CPU40 --preproc_with_compile --preproc_dependency="Display.d_raw"  "../Display.c"
 
>> Compilation failure
subdir_rules.mk:9: recipe for target 'Display.obj' failed
"../Display.c", line 21: error #41: expected an identifier
"../Display.c", line 21: error #41: expected an identifier
"../Display.c", line 21: error #41: expected an identifier
"../Display.c", line 21: error #41: expected an identifier
"../Display.c", line 48: warning #177-D: subscript out of range
"../Display.c", line 52: error #138: expression must be a modifiable lvalue
"../Display.c", line 53: error #138: expression must be a modifiable lvalue
"../Display.c", line 54: error #138: expression must be a modifiable lvalue
"../Display.c", line 55: error #138: expression must be a modifiable lvalue
"../Display.c", line 57: warning #225-D: function "LCD_update" declared implicitly
"../Display.c", line 44: remark #1544-D: (ULP 13.1) Detected loop counting up. Recommend loops count down as detecting zeros is easier
"../Display.c", line 45: remark #1544-D: (ULP 13.1) Detected loop counting up. Recommend loops count down as detecting zeros is easier
"../Display.c", line 46: remark #2553-D: (ULP 14.1) Array index (involving "j") of type "int". Recommend using "unsigned int"
"../Display.c", line 46: remark #2553-D: (ULP 14.1) Array index (involving "i") of type "int". Recommend using "unsigned int"
"../Display.c", line 48: remark #2553-D: (ULP 14.1) Array index (involving "i") of type "int". Recommend using "unsigned int"
8 errors detected in the compilation of "../Display.c".
gmake: *** [Display.obj] Error 1
Building file: "../adc.c"
Invoking: MSP430 Compiler
"D:/ccs/tools/compiler/ti-cgt-msp430_21.6.1.LTS/bin/cl430" -vmspx --use_hw_mpy=F5 --include_path="D:/ccs/ccs_base/msp430/include" --include_path="D:/ccs/Project 08/Project 08" --include_path="D:/ccs/tools/compiler/ti-cgt-msp430_21.6.1.LTS/include" --advice:power=all --advice:hw_config=all --define=__MSP430FR2355__ --define=_FRWP_ENABLE --define=_INFO_FRWP_ENABLE -g --printf_support=minimal --diag_warning=225 --diag_wrap=off --display_error_number --silicon_errata=CPU21 --silicon_errata=CPU22 --silicon_errata=CPU40 --preproc_with_compile --preproc_dependency="adc.d_raw"  "../adc.c"
Finished building: "../adc.c"
 
Building file: "../black_line.c"
Invoking: MSP430 Compiler
"D:/ccs/tools/compiler/ti-cgt-msp430_21.6.1.LTS/bin/cl430" -vmspx --use_hw_mpy=F5 --include_path="D:/ccs/ccs_base/msp430/include" --include_path="D:/ccs/Project 08/Project 08" --include_path="D:/ccs/tools/compiler/ti-cgt-msp430_21.6.1.LTS/include" --advice:power=all --advice:hw_config=all --define=__MSP430FR2355__ --define=_FRWP_ENABLE --define=_INFO_FRWP_ENABLE -g --printf_support=minimal --diag_warning=225 --diag_wrap=off --display_error_number --silicon_errata=CPU21 --silicon_errata=CPU22 --silicon_errata=CPU40 --preproc_with_compile --preproc_dependency="black_line.d_raw"  "../black_line.c"
"../black_line.c", line 30: warning #225-D: function "search_line" declared implicitly
"../black_line.c", line 31: warning #225-D: function "stop_on_line" declared implicitly
"../black_line.c", line 32: warning #225-D: function "reverse_to_line" declared implicitly
"../black_line.c", line 34: warning #225-D: function "stopall" declared implicitly
"../black_line.c", line 35: warning #225-D: function "strcpy" declared implicitly
"../black_line.c", line 40: warning #225-D: function "adc_line" declared implicitly
"../black_line.c", line 46: warning #161-D: declaration is incompatible with previous "search_line" (declared at line 30)
"../black_line.c", line 47: warning #225-D: function "strcpy" declared implicitly
"../black_line.c", line 54: warning #225-D: function "stopall" declared implicitly
"../black_line.c", line 56: warning #225-D: function "moveforward" declared implicitly
"../black_line.c", line 60: warning #225-D: function "moveforward" declared implicitly
"../black_line.c", line 75: warning #161-D: declaration is incompatible with previous "stop_on_line" (declared at line 31)
"../black_line.c", line 76: warning #225-D: function "stopall" declared implicitly
"../black_line.c", line 77: warning #225-D: function "strcpy" declared implicitly
"../black_line.c", line 92: warning #161-D: declaration is incompatible with previous "reverse_to_line" (declared at line 32)
"../black_line.c", line 93: warning #225-D: function "strcpy" declared implicitly
"../black_line.c", line 100: warning #225-D: function "spin_clockwise" declared implicitly
"../black_line.c", line 115: remark #1544-D: (ULP 13.1) Detected loop counting up. Recommend loops count down as detecting zeros is easier
"../black_line.c", line 116: remark #2553-D: (ULP 14.1) Array index (involving "i") of type "int". Recommend using "unsigned int"
"../black_line.c", line 138: warning #161-D: declaration is incompatible with previous "adc_line" (declared at line 40)
"../black_line.c", line 142: remark #1544-D: (ULP 13.1) Detected loop counting up. Recommend loops count down as detecting zeros is easier
"../black_line.c", line 143: remark #1545-D: (ULP 14.1) Array index of type "int". Recommend using "unsigned int"
"../black_line.c", line 143: remark #2553-D: (ULP 14.1) Array index (involving "i") of type "int". Recommend using "unsigned int"
"../black_line.c", line 173: warning #225-D: function "strcpy" declared implicitly
"../black_line.c", line 179: warning #225-D: function "strcpy" declared implicitly
"../black_line.c", line 157: remark #1544-D: (ULP 13.1) Detected loop counting up. Recommend loops count down as detecting zeros is easier
"../black_line.c", line 158: remark #2553-D: (ULP 14.1) Array index (involving "j") of type "int". Recommend using "unsigned int"
"../black_line.c", line 158: remark #2553-D: (ULP 14.1) Array index (involving "j") of type "int". Recommend using "unsigned int"
"../black_line.c", line 165: remark #1544-D: (ULP 13.1) Detected loop counting up. Recommend loops count down as detecting zeros is easier
"../black_line.c", line 166: remark #2553-D: (ULP 14.1) Array index (involving "j") of type "int". Recommend using "unsigned int"
"../black_line.c", line 166: remark #2553-D: (ULP 14.1) Array index (involving "j") of type "int". Recommend using "unsigned int"
"../black_line.c", line 157: remark #1544-D: (ULP 13.1) Detected loop counting up. Recommend loops count down as detecting zeros is easier
"../black_line.c", line 158: remark #2553-D: (ULP 14.1) Array index (involving "j") of type "int". Recommend using "unsigned int"
"../black_line.c", line 158: remark #2553-D: (ULP 14.1) Array index (involving "j") of type "int". Recommend using "unsigned int"
"../black_line.c", line 165: remark #1544-D: (ULP 13.1) Detected loop counting up. Recommend loops count down as detecting zeros is easier
"../black_line.c", line 166: remark #2553-D: (ULP 14.1) Array index (involving "j") of type "int". Recommend using "unsigned int"
"../black_line.c", line 166: remark #2553-D: (ULP 14.1) Array index (involving "j") of type "int". Recommend using "unsigned int"
Finished building: "../black_line.c"
 
Building file: "../clocks.c"
Invoking: MSP430 Compiler
"D:/ccs/tools/compiler/ti-cgt-msp430_21.6.1.LTS/bin/cl430" -vmspx --use_hw_mpy=F5 --include_path="D:/ccs/ccs_base/msp430/include" --include_path="D:/ccs/Project 08/Project 08" --include_path="D:/ccs/tools/compiler/ti-cgt-msp430_21.6.1.LTS/include" --advice:power=all --advice:hw_config=all --define=__MSP430FR2355__ --define=_FRWP_ENABLE --define=_INFO_FRWP_ENABLE -g --printf_support=minimal --diag_warning=225 --diag_wrap=off --display_error_number --silicon_errata=CPU21 --silicon_errata=CPU22 --silicon_errata=CPU40 --preproc_with_compile --preproc_dependency="clocks.d_raw"  "../clocks.c"
"../clocks.c", line 86: remark #1527-D: (ULP 2.1) Detected SW delay loop using __delay_cycles. Recommend using a timer module instead
"../clocks.c", line 87: remark #1527-D: (ULP 2.1) Detected SW delay loop using empty loop. Recommend using a timer module instead
"../clocks.c", line 120: remark #1527-D: (ULP 2.1) Detected SW delay loop using empty loop. Recommend using a timer module instead
Finished building: "../clocks.c"
 
Building file: "../init.c"
Invoking: MSP430 Compiler
"D:/ccs/tools/compiler/ti-cgt-msp430_21.6.1.LTS/bin/cl430" -vmspx --use_hw_mpy=F5 --include_path="D:/ccs/ccs_base/msp430/include" --include_path="D:/ccs/Project 08/Project 08" --include_path="D:/ccs/tools/compiler/ti-cgt-msp430_21.6.1.LTS/include" --advice:power=all --advice:hw_config=all --define=__MSP430FR2355__ --define=_FRWP_ENABLE --define=_INFO_FRWP_ENABLE -g --printf_support=minimal --diag_warning=225 --diag_wrap=off --display_error_number --silicon_errata=CPU21 --silicon_errata=CPU22 --silicon_errata=CPU40 --preproc_with_compile --preproc_dependency="init.d_raw"  "../init.c"
"../init.c", line 26: remark #1544-D: (ULP 13.1) Detected loop counting up. Recommend loops count down as detecting zeros is easier
"../init.c", line 27: remark #2553-D: (ULP 14.1) Array index (involving "i") of type "int". Recommend using "unsigned int"
"../init.c", line 28: remark #2553-D: (ULP 14.1) Array index (involving "i") of type "int". Recommend using "unsigned int"
"../init.c", line 29: remark #2553-D: (ULP 14.1) Array index (involving "i") of type "int". Recommend using "unsigned int"
"../init.c", line 30: remark #2553-D: (ULP 14.1) Array index (involving "i") of type "int". Recommend using "unsigned int"
Finished building: "../init.c"
 
Building file: "../led.c"
Invoking: MSP430 Compiler
"D:/ccs/tools/compiler/ti-cgt-msp430_21.6.1.LTS/bin/cl430" -vmspx --use_hw_mpy=F5 --include_path="D:/ccs/ccs_base/msp430/include" --include_path="D:/ccs/Project 08/Project 08" --include_path="D:/ccs/tools/compiler/ti-cgt-msp430_21.6.1.LTS/include" --advice:power=all --advice:hw_config=all --define=__MSP430FR2355__ --define=_FRWP_ENABLE --define=_INFO_FRWP_ENABLE -g --printf_support=minimal --diag_warning=225 --diag_wrap=off --display_error_number --silicon_errata=CPU21 --silicon_errata=CPU22 --silicon_errata=CPU40 --preproc_with_compile --preproc_dependency="led.d_raw"  "../led.c"
Finished building: "../led.c"
 
Building file: "../main.c"
Invoking: MSP430 Compiler
"D:/ccs/tools/compiler/ti-cgt-msp430_21.6.1.LTS/bin/cl430" -vmspx --use_hw_mpy=F5 --include_path="D:/ccs/ccs_base/msp430/include" --include_path="D:/ccs/Project 08/Project 08" --include_path="D:/ccs/tools/compiler/ti-cgt-msp430_21.6.1.LTS/include" --advice:power=all --advice:hw_config=all --define=__MSP430FR2355__ --define=_FRWP_ENABLE --define=_INFO_FRWP_ENABLE -g --printf_support=minimal --diag_warning=225 --diag_wrap=off --display_error_number --silicon_errata=CPU21 --silicon_errata=CPU22 --silicon_errata=CPU40 --preproc_with_compile --preproc_dependency="main.d_raw"  "../main.c"
"../main.c", line 38: warning #225-D: function "Init_ADC" declared implicitly
"../main.c", line 44: warning #225-D: function "clear_display" declared implicitly
"../main.c", line 45: warning #225-D: function "strcpy" declared implicitly
"../main.c", line 49: warning #225-D: function "LCD_update" declared implicitly
"../main.c", line 64: warning #225-D: function "Carlson_StateMachine" declared implicitly
Finished building: "../main.c"
 
Building file: "../serial.c"
Invoking: MSP430 Compiler
"D:/ccs/tools/compiler/ti-cgt-msp430_21.6.1.LTS/bin/cl430" -vmspx --use_hw_mpy=F5 --include_path="D:/ccs/ccs_base/msp430/include" --include_path="D:/ccs/Project 08/Project 08" --include_path="D:/ccs/tools/compiler/ti-cgt-msp430_21.6.1.LTS/include" --advice:power=all --advice:hw_config=all --define=__MSP430FR2355__ --define=_FRWP_ENABLE --define=_INFO_FRWP_ENABLE -g --printf_support=minimal --diag_warning=225 --diag_wrap=off --display_error_number --silicon_errata=CPU21 --silicon_errata=CPU22 --silicon_errata=CPU40 --preproc_with_compile --preproc_dependency="serial.d_raw"  "../serial.c"
"../serial.c", line 30: remark #1530-D: (ULP 5.1) Detected modulo operation(s). Recommend moving them to RAM during run time or not using as these are processing/power intensive
"../serial.c", line 48: remark #1530-D: (ULP 5.1) Detected modulo operation(s). Recommend moving them to RAM during run time or not using as these are processing/power intensive
"../serial.c", line 79: warning #225-D: function "moveforward" declared implicitly
"../serial.c", line 83: warning #1696-D: multicharacter character literal (potential portability problem)
"../serial.c", line 84: warning #225-D: function "movereverse" declared implicitly
"../serial.c", line 89: warning #225-D: function "spin_counterclockwise" declared implicitly
"../serial.c", line 94: warning #225-D: function "spin_clockwise" declared implicitly
"../serial.c", line 99: warning #225-D: function "stopall" declared implicitly
"../serial.c", line 131: remark #1530-D: (ULP 5.1) Detected modulo operation(s). Recommend moving them to RAM during run time or not using as these are processing/power intensive
"../serial.c", line 141: remark #1530-D: (ULP 5.1) Detected modulo operation(s). Recommend moving them to RAM during run time or not using as these are processing/power intensive
Finished building: "../serial.c"
 
Building file: "../ports.c"
Invoking: MSP430 Compiler
"D:/ccs/tools/compiler/ti-cgt-msp430_21.6.1.LTS/bin/cl430" -vmspx --use_hw_mpy=F5 --include_path="D:/ccs/ccs_base/msp430/include" --include_path="D:/ccs/Project 08/Project 08" --include_path="D:/ccs/tools/compiler/ti-cgt-msp430_21.6.1.LTS/include" --advice:power=all --advice:hw_config=all --define=__MSP430FR2355__ --define=_FRWP_ENABLE --define=_INFO_FRWP_ENABLE -g --printf_support=minimal --diag_warning=225 --diag_wrap=off --display_error_number --silicon_errata=CPU21 --silicon_errata=CPU22 --silicon_errata=CPU40 --preproc_with_compile --preproc_dependency="ports.d_raw"  "../ports.c"
"../ports.c", line 17: warning #225-D: function "Init_Port_1" declared implicitly
"../ports.c", line 18: warning #225-D: function "Init_Port_2" declared implicitly
"../ports.c", line 19: warning #225-D: function "Init_Port_3" declared implicitly
"../ports.c", line 20: warning #225-D: function "Init_Port_4" declared implicitly
"../ports.c", line 21: warning #225-D: function "Init_Port_5" declared implicitly
"../ports.c", line 22: warning #225-D: function "Init_Port_6" declared implicitly
"../ports.c", line 28: warning #161-D: declaration is incompatible with previous "Init_Port_1" (declared at line 17)
"../ports.c", line 86: warning #161-D: declaration is incompatible with previous "Init_Port_2" (declared at line 18)
"../ports.c", line 139: warning #161-D: declaration is incompatible with previous "Init_Port_3" (declared at line 19)
"../ports.c", line 188: warning #161-D: declaration is incompatible with previous "Init_Port_4" (declared at line 20)
"../ports.c", line 238: warning #161-D: declaration is incompatible with previous "Init_Port_5" (declared at line 21)
"../ports.c", line 271: warning #161-D: declaration is incompatible with previous "Init_Port_6" (declared at line 22)
Finished building: "../ports.c"
 
Building file: "../states.c"
Invoking: MSP430 Compiler
"D:/ccs/tools/compiler/ti-cgt-msp430_21.6.1.LTS/bin/cl430" -vmspx --use_hw_mpy=F5 --include_path="D:/ccs/ccs_base/msp430/include" --include_path="D:/ccs/Project 08/Project 08" --include_path="D:/ccs/tools/compiler/ti-cgt-msp430_21.6.1.LTS/include" --advice:power=all --advice:hw_config=all --define=__MSP430FR2355__ --define=_FRWP_ENABLE --define=_INFO_FRWP_ENABLE -g --printf_support=minimal --diag_warning=225 --diag_wrap=off --display_error_number --silicon_errata=CPU21 --silicon_errata=CPU22 --silicon_errata=CPU40 --preproc_with_compile --preproc_dependency="states.d_raw"  "../states.c"
Finished building: "../states.c"
 
Building file: "../system.c"
Invoking: MSP430 Compiler
"D:/ccs/tools/compiler/ti-cgt-msp430_21.6.1.LTS/bin/cl430" -vmspx --use_hw_mpy=F5 --include_path="D:/ccs/ccs_base/msp430/include" --include_path="D:/ccs/Project 08/Project 08" --include_path="D:/ccs/tools/compiler/ti-cgt-msp430_21.6.1.LTS/include" --advice:power=all --advice:hw_config=all --define=__MSP430FR2355__ --define=_FRWP_ENABLE --define=_INFO_FRWP_ENABLE -g --printf_support=minimal --diag_warning=225 --diag_wrap=off --display_error_number --silicon_errata=CPU21 --silicon_errata=CPU22 --silicon_errata=CPU40 --preproc_with_compile --preproc_dependency="system.d_raw"  "../system.c"
Finished building: "../system.c"
 
Building file: "../timers.c"
Invoking: MSP430 Compiler
"D:/ccs/tools/compiler/ti-cgt-msp430_21.6.1.LTS/bin/cl430" -vmspx --use_hw_mpy=F5 --include_path="D:/ccs/ccs_base/msp430/include" --include_path="D:/ccs/Project 08/Project 08" --include_path="D:/ccs/tools/compiler/ti-cgt-msp430_21.6.1.LTS/include" --advice:power=all --advice:hw_config=all --define=__MSP430FR2355__ --define=_FRWP_ENABLE --define=_INFO_FRWP_ENABLE -g --printf_support=minimal --diag_warning=225 --diag_wrap=off --display_error_number --silicon_errata=CPU21 --silicon_errata=CPU22 --silicon_errata=CPU40 --preproc_with_compile --preproc_dependency="timers.d_raw"  "../timers.c"
"../timers.c", line 108: warning #225-D: function "five_ms_delay" declared implicitly
"../timers.c", line 107: remark #1544-D: (ULP 13.1) Detected loop counting up. Recommend loops count down as detecting zeros is easier
"../timers.c", line 112: warning #161-D: declaration is incompatible with previous "five_ms_delay" (declared at line 108)
"../timers.c", line 24: remark #1535-D: (ULP 8.1) variable "sw1_position" is used as a constant. Recommend declaring variable as either 'static const' or 'const'
"../timers.c", line 25: remark #1535-D: (ULP 8.1) variable "sw2_position" is used as a constant. Recommend declaring variable as either 'static const' or 'const'
Finished building: "../timers.c"
 
Building file: "../timers_move.c"
Invoking: MSP430 Compiler
"D:/ccs/tools/compiler/ti-cgt-msp430_21.6.1.LTS/bin/cl430" -vmspx --use_hw_mpy=F5 --include_path="D:/ccs/ccs_base/msp430/include" --include_path="D:/ccs/Project 08/Project 08" --include_path="D:/ccs/tools/compiler/ti-cgt-msp430_21.6.1.LTS/include" --advice:power=all --advice:hw_config=all --define=__MSP430FR2355__ --define=_FRWP_ENABLE --define=_INFO_FRWP_ENABLE -g --printf_support=minimal --diag_warning=225 --diag_wrap=off --display_error_number --silicon_errata=CPU21 --silicon_errata=CPU22 --silicon_errata=CPU40 --preproc_with_compile --preproc_dependency="timers_move.d_raw"  "../timers_move.c"
"../timers_move.c", line 57: warning #225-D: function "moveforward" declared implicitly
"../timers_move.c", line 61: warning #225-D: function "stopall" declared implicitly
"../timers_move.c", line 65: warning #225-D: function "movereverse" declared implicitly
"../timers_move.c", line 82: warning #225-D: function "spin_clockwise" declared implicitly
"../timers_move.c", line 90: warning #225-D: function "spin_counterclockwise" declared implicitly
Finished building: "../timers_move.c"
 
Building file: "../wheels.c"
Invoking: MSP430 Compiler
"D:/ccs/tools/compiler/ti-cgt-msp430_21.6.1.LTS/bin/cl430" -vmspx --use_hw_mpy=F5 --include_path="D:/ccs/ccs_base/msp430/include" --include_path="D:/ccs/Project 08/Project 08" --include_path="D:/ccs/tools/compiler/ti-cgt-msp430_21.6.1.LTS/include" --advice:power=all --advice:hw_config=all --define=__MSP430FR2355__ --define=_FRWP_ENABLE --define=_INFO_FRWP_ENABLE -g --printf_support=minimal --diag_warning=225 --diag_wrap=off --display_error_number --silicon_errata=CPU21 --silicon_errata=CPU22 --silicon_errata=CPU40 --preproc_with_compile --preproc_dependency="wheels.d_raw"  "../wheels.c"
Finished building: "../wheels.c"
 
gmake: Target 'all' not remade because of errors.

**** Build Finished ****

**** Build of configuration Debug for project Project 08 ****

"D:\\ccs\\utils\\bin\\gmake" -k -j 16 all -O 
 
Building file: "../Display.c"
Invoking: MSP430 Compiler
"D:/ccs/tools/compiler/ti-cgt-msp430_21.6.1.LTS/bin/cl430" -vmspx --use_hw_mpy=F5 --include_path="D:/ccs/ccs_base/msp430/include" --include_path="D:/ccs/Project 08/Project 08" --include_path="D:/ccs/tools/compiler/ti-cgt-msp430_21.6.1.LTS/include" --advice:power=all --advice:hw_config=all --define=__MSP430FR2355__ --define=_FRWP_ENABLE --define=_INFO_FRWP_ENABLE -g --printf_support=minimal --diag_warning=225 --diag_wrap=off --display_error_number --silicon_errata=CPU21 --silicon_errata=CPU22 --silicon_errata=CPU40 --preproc_with_compile --preproc_dependency="Display.d_raw"  "../Display.c"
"../Display.c", line 47: warning #177-D: subscript out of range
"../Display.c", line 50: warning #225-D: function "LCD_update" declared implicitly
"../Display.c", line 43: remark #1544-D: (ULP 13.1) Detected loop counting up. Recommend loops count down as detecting zeros is easier
"../Display.c", line 44: remark #1544-D: (ULP 13.1) Detected loop counting up. Recommend loops count down as detecting zeros is easier
"../Display.c", line 45: remark #2553-D: (ULP 14.1) Array index (involving "j") of type "int". Recommend using "unsigned int"
"../Display.c", line 45: remark #2553-D: (ULP 14.1) Array index (involving "i") of type "int". Recommend using "unsigned int"
"../Display.c", line 47: remark #2553-D: (ULP 14.1) Array index (involving "i") of type "int". Recommend using "unsigned int"
Finished building: "../Display.c"
 
Building target: "Project 08.out"
Invoking: MSP430 Linker
"D:/ccs/tools/compiler/ti-cgt-msp430_21.6.1.LTS/bin/cl430" -vmspx --use_hw_mpy=F5 --advice:power=all --advice:hw_config=all --define=__MSP430FR2355__ --define=_FRWP_ENABLE --define=_INFO_FRWP_ENABLE -g --printf_support=minimal --diag_warning=225 --diag_wrap=off --display_error_number --silicon_errata=CPU21 --silicon_errata=CPU22 --silicon_errata=CPU40 -z -m"Project 08.map" --heap_size=160 --stack_size=160 --cinit_hold_wdt=on -i"D:/ccs/ccs_base/msp430/include" -i"D:/ccs/ccs_base/msp430/lib/FR2xx" -i"D:/ccs/tools/compiler/ti-cgt-msp430_21.6.1.LTS/lib" -i"D:/ccs/tools/compiler/ti-cgt-msp430_21.6.1.LTS/include" --priority --reread_libs --define=_FRWP_ENABLE --define=_INFO_FRWP_ENABLE --diag_wrap=off --display_error_number --warn_sections --xml_link_info="Project 08_linkInfo.xml" --use_hw_mpy=F5 --rom_model -o "Project 08.out" "./Display.obj" "./adc.obj" "./black_line.obj" "./clocks.obj" "./init.obj" "./led.obj" "./main.obj" "./ports.obj" "./serial.obj" "./states.obj" "./switches.obj" "./system.obj" "./timers.obj" "./timers_move.obj" "./wheels.obj" "../Compiled/LCD.obj" "../lnk_msp430fr2355.cmd"  -lfrwp_init.a -llibc.a 
<Linking>
remark #10372-D: (ULP 4.1) Detected uninitialized Port A in this project. Recommend initializing all unused ports to eliminate wasted current consumption on unused pins.
remark #10372-D: (ULP 4.1) Detected uninitialized Port B in this project. Recommend initializing all unused ports to eliminate wasted current consumption on unused pins.
remark #10372-D: (ULP 4.1) Detected uninitialized Port C in this project. Recommend initializing all unused ports to eliminate wasted current consumption on unused pins.
remark #10422-D: (ULP 6.2) Detected use of a device with available 32-bit hardware multiplier and not also using MSPMATHLIB library (libmath.a).  Recommend using MSPMATHLIB library (libmath.a) for improved performance.
Finished building target: "Project 08.out"
 

**** Build Finished ****

**** Build of configuration Debug for project Project 08 ****

"D:\\ccs\\utils\\bin\\gmake" -k -j 16 all -O 
 
gmake[1]: 'Project 08.out' is up to date.

**** Build Finished ****

**** Build of configuration Debug for project Project 08 ****

"D:\\ccs\\utils\\bin\\gmake" -k -j 16 all -O 
 
gmake[1]: 'Project 08.out' is up to date.

**** Build Finished ****

**** Build of configuration Debug for project Project 08 ****

"D:\\ccs\\utils\\bin\\gmake" -k -j 16 all -O 
 
Building file: "../Display.c"
Invoking: MSP430 Compiler
"D:/ccs/tools/compiler/ti-cgt-msp430_21.6.1.LTS/bin/cl430" -vmspx --use_hw_mpy=F5 --include_path="D:/ccs/ccs_base/msp430/include" --include_path="D:/ccs/Project 08/Project 08" --include_path="D:/ccs/tools/compiler/ti-cgt-msp430_21.6.1.LTS/include" --advice:power=all --advice:hw_config=all --define=__MSP430FR2355__ --define=_FRWP_ENABLE --define=_INFO_FRWP_ENABLE -g --printf_support=minimal --diag_warning=225 --diag_wrap=off --display_error_number --silicon_errata=CPU21 --silicon_errata=CPU22 --silicon_errata=CPU40 --preproc_with_compile --preproc_dependency="Display.d_raw"  "../Display.c"
"../Display.c", line 43: remark #1544-D: (ULP 13.1) Detected loop counting up. Recommend loops count down as detecting zeros is easier
"../Display.c", line 44: remark #2553-D: (ULP 14.1) Array index (involving "i") of type "int". Recommend using "unsigned int"
Finished building: "../Display.c"
 
Building target: "Project 08.out"
Invoking: MSP430 Linker
"D:/ccs/tools/compiler/ti-cgt-msp430_21.6.1.LTS/bin/cl430" -vmspx --use_hw_mpy=F5 --advice:power=all --advice:hw_config=all --define=__MSP430FR2355__ --define=_FRWP_ENABLE --define=_INFO_FRWP_ENABLE -g --printf_support=minimal --diag_warning=225 --diag_wrap=off --display_error_number --silicon_errata=CPU21 --silicon_errata=CPU22 --silicon_errata=CPU40 -z -m"Project 08.map" --heap_size=160 --stack_size=160 --cinit_hold_wdt=on -i"D:/ccs/ccs_base/msp430/include" -i"D:/ccs/ccs_base/msp430/lib/FR2xx" -i"D:/ccs/tools/compiler/ti-cgt-msp430_21.6.1.LTS/lib" -i"D:/ccs/tools/compiler/ti-cgt-msp430_21.6.1.LTS/include" --priority --reread_libs --define=_FRWP_ENABLE --define=_INFO_FRWP_ENABLE --diag_wrap=off --display_error_number --warn_sections --xml_link_info="Project 08_linkInfo.xml" --use_hw_mpy=F5 --rom_model -o "Project 08.out" "./Display.obj" "./adc.obj" "./black_line.obj" "./clocks.obj" "./init.obj" "./led.obj" "./main.obj" "./ports.obj" "./serial.obj" "./states.obj" "./switches.obj" "./system.obj" "./timers.obj" "./timers_move.obj" "./wheels.obj" "../Compiled/LCD.obj" "../lnk_msp430fr2355.cmd"  -lfrwp_init.a -llibc.a 
<Linking>
remark #10372-D: (ULP 4.1) Detected uninitialized Port A in this project. Recommend initializing all unused ports to eliminate wasted current consumption on unused pins.
remark #10372-D: (ULP 4.1) Detected uninitialized Port B in this project. Recommend initializing all unused ports to eliminate wasted current consumption on unused pins.
remark #10372-D: (ULP 4.1) Detected uninitialized Port C in this project. Recommend initializing all unused ports to eliminate wasted current consumption on unused pins.
remark #10422-D: (ULP 6.2) Detected use of a device with available 32-bit hardware multiplier and not also using MSPMATHLIB library (libmath.a).  Recommend using MSPMATHLIB library (libmath.a) for improved performance.
Finished building target: "Project 08.out"
 

**** Build Finished ****

**** Build of configuration Debug for project Project 08 ****

"D:\\ccs\\utils\\bin\\gmake" -k -j 16 all -O 
 
Building file: "../init.c"
Invoking: MSP430 Compiler
"D:/ccs/tools/compiler/ti-cgt-msp430_21.6.1.LTS/bin/cl430" -vmspx --use_hw_mpy=F5 --include_path="D:/ccs/ccs_base/msp430/include" --include_path="D:/ccs/Project 08/Project 08" --include_path="D:/ccs/tools/compiler/ti-cgt-msp430_21.6.1.LTS/include" --advice:power=all --advice:hw_config=all --define=__MSP430FR2355__ --define=_FRWP_ENABLE --define=_INFO_FRWP_ENABLE -g --printf_support=minimal --diag_warning=225 --diag_wrap=off --display_error_number --silicon_errata=CPU21 --silicon_errata=CPU22 --silicon_errata=CPU40 --preproc_with_compile --preproc_dependency="init.d_raw"  "../init.c"
 
>> Compilation failure
subdir_rules.mk:9: recipe for target 'init.obj' failed
"../init.c", line 32: error #20: identifier "usb_rx_ring_wr" is undefined
"../init.c", line 33: error #20: identifier "usb_rx_ring_rd" is undefined
"../init.c", line 35: error #20: identifier "Time_Sequence" is undefined
"../init.c", line 36: error #20: identifier "update_display_count" is undefined
"../init.c", line 26: remark #1544-D: (ULP 13.1) Detected loop counting up. Recommend loops count down as detecting zeros is easier
"../init.c", line 27: remark #2553-D: (ULP 14.1) Array index (involving "i") of type "int". Recommend using "unsigned int"
"../init.c", line 28: remark #2553-D: (ULP 14.1) Array index (involving "i") of type "int". Recommend using "unsigned int"
"../init.c", line 29: remark #2553-D: (ULP 14.1) Array index (involving "i") of type "int". Recommend using "unsigned int"
"../init.c", line 30: remark #2553-D: (ULP 14.1) Array index (involving "i") of type "int". Recommend using "unsigned int"
4 errors detected in the compilation of "../init.c".
gmake: *** [init.obj] Error 1
Building file: "../main.c"
Invoking: MSP430 Compiler
"D:/ccs/tools/compiler/ti-cgt-msp430_21.6.1.LTS/bin/cl430" -vmspx --use_hw_mpy=F5 --include_path="D:/ccs/ccs_base/msp430/include" --include_path="D:/ccs/Project 08/Project 08" --include_path="D:/ccs/tools/compiler/ti-cgt-msp430_21.6.1.LTS/include" --advice:power=all --advice:hw_config=all --define=__MSP430FR2355__ --define=_FRWP_ENABLE --define=_INFO_FRWP_ENABLE -g --printf_support=minimal --diag_warning=225 --diag_wrap=off --display_error_number --silicon_errata=CPU21 --silicon_errata=CPU22 --silicon_errata=CPU40 --preproc_with_compile --preproc_dependency="main.d_raw"  "../main.c"
 
>> Compilation failure
subdir_rules.mk:9: recipe for target 'main.obj' failed
"../main.c", line 30: error #148: declaration is incompatible with "void main(void)" (declared at line 12 of "..\functions.h")
"../main.c", line 39: warning #225-D: function "Init_ADC" declared implicitly
"../main.c", line 40: error #20: identifier "FAST" is undefined
"../main.c", line 40: error #141: too many arguments in function call
"../main.c", line 50: warning #225-D: function "strcpy" declared implicitly
"../main.c", line 65: warning #225-D: function "Carlson_StateMachine" declared implicitly
"../main.c", line 68: warning #225-D: function "Serial_Process" declared implicitly
"../main.c", line 72: warning #225-D: function "ADC_Process" declared implicitly
3 errors detected in the compilation of "../main.c".
gmake: *** [main.obj] Error 1
gmake: Target 'all' not remade because of errors.

**** Build Finished ****

**** Build of configuration Debug for project Project 08 ****

"D:\\ccs\\utils\\bin\\gmake" -k -j 16 all -O 
 
Building file: "../init.c"
Invoking: MSP430 Compiler
"D:/ccs/tools/compiler/ti-cgt-msp430_21.6.1.LTS/bin/cl430" -vmspx --use_hw_mpy=F5 --include_path="D:/ccs/ccs_base/msp430/include" --include_path="D:/ccs/Project 08/Project 08" --include_path="D:/ccs/tools/compiler/ti-cgt-msp430_21.6.1.LTS/include" --advice:power=all --advice:hw_config=all --define=__MSP430FR2355__ --define=_FRWP_ENABLE --define=_INFO_FRWP_ENABLE -g --printf_support=minimal --diag_warning=225 --diag_wrap=off --display_error_number --silicon_errata=CPU21 --silicon_errata=CPU22 --silicon_errata=CPU40 --preproc_with_compile --preproc_dependency="init.d_raw"  "../init.c"
 
>> Compilation failure
subdir_rules.mk:9: recipe for target 'init.obj' failed
"../init.c", line 39: error #20: identifier "Time_Sequence" is undefined
"../init.c", line 40: error #20: identifier "update_display_count" is undefined
"../init.c", line 30: remark #1544-D: (ULP 13.1) Detected loop counting up. Recommend loops count down as detecting zeros is easier
"../init.c", line 31: remark #2553-D: (ULP 14.1) Array index (involving "i") of type "int". Recommend using "unsigned int"
"../init.c", line 32: remark #2553-D: (ULP 14.1) Array index (involving "i") of type "int". Recommend using "unsigned int"
"../init.c", line 33: remark #2553-D: (ULP 14.1) Array index (involving "i") of type "int". Recommend using "unsigned int"
"../init.c", line 34: remark #2553-D: (ULP 14.1) Array index (involving "i") of type "int". Recommend using "unsigned int"
2 errors detected in the compilation of "../init.c".
gmake: *** [init.obj] Error 1
Building file: "../main.c"
Invoking: MSP430 Compiler
"D:/ccs/tools/compiler/ti-cgt-msp430_21.6.1.LTS/bin/cl430" -vmspx --use_hw_mpy=F5 --include_path="D:/ccs/ccs_base/msp430/include" --include_path="D:/ccs/Project 08/Project 08" --include_path="D:/ccs/tools/compiler/ti-cgt-msp430_21.6.1.LTS/include" --advice:power=all --advice:hw_config=all --define=__MSP430FR2355__ --define=_FRWP_ENABLE --define=_INFO_FRWP_ENABLE -g --printf_support=minimal --diag_warning=225 --diag_wrap=off --display_error_number --silicon_errata=CPU21 --silicon_errata=CPU22 --silicon_errata=CPU40 --preproc_with_compile --preproc_dependency="main.d_raw"  "../main.c"
 
>> Compilation failure
subdir_rules.mk:9: recipe for target 'main.obj' failed
"../main.c", line 30: error #148: declaration is incompatible with "void main(void)" (declared at line 12 of "..\functions.h")
"../main.c", line 39: warning #225-D: function "Init_ADC" declared implicitly
"../main.c", line 40: error #20: identifier "FAST" is undefined
"../main.c", line 40: error #141: too many arguments in function call
"../main.c", line 50: warning #225-D: function "strcpy" declared implicitly
"../main.c", line 65: warning #225-D: function "Carlson_StateMachine" declared implicitly
"../main.c", line 68: warning #225-D: function "Serial_Process" declared implicitly
"../main.c", line 72: warning #225-D: function "ADC_Process" declared implicitly
3 errors detected in the compilation of "../main.c".
gmake: *** [main.obj] Error 1
gmake: Target 'all' not remade because of errors.

**** Build Finished ****

**** Build of configuration Debug for project Project 08 ****

"D:\\ccs\\utils\\bin\\gmake" -k -j 16 all -O 
 
Building file: "../main.c"
Invoking: MSP430 Compiler
"D:/ccs/tools/compiler/ti-cgt-msp430_21.6.1.LTS/bin/cl430" -vmspx --use_hw_mpy=F5 --include_path="D:/ccs/ccs_base/msp430/include" --include_path="D:/ccs/Project 08/Project 08" --include_path="D:/ccs/tools/compiler/ti-cgt-msp430_21.6.1.LTS/include" --advice:power=all --advice:hw_config=all --define=__MSP430FR2355__ --define=_FRWP_ENABLE --define=_INFO_FRWP_ENABLE -g --printf_support=minimal --diag_warning=225 --diag_wrap=off --display_error_number --silicon_errata=CPU21 --silicon_errata=CPU22 --silicon_errata=CPU40 --preproc_with_compile --preproc_dependency="main.d_raw"  "../main.c"
 
>> Compilation failure
subdir_rules.mk:9: recipe for target 'main.obj' failed
"../main.c", line 30: error #148: declaration is incompatible with "void main(void)" (declared at line 12 of "..\functions.h")
"../main.c", line 39: warning #225-D: function "Init_ADC" declared implicitly
"../main.c", line 40: error #20: identifier "FAST" is undefined
"../main.c", line 40: error #141: too many arguments in function call
"../main.c", line 50: warning #225-D: function "strcpy" declared implicitly
"../main.c", line 65: warning #225-D: function "Carlson_StateMachine" declared implicitly
"../main.c", line 68: warning #225-D: function "Serial_Process" declared implicitly
"../main.c", line 72: warning #225-D: function "ADC_Process" declared implicitly
3 errors detected in the compilation of "../main.c".
gmake: *** [main.obj] Error 1
Building file: "../init.c"
Invoking: MSP430 Compiler
"D:/ccs/tools/compiler/ti-cgt-msp430_21.6.1.LTS/bin/cl430" -vmspx --use_hw_mpy=F5 --include_path="D:/ccs/ccs_base/msp430/include" --include_path="D:/ccs/Project 08/Project 08" --include_path="D:/ccs/tools/compiler/ti-cgt-msp430_21.6.1.LTS/include" --advice:power=all --advice:hw_config=all --define=__MSP430FR2355__ --define=_FRWP_ENABLE --define=_INFO_FRWP_ENABLE -g --printf_support=minimal --diag_warning=225 --diag_wrap=off --display_error_number --silicon_errata=CPU21 --silicon_errata=CPU22 --silicon_errata=CPU40 --preproc_with_compile --preproc_dependency="init.d_raw"  "../init.c"
"../init.c", line 32: remark #1544-D: (ULP 13.1) Detected loop counting up. Recommend loops count down as detecting zeros is easier
"../init.c", line 33: remark #2553-D: (ULP 14.1) Array index (involving "i") of type "int". Recommend using "unsigned int"
"../init.c", line 34: remark #2553-D: (ULP 14.1) Array index (involving "i") of type "int". Recommend using "unsigned int"
"../init.c", line 35: remark #2553-D: (ULP 14.1) Array index (involving "i") of type "int". Recommend using "unsigned int"
"../init.c", line 36: remark #2553-D: (ULP 14.1) Array index (involving "i") of type "int". Recommend using "unsigned int"
Finished building: "../init.c"
 
gmake: Target 'all' not remade because of errors.

**** Build Finished ****

**** Build of configuration Debug for project Project 08 ****

"D:\\ccs\\utils\\bin\\gmake" -k -j 16 all -O 
 
Building file: "../Display.c"
Invoking: MSP430 Compiler
"D:/ccs/tools/compiler/ti-cgt-msp430_21.6.1.LTS/bin/cl430" -vmspx --use_hw_mpy=F5 --include_path="D:/ccs/ccs_base/msp430/include" --include_path="D:/ccs/Project 08/Project 08" --include_path="D:/ccs/tools/compiler/ti-cgt-msp430_21.6.1.LTS/include" --advice:power=all --advice:hw_config=all --define=__MSP430FR2355__ --define=_FRWP_ENABLE --define=_INFO_FRWP_ENABLE -g --printf_support=minimal --diag_warning=225 --diag_wrap=off --display_error_number --silicon_errata=CPU21 --silicon_errata=CPU22 --silicon_errata=CPU40 --preproc_with_compile --preproc_dependency="Display.d_raw"  "../Display.c"
"../Display.c", line 43: remark #1544-D: (ULP 13.1) Detected loop counting up. Recommend loops count down as detecting zeros is easier
"../Display.c", line 44: remark #2553-D: (ULP 14.1) Array index (involving "i") of type "int". Recommend using "unsigned int"
Finished building: "../Display.c"
 
Building file: "../adc.c"
Invoking: MSP430 Compiler
"D:/ccs/tools/compiler/ti-cgt-msp430_21.6.1.LTS/bin/cl430" -vmspx --use_hw_mpy=F5 --include_path="D:/ccs/ccs_base/msp430/include" --include_path="D:/ccs/Project 08/Project 08" --include_path="D:/ccs/tools/compiler/ti-cgt-msp430_21.6.1.LTS/include" --advice:power=all --advice:hw_config=all --define=__MSP430FR2355__ --define=_FRWP_ENABLE --define=_INFO_FRWP_ENABLE -g --printf_support=minimal --diag_warning=225 --diag_wrap=off --display_error_number --silicon_errata=CPU21 --silicon_errata=CPU22 --silicon_errata=CPU40 --preproc_with_compile --preproc_dependency="adc.d_raw"  "../adc.c"
Finished building: "../adc.c"
 
Building file: "../clocks.c"
Invoking: MSP430 Compiler
"D:/ccs/tools/compiler/ti-cgt-msp430_21.6.1.LTS/bin/cl430" -vmspx --use_hw_mpy=F5 --include_path="D:/ccs/ccs_base/msp430/include" --include_path="D:/ccs/Project 08/Project 08" --include_path="D:/ccs/tools/compiler/ti-cgt-msp430_21.6.1.LTS/include" --advice:power=all --advice:hw_config=all --define=__MSP430FR2355__ --define=_FRWP_ENABLE --define=_INFO_FRWP_ENABLE -g --printf_support=minimal --diag_warning=225 --diag_wrap=off --display_error_number --silicon_errata=CPU21 --silicon_errata=CPU22 --silicon_errata=CPU40 --preproc_with_compile --preproc_dependency="clocks.d_raw"  "../clocks.c"
"../clocks.c", line 86: remark #1527-D: (ULP 2.1) Detected SW delay loop using __delay_cycles. Recommend using a timer module instead
"../clocks.c", line 87: remark #1527-D: (ULP 2.1) Detected SW delay loop using empty loop. Recommend using a timer module instead
"../clocks.c", line 120: remark #1527-D: (ULP 2.1) Detected SW delay loop using empty loop. Recommend using a timer module instead
Finished building: "../clocks.c"
 
Building file: "../black_line.c"
Invoking: MSP430 Compiler
"D:/ccs/tools/compiler/ti-cgt-msp430_21.6.1.LTS/bin/cl430" -vmspx --use_hw_mpy=F5 --include_path="D:/ccs/ccs_base/msp430/include" --include_path="D:/ccs/Project 08/Project 08" --include_path="D:/ccs/tools/compiler/ti-cgt-msp430_21.6.1.LTS/include" --advice:power=all --advice:hw_config=all --define=__MSP430FR2355__ --define=_FRWP_ENABLE --define=_INFO_FRWP_ENABLE -g --printf_support=minimal --diag_warning=225 --diag_wrap=off --display_error_number --silicon_errata=CPU21 --silicon_errata=CPU22 --silicon_errata=CPU40 --preproc_with_compile --preproc_dependency="black_line.d_raw"  "../black_line.c"
"../black_line.c", line 30: warning #225-D: function "search_line" declared implicitly
"../black_line.c", line 31: warning #225-D: function "stop_on_line" declared implicitly
"../black_line.c", line 32: warning #225-D: function "reverse_to_line" declared implicitly
"../black_line.c", line 34: warning #225-D: function "stopall" declared implicitly
"../black_line.c", line 35: warning #225-D: function "strcpy" declared implicitly
"../black_line.c", line 40: warning #225-D: function "adc_line" declared implicitly
"../black_line.c", line 46: warning #161-D: declaration is incompatible with previous "search_line" (declared at line 30)
"../black_line.c", line 47: warning #225-D: function "strcpy" declared implicitly
"../black_line.c", line 54: warning #225-D: function "stopall" declared implicitly
"../black_line.c", line 56: warning #225-D: function "moveforward" declared implicitly
"../black_line.c", line 60: warning #225-D: function "moveforward" declared implicitly
"../black_line.c", line 75: warning #161-D: declaration is incompatible with previous "stop_on_line" (declared at line 31)
"../black_line.c", line 76: warning #225-D: function "stopall" declared implicitly
"../black_line.c", line 77: warning #225-D: function "strcpy" declared implicitly
"../black_line.c", line 92: warning #161-D: declaration is incompatible with previous "reverse_to_line" (declared at line 32)
"../black_line.c", line 93: warning #225-D: function "strcpy" declared implicitly
"../black_line.c", line 100: warning #225-D: function "spin_clockwise" declared implicitly
"../black_line.c", line 115: remark #1544-D: (ULP 13.1) Detected loop counting up. Recommend loops count down as detecting zeros is easier
"../black_line.c", line 116: remark #2553-D: (ULP 14.1) Array index (involving "i") of type "int". Recommend using "unsigned int"
"../black_line.c", line 138: warning #161-D: declaration is incompatible with previous "adc_line" (declared at line 40)
"../black_line.c", line 142: remark #1544-D: (ULP 13.1) Detected loop counting up. Recommend loops count down as detecting zeros is easier
"../black_line.c", line 143: remark #1545-D: (ULP 14.1) Array index of type "int". Recommend using "unsigned int"
"../black_line.c", line 143: remark #2553-D: (ULP 14.1) Array index (involving "i") of type "int". Recommend using "unsigned int"
"../black_line.c", line 173: warning #225-D: function "strcpy" declared implicitly
"../black_line.c", line 179: warning #225-D: function "strcpy" declared implicitly
"../black_line.c", line 157: remark #1544-D: (ULP 13.1) Detected loop counting up. Recommend loops count down as detecting zeros is easier
"../black_line.c", line 158: remark #2553-D: (ULP 14.1) Array index (involving "j") of type "int". Recommend using "unsigned int"
"../black_line.c", line 158: remark #2553-D: (ULP 14.1) Array index (involving "j") of type "int". Recommend using "unsigned int"
"../black_line.c", line 165: remark #1544-D: (ULP 13.1) Detected loop counting up. Recommend loops count down as detecting zeros is easier
"../black_line.c", line 166: remark #2553-D: (ULP 14.1) Array index (involving "j") of type "int". Recommend using "unsigned int"
"../black_line.c", line 166: remark #2553-D: (ULP 14.1) Array index (involving "j") of type "int". Recommend using "unsigned int"
"../black_line.c", line 157: remark #1544-D: (ULP 13.1) Detected loop counting up. Recommend loops count down as detecting zeros is easier
"../black_line.c", line 158: remark #2553-D: (ULP 14.1) Array index (involving "j") of type "int". Recommend using "unsigned int"
"../black_line.c", line 158: remark #2553-D: (ULP 14.1) Array index (involving "j") of type "int". Recommend using "unsigned int"
"../black_line.c", line 165: remark #1544-D: (ULP 13.1) Detected loop counting up. Recommend loops count down as detecting zeros is easier
"../black_line.c", line 166: remark #2553-D: (ULP 14.1) Array index (involving "j") of type "int". Recommend using "unsigned int"
"../black_line.c", line 166: remark #2553-D: (ULP 14.1) Array index (involving "j") of type "int". Recommend using "unsigned int"
Finished building: "../black_line.c"
 
Building file: "../init.c"
Invoking: MSP430 Compiler
"D:/ccs/tools/compiler/ti-cgt-msp430_21.6.1.LTS/bin/cl430" -vmspx --use_hw_mpy=F5 --include_path="D:/ccs/ccs_base/msp430/include" --include_path="D:/ccs/Project 08/Project 08" --include_path="D:/ccs/tools/compiler/ti-cgt-msp430_21.6.1.LTS/include" --advice:power=all --advice:hw_config=all --define=__MSP430FR2355__ --define=_FRWP_ENABLE --define=_INFO_FRWP_ENABLE -g --printf_support=minimal --diag_warning=225 --diag_wrap=off --display_error_number --silicon_errata=CPU21 --silicon_errata=CPU22 --silicon_errata=CPU40 --preproc_with_compile --preproc_dependency="init.d_raw"  "../init.c"
"../init.c", line 32: remark #1544-D: (ULP 13.1) Detected loop counting up. Recommend loops count down as detecting zeros is easier
"../init.c", line 33: remark #2553-D: (ULP 14.1) Array index (involving "i") of type "int". Recommend using "unsigned int"
"../init.c", line 34: remark #2553-D: (ULP 14.1) Array index (involving "i") of type "int". Recommend using "unsigned int"
"../init.c", line 35: remark #2553-D: (ULP 14.1) Array index (involving "i") of type "int". Recommend using "unsigned int"
"../init.c", line 36: remark #2553-D: (ULP 14.1) Array index (involving "i") of type "int". Recommend using "unsigned int"
Finished building: "../init.c"
 
Building file: "../main.c"
Invoking: MSP430 Compiler
"D:/ccs/tools/compiler/ti-cgt-msp430_21.6.1.LTS/bin/cl430" -vmspx --use_hw_mpy=F5 --include_path="D:/ccs/ccs_base/msp430/include" --include_path="D:/ccs/Project 08/Project 08" --include_path="D:/ccs/tools/compiler/ti-cgt-msp430_21.6.1.LTS/include" --advice:power=all --advice:hw_config=all --define=__MSP430FR2355__ --define=_FRWP_ENABLE --define=_INFO_FRWP_ENABLE -g --printf_support=minimal --diag_warning=225 --diag_wrap=off --display_error_number --silicon_errata=CPU21 --silicon_errata=CPU22 --silicon_errata=CPU40 --preproc_with_compile --preproc_dependency="main.d_raw"  "../main.c"
 
>> Compilation failure
subdir_rules.mk:9: recipe for target 'main.obj' failed
"../main.c", line 30: error #148: declaration is incompatible with "void main(void)" (declared at line 12 of "..\functions.h")
"../main.c", line 39: warning #225-D: function "Init_ADC" declared implicitly
"../main.c", line 40: error #141: too many arguments in function call
"../main.c", line 50: warning #225-D: function "strcpy" declared implicitly
"../main.c", line 65: warning #225-D: function "Carlson_StateMachine" declared implicitly
"../main.c", line 68: warning #225-D: function "Serial_Process" declared implicitly
"../main.c", line 72: warning #225-D: function "ADC_Process" declared implicitly
2 errors detected in the compilation of "../main.c".
gmake: *** [main.obj] Error 1
Building file: "../led.c"
Invoking: MSP430 Compiler
"D:/ccs/tools/compiler/ti-cgt-msp430_21.6.1.LTS/bin/cl430" -vmspx --use_hw_mpy=F5 --include_path="D:/ccs/ccs_base/msp430/include" --include_path="D:/ccs/Project 08/Project 08" --include_path="D:/ccs/tools/compiler/ti-cgt-msp430_21.6.1.LTS/include" --advice:power=all --advice:hw_config=all --define=__MSP430FR2355__ --define=_FRWP_ENABLE --define=_INFO_FRWP_ENABLE -g --printf_support=minimal --diag_warning=225 --diag_wrap=off --display_error_number --silicon_errata=CPU21 --silicon_errata=CPU22 --silicon_errata=CPU40 --preproc_with_compile --preproc_dependency="led.d_raw"  "../led.c"
Finished building: "../led.c"
 
Building file: "../ports.c"
Invoking: MSP430 Compiler
"D:/ccs/tools/compiler/ti-cgt-msp430_21.6.1.LTS/bin/cl430" -vmspx --use_hw_mpy=F5 --include_path="D:/ccs/ccs_base/msp430/include" --include_path="D:/ccs/Project 08/Project 08" --include_path="D:/ccs/tools/compiler/ti-cgt-msp430_21.6.1.LTS/include" --advice:power=all --advice:hw_config=all --define=__MSP430FR2355__ --define=_FRWP_ENABLE --define=_INFO_FRWP_ENABLE -g --printf_support=minimal --diag_warning=225 --diag_wrap=off --display_error_number --silicon_errata=CPU21 --silicon_errata=CPU22 --silicon_errata=CPU40 --preproc_with_compile --preproc_dependency="ports.d_raw"  "../ports.c"
"../ports.c", line 17: warning #225-D: function "Init_Port_1" declared implicitly
"../ports.c", line 18: warning #225-D: function "Init_Port_2" declared implicitly
"../ports.c", line 19: warning #225-D: function "Init_Port_3" declared implicitly
"../ports.c", line 20: warning #225-D: function "Init_Port_4" declared implicitly
"../ports.c", line 21: warning #225-D: function "Init_Port_5" declared implicitly
"../ports.c", line 22: warning #225-D: function "Init_Port_6" declared implicitly
"../ports.c", line 28: warning #161-D: declaration is incompatible with previous "Init_Port_1" (declared at line 17)
"../ports.c", line 86: warning #161-D: declaration is incompatible with previous "Init_Port_2" (declared at line 18)
"../ports.c", line 139: warning #161-D: declaration is incompatible with previous "Init_Port_3" (declared at line 19)
"../ports.c", line 188: warning #161-D: declaration is incompatible with previous "Init_Port_4" (declared at line 20)
"../ports.c", line 238: warning #161-D: declaration is incompatible with previous "Init_Port_5" (declared at line 21)
"../ports.c", line 271: warning #161-D: declaration is incompatible with previous "Init_Port_6" (declared at line 22)
Finished building: "../ports.c"
 
Building file: "../states.c"
Invoking: MSP430 Compiler
"D:/ccs/tools/compiler/ti-cgt-msp430_21.6.1.LTS/bin/cl430" -vmspx --use_hw_mpy=F5 --include_path="D:/ccs/ccs_base/msp430/include" --include_path="D:/ccs/Project 08/Project 08" --include_path="D:/ccs/tools/compiler/ti-cgt-msp430_21.6.1.LTS/include" --advice:power=all --advice:hw_config=all --define=__MSP430FR2355__ --define=_FRWP_ENABLE --define=_INFO_FRWP_ENABLE -g --printf_support=minimal --diag_warning=225 --diag_wrap=off --display_error_number --silicon_errata=CPU21 --silicon_errata=CPU22 --silicon_errata=CPU40 --preproc_with_compile --preproc_dependency="states.d_raw"  "../states.c"
Finished building: "../states.c"
 
Building file: "../serial.c"
Invoking: MSP430 Compiler
"D:/ccs/tools/compiler/ti-cgt-msp430_21.6.1.LTS/bin/cl430" -vmspx --use_hw_mpy=F5 --include_path="D:/ccs/ccs_base/msp430/include" --include_path="D:/ccs/Project 08/Project 08" --include_path="D:/ccs/tools/compiler/ti-cgt-msp430_21.6.1.LTS/include" --advice:power=all --advice:hw_config=all --define=__MSP430FR2355__ --define=_FRWP_ENABLE --define=_INFO_FRWP_ENABLE -g --printf_support=minimal --diag_warning=225 --diag_wrap=off --display_error_number --silicon_errata=CPU21 --silicon_errata=CPU22 --silicon_errata=CPU40 --preproc_with_compile --preproc_dependency="serial.d_raw"  "../serial.c"
"../serial.c", line 30: remark #1530-D: (ULP 5.1) Detected modulo operation(s). Recommend moving them to RAM during run time or not using as these are processing/power intensive
"../serial.c", line 48: remark #1530-D: (ULP 5.1) Detected modulo operation(s). Recommend moving them to RAM during run time or not using as these are processing/power intensive
"../serial.c", line 79: warning #225-D: function "moveforward" declared implicitly
"../serial.c", line 83: warning #1696-D: multicharacter character literal (potential portability problem)
"../serial.c", line 84: warning #225-D: function "movereverse" declared implicitly
"../serial.c", line 89: warning #225-D: function "spin_counterclockwise" declared implicitly
"../serial.c", line 94: warning #225-D: function "spin_clockwise" declared implicitly
"../serial.c", line 99: warning #225-D: function "stopall" declared implicitly
"../serial.c", line 131: remark #1530-D: (ULP 5.1) Detected modulo operation(s). Recommend moving them to RAM during run time or not using as these are processing/power intensive
"../serial.c", line 141: remark #1530-D: (ULP 5.1) Detected modulo operation(s). Recommend moving them to RAM during run time or not using as these are processing/power intensive
Finished building: "../serial.c"
 
Building file: "../system.c"
Invoking: MSP430 Compiler
"D:/ccs/tools/compiler/ti-cgt-msp430_21.6.1.LTS/bin/cl430" -vmspx --use_hw_mpy=F5 --include_path="D:/ccs/ccs_base/msp430/include" --include_path="D:/ccs/Project 08/Project 08" --include_path="D:/ccs/tools/compiler/ti-cgt-msp430_21.6.1.LTS/include" --advice:power=all --advice:hw_config=all --define=__MSP430FR2355__ --define=_FRWP_ENABLE --define=_INFO_FRWP_ENABLE -g --printf_support=minimal --diag_warning=225 --diag_wrap=off --display_error_number --silicon_errata=CPU21 --silicon_errata=CPU22 --silicon_errata=CPU40 --preproc_with_compile --preproc_dependency="system.d_raw"  "../system.c"
Finished building: "../system.c"
 
Building file: "../timers.c"
Invoking: MSP430 Compiler
"D:/ccs/tools/compiler/ti-cgt-msp430_21.6.1.LTS/bin/cl430" -vmspx --use_hw_mpy=F5 --include_path="D:/ccs/ccs_base/msp430/include" --include_path="D:/ccs/Project 08/Project 08" --include_path="D:/ccs/tools/compiler/ti-cgt-msp430_21.6.1.LTS/include" --advice:power=all --advice:hw_config=all --define=__MSP430FR2355__ --define=_FRWP_ENABLE --define=_INFO_FRWP_ENABLE -g --printf_support=minimal --diag_warning=225 --diag_wrap=off --display_error_number --silicon_errata=CPU21 --silicon_errata=CPU22 --silicon_errata=CPU40 --preproc_with_compile --preproc_dependency="timers.d_raw"  "../timers.c"
"../timers.c", line 108: warning #225-D: function "five_ms_delay" declared implicitly
"../timers.c", line 107: remark #1544-D: (ULP 13.1) Detected loop counting up. Recommend loops count down as detecting zeros is easier
"../timers.c", line 112: warning #161-D: declaration is incompatible with previous "five_ms_delay" (declared at line 108)
"../timers.c", line 24: remark #1535-D: (ULP 8.1) variable "sw1_position" is used as a constant. Recommend declaring variable as either 'static const' or 'const'
"../timers.c", line 25: remark #1535-D: (ULP 8.1) variable "sw2_position" is used as a constant. Recommend declaring variable as either 'static const' or 'const'
Finished building: "../timers.c"
 
Building file: "../timers_move.c"
Invoking: MSP430 Compiler
"D:/ccs/tools/compiler/ti-cgt-msp430_21.6.1.LTS/bin/cl430" -vmspx --use_hw_mpy=F5 --include_path="D:/ccs/ccs_base/msp430/include" --include_path="D:/ccs/Project 08/Project 08" --include_path="D:/ccs/tools/compiler/ti-cgt-msp430_21.6.1.LTS/include" --advice:power=all --advice:hw_config=all --define=__MSP430FR2355__ --define=_FRWP_ENABLE --define=_INFO_FRWP_ENABLE -g --printf_support=minimal --diag_warning=225 --diag_wrap=off --display_error_number --silicon_errata=CPU21 --silicon_errata=CPU22 --silicon_errata=CPU40 --preproc_with_compile --preproc_dependency="timers_move.d_raw"  "../timers_move.c"
"../timers_move.c", line 57: warning #225-D: function "moveforward" declared implicitly
"../timers_move.c", line 61: warning #225-D: function "stopall" declared implicitly
"../timers_move.c", line 65: warning #225-D: function "movereverse" declared implicitly
"../timers_move.c", line 82: warning #225-D: function "spin_clockwise" declared implicitly
"../timers_move.c", line 90: warning #225-D: function "spin_counterclockwise" declared implicitly
Finished building: "../timers_move.c"
 
Building file: "../wheels.c"
Invoking: MSP430 Compiler
"D:/ccs/tools/compiler/ti-cgt-msp430_21.6.1.LTS/bin/cl430" -vmspx --use_hw_mpy=F5 --include_path="D:/ccs/ccs_base/msp430/include" --include_path="D:/ccs/Project 08/Project 08" --include_path="D:/ccs/tools/compiler/ti-cgt-msp430_21.6.1.LTS/include" --advice:power=all --advice:hw_config=all --define=__MSP430FR2355__ --define=_FRWP_ENABLE --define=_INFO_FRWP_ENABLE -g --printf_support=minimal --diag_warning=225 --diag_wrap=off --display_error_number --silicon_errata=CPU21 --silicon_errata=CPU22 --silicon_errata=CPU40 --preproc_with_compile --preproc_dependency="wheels.d_raw"  "../wheels.c"
Finished building: "../wheels.c"
 
gmake: Target 'all' not remade because of errors.

**** Build Finished ****

**** Build of configuration Debug for project Project 08 ****

"D:\\ccs\\utils\\bin\\gmake" -k -j 16 all -O 
 
Building file: "../main.c"
Invoking: MSP430 Compiler
"D:/ccs/tools/compiler/ti-cgt-msp430_21.6.1.LTS/bin/cl430" -vmspx --use_hw_mpy=F5 --include_path="D:/ccs/ccs_base/msp430/include" --include_path="D:/ccs/Project 08/Project 08" --include_path="D:/ccs/tools/compiler/ti-cgt-msp430_21.6.1.LTS/include" --advice:power=all --advice:hw_config=all --define=__MSP430FR2355__ --define=_FRWP_ENABLE --define=_INFO_FRWP_ENABLE -g --printf_support=minimal --diag_warning=225 --diag_wrap=off --display_error_number --silicon_errata=CPU21 --silicon_errata=CPU22 --silicon_errata=CPU40 --preproc_with_compile --preproc_dependency="main.d_raw"  "../main.c"
 
>> Compilation failure
subdir_rules.mk:9: recipe for target 'main.obj' failed
"../main.c", line 30: error #148: declaration is incompatible with "void main(void)" (declared at line 12 of "..\functions.h")
"../main.c", line 39: warning #225-D: function "Init_ADC" declared implicitly
"../main.c", line 50: warning #225-D: function "strcpy" declared implicitly
"../main.c", line 65: warning #225-D: function "Carlson_StateMachine" declared implicitly
"../main.c", line 68: warning #225-D: function "Serial_Process" declared implicitly
"../main.c", line 72: warning #225-D: function "ADC_Process" declared implicitly
1 error detected in the compilation of "../main.c".
gmake: *** [main.obj] Error 1
gmake: Target 'all' not remade because of errors.

**** Build Finished ****

**** Build of configuration Debug for project Project 08 ****

"D:\\ccs\\utils\\bin\\gmake" -k -j 16 all -O 
 
Building file: "../main.c"
Invoking: MSP430 Compiler
"D:/ccs/tools/compiler/ti-cgt-msp430_21.6.1.LTS/bin/cl430" -vmspx --use_hw_mpy=F5 --include_path="D:/ccs/ccs_base/msp430/include" --include_path="D:/ccs/Project 08/Project 08" --include_path="D:/ccs/tools/compiler/ti-cgt-msp430_21.6.1.LTS/include" --advice:power=all --advice:hw_config=all --define=__MSP430FR2355__ --define=_FRWP_ENABLE --define=_INFO_FRWP_ENABLE -g --printf_support=minimal --diag_warning=225 --diag_wrap=off --display_error_number --silicon_errata=CPU21 --silicon_errata=CPU22 --silicon_errata=CPU40 --preproc_with_compile --preproc_dependency="main.d_raw"  "../main.c"
"../main.c", line 39: warning #225-D: function "Init_ADC" declared implicitly
"../main.c", line 50: warning #225-D: function "strcpy" declared implicitly
"../main.c", line 65: warning #225-D: function "Carlson_StateMachine" declared implicitly
"../main.c", line 68: warning #225-D: function "Serial_Process" declared implicitly
"../main.c", line 72: warning #225-D: function "ADC_Process" declared implicitly
Finished building: "../main.c"
 
Building target: "Project 08.out"
Invoking: MSP430 Linker
"D:/ccs/tools/compiler/ti-cgt-msp430_21.6.1.LTS/bin/cl430" -vmspx --use_hw_mpy=F5 --advice:power=all --advice:hw_config=all --define=__MSP430FR2355__ --define=_FRWP_ENABLE --define=_INFO_FRWP_ENABLE -g --printf_support=minimal --diag_warning=225 --diag_wrap=off --display_error_number --silicon_errata=CPU21 --silicon_errata=CPU22 --silicon_errata=CPU40 -z -m"Project 08.map" --heap_size=160 --stack_size=160 --cinit_hold_wdt=on -i"D:/ccs/ccs_base/msp430/include" -i"D:/ccs/ccs_base/msp430/lib/FR2xx" -i"D:/ccs/tools/compiler/ti-cgt-msp430_21.6.1.LTS/lib" -i"D:/ccs/tools/compiler/ti-cgt-msp430_21.6.1.LTS/include" --priority --reread_libs --define=_FRWP_ENABLE --define=_INFO_FRWP_ENABLE --diag_wrap=off --display_error_number --warn_sections --xml_link_info="Project 08_linkInfo.xml" --use_hw_mpy=F5 --rom_model -o "Project 08.out" "./Display.obj" "./adc.obj" "./black_line.obj" "./clocks.obj" "./init.obj" "./led.obj" "./main.obj" "./ports.obj" "./serial.obj" "./states.obj" "./switches.obj" "./system.obj" "./timers.obj" "./timers_move.obj" "./wheels.obj" "../Compiled/LCD.obj" "../lnk_msp430fr2355.cmd"  -lfrwp_init.a -llibc.a 
<Linking>
 
 undefined      first referenced
  symbol            in file     
 ---------      ----------------
 ADC_Process    ./main.obj      
 Init_Switches  ./main.obj      
 Serial_Process ./main.obj      
 usb_rx_ring_rd ./init.obj      
 usb_rx_ring_wr ./init.obj      
 
error #10234-D: unresolved symbols remain
remark #10372-D: (ULP 4.1) Detected uninitialized Port A in this project. Recommend initializing all unused ports to eliminate wasted current consumption on unused pins.
error #10010: errors encountered during linking; "Project 08.out" not built
remark #10372-D: (ULP 4.1) Detected uninitialized Port B in this project. Recommend initializing all unused ports to eliminate wasted current consumption on unused pins.
remark #10372-D: (ULP 4.1) Detected uninitialized Port C in this project. Recommend initializing all unused ports to eliminate wasted current consumption on unused pins.
remark #10422-D: (ULP 6.2) Detected use of a device with available 32-bit hardware multiplier and not also using MSPMATHLIB library (libmath.a).  Recommend using MSPMATHLIB library (libmath.a) for improved performance.
 
>> Compilation failure
makefile:153: recipe for target 'Project 08.out' failed
gmake[1]: *** [Project 08.out] Error 1
makefile:149: recipe for target 'all' failed
gmake: *** [all] Error 2

**** Build Finished ****

**** Build of configuration Debug for project Project 08 ****

"D:\\ccs\\utils\\bin\\gmake" -k -j 16 all -O 
 
Building file: "../main.c"
Invoking: MSP430 Compiler
"D:/ccs/tools/compiler/ti-cgt-msp430_21.6.1.LTS/bin/cl430" -vmspx --use_hw_mpy=F5 --include_path="D:/ccs/ccs_base/msp430/include" --include_path="D:/ccs/Project 08/Project 08" --include_path="D:/ccs/tools/compiler/ti-cgt-msp430_21.6.1.LTS/include" --advice:power=all --advice:hw_config=all --define=__MSP430FR2355__ --define=_FRWP_ENABLE --define=_INFO_FRWP_ENABLE -g --printf_support=minimal --diag_warning=225 --diag_wrap=off --display_error_number --silicon_errata=CPU21 --silicon_errata=CPU22 --silicon_errata=CPU40 --preproc_with_compile --preproc_dependency="main.d_raw"  "../main.c"
"../main.c", line 39: warning #225-D: function "Init_ADC" declared implicitly
"../main.c", line 50: warning #225-D: function "strcpy" declared implicitly
"../main.c", line 65: warning #225-D: function "Carlson_StateMachine" declared implicitly
"../main.c", line 68: warning #225-D: function "Serial_Process" declared implicitly
Finished building: "../main.c"
 
Building target: "Project 08.out"
Invoking: MSP430 Linker
"D:/ccs/tools/compiler/ti-cgt-msp430_21.6.1.LTS/bin/cl430" -vmspx --use_hw_mpy=F5 --advice:power=all --advice:hw_config=all --define=__MSP430FR2355__ --define=_FRWP_ENABLE --define=_INFO_FRWP_ENABLE -g --printf_support=minimal --diag_warning=225 --diag_wrap=off --display_error_number --silicon_errata=CPU21 --silicon_errata=CPU22 --silicon_errata=CPU40 -z -m"Project 08.map" --heap_size=160 --stack_size=160 --cinit_hold_wdt=on -i"D:/ccs/ccs_base/msp430/include" -i"D:/ccs/ccs_base/msp430/lib/FR2xx" -i"D:/ccs/tools/compiler/ti-cgt-msp430_21.6.1.LTS/lib" -i"D:/ccs/tools/compiler/ti-cgt-msp430_21.6.1.LTS/include" --priority --reread_libs --define=_FRWP_ENABLE --define=_INFO_FRWP_ENABLE --diag_wrap=off --display_error_number --warn_sections --xml_link_info="Project 08_linkInfo.xml" --use_hw_mpy=F5 --rom_model -o "Project 08.out" "./Display.obj" "./adc.obj" "./black_line.obj" "./clocks.obj" "./init.obj" "./led.obj" "./main.obj" "./ports.obj" "./serial.obj" "./states.obj" "./switches.obj" "./system.obj" "./timers.obj" "./timers_move.obj" "./wheels.obj" "../Compiled/LCD.obj" "../lnk_msp430fr2355.cmd"  -lfrwp_init.a -llibc.a 
<Linking>
 
 undefined      first referenced
  symbol            in file     
 ---------      ----------------
 Init_Switches  ./main.obj      
 Serial_Process ./main.obj      
 usb_rx_ring_rd ./init.obj      
 usb_rx_ring_wr ./init.obj      
 
error #10234-D: unresolved symbols remain
error #10010: errors encountered during linking; "Project 08.out" not built
remark #10372-D: (ULP 4.1) Detected uninitialized Port A in this project. Recommend initializing all unused ports to eliminate wasted current consumption on unused pins.
remark #10372-D: (ULP 4.1) Detected uninitialized Port B in this project. Recommend initializing all unused ports to eliminate wasted current consumption on unused pins.
remark #10372-D: (ULP 4.1) Detected uninitialized Port C in this project. Recommend initializing all unused ports to eliminate wasted current consumption on unused pins.
remark #10422-D: (ULP 6.2) Detected use of a device with available 32-bit hardware multiplier and not also using MSPMATHLIB library (libmath.a).  Recommend using MSPMATHLIB library (libmath.a) for improved performance.
 
>> Compilation failure
makefile:153: recipe for target 'Project 08.out' failed
gmake[1]: *** [Project 08.out] Error 1
makefile:149: recipe for target 'all' failed
gmake: *** [all] Error 2

**** Build Finished ****

**** Build of configuration Debug for project Project 08 ****

"D:\\ccs\\utils\\bin\\gmake" -k -j 16 all -O 
 
Building file: "../init.c"
Invoking: MSP430 Compiler
"D:/ccs/tools/compiler/ti-cgt-msp430_21.6.1.LTS/bin/cl430" -vmspx --use_hw_mpy=F5 --include_path="D:/ccs/ccs_base/msp430/include" --include_path="D:/ccs/Project 08/Project 08" --include_path="D:/ccs/tools/compiler/ti-cgt-msp430_21.6.1.LTS/include" --advice:power=all --advice:hw_config=all --define=__MSP430FR2355__ --define=_FRWP_ENABLE --define=_INFO_FRWP_ENABLE -g --printf_support=minimal --diag_warning=225 --diag_wrap=off --display_error_number --silicon_errata=CPU21 --silicon_errata=CPU22 --silicon_errata=CPU40 --preproc_with_compile --preproc_dependency="init.d_raw"  "../init.c"
"../init.c", line 32: remark #1544-D: (ULP 13.1) Detected loop counting up. Recommend loops count down as detecting zeros is easier
"../init.c", line 33: remark #2553-D: (ULP 14.1) Array index (involving "i") of type "int". Recommend using "unsigned int"
"../init.c", line 34: remark #2553-D: (ULP 14.1) Array index (involving "i") of type "int". Recommend using "unsigned int"
"../init.c", line 35: remark #2553-D: (ULP 14.1) Array index (involving "i") of type "int". Recommend using "unsigned int"
"../init.c", line 36: remark #2553-D: (ULP 14.1) Array index (involving "i") of type "int". Recommend using "unsigned int"
Finished building: "../init.c"
 
Building target: "Project 08.out"
Invoking: MSP430 Linker
"D:/ccs/tools/compiler/ti-cgt-msp430_21.6.1.LTS/bin/cl430" -vmspx --use_hw_mpy=F5 --advice:power=all --advice:hw_config=all --define=__MSP430FR2355__ --define=_FRWP_ENABLE --define=_INFO_FRWP_ENABLE -g --printf_support=minimal --diag_warning=225 --diag_wrap=off --display_error_number --silicon_errata=CPU21 --silicon_errata=CPU22 --silicon_errata=CPU40 -z -m"Project 08.map" --heap_size=160 --stack_size=160 --cinit_hold_wdt=on -i"D:/ccs/ccs_base/msp430/include" -i"D:/ccs/ccs_base/msp430/lib/FR2xx" -i"D:/ccs/tools/compiler/ti-cgt-msp430_21.6.1.LTS/lib" -i"D:/ccs/tools/compiler/ti-cgt-msp430_21.6.1.LTS/include" --priority --reread_libs --define=_FRWP_ENABLE --define=_INFO_FRWP_ENABLE --diag_wrap=off --display_error_number --warn_sections --xml_link_info="Project 08_linkInfo.xml" --use_hw_mpy=F5 --rom_model -o "Project 08.out" "./Display.obj" "./adc.obj" "./black_line.obj" "./clocks.obj" "./init.obj" "./led.obj" "./main.obj" "./ports.obj" "./serial.obj" "./states.obj" "./switches.obj" "./system.obj" "./timers.obj" "./timers_move.obj" "./wheels.obj" "../Compiled/LCD.obj" "../lnk_msp430fr2355.cmd"  -lfrwp_init.a -llibc.a 
<Linking>
 
 undefined      first referenced
  symbol            in file     
 ---------      ----------------
 Init_Switches  ./main.obj      
 Serial_Process ./main.obj      
 
error #10234-D: unresolved symbols remain
error #10010: errors encountered during linking; "Project 08.out" not built
remark #10372-D: (ULP 4.1) Detected uninitialized Port A in this project. Recommend initializing all unused ports to eliminate wasted current consumption on unused pins.
remark #10372-D: (ULP 4.1) Detected uninitialized Port B in this project. Recommend initializing all unused ports to eliminate wasted current consumption on unused pins.
remark #10372-D: (ULP 4.1) Detected uninitialized Port C in this project. Recommend initializing all unused ports to eliminate wasted current consumption on unused pins.
remark #10422-D: (ULP 6.2) Detected use of a device with available 32-bit hardware multiplier and not also using MSPMATHLIB library (libmath.a).  Recommend using MSPMATHLIB library (libmath.a) for improved performance.
 
>> Compilation failure
makefile:153: recipe for target 'Project 08.out' failed
gmake[1]: *** [Project 08.out] Error 1
makefile:149: recipe for target 'all' failed
gmake: *** [all] Error 2

**** Build Finished ****

**** Build of configuration Debug for project Project 08 ****

"D:\\ccs\\utils\\bin\\gmake" -k -j 16 all -O 
 
Building file: "../main.c"
Invoking: MSP430 Compiler
"D:/ccs/tools/compiler/ti-cgt-msp430_21.6.1.LTS/bin/cl430" -vmspx --use_hw_mpy=F5 --include_path="D:/ccs/ccs_base/msp430/include" --include_path="D:/ccs/Project 08/Project 08" --include_path="D:/ccs/tools/compiler/ti-cgt-msp430_21.6.1.LTS/include" --advice:power=all --advice:hw_config=all --define=__MSP430FR2355__ --define=_FRWP_ENABLE --define=_INFO_FRWP_ENABLE -g --printf_support=minimal --diag_warning=225 --diag_wrap=off --display_error_number --silicon_errata=CPU21 --silicon_errata=CPU22 --silicon_errata=CPU40 --preproc_with_compile --preproc_dependency="main.d_raw"  "../main.c"
"../main.c", line 39: warning #225-D: function "Init_ADC" declared implicitly
"../main.c", line 50: warning #225-D: function "strcpy" declared implicitly
"../main.c", line 65: warning #225-D: function "Carlson_StateMachine" declared implicitly
"../main.c", line 68: warning #225-D: function "Serial_Process" declared implicitly
Finished building: "../main.c"
 
Building target: "Project 08.out"
Invoking: MSP430 Linker
"D:/ccs/tools/compiler/ti-cgt-msp430_21.6.1.LTS/bin/cl430" -vmspx --use_hw_mpy=F5 --advice:power=all --advice:hw_config=all --define=__MSP430FR2355__ --define=_FRWP_ENABLE --define=_INFO_FRWP_ENABLE -g --printf_support=minimal --diag_warning=225 --diag_wrap=off --display_error_number --silicon_errata=CPU21 --silicon_errata=CPU22 --silicon_errata=CPU40 -z -m"Project 08.map" --heap_size=160 --stack_size=160 --cinit_hold_wdt=on -i"D:/ccs/ccs_base/msp430/include" -i"D:/ccs/ccs_base/msp430/lib/FR2xx" -i"D:/ccs/tools/compiler/ti-cgt-msp430_21.6.1.LTS/lib" -i"D:/ccs/tools/compiler/ti-cgt-msp430_21.6.1.LTS/include" --priority --reread_libs --define=_FRWP_ENABLE --define=_INFO_FRWP_ENABLE --diag_wrap=off --display_error_number --warn_sections --xml_link_info="Project 08_linkInfo.xml" --use_hw_mpy=F5 --rom_model -o "Project 08.out" "./Display.obj" "./adc.obj" "./black_line.obj" "./clocks.obj" "./init.obj" "./led.obj" "./main.obj" "./ports.obj" "./serial.obj" "./states.obj" "./switches.obj" "./system.obj" "./timers.obj" "./timers_move.obj" "./wheels.obj" "../Compiled/LCD.obj" "../lnk_msp430fr2355.cmd"  -lfrwp_init.a -llibc.a 
<Linking>
 
 undefined      first referenced
  symbol            in file     
remark #10372-D: (ULP 4.1) Detected uninitialized Port A in this project. Recommend initializing all unused ports to eliminate wasted current consumption on unused pins.
remark #10372-D: (ULP 4.1) Detected uninitialized Port B in this project. Recommend initializing all unused ports to eliminate wasted current consumption on unused pins.
 ---------      ----------------
remark #10372-D: (ULP 4.1) Detected uninitialized Port C in this project. Recommend initializing all unused ports to eliminate wasted current consumption on unused pins.
remark #10422-D: (ULP 6.2) Detected use of a device with available 32-bit hardware multiplier and not also using MSPMATHLIB library (libmath.a).  Recommend using MSPMATHLIB library (libmath.a) for improved performance.
 
>> Compilation failure
makefile:153: recipe for target 'Project 08.out' failed
 Serial_Process ./main.obj      
 
error #10234-D: unresolved symbols remain
error #10010: errors encountered during linking; "Project 08.out" not built
gmake[1]: *** [Project 08.out] Error 1
makefile:149: recipe for target 'all' failed
gmake: *** [all] Error 2

**** Build Finished ****

**** Build of configuration Debug for project Project 08 ****

"D:\\ccs\\utils\\bin\\gmake" -k -j 16 all -O 
 
Building file: "../main.c"
Invoking: MSP430 Compiler
"D:/ccs/tools/compiler/ti-cgt-msp430_21.6.1.LTS/bin/cl430" -vmspx --use_hw_mpy=F5 --include_path="D:/ccs/ccs_base/msp430/include" --include_path="D:/ccs/Project 08/Project 08" --include_path="D:/ccs/tools/compiler/ti-cgt-msp430_21.6.1.LTS/include" --advice:power=all --advice:hw_config=all --define=__MSP430FR2355__ --define=_FRWP_ENABLE --define=_INFO_FRWP_ENABLE -g --printf_support=minimal --diag_warning=225 --diag_wrap=off --display_error_number --silicon_errata=CPU21 --silicon_errata=CPU22 --silicon_errata=CPU40 --preproc_with_compile --preproc_dependency="main.d_raw"  "../main.c"
"../main.c", line 40: warning #225-D: function "Init_ADC" declared implicitly
"../main.c", line 66: warning #225-D: function "Carlson_StateMachine" declared implicitly
"../main.c", line 69: warning #225-D: function "Serial_Process" declared implicitly
Finished building: "../main.c"
 
Building target: "Project 08.out"
Invoking: MSP430 Linker
"D:/ccs/tools/compiler/ti-cgt-msp430_21.6.1.LTS/bin/cl430" -vmspx --use_hw_mpy=F5 --advice:power=all --advice:hw_config=all --define=__MSP430FR2355__ --define=_FRWP_ENABLE --define=_INFO_FRWP_ENABLE -g --printf_support=minimal --diag_warning=225 --diag_wrap=off --display_error_number --silicon_errata=CPU21 --silicon_errata=CPU22 --silicon_errata=CPU40 -z -m"Project 08.map" --heap_size=160 --stack_size=160 --cinit_hold_wdt=on -i"D:/ccs/ccs_base/msp430/include" -i"D:/ccs/ccs_base/msp430/lib/FR2xx" -i"D:/ccs/tools/compiler/ti-cgt-msp430_21.6.1.LTS/lib" -i"D:/ccs/tools/compiler/ti-cgt-msp430_21.6.1.LTS/include" --priority --reread_libs --define=_FRWP_ENABLE --define=_INFO_FRWP_ENABLE --diag_wrap=off --display_error_number --warn_sections --xml_link_info="Project 08_linkInfo.xml" --use_hw_mpy=F5 --rom_model -o "Project 08.out" "./Display.obj" "./adc.obj" "./black_line.obj" "./clocks.obj" "./init.obj" "./led.obj" "./main.obj" "./ports.obj" "./serial.obj" "./states.obj" "./switches.obj" "./system.obj" "./timers.obj" "./timers_move.obj" "./wheels.obj" "../Compiled/LCD.obj" "../lnk_msp430fr2355.cmd"  -lfrwp_init.a -llibc.a 
<Linking>
 
 undefined      first referenced
  symbol            in file     
 ---------      ----------------
 Serial_Process ./main.obj      
 
error #10234-D: unresolved symbols remain
remark #10372-D: (ULP 4.1) Detected uninitialized Port A in this project. Recommend initializing all unused ports to eliminate wasted current consumption on unused pins.
error #10010: errors encountered during linking; "Project 08.out" not built
remark #10372-D: (ULP 4.1) Detected uninitialized Port B in this project. Recommend initializing all unused ports to eliminate wasted current consumption on unused pins.
remark #10372-D: (ULP 4.1) Detected uninitialized Port C in this project. Recommend initializing all unused ports to eliminate wasted current consumption on unused pins.
remark #10422-D: (ULP 6.2) Detected use of a device with available 32-bit hardware multiplier and not also using MSPMATHLIB library (libmath.a).  Recommend using MSPMATHLIB library (libmath.a) for improved performance.
 
>> Compilation failure
makefile:153: recipe for target 'Project 08.out' failed
gmake[1]: *** [Project 08.out] Error 1
makefile:149: recipe for target 'all' failed
gmake: *** [all] Error 2

**** Build Finished ****

**** Build of configuration Debug for project Project 08 ****

"D:\\ccs\\utils\\bin\\gmake" -k -j 16 all -O 
 
Building file: "../main.c"
Invoking: MSP430 Compiler
"D:/ccs/tools/compiler/ti-cgt-msp430_21.6.1.LTS/bin/cl430" -vmspx --use_hw_mpy=F5 --include_path="D:/ccs/ccs_base/msp430/include" --include_path="D:/ccs/Project 08/Project 08" --include_path="D:/ccs/tools/compiler/ti-cgt-msp430_21.6.1.LTS/include" --advice:power=all --advice:hw_config=all --define=__MSP430FR2355__ --define=_FRWP_ENABLE --define=_INFO_FRWP_ENABLE -g --printf_support=minimal --diag_warning=225 --diag_wrap=off --display_error_number --silicon_errata=CPU21 --silicon_errata=CPU22 --silicon_errata=CPU40 --preproc_with_compile --preproc_dependency="main.d_raw"  "../main.c"
"../main.c", line 40: warning #225-D: function "Init_ADC" declared implicitly
"../main.c", line 66: warning #225-D: function "Carlson_StateMachine" declared implicitly
"../main.c", line 69: warning #225-D: function "Serial_Process_PC" declared implicitly
Finished building: "../main.c"
 
Building target: "Project 08.out"
Invoking: MSP430 Linker
"D:/ccs/tools/compiler/ti-cgt-msp430_21.6.1.LTS/bin/cl430" -vmspx --use_hw_mpy=F5 --advice:power=all --advice:hw_config=all --define=__MSP430FR2355__ --define=_FRWP_ENABLE --define=_INFO_FRWP_ENABLE -g --printf_support=minimal --diag_warning=225 --diag_wrap=off --display_error_number --silicon_errata=CPU21 --silicon_errata=CPU22 --silicon_errata=CPU40 -z -m"Project 08.map" --heap_size=160 --stack_size=160 --cinit_hold_wdt=on -i"D:/ccs/ccs_base/msp430/include" -i"D:/ccs/ccs_base/msp430/lib/FR2xx" -i"D:/ccs/tools/compiler/ti-cgt-msp430_21.6.1.LTS/lib" -i"D:/ccs/tools/compiler/ti-cgt-msp430_21.6.1.LTS/include" --priority --reread_libs --define=_FRWP_ENABLE --define=_INFO_FRWP_ENABLE --diag_wrap=off --display_error_number --warn_sections --xml_link_info="Project 08_linkInfo.xml" --use_hw_mpy=F5 --rom_model -o "Project 08.out" "./Display.obj" "./adc.obj" "./black_line.obj" "./clocks.obj" "./init.obj" "./led.obj" "./main.obj" "./ports.obj" "./serial.obj" "./states.obj" "./switches.obj" "./system.obj" "./timers.obj" "./timers_move.obj" "./wheels.obj" "../Compiled/LCD.obj" "../lnk_msp430fr2355.cmd"  -lfrwp_init.a -llibc.a 
<Linking>
remark #10372-D: (ULP 4.1) Detected uninitialized Port A in this project. Recommend initializing all unused ports to eliminate wasted current consumption on unused pins.
remark #10372-D: (ULP 4.1) Detected uninitialized Port B in this project. Recommend initializing all unused ports to eliminate wasted current consumption on unused pins.
remark #10372-D: (ULP 4.1) Detected uninitialized Port C in this project. Recommend initializing all unused ports to eliminate wasted current consumption on unused pins.
remark #10422-D: (ULP 6.2) Detected use of a device with available 32-bit hardware multiplier and not also using MSPMATHLIB library (libmath.a).  Recommend using MSPMATHLIB library (libmath.a) for improved performance.
Finished building target: "Project 08.out"
 

**** Build Finished ****

**** Build of configuration Debug for project Project 08 ****

"D:\\ccs\\utils\\bin\\gmake" -k -j 16 all -O 
 
gmake[1]: 'Project 08.out' is up to date.

**** Build Finished ****

**** Build of configuration Debug for project Project 08 ****

"D:\\ccs\\utils\\bin\\gmake" -k -j 16 all -O 
 
gmake[1]: 'Project 08.out' is up to date.

**** Build Finished ****

**** Build of configuration Debug for project Project 08 ****

"D:\\ccs\\utils\\bin\\gmake" -k -j 16 all -O 
 
gmake[1]: 'Project 08.out' is up to date.

**** Build Finished ****

**** Build of configuration Debug for project Project 08 ****

"D:\\ccs\\utils\\bin\\gmake" -k -j 16 all -O 
 
Building file: "../Display.c"
Invoking: MSP430 Compiler
"D:/ccs/tools/compiler/ti-cgt-msp430_21.6.1.LTS/bin/cl430" -vmspx --use_hw_mpy=F5 --include_path="D:/ccs/ccs_base/msp430/include" --include_path="D:/ccs/Project 08/Project 08" --include_path="D:/ccs/tools/compiler/ti-cgt-msp430_21.6.1.LTS/include" --advice:power=all --advice:hw_config=all --define=__MSP430FR2355__ --define=_FRWP_ENABLE --define=_INFO_FRWP_ENABLE -g --printf_support=minimal --diag_warning=225 --diag_wrap=off --display_error_number --silicon_errata=CPU21 --silicon_errata=CPU22 --silicon_errata=CPU40 --preproc_with_compile --preproc_dependency="Display.d_raw"  "../Display.c"
Finished building: "../Display.c"
 
Building file: "../adc.c"
Invoking: MSP430 Compiler
"D:/ccs/tools/compiler/ti-cgt-msp430_21.6.1.LTS/bin/cl430" -vmspx --use_hw_mpy=F5 --include_path="D:/ccs/ccs_base/msp430/include" --include_path="D:/ccs/Project 08/Project 08" --include_path="D:/ccs/tools/compiler/ti-cgt-msp430_21.6.1.LTS/include" --advice:power=all --advice:hw_config=all --define=__MSP430FR2355__ --define=_FRWP_ENABLE --define=_INFO_FRWP_ENABLE -g --printf_support=minimal --diag_warning=225 --diag_wrap=off --display_error_number --silicon_errata=CPU21 --silicon_errata=CPU22 --silicon_errata=CPU40 --preproc_with_compile --preproc_dependency="adc.d_raw"  "../adc.c"
Finished building: "../adc.c"
 
Building file: "../black_line.c"
Invoking: MSP430 Compiler
"D:/ccs/tools/compiler/ti-cgt-msp430_21.6.1.LTS/bin/cl430" -vmspx --use_hw_mpy=F5 --include_path="D:/ccs/ccs_base/msp430/include" --include_path="D:/ccs/Project 08/Project 08" --include_path="D:/ccs/tools/compiler/ti-cgt-msp430_21.6.1.LTS/include" --advice:power=all --advice:hw_config=all --define=__MSP430FR2355__ --define=_FRWP_ENABLE --define=_INFO_FRWP_ENABLE -g --printf_support=minimal --diag_warning=225 --diag_wrap=off --display_error_number --silicon_errata=CPU21 --silicon_errata=CPU22 --silicon_errata=CPU40 --preproc_with_compile --preproc_dependency="black_line.d_raw"  "../black_line.c"
"../black_line.c", line 30: warning #225-D: function "search_line" declared implicitly
"../black_line.c", line 31: warning #225-D: function "stop_on_line" declared implicitly
"../black_line.c", line 32: warning #225-D: function "reverse_to_line" declared implicitly
"../black_line.c", line 34: warning #225-D: function "stopall" declared implicitly
"../black_line.c", line 35: warning #225-D: function "strcpy" declared implicitly
"../black_line.c", line 40: warning #225-D: function "adc_line" declared implicitly
"../black_line.c", line 46: warning #161-D: declaration is incompatible with previous "search_line" (declared at line 30)
"../black_line.c", line 47: warning #225-D: function "strcpy" declared implicitly
"../black_line.c", line 54: warning #225-D: function "stopall" declared implicitly
"../black_line.c", line 56: warning #225-D: function "moveforward" declared implicitly
"../black_line.c", line 60: warning #225-D: function "moveforward" declared implicitly
"../black_line.c", line 75: warning #161-D: declaration is incompatible with previous "stop_on_line" (declared at line 31)
"../black_line.c", line 76: warning #225-D: function "stopall" declared implicitly
"../black_line.c", line 77: warning #225-D: function "strcpy" declared implicitly
"../black_line.c", line 92: warning #161-D: declaration is incompatible with previous "reverse_to_line" (declared at line 32)
"../black_line.c", line 93: warning #225-D: function "strcpy" declared implicitly
"../black_line.c", line 100: warning #225-D: function "spin_clockwise" declared implicitly
"../black_line.c", line 115: remark #1544-D: (ULP 13.1) Detected loop counting up. Recommend loops count down as detecting zeros is easier
"../black_line.c", line 116: remark #2553-D: (ULP 14.1) Array index (involving "i") of type "int". Recommend using "unsigned int"
"../black_line.c", line 138: warning #161-D: declaration is incompatible with previous "adc_line" (declared at line 40)
"../black_line.c", line 142: remark #1544-D: (ULP 13.1) Detected loop counting up. Recommend loops count down as detecting zeros is easier
"../black_line.c", line 143: remark #1545-D: (ULP 14.1) Array index of type "int". Recommend using "unsigned int"
"../black_line.c", line 143: remark #2553-D: (ULP 14.1) Array index (involving "i") of type "int". Recommend using "unsigned int"
"../black_line.c", line 173: warning #225-D: function "strcpy" declared implicitly
"../black_line.c", line 179: warning #225-D: function "strcpy" declared implicitly
"../black_line.c", line 157: remark #1544-D: (ULP 13.1) Detected loop counting up. Recommend loops count down as detecting zeros is easier
"../black_line.c", line 158: remark #2553-D: (ULP 14.1) Array index (involving "j") of type "int". Recommend using "unsigned int"
"../black_line.c", line 158: remark #2553-D: (ULP 14.1) Array index (involving "j") of type "int". Recommend using "unsigned int"
"../black_line.c", line 165: remark #1544-D: (ULP 13.1) Detected loop counting up. Recommend loops count down as detecting zeros is easier
"../black_line.c", line 166: remark #2553-D: (ULP 14.1) Array index (involving "j") of type "int". Recommend using "unsigned int"
"../black_line.c", line 166: remark #2553-D: (ULP 14.1) Array index (involving "j") of type "int". Recommend using "unsigned int"
"../black_line.c", line 157: remark #1544-D: (ULP 13.1) Detected loop counting up. Recommend loops count down as detecting zeros is easier
"../black_line.c", line 158: remark #2553-D: (ULP 14.1) Array index (involving "j") of type "int". Recommend using "unsigned int"
"../black_line.c", line 158: remark #2553-D: (ULP 14.1) Array index (involving "j") of type "int". Recommend using "unsigned int"
"../black_line.c", line 165: remark #1544-D: (ULP 13.1) Detected loop counting up. Recommend loops count down as detecting zeros is easier
"../black_line.c", line 166: remark #2553-D: (ULP 14.1) Array index (involving "j") of type "int". Recommend using "unsigned int"
"../black_line.c", line 166: remark #2553-D: (ULP 14.1) Array index (involving "j") of type "int". Recommend using "unsigned int"
Finished building: "../black_line.c"
 
Building file: "../clocks.c"
Invoking: MSP430 Compiler
"D:/ccs/tools/compiler/ti-cgt-msp430_21.6.1.LTS/bin/cl430" -vmspx --use_hw_mpy=F5 --include_path="D:/ccs/ccs_base/msp430/include" --include_path="D:/ccs/Project 08/Project 08" --include_path="D:/ccs/tools/compiler/ti-cgt-msp430_21.6.1.LTS/include" --advice:power=all --advice:hw_config=all --define=__MSP430FR2355__ --define=_FRWP_ENABLE --define=_INFO_FRWP_ENABLE -g --printf_support=minimal --diag_warning=225 --diag_wrap=off --display_error_number --silicon_errata=CPU21 --silicon_errata=CPU22 --silicon_errata=CPU40 --preproc_with_compile --preproc_dependency="clocks.d_raw"  "../clocks.c"
"../clocks.c", line 86: remark #1527-D: (ULP 2.1) Detected SW delay loop using __delay_cycles. Recommend using a timer module instead
"../clocks.c", line 87: remark #1527-D: (ULP 2.1) Detected SW delay loop using empty loop. Recommend using a timer module instead
"../clocks.c", line 120: remark #1527-D: (ULP 2.1) Detected SW delay loop using empty loop. Recommend using a timer module instead
Finished building: "../clocks.c"
 
Building file: "../init.c"
Invoking: MSP430 Compiler
"D:/ccs/tools/compiler/ti-cgt-msp430_21.6.1.LTS/bin/cl430" -vmspx --use_hw_mpy=F5 --include_path="D:/ccs/ccs_base/msp430/include" --include_path="D:/ccs/Project 08/Project 08" --include_path="D:/ccs/tools/compiler/ti-cgt-msp430_21.6.1.LTS/include" --advice:power=all --advice:hw_config=all --define=__MSP430FR2355__ --define=_FRWP_ENABLE --define=_INFO_FRWP_ENABLE -g --printf_support=minimal --diag_warning=225 --diag_wrap=off --display_error_number --silicon_errata=CPU21 --silicon_errata=CPU22 --silicon_errata=CPU40 --preproc_with_compile --preproc_dependency="init.d_raw"  "../init.c"
"../init.c", line 26: remark #1544-D: (ULP 13.1) Detected loop counting up. Recommend loops count down as detecting zeros is easier
"../init.c", line 27: remark #2553-D: (ULP 14.1) Array index (involving "i") of type "int". Recommend using "unsigned int"
"../init.c", line 28: remark #2553-D: (ULP 14.1) Array index (involving "i") of type "int". Recommend using "unsigned int"
"../init.c", line 29: remark #2553-D: (ULP 14.1) Array index (involving "i") of type "int". Recommend using "unsigned int"
"../init.c", line 30: remark #2553-D: (ULP 14.1) Array index (involving "i") of type "int". Recommend using "unsigned int"
Finished building: "../init.c"
 
Building file: "../led.c"
Invoking: MSP430 Compiler
"D:/ccs/tools/compiler/ti-cgt-msp430_21.6.1.LTS/bin/cl430" -vmspx --use_hw_mpy=F5 --include_path="D:/ccs/ccs_base/msp430/include" --include_path="D:/ccs/Project 08/Project 08" --include_path="D:/ccs/tools/compiler/ti-cgt-msp430_21.6.1.LTS/include" --advice:power=all --advice:hw_config=all --define=__MSP430FR2355__ --define=_FRWP_ENABLE --define=_INFO_FRWP_ENABLE -g --printf_support=minimal --diag_warning=225 --diag_wrap=off --display_error_number --silicon_errata=CPU21 --silicon_errata=CPU22 --silicon_errata=CPU40 --preproc_with_compile --preproc_dependency="led.d_raw"  "../led.c"
Finished building: "../led.c"
 
Building file: "../main.c"
Invoking: MSP430 Compiler
"D:/ccs/tools/compiler/ti-cgt-msp430_21.6.1.LTS/bin/cl430" -vmspx --use_hw_mpy=F5 --include_path="D:/ccs/ccs_base/msp430/include" --include_path="D:/ccs/Project 08/Project 08" --include_path="D:/ccs/tools/compiler/ti-cgt-msp430_21.6.1.LTS/include" --advice:power=all --advice:hw_config=all --define=__MSP430FR2355__ --define=_FRWP_ENABLE --define=_INFO_FRWP_ENABLE -g --printf_support=minimal --diag_warning=225 --diag_wrap=off --display_error_number --silicon_errata=CPU21 --silicon_errata=CPU22 --silicon_errata=CPU40 --preproc_with_compile --preproc_dependency="main.d_raw"  "../main.c"
"../main.c", line 50: remark #1535-D: (ULP 8.1) variable "wheel_move" is used as a constant. Recommend declaring variable as either 'static const' or 'const'
"../main.c", line 51: remark #1535-D: (ULP 8.1) variable "forward" is used as a constant. Recommend declaring variable as either 'static const' or 'const'
"../main.c", line 52: remark #1535-D: (ULP 8.1) variable "event" is used as a constant. Recommend declaring variable as either 'static const' or 'const'
Finished building: "../main.c"
 
Building file: "../ports.c"
Invoking: MSP430 Compiler
"D:/ccs/tools/compiler/ti-cgt-msp430_21.6.1.LTS/bin/cl430" -vmspx --use_hw_mpy=F5 --include_path="D:/ccs/ccs_base/msp430/include" --include_path="D:/ccs/Project 08/Project 08" --include_path="D:/ccs/tools/compiler/ti-cgt-msp430_21.6.1.LTS/include" --advice:power=all --advice:hw_config=all --define=__MSP430FR2355__ --define=_FRWP_ENABLE --define=_INFO_FRWP_ENABLE -g --printf_support=minimal --diag_warning=225 --diag_wrap=off --display_error_number --silicon_errata=CPU21 --silicon_errata=CPU22 --silicon_errata=CPU40 --preproc_with_compile --preproc_dependency="ports.d_raw"  "../ports.c"
"../ports.c", line 16: warning #225-D: function "Init_Port_1" declared implicitly
"../ports.c", line 17: warning #225-D: function "Init_Port_2" declared implicitly
"../ports.c", line 18: warning #225-D: function "Init_Port_3" declared implicitly
"../ports.c", line 19: warning #225-D: function "Init_Port_4" declared implicitly
"../ports.c", line 20: warning #225-D: function "Init_Port_5" declared implicitly
"../ports.c", line 21: warning #225-D: function "Init_Port_6" declared implicitly
"../ports.c", line 24: warning #161-D: declaration is incompatible with previous "Init_Port_1" (declared at line 16)
"../ports.c", line 71: warning #161-D: declaration is incompatible with previous "Init_Port_2" (declared at line 17)
"../ports.c", line 107: warning #161-D: declaration is incompatible with previous "Init_Port_3" (declared at line 18)
"../ports.c", line 145: warning #161-D: declaration is incompatible with previous "Init_Port_4" (declared at line 19)
"../ports.c", line 174: warning #161-D: declaration is incompatible with previous "Init_Port_5" (declared at line 20)
"../ports.c", line 206: warning #161-D: declaration is incompatible with previous "Init_Port_6" (declared at line 21)
Finished building: "../ports.c"
 
Building file: "../switches.c"
Invoking: MSP430 Compiler
"D:/ccs/tools/compiler/ti-cgt-msp430_21.6.1.LTS/bin/cl430" -vmspx --use_hw_mpy=F5 --include_path="D:/ccs/ccs_base/msp430/include" --include_path="D:/ccs/Project 08/Project 08" --include_path="D:/ccs/tools/compiler/ti-cgt-msp430_21.6.1.LTS/include" --advice:power=all --advice:hw_config=all --define=__MSP430FR2355__ --define=_FRWP_ENABLE --define=_INFO_FRWP_ENABLE -g --printf_support=minimal --diag_warning=225 --diag_wrap=off --display_error_number --silicon_errata=CPU21 --silicon_errata=CPU22 --silicon_errata=CPU40 --preproc_with_compile --preproc_dependency="switches.d_raw"  "../switches.c"
"../switches.c", line 28: remark #1535-D: (ULP 8.1) variable "shapes_menu" is used as a constant. Recommend declaring variable as either 'static const' or 'const'
Finished building: "../switches.c"
 
Building file: "../states.c"
Invoking: MSP430 Compiler
"D:/ccs/tools/compiler/ti-cgt-msp430_21.6.1.LTS/bin/cl430" -vmspx --use_hw_mpy=F5 --include_path="D:/ccs/ccs_base/msp430/include" --include_path="D:/ccs/Project 08/Project 08" --include_path="D:/ccs/tools/compiler/ti-cgt-msp430_21.6.1.LTS/include" --advice:power=all --advice:hw_config=all --define=__MSP430FR2355__ --define=_FRWP_ENABLE --define=_INFO_FRWP_ENABLE -g --printf_support=minimal --diag_warning=225 --diag_wrap=off --display_error_number --silicon_errata=CPU21 --silicon_errata=CPU22 --silicon_errata=CPU40 --preproc_with_compile --preproc_dependency="states.d_raw"  "../states.c"
"../states.c", line 35: warning #225-D: function "wait_case" declared implicitly
"../states.c", line 38: warning #225-D: function "start_case" declared implicitly
"../states.c", line 41: warning #225-D: function "run_case" declared implicitly
"../states.c", line 44: warning #225-D: function "end_case" declared implicitly
"../states.c", line 50: warning #161-D: declaration is incompatible with previous "start_case" (declared at line 38)
"../states.c", line 54: warning #225-D: function "moveforward" declared implicitly
"../states.c", line 59: warning #161-D: declaration is incompatible with previous "run_case" (declared at line 41)
"../states.c", line 74: warning #225-D: function "moveforward" declared implicitly
"../states.c", line 85: warning #225-D: function "wait_case" declared implicitly
"../states.c", line 86: warning #225-D: function "start_case_circle" declared implicitly
"../states.c", line 87: warning #225-D: function "run_case_circle" declared implicitly
"../states.c", line 88: warning #225-D: function "end_case" declared implicitly
"../states.c", line 93: warning #161-D: declaration is incompatible with previous "wait_case" (declared at line 35)
"../states.c", line 103: warning #161-D: declaration is incompatible with previous "start_case_circle" (declared at line 86)
"../states.c", line 107: warning #225-D: function "moveforward" declared implicitly
"../states.c", line 112: warning #161-D: declaration is incompatible with previous "run_case_circle" (declared at line 87)
"../states.c", line 133: warning #225-D: function "moveforward" declared implicitly
"../states.c", line 141: warning #161-D: declaration is incompatible with previous "end_case" (declared at line 44)
"../states.c", line 142: warning #225-D: function "stopall" declared implicitly
"../states.c", line 151: warning #225-D: function "start_case_triangle" declared implicitly
"../states.c", line 152: warning #225-D: function "run_case_triangle" declared implicitly
"../states.c", line 158: warning #161-D: declaration is incompatible with previous "start_case_triangle" (declared at line 151)
"../states.c", line 162: warning #225-D: function "moveforward" declared implicitly
"../states.c", line 169: warning #161-D: declaration is incompatible with previous "run_case_triangle" (declared at line 152)
"../states.c", line 192: warning #225-D: function "moveforward" declared implicitly
"../states.c", line 203: warning #188-D: pointless comparison of unsigned integer with zero
"../states.c", line 217: warning #225-D: function "moveforward" declared implicitly
"../states.c", line 238: warning #225-D: function "start_case_figure8" declared implicitly
"../states.c", line 239: warning #225-D: function "run_case_figure8" declared implicitly
"../states.c", line 246: warning #161-D: declaration is incompatible with previous "start_case_figure8" (declared at line 238)
"../states.c", line 250: warning #225-D: function "moveforward" declared implicitly
"../states.c", line 258: warning #161-D: declaration is incompatible with previous "run_case_figure8" (declared at line 239)
"../states.c", line 289: warning #225-D: function "moveforward" declared implicitly
"../states.c", line 300: warning #225-D: function "moveforward" declared implicitly
"../states.c", line 24: remark #1535-D: (ULP 8.1) variable "event" is used as a constant. Recommend declaring variable as either 'static const' or 'const'
Finished building: "../states.c"
 
Building file: "../system.c"
Invoking: MSP430 Compiler
"D:/ccs/tools/compiler/ti-cgt-msp430_21.6.1.LTS/bin/cl430" -vmspx --use_hw_mpy=F5 --include_path="D:/ccs/ccs_base/msp430/include" --include_path="D:/ccs/Project 08/Project 08" --include_path="D:/ccs/tools/compiler/ti-cgt-msp430_21.6.1.LTS/include" --advice:power=all --advice:hw_config=all --define=__MSP430FR2355__ --define=_FRWP_ENABLE --define=_INFO_FRWP_ENABLE -g --printf_support=minimal --diag_warning=225 --diag_wrap=off --display_error_number --silicon_errata=CPU21 --silicon_errata=CPU22 --silicon_errata=CPU40 --preproc_with_compile --preproc_dependency="system.d_raw"  "../system.c"
Finished building: "../system.c"
 
Building file: "../timers.c"
Invoking: MSP430 Compiler
"D:/ccs/tools/compiler/ti-cgt-msp430_21.6.1.LTS/bin/cl430" -vmspx --use_hw_mpy=F5 --include_path="D:/ccs/ccs_base/msp430/include" --include_path="D:/ccs/Project 08/Project 08" --include_path="D:/ccs/tools/compiler/ti-cgt-msp430_21.6.1.LTS/include" --advice:power=all --advice:hw_config=all --define=__MSP430FR2355__ --define=_FRWP_ENABLE --define=_INFO_FRWP_ENABLE -g --printf_support=minimal --diag_warning=225 --diag_wrap=off --display_error_number --silicon_errata=CPU21 --silicon_errata=CPU22 --silicon_errata=CPU40 --preproc_with_compile --preproc_dependency="timers.d_raw"  "../timers.c"
Finished building: "../timers.c"
 
Building file: "../wheels.c"
Invoking: MSP430 Compiler
"D:/ccs/tools/compiler/ti-cgt-msp430_21.6.1.LTS/bin/cl430" -vmspx --use_hw_mpy=F5 --include_path="D:/ccs/ccs_base/msp430/include" --include_path="D:/ccs/Project 08/Project 08" --include_path="D:/ccs/tools/compiler/ti-cgt-msp430_21.6.1.LTS/include" --advice:power=all --advice:hw_config=all --define=__MSP430FR2355__ --define=_FRWP_ENABLE --define=_INFO_FRWP_ENABLE -g --printf_support=minimal --diag_warning=225 --diag_wrap=off --display_error_number --silicon_errata=CPU21 --silicon_errata=CPU22 --silicon_errata=CPU40 --preproc_with_compile --preproc_dependency="wheels.d_raw"  "../wheels.c"
Finished building: "../wheels.c"
 
Building file: "../timers_move.c"
Invoking: MSP430 Compiler
"D:/ccs/tools/compiler/ti-cgt-msp430_21.6.1.LTS/bin/cl430" -vmspx --use_hw_mpy=F5 --include_path="D:/ccs/ccs_base/msp430/include" --include_path="D:/ccs/Project 08/Project 08" --include_path="D:/ccs/tools/compiler/ti-cgt-msp430_21.6.1.LTS/include" --advice:power=all --advice:hw_config=all --define=__MSP430FR2355__ --define=_FRWP_ENABLE --define=_INFO_FRWP_ENABLE -g --printf_support=minimal --diag_warning=225 --diag_wrap=off --display_error_number --silicon_errata=CPU21 --silicon_errata=CPU22 --silicon_errata=CPU40 --preproc_with_compile --preproc_dependency="timers_move.d_raw"  "../timers_move.c"
"../timers_move.c", line 57: warning #225-D: function "moveforward" declared implicitly
"../timers_move.c", line 61: warning #225-D: function "stopall" declared implicitly
"../timers_move.c", line 65: warning #225-D: function "movereverse" declared implicitly
"../timers_move.c", line 82: warning #225-D: function "spin_clockwise" declared implicitly
"../timers_move.c", line 90: warning #225-D: function "spin_counterclockwise" declared implicitly
Finished building: "../timers_move.c"
 
Building target: "Project 08.out"
Invoking: MSP430 Linker
"D:/ccs/tools/compiler/ti-cgt-msp430_21.6.1.LTS/bin/cl430" -vmspx --use_hw_mpy=F5 --advice:power=all --advice:hw_config=all --define=__MSP430FR2355__ --define=_FRWP_ENABLE --define=_INFO_FRWP_ENABLE -g --printf_support=minimal --diag_warning=225 --diag_wrap=off --display_error_number --silicon_errata=CPU21 --silicon_errata=CPU22 --silicon_errata=CPU40 -z -m"Project 08.map" --heap_size=160 --stack_size=160 --cinit_hold_wdt=on -i"D:/ccs/ccs_base/msp430/include" -i"D:/ccs/ccs_base/msp430/lib/FR2xx" -i"D:/ccs/tools/compiler/ti-cgt-msp430_21.6.1.LTS/lib" -i"D:/ccs/tools/compiler/ti-cgt-msp430_21.6.1.LTS/include" --priority --reread_libs --define=_FRWP_ENABLE --define=_INFO_FRWP_ENABLE --diag_wrap=off --display_error_number --warn_sections --xml_link_info="Project 08_linkInfo.xml" --use_hw_mpy=F5 --rom_model -o "Project 08.out" "./Display.obj" "./adc.obj" "./black_line.obj" "./clocks.obj" "./init.obj" "./led.obj" "./main.obj" "./ports.obj" "./states.obj" "./switches.obj" "./system.obj" "./timers.obj" "./timers_move.obj" "./wheels.obj" "../Compiled/LCD.obj" "../lnk_msp430fr2355.cmd"  -lfrwp_init.a -llibc.a 
<Linking>
remark #10372-D: (ULP 4.1) Detected uninitialized Port A in this project. Recommend initializing all unused ports to eliminate wasted current consumption on unused pins.
remark #10372-D: (ULP 4.1) Detected uninitialized Port B in this project. Recommend initializing all unused ports to eliminate wasted current consumption on unused pins.
remark #10372-D: (ULP 4.1) Detected uninitialized Port C in this project. Recommend initializing all unused ports to eliminate wasted current consumption on unused pins.
remark #10422-D: (ULP 6.2) Detected use of a device with available 32-bit hardware multiplier and not also using MSPMATHLIB library (libmath.a).  Recommend using MSPMATHLIB library (libmath.a) for improved performance.
Finished building target: "Project 08.out"
 

**** Build Finished ****

**** Build of configuration Debug for project Project 08 ****

"D:\\ccs\\utils\\bin\\gmake" -k -j 16 all -O 
 
gmake[1]: 'Project 08.out' is up to date.

**** Build Finished ****

**** Build of configuration Debug for project Project 08 ****

"D:\\ccs\\utils\\bin\\gmake" -k -j 16 all -O 
 
Building file: "../main.c"
Invoking: MSP430 Compiler
"D:/ccs/tools/compiler/ti-cgt-msp430_21.6.1.LTS/bin/cl430" -vmspx --use_hw_mpy=F5 --include_path="D:/ccs/ccs_base/msp430/include" --include_path="D:/ccs/Project 08/Project 08" --include_path="D:/ccs/tools/compiler/ti-cgt-msp430_21.6.1.LTS/include" --advice:power=all --advice:hw_config=all --define=__MSP430FR2355__ --define=_FRWP_ENABLE --define=_INFO_FRWP_ENABLE -g --printf_support=minimal --diag_warning=225 --diag_wrap=off --display_error_number --silicon_errata=CPU21 --silicon_errata=CPU22 --silicon_errata=CPU40 --preproc_with_compile --preproc_dependency="main.d_raw"  "../main.c"
 
>> Compilation failure
subdir_rules.mk:9: recipe for target 'main.obj' failed
"../main.c", line 77: error #20: identifier "LINE1" is undefined
"../main.c", line 78: error #20: identifier "LINE2" is undefined
"../main.c", line 82: error #20: identifier "LINE3" is undefined
"../main.c", line 46: remark #1535-D: (ULP 8.1) variable "wheel_move" is used as a constant. Recommend declaring variable as either 'static const' or 'const'
"../main.c", line 47: remark #1535-D: (ULP 8.1) variable "forward" is used as a constant. Recommend declaring variable as either 'static const' or 'const'
"../main.c", line 48: remark #1535-D: (ULP 8.1) variable "event" is used as a constant. Recommend declaring variable as either 'static const' or 'const'
3 errors detected in the compilation of "../main.c".
gmake: *** [main.obj] Error 1
Building file: "../serial.c"
Invoking: MSP430 Compiler
"D:/ccs/tools/compiler/ti-cgt-msp430_21.6.1.LTS/bin/cl430" -vmspx --use_hw_mpy=F5 --include_path="D:/ccs/ccs_base/msp430/include" --include_path="D:/ccs/Project 08/Project 08" --include_path="D:/ccs/tools/compiler/ti-cgt-msp430_21.6.1.LTS/include" --advice:power=all --advice:hw_config=all --define=__MSP430FR2355__ --define=_FRWP_ENABLE --define=_INFO_FRWP_ENABLE -g --printf_support=minimal --diag_warning=225 --diag_wrap=off --display_error_number --silicon_errata=CPU21 --silicon_errata=CPU22 --silicon_errata=CPU40 --preproc_with_compile --preproc_dependency="serial.d_raw"  "../serial.c"
 
>> Compilation failure
subdir_rules.mk:9: recipe for target 'serial.obj' failed
"../serial.c", line 63: error #20: identifier "display_line" is undefined
"../serial.c", line 63: error #20: identifier "LINE1" is undefined
"../serial.c", line 64: error #20: identifier "LINE2" is undefined
"../serial.c", line 64: warning #169-D: argument of type "volatile char *" is incompatible with parameter of type "const char *__restrict__"
"../serial.c", line 69: error #29: expected an expression
"../serial.c", line 69: error #20: identifier "i" is undefined
"../serial.c", line 70: remark #1528-D: (ULP 3.1) Detected flag polling using UCA0IFG. Recommend using an interrupt combined with enter LPMx and ISR
"../serial.c", line 77: error #20: identifier "LINE4" is undefined
"../serial.c", line 87: error #20: identifier "display_line" is undefined
"../serial.c", line 87: error #20: identifier "LINE1" is undefined
"../serial.c", line 88: error #20: identifier "LINE4" is undefined
"../serial.c", line 88: warning #169-D: argument of type "volatile char *" is incompatible with parameter of type "const char *__restrict__"
9 errors detected in the compilation of "../serial.c".
gmake: *** [serial.obj] Error 1
Building file: "../switches.c"
Invoking: MSP430 Compiler
"D:/ccs/tools/compiler/ti-cgt-msp430_21.6.1.LTS/bin/cl430" -vmspx --use_hw_mpy=F5 --include_path="D:/ccs/ccs_base/msp430/include" --include_path="D:/ccs/Project 08/Project 08" --include_path="D:/ccs/tools/compiler/ti-cgt-msp430_21.6.1.LTS/include" --advice:power=all --advice:hw_config=all --define=__MSP430FR2355__ --define=_FRWP_ENABLE --define=_INFO_FRWP_ENABLE -g --printf_support=minimal --diag_warning=225 --diag_wrap=off --display_error_number --silicon_errata=CPU21 --silicon_errata=CPU22 --silicon_errata=CPU40 --preproc_with_compile --preproc_dependency="switches.d_raw"  "../switches.c"
 
>> Compilation failure
subdir_rules.mk:9: recipe for target 'switches.obj' failed
"../switches.c", line 105: error #20: identifier "BAUD_9600" is undefined
"../switches.c", line 106: error #20: identifier "BAUD_115200" is undefined
"../switches.c", line 111: error #20: identifier "LINE3" is undefined
"../switches.c", line 28: remark #1535-D: (ULP 8.1) variable "shapes_menu" is used as a constant. Recommend declaring variable as either 'static const' or 'const'
3 errors detected in the compilation of "../switches.c".
gmake: *** [switches.obj] Error 1
Building file: "../usci.c"
Invoking: MSP430 Compiler
"D:/ccs/tools/compiler/ti-cgt-msp430_21.6.1.LTS/bin/cl430" -vmspx --use_hw_mpy=F5 --include_path="D:/ccs/ccs_base/msp430/include" --include_path="D:/ccs/Project 08/Project 08" --include_path="D:/ccs/tools/compiler/ti-cgt-msp430_21.6.1.LTS/include" --advice:power=all --advice:hw_config=all --define=__MSP430FR2355__ --define=_FRWP_ENABLE --define=_INFO_FRWP_ENABLE -g --printf_support=minimal --diag_warning=225 --diag_wrap=off --display_error_number --silicon_errata=CPU21 --silicon_errata=CPU22 --silicon_errata=CPU40 --preproc_with_compile --preproc_dependency="usci.d_raw"  "../usci.c"
 
>> Compilation failure
subdir_rules.mk:9: recipe for target 'usci.obj' failed
"../usci.c", line 31: error #20: identifier "SMALL_RING_SIZE" is undefined
"../usci.c", line 37: error #20: identifier "LARGE_RING_SIZE" is undefined
2 errors detected in the compilation of "../usci.c".
gmake: *** [usci.obj] Error 1
gmake: Target 'all' not remade because of errors.

**** Build Finished ****

**** Build of configuration Debug for project Project 08 ****

"D:\\ccs\\utils\\bin\\gmake" -k -j 16 all -O 
 
Building file: "../main.c"
Invoking: MSP430 Compiler
"D:/ccs/tools/compiler/ti-cgt-msp430_21.6.1.LTS/bin/cl430" -vmspx --use_hw_mpy=F5 --include_path="D:/ccs/ccs_base/msp430/include" --include_path="D:/ccs/Project 08/Project 08" --include_path="D:/ccs/tools/compiler/ti-cgt-msp430_21.6.1.LTS/include" --advice:power=all --advice:hw_config=all --define=__MSP430FR2355__ --define=_FRWP_ENABLE --define=_INFO_FRWP_ENABLE -g --printf_support=minimal --diag_warning=225 --diag_wrap=off --display_error_number --silicon_errata=CPU21 --silicon_errata=CPU22 --silicon_errata=CPU40 --preproc_with_compile --preproc_dependency="main.d_raw"  "../main.c"
 
>> Compilation failure
subdir_rules.mk:9: recipe for target 'main.obj' failed
"../main.c", line 77: error #20: identifier "LINE1" is undefined
"../main.c", line 78: error #20: identifier "LINE2" is undefined
"../main.c", line 82: error #20: identifier "LINE3" is undefined
"../main.c", line 46: remark #1535-D: (ULP 8.1) variable "wheel_move" is used as a constant. Recommend declaring variable as either 'static const' or 'const'
"../main.c", line 47: remark #1535-D: (ULP 8.1) variable "forward" is used as a constant. Recommend declaring variable as either 'static const' or 'const'
"../main.c", line 48: remark #1535-D: (ULP 8.1) variable "event" is used as a constant. Recommend declaring variable as either 'static const' or 'const'
3 errors detected in the compilation of "../main.c".
gmake: *** [main.obj] Error 1
Building file: "../serial.c"
Invoking: MSP430 Compiler
"D:/ccs/tools/compiler/ti-cgt-msp430_21.6.1.LTS/bin/cl430" -vmspx --use_hw_mpy=F5 --include_path="D:/ccs/ccs_base/msp430/include" --include_path="D:/ccs/Project 08/Project 08" --include_path="D:/ccs/tools/compiler/ti-cgt-msp430_21.6.1.LTS/include" --advice:power=all --advice:hw_config=all --define=__MSP430FR2355__ --define=_FRWP_ENABLE --define=_INFO_FRWP_ENABLE -g --printf_support=minimal --diag_warning=225 --diag_wrap=off --display_error_number --silicon_errata=CPU21 --silicon_errata=CPU22 --silicon_errata=CPU40 --preproc_with_compile --preproc_dependency="serial.d_raw"  "../serial.c"
 
>> Compilation failure
subdir_rules.mk:9: recipe for target 'serial.obj' failed
"../serial.c", line 63: error #20: identifier "display_line" is undefined
"../serial.c", line 63: error #20: identifier "LINE1" is undefined
"../serial.c", line 64: error #20: identifier "LINE2" is undefined
"../serial.c", line 64: warning #169-D: argument of type "volatile char *" is incompatible with parameter of type "const char *__restrict__"
"../serial.c", line 71: remark #1528-D: (ULP 3.1) Detected flag polling using UCA0IFG. Recommend using an interrupt combined with enter LPMx and ISR
"../serial.c", line 78: error #20: identifier "LINE4" is undefined
"../serial.c", line 70: remark #1544-D: (ULP 13.1) Detected loop counting up. Recommend loops count down as detecting zeros is easier
"../serial.c", line 88: error #20: identifier "display_line" is undefined
"../serial.c", line 88: error #20: identifier "LINE1" is undefined
"../serial.c", line 89: error #20: identifier "LINE4" is undefined
"../serial.c", line 89: warning #169-D: argument of type "volatile char *" is incompatible with parameter of type "const char *__restrict__"
7 errors detected in the compilation of "../serial.c".
gmake: *** [serial.obj] Error 1
Building file: "../switches.c"
Invoking: MSP430 Compiler
"D:/ccs/tools/compiler/ti-cgt-msp430_21.6.1.LTS/bin/cl430" -vmspx --use_hw_mpy=F5 --include_path="D:/ccs/ccs_base/msp430/include" --include_path="D:/ccs/Project 08/Project 08" --include_path="D:/ccs/tools/compiler/ti-cgt-msp430_21.6.1.LTS/include" --advice:power=all --advice:hw_config=all --define=__MSP430FR2355__ --define=_FRWP_ENABLE --define=_INFO_FRWP_ENABLE -g --printf_support=minimal --diag_warning=225 --diag_wrap=off --display_error_number --silicon_errata=CPU21 --silicon_errata=CPU22 --silicon_errata=CPU40 --preproc_with_compile --preproc_dependency="switches.d_raw"  "../switches.c"
 
>> Compilation failure
subdir_rules.mk:9: recipe for target 'switches.obj' failed
"../switches.c", line 105: error #20: identifier "BAUD_9600" is undefined
"../switches.c", line 106: error #20: identifier "BAUD_115200" is undefined
"../switches.c", line 111: error #20: identifier "LINE3" is undefined
"../switches.c", line 28: remark #1535-D: (ULP 8.1) variable "shapes_menu" is used as a constant. Recommend declaring variable as either 'static const' or 'const'
3 errors detected in the compilation of "../switches.c".
gmake: *** [switches.obj] Error 1
Building file: "../usci.c"
Invoking: MSP430 Compiler
"D:/ccs/tools/compiler/ti-cgt-msp430_21.6.1.LTS/bin/cl430" -vmspx --use_hw_mpy=F5 --include_path="D:/ccs/ccs_base/msp430/include" --include_path="D:/ccs/Project 08/Project 08" --include_path="D:/ccs/tools/compiler/ti-cgt-msp430_21.6.1.LTS/include" --advice:power=all --advice:hw_config=all --define=__MSP430FR2355__ --define=_FRWP_ENABLE --define=_INFO_FRWP_ENABLE -g --printf_support=minimal --diag_warning=225 --diag_wrap=off --display_error_number --silicon_errata=CPU21 --silicon_errata=CPU22 --silicon_errata=CPU40 --preproc_with_compile --preproc_dependency="usci.d_raw"  "../usci.c"
 
>> Compilation failure
subdir_rules.mk:9: recipe for target 'usci.obj' failed
"../usci.c", line 31: error #20: identifier "SMALL_RING_SIZE" is undefined
"../usci.c", line 37: error #20: identifier "LARGE_RING_SIZE" is undefined
2 errors detected in the compilation of "../usci.c".
gmake: *** [usci.obj] Error 1
gmake: Target 'all' not remade because of errors.

**** Build Finished ****

**** Build of configuration Debug for project Project 08 ****

"D:\\ccs\\utils\\bin\\gmake" -k -j 16 all -O 
 
Building file: "../main.c"
Invoking: MSP430 Compiler
"D:/ccs/tools/compiler/ti-cgt-msp430_21.6.1.LTS/bin/cl430" -vmspx --use_hw_mpy=F5 --include_path="D:/ccs/ccs_base/msp430/include" --include_path="D:/ccs/Project 08/Project 08" --include_path="D:/ccs/tools/compiler/ti-cgt-msp430_21.6.1.LTS/include" --advice:power=all --advice:hw_config=all --define=__MSP430FR2355__ --define=_FRWP_ENABLE --define=_INFO_FRWP_ENABLE -g --printf_support=minimal --diag_warning=225 --diag_wrap=off --display_error_number --silicon_errata=CPU21 --silicon_errata=CPU22 --silicon_errata=CPU40 --preproc_with_compile --preproc_dependency="main.d_raw"  "../main.c"
 
>> Compilation failure
subdir_rules.mk:9: recipe for target 'main.obj' failed
"../main.c", line 77: error #20: identifier "LINE1" is undefined
"../main.c", line 78: error #20: identifier "LINE2" is undefined
"../main.c", line 82: error #20: identifier "LINE3" is undefined
"../main.c", line 46: remark #1535-D: (ULP 8.1) variable "wheel_move" is used as a constant. Recommend declaring variable as either 'static const' or 'const'
"../main.c", line 47: remark #1535-D: (ULP 8.1) variable "forward" is used as a constant. Recommend declaring variable as either 'static const' or 'const'
"../main.c", line 48: remark #1535-D: (ULP 8.1) variable "event" is used as a constant. Recommend declaring variable as either 'static const' or 'const'
3 errors detected in the compilation of "../main.c".
gmake: *** [main.obj] Error 1
Building file: "../serial.c"
Invoking: MSP430 Compiler
"D:/ccs/tools/compiler/ti-cgt-msp430_21.6.1.LTS/bin/cl430" -vmspx --use_hw_mpy=F5 --include_path="D:/ccs/ccs_base/msp430/include" --include_path="D:/ccs/Project 08/Project 08" --include_path="D:/ccs/tools/compiler/ti-cgt-msp430_21.6.1.LTS/include" --advice:power=all --advice:hw_config=all --define=__MSP430FR2355__ --define=_FRWP_ENABLE --define=_INFO_FRWP_ENABLE -g --printf_support=minimal --diag_warning=225 --diag_wrap=off --display_error_number --silicon_errata=CPU21 --silicon_errata=CPU22 --silicon_errata=CPU40 --preproc_with_compile --preproc_dependency="serial.d_raw"  "../serial.c"
 
>> Compilation failure
subdir_rules.mk:9: recipe for target 'serial.obj' failed
"../serial.c", line 63: error #20: identifier "display_line" is undefined
"../serial.c", line 63: error #20: identifier "LINE1" is undefined
"../serial.c", line 64: error #20: identifier "LINE2" is undefined
"../serial.c", line 64: warning #169-D: argument of type "volatile char *" is incompatible with parameter of type "const char *__restrict__"
"../serial.c", line 71: remark #1528-D: (ULP 3.1) Detected flag polling using UCA0IFG. Recommend using an interrupt combined with enter LPMx and ISR
"../serial.c", line 78: error #20: identifier "LINE4" is undefined
"../serial.c", line 70: remark #1544-D: (ULP 13.1) Detected loop counting up. Recommend loops count down as detecting zeros is easier
"../serial.c", line 88: error #20: identifier "display_line" is undefined
"../serial.c", line 88: error #20: identifier "LINE1" is undefined
"../serial.c", line 89: error #20: identifier "LINE4" is undefined
"../serial.c", line 89: warning #169-D: argument of type "volatile char *" is incompatible with parameter of type "const char *__restrict__"
7 errors detected in the compilation of "../serial.c".
gmake: *** [serial.obj] Error 1
Building file: "../switches.c"
Invoking: MSP430 Compiler
"D:/ccs/tools/compiler/ti-cgt-msp430_21.6.1.LTS/bin/cl430" -vmspx --use_hw_mpy=F5 --include_path="D:/ccs/ccs_base/msp430/include" --include_path="D:/ccs/Project 08/Project 08" --include_path="D:/ccs/tools/compiler/ti-cgt-msp430_21.6.1.LTS/include" --advice:power=all --advice:hw_config=all --define=__MSP430FR2355__ --define=_FRWP_ENABLE --define=_INFO_FRWP_ENABLE -g --printf_support=minimal --diag_warning=225 --diag_wrap=off --display_error_number --silicon_errata=CPU21 --silicon_errata=CPU22 --silicon_errata=CPU40 --preproc_with_compile --preproc_dependency="switches.d_raw"  "../switches.c"
 
>> Compilation failure
subdir_rules.mk:9: recipe for target 'switches.obj' failed
"../switches.c", line 113: error #20: identifier "LINE3" is undefined
"../switches.c", line 30: remark #1535-D: (ULP 8.1) variable "shapes_menu" is used as a constant. Recommend declaring variable as either 'static const' or 'const'
1 error detected in the compilation of "../switches.c".
gmake: *** [switches.obj] Error 1
Building file: "../usci.c"
Invoking: MSP430 Compiler
"D:/ccs/tools/compiler/ti-cgt-msp430_21.6.1.LTS/bin/cl430" -vmspx --use_hw_mpy=F5 --include_path="D:/ccs/ccs_base/msp430/include" --include_path="D:/ccs/Project 08/Project 08" --include_path="D:/ccs/tools/compiler/ti-cgt-msp430_21.6.1.LTS/include" --advice:power=all --advice:hw_config=all --define=__MSP430FR2355__ --define=_FRWP_ENABLE --define=_INFO_FRWP_ENABLE -g --printf_support=minimal --diag_warning=225 --diag_wrap=off --display_error_number --silicon_errata=CPU21 --silicon_errata=CPU22 --silicon_errata=CPU40 --preproc_with_compile --preproc_dependency="usci.d_raw"  "../usci.c"
 
>> Compilation failure
subdir_rules.mk:9: recipe for target 'usci.obj' failed
"../usci.c", line 31: error #20: identifier "SMALL_RING_SIZE" is undefined
"../usci.c", line 37: error #20: identifier "LARGE_RING_SIZE" is undefined
2 errors detected in the compilation of "../usci.c".
gmake: *** [usci.obj] Error 1
gmake: Target 'all' not remade because of errors.

**** Build Finished ****

**** Build of configuration Debug for project Project 08 ****

"D:\\ccs\\utils\\bin\\gmake" -k -j 16 all -O 
 
Building file: "../main.c"
Invoking: MSP430 Compiler
"D:/ccs/tools/compiler/ti-cgt-msp430_21.6.1.LTS/bin/cl430" -vmspx --use_hw_mpy=F5 --include_path="D:/ccs/ccs_base/msp430/include" --include_path="D:/ccs/Project 08/Project 08" --include_path="D:/ccs/tools/compiler/ti-cgt-msp430_21.6.1.LTS/include" --advice:power=all --advice:hw_config=all --define=__MSP430FR2355__ --define=_FRWP_ENABLE --define=_INFO_FRWP_ENABLE -g --printf_support=minimal --diag_warning=225 --diag_wrap=off --display_error_number --silicon_errata=CPU21 --silicon_errata=CPU22 --silicon_errata=CPU40 --preproc_with_compile --preproc_dependency="main.d_raw"  "../main.c"
 
>> Compilation failure
subdir_rules.mk:9: recipe for target 'main.obj' failed
"../main.c", line 77: error #20: identifier "LINE1" is undefined
"../main.c", line 78: error #20: identifier "LINE2" is undefined
"../main.c", line 82: error #20: identifier "LINE3" is undefined
"../main.c", line 46: remark #1535-D: (ULP 8.1) variable "wheel_move" is used as a constant. Recommend declaring variable as either 'static const' or 'const'
"../main.c", line 47: remark #1535-D: (ULP 8.1) variable "forward" is used as a constant. Recommend declaring variable as either 'static const' or 'const'
"../main.c", line 48: remark #1535-D: (ULP 8.1) variable "event" is used as a constant. Recommend declaring variable as either 'static const' or 'const'
3 errors detected in the compilation of "../main.c".
gmake: *** [main.obj] Error 1
Building file: "../serial.c"
Invoking: MSP430 Compiler
"D:/ccs/tools/compiler/ti-cgt-msp430_21.6.1.LTS/bin/cl430" -vmspx --use_hw_mpy=F5 --include_path="D:/ccs/ccs_base/msp430/include" --include_path="D:/ccs/Project 08/Project 08" --include_path="D:/ccs/tools/compiler/ti-cgt-msp430_21.6.1.LTS/include" --advice:power=all --advice:hw_config=all --define=__MSP430FR2355__ --define=_FRWP_ENABLE --define=_INFO_FRWP_ENABLE -g --printf_support=minimal --diag_warning=225 --diag_wrap=off --display_error_number --silicon_errata=CPU21 --silicon_errata=CPU22 --silicon_errata=CPU40 --preproc_with_compile --preproc_dependency="serial.d_raw"  "../serial.c"
 
>> Compilation failure
subdir_rules.mk:9: recipe for target 'serial.obj' failed
"../serial.c", line 18: error #148: declaration is incompatible with "void update_string(char *, int)" (declared at line 6 of "..\LCD.h")
"../serial.c", line 67: error #20: identifier "LINE1" is undefined
"../serial.c", line 68: error #20: identifier "LINE2" is undefined
"../serial.c", line 68: warning #169-D: argument of type "volatile char *" is incompatible with parameter of type "const char *__restrict__"
"../serial.c", line 75: remark #1528-D: (ULP 3.1) Detected flag polling using UCA0IFG. Recommend using an interrupt combined with enter LPMx and ISR
"../serial.c", line 82: error #20: identifier "LINE4" is undefined
"../serial.c", line 74: remark #1544-D: (ULP 13.1) Detected loop counting up. Recommend loops count down as detecting zeros is easier
"../serial.c", line 92: error #20: identifier "LINE1" is undefined
"../serial.c", line 93: error #20: identifier "LINE4" is undefined
"../serial.c", line 93: warning #169-D: argument of type "volatile char *" is incompatible with parameter of type "const char *__restrict__"
6 errors detected in the compilation of "../serial.c".
gmake: *** [serial.obj] Error 1
Building file: "../switches.c"
Invoking: MSP430 Compiler
"D:/ccs/tools/compiler/ti-cgt-msp430_21.6.1.LTS/bin/cl430" -vmspx --use_hw_mpy=F5 --include_path="D:/ccs/ccs_base/msp430/include" --include_path="D:/ccs/Project 08/Project 08" --include_path="D:/ccs/tools/compiler/ti-cgt-msp430_21.6.1.LTS/include" --advice:power=all --advice:hw_config=all --define=__MSP430FR2355__ --define=_FRWP_ENABLE --define=_INFO_FRWP_ENABLE -g --printf_support=minimal --diag_warning=225 --diag_wrap=off --display_error_number --silicon_errata=CPU21 --silicon_errata=CPU22 --silicon_errata=CPU40 --preproc_with_compile --preproc_dependency="switches.d_raw"  "../switches.c"
 
>> Compilation failure
subdir_rules.mk:9: recipe for target 'switches.obj' failed
"../switches.c", line 113: error #20: identifier "LINE3" is undefined
"../switches.c", line 30: remark #1535-D: (ULP 8.1) variable "shapes_menu" is used as a constant. Recommend declaring variable as either 'static const' or 'const'
1 error detected in the compilation of "../switches.c".
gmake: *** [switches.obj] Error 1
Building file: "../usci.c"
Invoking: MSP430 Compiler
"D:/ccs/tools/compiler/ti-cgt-msp430_21.6.1.LTS/bin/cl430" -vmspx --use_hw_mpy=F5 --include_path="D:/ccs/ccs_base/msp430/include" --include_path="D:/ccs/Project 08/Project 08" --include_path="D:/ccs/tools/compiler/ti-cgt-msp430_21.6.1.LTS/include" --advice:power=all --advice:hw_config=all --define=__MSP430FR2355__ --define=_FRWP_ENABLE --define=_INFO_FRWP_ENABLE -g --printf_support=minimal --diag_warning=225 --diag_wrap=off --display_error_number --silicon_errata=CPU21 --silicon_errata=CPU22 --silicon_errata=CPU40 --preproc_with_compile --preproc_dependency="usci.d_raw"  "../usci.c"
 
>> Compilation failure
subdir_rules.mk:9: recipe for target 'usci.obj' failed
"../usci.c", line 31: error #20: identifier "SMALL_RING_SIZE" is undefined
"../usci.c", line 37: error #20: identifier "LARGE_RING_SIZE" is undefined
2 errors detected in the compilation of "../usci.c".
gmake: *** [usci.obj] Error 1
gmake: Target 'all' not remade because of errors.

**** Build Finished ****

**** Build of configuration Debug for project Project 08 ****

"D:\\ccs\\utils\\bin\\gmake" -k -j 16 all -O 
 
Building file: "../Display.c"
Invoking: MSP430 Compiler
"D:/ccs/tools/compiler/ti-cgt-msp430_21.6.1.LTS/bin/cl430" -vmspx --use_hw_mpy=F5 --include_path="D:/ccs/ccs_base/msp430/include" --include_path="D:/ccs/Project 08/Project 08" --include_path="D:/ccs/tools/compiler/ti-cgt-msp430_21.6.1.LTS/include" --advice:power=all --advice:hw_config=all --define=__MSP430FR2355__ --define=_FRWP_ENABLE --define=_INFO_FRWP_ENABLE -g --printf_support=minimal --diag_warning=225 --diag_wrap=off --display_error_number --silicon_errata=CPU21 --silicon_errata=CPU22 --silicon_errata=CPU40 --preproc_with_compile --preproc_dependency="Display.d_raw"  "../Display.c"
"..\macros.h", line 144: warning #48-D: incompatible redefinition of macro "WAIT" (declared at line 17)
"..\macros.h", line 174: warning #48-D: incompatible redefinition of macro "PRESSED" (declared at line 120)
"..\macros.h", line 175: warning #48-D: incompatible redefinition of macro "RELEASED" (declared at line 121)
"..\macros.h", line 200: warning #48-D: incompatible redefinition of macro "TB0CCR0_INTERVAL" (declared at line 68)
"..\macros.h", line 201: warning #48-D: incompatible redefinition of macro "TB0CCR1_INTERVAL" (declared at line 69)
"..\macros.h", line 202: warning #48-D: incompatible redefinition of macro "TB0CCR2_INTERVAL" (declared at line 70)
Finished building: "../Display.c"
 
Building file: "../adc.c"
Invoking: MSP430 Compiler
"D:/ccs/tools/compiler/ti-cgt-msp430_21.6.1.LTS/bin/cl430" -vmspx --use_hw_mpy=F5 --include_path="D:/ccs/ccs_base/msp430/include" --include_path="D:/ccs/Project 08/Project 08" --include_path="D:/ccs/tools/compiler/ti-cgt-msp430_21.6.1.LTS/include" --advice:power=all --advice:hw_config=all --define=__MSP430FR2355__ --define=_FRWP_ENABLE --define=_INFO_FRWP_ENABLE -g --printf_support=minimal --diag_warning=225 --diag_wrap=off --display_error_number --silicon_errata=CPU21 --silicon_errata=CPU22 --silicon_errata=CPU40 --preproc_with_compile --preproc_dependency="adc.d_raw"  "../adc.c"
"..\macros.h", line 144: warning #48-D: incompatible redefinition of macro "WAIT" (declared at line 17)
"..\macros.h", line 174: warning #48-D: incompatible redefinition of macro "PRESSED" (declared at line 120)
"..\macros.h", line 175: warning #48-D: incompatible redefinition of macro "RELEASED" (declared at line 121)
"..\macros.h", line 200: warning #48-D: incompatible redefinition of macro "TB0CCR0_INTERVAL" (declared at line 68)
"..\macros.h", line 201: warning #48-D: incompatible redefinition of macro "TB0CCR1_INTERVAL" (declared at line 69)
"..\macros.h", line 202: warning #48-D: incompatible redefinition of macro "TB0CCR2_INTERVAL" (declared at line 70)
Finished building: "../adc.c"
 
Building file: "../black_line.c"
Invoking: MSP430 Compiler
"D:/ccs/tools/compiler/ti-cgt-msp430_21.6.1.LTS/bin/cl430" -vmspx --use_hw_mpy=F5 --include_path="D:/ccs/ccs_base/msp430/include" --include_path="D:/ccs/Project 08/Project 08" --include_path="D:/ccs/tools/compiler/ti-cgt-msp430_21.6.1.LTS/include" --advice:power=all --advice:hw_config=all --define=__MSP430FR2355__ --define=_FRWP_ENABLE --define=_INFO_FRWP_ENABLE -g --printf_support=minimal --diag_warning=225 --diag_wrap=off --display_error_number --silicon_errata=CPU21 --silicon_errata=CPU22 --silicon_errata=CPU40 --preproc_with_compile --preproc_dependency="black_line.d_raw"  "../black_line.c"
"..\macros.h", line 144: warning #48-D: incompatible redefinition of macro "WAIT" (declared at line 17)
"..\macros.h", line 174: warning #48-D: incompatible redefinition of macro "PRESSED" (declared at line 120)
"..\macros.h", line 175: warning #48-D: incompatible redefinition of macro "RELEASED" (declared at line 121)
"..\macros.h", line 200: warning #48-D: incompatible redefinition of macro "TB0CCR0_INTERVAL" (declared at line 68)
"..\macros.h", line 201: warning #48-D: incompatible redefinition of macro "TB0CCR1_INTERVAL" (declared at line 69)
"..\macros.h", line 202: warning #48-D: incompatible redefinition of macro "TB0CCR2_INTERVAL" (declared at line 70)
"../black_line.c", line 30: warning #225-D: function "search_line" declared implicitly
"../black_line.c", line 31: warning #225-D: function "stop_on_line" declared implicitly
"../black_line.c", line 32: warning #225-D: function "reverse_to_line" declared implicitly
"../black_line.c", line 34: warning #225-D: function "stopall" declared implicitly
"../black_line.c", line 35: warning #225-D: function "strcpy" declared implicitly
"../black_line.c", line 40: warning #225-D: function "adc_line" declared implicitly
"../black_line.c", line 46: warning #161-D: declaration is incompatible with previous "search_line" (declared at line 30)
"../black_line.c", line 47: warning #225-D: function "strcpy" declared implicitly
"../black_line.c", line 54: warning #225-D: function "stopall" declared implicitly
"../black_line.c", line 56: warning #225-D: function "moveforward" declared implicitly
"../black_line.c", line 60: warning #225-D: function "moveforward" declared implicitly
"../black_line.c", line 75: warning #161-D: declaration is incompatible with previous "stop_on_line" (declared at line 31)
"../black_line.c", line 76: warning #225-D: function "stopall" declared implicitly
"../black_line.c", line 77: warning #225-D: function "strcpy" declared implicitly
"../black_line.c", line 92: warning #161-D: declaration is incompatible with previous "reverse_to_line" (declared at line 32)
"../black_line.c", line 93: warning #225-D: function "strcpy" declared implicitly
"../black_line.c", line 100: warning #225-D: function "spin_clockwise" declared implicitly
"../black_line.c", line 115: remark #1544-D: (ULP 13.1) Detected loop counting up. Recommend loops count down as detecting zeros is easier
"../black_line.c", line 116: remark #2553-D: (ULP 14.1) Array index (involving "i") of type "int". Recommend using "unsigned int"
"../black_line.c", line 138: warning #161-D: declaration is incompatible with previous "adc_line" (declared at line 40)
"../black_line.c", line 142: remark #1544-D: (ULP 13.1) Detected loop counting up. Recommend loops count down as detecting zeros is easier
"../black_line.c", line 143: remark #1545-D: (ULP 14.1) Array index of type "int". Recommend using "unsigned int"
"../black_line.c", line 143: remark #2553-D: (ULP 14.1) Array index (involving "i") of type "int". Recommend using "unsigned int"
"../black_line.c", line 173: warning #225-D: function "strcpy" declared implicitly
"../black_line.c", line 179: warning #225-D: function "strcpy" declared implicitly
"../black_line.c", line 157: remark #1544-D: (ULP 13.1) Detected loop counting up. Recommend loops count down as detecting zeros is easier
"../black_line.c", line 158: remark #2553-D: (ULP 14.1) Array index (involving "j") of type "int". Recommend using "unsigned int"
"../black_line.c", line 158: remark #2553-D: (ULP 14.1) Array index (involving "j") of type "int". Recommend using "unsigned int"
"../black_line.c", line 165: remark #1544-D: (ULP 13.1) Detected loop counting up. Recommend loops count down as detecting zeros is easier
"../black_line.c", line 166: remark #2553-D: (ULP 14.1) Array index (involving "j") of type "int". Recommend using "unsigned int"
"../black_line.c", line 166: remark #2553-D: (ULP 14.1) Array index (involving "j") of type "int". Recommend using "unsigned int"
"../black_line.c", line 157: remark #1544-D: (ULP 13.1) Detected loop counting up. Recommend loops count down as detecting zeros is easier
"../black_line.c", line 158: remark #2553-D: (ULP 14.1) Array index (involving "j") of type "int". Recommend using "unsigned int"
"../black_line.c", line 158: remark #2553-D: (ULP 14.1) Array index (involving "j") of type "int". Recommend using "unsigned int"
"../black_line.c", line 165: remark #1544-D: (ULP 13.1) Detected loop counting up. Recommend loops count down as detecting zeros is easier
"../black_line.c", line 166: remark #2553-D: (ULP 14.1) Array index (involving "j") of type "int". Recommend using "unsigned int"
"../black_line.c", line 166: remark #2553-D: (ULP 14.1) Array index (involving "j") of type "int". Recommend using "unsigned int"
Finished building: "../black_line.c"
 
Building file: "../clocks.c"
Invoking: MSP430 Compiler
"D:/ccs/tools/compiler/ti-cgt-msp430_21.6.1.LTS/bin/cl430" -vmspx --use_hw_mpy=F5 --include_path="D:/ccs/ccs_base/msp430/include" --include_path="D:/ccs/Project 08/Project 08" --include_path="D:/ccs/tools/compiler/ti-cgt-msp430_21.6.1.LTS/include" --advice:power=all --advice:hw_config=all --define=__MSP430FR2355__ --define=_FRWP_ENABLE --define=_INFO_FRWP_ENABLE -g --printf_support=minimal --diag_warning=225 --diag_wrap=off --display_error_number --silicon_errata=CPU21 --silicon_errata=CPU22 --silicon_errata=CPU40 --preproc_with_compile --preproc_dependency="clocks.d_raw"  "../clocks.c"
"..\macros.h", line 144: warning #48-D: incompatible redefinition of macro "WAIT" (declared at line 17)
"..\macros.h", line 174: warning #48-D: incompatible redefinition of macro "PRESSED" (declared at line 120)
"..\macros.h", line 175: warning #48-D: incompatible redefinition of macro "RELEASED" (declared at line 121)
"..\macros.h", line 200: warning #48-D: incompatible redefinition of macro "TB0CCR0_INTERVAL" (declared at line 68)
"..\macros.h", line 201: warning #48-D: incompatible redefinition of macro "TB0CCR1_INTERVAL" (declared at line 69)
"..\macros.h", line 202: warning #48-D: incompatible redefinition of macro "TB0CCR2_INTERVAL" (declared at line 70)
"../clocks.c", line 86: remark #1527-D: (ULP 2.1) Detected SW delay loop using __delay_cycles. Recommend using a timer module instead
"../clocks.c", line 87: remark #1527-D: (ULP 2.1) Detected SW delay loop using empty loop. Recommend using a timer module instead
"../clocks.c", line 120: remark #1527-D: (ULP 2.1) Detected SW delay loop using empty loop. Recommend using a timer module instead
Finished building: "../clocks.c"
 
Building file: "../init.c"
Invoking: MSP430 Compiler
"D:/ccs/tools/compiler/ti-cgt-msp430_21.6.1.LTS/bin/cl430" -vmspx --use_hw_mpy=F5 --include_path="D:/ccs/ccs_base/msp430/include" --include_path="D:/ccs/Project 08/Project 08" --include_path="D:/ccs/tools/compiler/ti-cgt-msp430_21.6.1.LTS/include" --advice:power=all --advice:hw_config=all --define=__MSP430FR2355__ --define=_FRWP_ENABLE --define=_INFO_FRWP_ENABLE -g --printf_support=minimal --diag_warning=225 --diag_wrap=off --display_error_number --silicon_errata=CPU21 --silicon_errata=CPU22 --silicon_errata=CPU40 --preproc_with_compile --preproc_dependency="init.d_raw"  "../init.c"
"..\macros.h", line 144: warning #48-D: incompatible redefinition of macro "WAIT" (declared at line 17)
"..\macros.h", line 174: warning #48-D: incompatible redefinition of macro "PRESSED" (declared at line 120)
"..\macros.h", line 175: warning #48-D: incompatible redefinition of macro "RELEASED" (declared at line 121)
"..\macros.h", line 200: warning #48-D: incompatible redefinition of macro "TB0CCR0_INTERVAL" (declared at line 68)
"..\macros.h", line 201: warning #48-D: incompatible redefinition of macro "TB0CCR1_INTERVAL" (declared at line 69)
"..\macros.h", line 202: warning #48-D: incompatible redefinition of macro "TB0CCR2_INTERVAL" (declared at line 70)
"../init.c", line 26: remark #1544-D: (ULP 13.1) Detected loop counting up. Recommend loops count down as detecting zeros is easier
"../init.c", line 27: remark #2553-D: (ULP 14.1) Array index (involving "i") of type "int". Recommend using "unsigned int"
"../init.c", line 28: remark #2553-D: (ULP 14.1) Array index (involving "i") of type "int". Recommend using "unsigned int"
"../init.c", line 29: remark #2553-D: (ULP 14.1) Array index (involving "i") of type "int". Recommend using "unsigned int"
"../init.c", line 30: remark #2553-D: (ULP 14.1) Array index (involving "i") of type "int". Recommend using "unsigned int"
Finished building: "../init.c"
 
Building file: "../led.c"
Invoking: MSP430 Compiler
"D:/ccs/tools/compiler/ti-cgt-msp430_21.6.1.LTS/bin/cl430" -vmspx --use_hw_mpy=F5 --include_path="D:/ccs/ccs_base/msp430/include" --include_path="D:/ccs/Project 08/Project 08" --include_path="D:/ccs/tools/compiler/ti-cgt-msp430_21.6.1.LTS/include" --advice:power=all --advice:hw_config=all --define=__MSP430FR2355__ --define=_FRWP_ENABLE --define=_INFO_FRWP_ENABLE -g --printf_support=minimal --diag_warning=225 --diag_wrap=off --display_error_number --silicon_errata=CPU21 --silicon_errata=CPU22 --silicon_errata=CPU40 --preproc_with_compile --preproc_dependency="led.d_raw"  "../led.c"
"..\macros.h", line 144: warning #48-D: incompatible redefinition of macro "WAIT" (declared at line 17)
"..\macros.h", line 174: warning #48-D: incompatible redefinition of macro "PRESSED" (declared at line 120)
"..\macros.h", line 175: warning #48-D: incompatible redefinition of macro "RELEASED" (declared at line 121)
"..\macros.h", line 200: warning #48-D: incompatible redefinition of macro "TB0CCR0_INTERVAL" (declared at line 68)
"..\macros.h", line 201: warning #48-D: incompatible redefinition of macro "TB0CCR1_INTERVAL" (declared at line 69)
"..\macros.h", line 202: warning #48-D: incompatible redefinition of macro "TB0CCR2_INTERVAL" (declared at line 70)
Finished building: "../led.c"
 
Building file: "../serial.c"
Invoking: MSP430 Compiler
"D:/ccs/tools/compiler/ti-cgt-msp430_21.6.1.LTS/bin/cl430" -vmspx --use_hw_mpy=F5 --include_path="D:/ccs/ccs_base/msp430/include" --include_path="D:/ccs/Project 08/Project 08" --include_path="D:/ccs/tools/compiler/ti-cgt-msp430_21.6.1.LTS/include" --advice:power=all --advice:hw_config=all --define=__MSP430FR2355__ --define=_FRWP_ENABLE --define=_INFO_FRWP_ENABLE -g --printf_support=minimal --diag_warning=225 --diag_wrap=off --display_error_number --silicon_errata=CPU21 --silicon_errata=CPU22 --silicon_errata=CPU40 --preproc_with_compile --preproc_dependency="serial.d_raw"  "../serial.c"
 
>> Compilation failure
subdir_rules.mk:9: recipe for target 'serial.obj' failed
"..\macros.h", line 144: warning #48-D: incompatible redefinition of macro "WAIT" (declared at line 17)
"..\macros.h", line 174: warning #48-D: incompatible redefinition of macro "PRESSED" (declared at line 120)
"..\macros.h", line 175: warning #48-D: incompatible redefinition of macro "RELEASED" (declared at line 121)
"..\macros.h", line 200: warning #48-D: incompatible redefinition of macro "TB0CCR0_INTERVAL" (declared at line 68)
"..\macros.h", line 201: warning #48-D: incompatible redefinition of macro "TB0CCR1_INTERVAL" (declared at line 69)
"..\macros.h", line 202: warning #48-D: incompatible redefinition of macro "TB0CCR2_INTERVAL" (declared at line 70)
"../serial.c", line 18: error #148: declaration is incompatible with "void update_string(char *, int)" (declared at line 6 of "..\LCD.h")
"../serial.c", line 68: warning #169-D: argument of type "volatile char *" is incompatible with parameter of type "const char *__restrict__"
"../serial.c", line 75: remark #1528-D: (ULP 3.1) Detected flag polling using UCA0IFG. Recommend using an interrupt combined with enter LPMx and ISR
"../serial.c", line 74: remark #1544-D: (ULP 13.1) Detected loop counting up. Recommend loops count down as detecting zeros is easier
"../serial.c", line 93: warning #169-D: argument of type "volatile char *" is incompatible with parameter of type "const char *__restrict__"
1 error detected in the compilation of "../serial.c".
gmake: *** [serial.obj] Error 1
Building file: "../main.c"
Invoking: MSP430 Compiler
"D:/ccs/tools/compiler/ti-cgt-msp430_21.6.1.LTS/bin/cl430" -vmspx --use_hw_mpy=F5 --include_path="D:/ccs/ccs_base/msp430/include" --include_path="D:/ccs/Project 08/Project 08" --include_path="D:/ccs/tools/compiler/ti-cgt-msp430_21.6.1.LTS/include" --advice:power=all --advice:hw_config=all --define=__MSP430FR2355__ --define=_FRWP_ENABLE --define=_INFO_FRWP_ENABLE -g --printf_support=minimal --diag_warning=225 --diag_wrap=off --display_error_number --silicon_errata=CPU21 --silicon_errata=CPU22 --silicon_errata=CPU40 --preproc_with_compile --preproc_dependency="main.d_raw"  "../main.c"
"..\macros.h", line 144: warning #48-D: incompatible redefinition of macro "WAIT" (declared at line 17)
"..\macros.h", line 174: warning #48-D: incompatible redefinition of macro "PRESSED" (declared at line 120)
"..\macros.h", line 175: warning #48-D: incompatible redefinition of macro "RELEASED" (declared at line 121)
"..\macros.h", line 200: warning #48-D: incompatible redefinition of macro "TB0CCR0_INTERVAL" (declared at line 68)
"..\macros.h", line 201: warning #48-D: incompatible redefinition of macro "TB0CCR1_INTERVAL" (declared at line 69)
"..\macros.h", line 202: warning #48-D: incompatible redefinition of macro "TB0CCR2_INTERVAL" (declared at line 70)
"../main.c", line 46: remark #1535-D: (ULP 8.1) variable "wheel_move" is used as a constant. Recommend declaring variable as either 'static const' or 'const'
"../main.c", line 47: remark #1535-D: (ULP 8.1) variable "forward" is used as a constant. Recommend declaring variable as either 'static const' or 'const'
"../main.c", line 48: remark #1535-D: (ULP 8.1) variable "event" is used as a constant. Recommend declaring variable as either 'static const' or 'const'
Finished building: "../main.c"
 
Building file: "../ports.c"
Invoking: MSP430 Compiler
"D:/ccs/tools/compiler/ti-cgt-msp430_21.6.1.LTS/bin/cl430" -vmspx --use_hw_mpy=F5 --include_path="D:/ccs/ccs_base/msp430/include" --include_path="D:/ccs/Project 08/Project 08" --include_path="D:/ccs/tools/compiler/ti-cgt-msp430_21.6.1.LTS/include" --advice:power=all --advice:hw_config=all --define=__MSP430FR2355__ --define=_FRWP_ENABLE --define=_INFO_FRWP_ENABLE -g --printf_support=minimal --diag_warning=225 --diag_wrap=off --display_error_number --silicon_errata=CPU21 --silicon_errata=CPU22 --silicon_errata=CPU40 --preproc_with_compile --preproc_dependency="ports.d_raw"  "../ports.c"
"..\macros.h", line 144: warning #48-D: incompatible redefinition of macro "WAIT" (declared at line 17)
"..\macros.h", line 174: warning #48-D: incompatible redefinition of macro "PRESSED" (declared at line 120)
"..\macros.h", line 175: warning #48-D: incompatible redefinition of macro "RELEASED" (declared at line 121)
"..\macros.h", line 200: warning #48-D: incompatible redefinition of macro "TB0CCR0_INTERVAL" (declared at line 68)
"..\macros.h", line 201: warning #48-D: incompatible redefinition of macro "TB0CCR1_INTERVAL" (declared at line 69)
"..\macros.h", line 202: warning #48-D: incompatible redefinition of macro "TB0CCR2_INTERVAL" (declared at line 70)
"../ports.c", line 16: warning #225-D: function "Init_Port_1" declared implicitly
"../ports.c", line 17: warning #225-D: function "Init_Port_2" declared implicitly
"../ports.c", line 18: warning #225-D: function "Init_Port_3" declared implicitly
"../ports.c", line 19: warning #225-D: function "Init_Port_4" declared implicitly
"../ports.c", line 20: warning #225-D: function "Init_Port_5" declared implicitly
"../ports.c", line 21: warning #225-D: function "Init_Port_6" declared implicitly
"../ports.c", line 24: warning #161-D: declaration is incompatible with previous "Init_Port_1" (declared at line 16)
"../ports.c", line 71: warning #161-D: declaration is incompatible with previous "Init_Port_2" (declared at line 17)
"../ports.c", line 107: warning #161-D: declaration is incompatible with previous "Init_Port_3" (declared at line 18)
"../ports.c", line 145: warning #161-D: declaration is incompatible with previous "Init_Port_4" (declared at line 19)
"../ports.c", line 174: warning #161-D: declaration is incompatible with previous "Init_Port_5" (declared at line 20)
"../ports.c", line 206: warning #161-D: declaration is incompatible with previous "Init_Port_6" (declared at line 21)
Finished building: "../ports.c"
 
Building file: "../states.c"
Invoking: MSP430 Compiler
"D:/ccs/tools/compiler/ti-cgt-msp430_21.6.1.LTS/bin/cl430" -vmspx --use_hw_mpy=F5 --include_path="D:/ccs/ccs_base/msp430/include" --include_path="D:/ccs/Project 08/Project 08" --include_path="D:/ccs/tools/compiler/ti-cgt-msp430_21.6.1.LTS/include" --advice:power=all --advice:hw_config=all --define=__MSP430FR2355__ --define=_FRWP_ENABLE --define=_INFO_FRWP_ENABLE -g --printf_support=minimal --diag_warning=225 --diag_wrap=off --display_error_number --silicon_errata=CPU21 --silicon_errata=CPU22 --silicon_errata=CPU40 --preproc_with_compile --preproc_dependency="states.d_raw"  "../states.c"
"..\macros.h", line 144: warning #48-D: incompatible redefinition of macro "WAIT" (declared at line 17)
"..\macros.h", line 174: warning #48-D: incompatible redefinition of macro "PRESSED" (declared at line 120)
"..\macros.h", line 175: warning #48-D: incompatible redefinition of macro "RELEASED" (declared at line 121)
"..\macros.h", line 200: warning #48-D: incompatible redefinition of macro "TB0CCR0_INTERVAL" (declared at line 68)
"..\macros.h", line 201: warning #48-D: incompatible redefinition of macro "TB0CCR1_INTERVAL" (declared at line 69)
"..\macros.h", line 202: warning #48-D: incompatible redefinition of macro "TB0CCR2_INTERVAL" (declared at line 70)
"../states.c", line 35: warning #225-D: function "wait_case" declared implicitly
"../states.c", line 38: warning #225-D: function "start_case" declared implicitly
"../states.c", line 41: warning #225-D: function "run_case" declared implicitly
"../states.c", line 44: warning #225-D: function "end_case" declared implicitly
"../states.c", line 50: warning #161-D: declaration is incompatible with previous "start_case" (declared at line 38)
"../states.c", line 54: warning #225-D: function "moveforward" declared implicitly
"../states.c", line 59: warning #161-D: declaration is incompatible with previous "run_case" (declared at line 41)
"../states.c", line 74: warning #225-D: function "moveforward" declared implicitly
"../states.c", line 85: warning #225-D: function "wait_case" declared implicitly
"../states.c", line 86: warning #225-D: function "start_case_circle" declared implicitly
"../states.c", line 87: warning #225-D: function "run_case_circle" declared implicitly
"../states.c", line 88: warning #225-D: function "end_case" declared implicitly
"../states.c", line 93: warning #161-D: declaration is incompatible with previous "wait_case" (declared at line 35)
"../states.c", line 103: warning #161-D: declaration is incompatible with previous "start_case_circle" (declared at line 86)
"../states.c", line 107: warning #225-D: function "moveforward" declared implicitly
"../states.c", line 112: warning #161-D: declaration is incompatible with previous "run_case_circle" (declared at line 87)
"../states.c", line 133: warning #225-D: function "moveforward" declared implicitly
"../states.c", line 141: warning #161-D: declaration is incompatible with previous "end_case" (declared at line 44)
"../states.c", line 142: warning #225-D: function "stopall" declared implicitly
"../states.c", line 151: warning #225-D: function "start_case_triangle" declared implicitly
"../states.c", line 152: warning #225-D: function "run_case_triangle" declared implicitly
"../states.c", line 158: warning #161-D: declaration is incompatible with previous "start_case_triangle" (declared at line 151)
"../states.c", line 162: warning #225-D: function "moveforward" declared implicitly
"../states.c", line 169: warning #161-D: declaration is incompatible with previous "run_case_triangle" (declared at line 152)
"../states.c", line 192: warning #225-D: function "moveforward" declared implicitly
"../states.c", line 203: warning #188-D: pointless comparison of unsigned integer with zero
"../states.c", line 217: warning #225-D: function "moveforward" declared implicitly
"../states.c", line 238: warning #225-D: function "start_case_figure8" declared implicitly
"../states.c", line 239: warning #225-D: function "run_case_figure8" declared implicitly
"../states.c", line 246: warning #161-D: declaration is incompatible with previous "start_case_figure8" (declared at line 238)
"../states.c", line 250: warning #225-D: function "moveforward" declared implicitly
"../states.c", line 258: warning #161-D: declaration is incompatible with previous "run_case_figure8" (declared at line 239)
"../states.c", line 289: warning #225-D: function "moveforward" declared implicitly
"../states.c", line 300: warning #225-D: function "moveforward" declared implicitly
"../states.c", line 24: remark #1535-D: (ULP 8.1) variable "event" is used as a constant. Recommend declaring variable as either 'static const' or 'const'
Finished building: "../states.c"
 
Building file: "../switches.c"
Invoking: MSP430 Compiler
"D:/ccs/tools/compiler/ti-cgt-msp430_21.6.1.LTS/bin/cl430" -vmspx --use_hw_mpy=F5 --include_path="D:/ccs/ccs_base/msp430/include" --include_path="D:/ccs/Project 08/Project 08" --include_path="D:/ccs/tools/compiler/ti-cgt-msp430_21.6.1.LTS/include" --advice:power=all --advice:hw_config=all --define=__MSP430FR2355__ --define=_FRWP_ENABLE --define=_INFO_FRWP_ENABLE -g --printf_support=minimal --diag_warning=225 --diag_wrap=off --display_error_number --silicon_errata=CPU21 --silicon_errata=CPU22 --silicon_errata=CPU40 --preproc_with_compile --preproc_dependency="switches.d_raw"  "../switches.c"
"..\macros.h", line 144: warning #48-D: incompatible redefinition of macro "WAIT" (declared at line 17)
"..\macros.h", line 174: warning #48-D: incompatible redefinition of macro "PRESSED" (declared at line 120)
"..\macros.h", line 175: warning #48-D: incompatible redefinition of macro "RELEASED" (declared at line 121)
"..\macros.h", line 200: warning #48-D: incompatible redefinition of macro "TB0CCR0_INTERVAL" (declared at line 68)
"..\macros.h", line 201: warning #48-D: incompatible redefinition of macro "TB0CCR1_INTERVAL" (declared at line 69)
"..\macros.h", line 202: warning #48-D: incompatible redefinition of macro "TB0CCR2_INTERVAL" (declared at line 70)
"../switches.c", line 30: remark #1535-D: (ULP 8.1) variable "shapes_menu" is used as a constant. Recommend declaring variable as either 'static const' or 'const'
Finished building: "../switches.c"
 
Building file: "../system.c"
Invoking: MSP430 Compiler
"D:/ccs/tools/compiler/ti-cgt-msp430_21.6.1.LTS/bin/cl430" -vmspx --use_hw_mpy=F5 --include_path="D:/ccs/ccs_base/msp430/include" --include_path="D:/ccs/Project 08/Project 08" --include_path="D:/ccs/tools/compiler/ti-cgt-msp430_21.6.1.LTS/include" --advice:power=all --advice:hw_config=all --define=__MSP430FR2355__ --define=_FRWP_ENABLE --define=_INFO_FRWP_ENABLE -g --printf_support=minimal --diag_warning=225 --diag_wrap=off --display_error_number --silicon_errata=CPU21 --silicon_errata=CPU22 --silicon_errata=CPU40 --preproc_with_compile --preproc_dependency="system.d_raw"  "../system.c"
"..\macros.h", line 144: warning #48-D: incompatible redefinition of macro "WAIT" (declared at line 17)
"..\macros.h", line 174: warning #48-D: incompatible redefinition of macro "PRESSED" (declared at line 120)
"..\macros.h", line 175: warning #48-D: incompatible redefinition of macro "RELEASED" (declared at line 121)
"..\macros.h", line 200: warning #48-D: incompatible redefinition of macro "TB0CCR0_INTERVAL" (declared at line 68)
"..\macros.h", line 201: warning #48-D: incompatible redefinition of macro "TB0CCR1_INTERVAL" (declared at line 69)
"..\macros.h", line 202: warning #48-D: incompatible redefinition of macro "TB0CCR2_INTERVAL" (declared at line 70)
Finished building: "../system.c"
 
Building file: "../timers.c"
Invoking: MSP430 Compiler
"D:/ccs/tools/compiler/ti-cgt-msp430_21.6.1.LTS/bin/cl430" -vmspx --use_hw_mpy=F5 --include_path="D:/ccs/ccs_base/msp430/include" --include_path="D:/ccs/Project 08/Project 08" --include_path="D:/ccs/tools/compiler/ti-cgt-msp430_21.6.1.LTS/include" --advice:power=all --advice:hw_config=all --define=__MSP430FR2355__ --define=_FRWP_ENABLE --define=_INFO_FRWP_ENABLE -g --printf_support=minimal --diag_warning=225 --diag_wrap=off --display_error_number --silicon_errata=CPU21 --silicon_errata=CPU22 --silicon_errata=CPU40 --preproc_with_compile --preproc_dependency="timers.d_raw"  "../timers.c"
"..\macros.h", line 144: warning #48-D: incompatible redefinition of macro "WAIT" (declared at line 17)
"..\macros.h", line 174: warning #48-D: incompatible redefinition of macro "PRESSED" (declared at line 120)
"..\macros.h", line 175: warning #48-D: incompatible redefinition of macro "RELEASED" (declared at line 121)
"..\macros.h", line 200: warning #48-D: incompatible redefinition of macro "TB0CCR0_INTERVAL" (declared at line 68)
"..\macros.h", line 201: warning #48-D: incompatible redefinition of macro "TB0CCR1_INTERVAL" (declared at line 69)
"..\macros.h", line 202: warning #48-D: incompatible redefinition of macro "TB0CCR2_INTERVAL" (declared at line 70)
Finished building: "../timers.c"
 
Building file: "../timers_move.c"
Invoking: MSP430 Compiler
"D:/ccs/tools/compiler/ti-cgt-msp430_21.6.1.LTS/bin/cl430" -vmspx --use_hw_mpy=F5 --include_path="D:/ccs/ccs_base/msp430/include" --include_path="D:/ccs/Project 08/Project 08" --include_path="D:/ccs/tools/compiler/ti-cgt-msp430_21.6.1.LTS/include" --advice:power=all --advice:hw_config=all --define=__MSP430FR2355__ --define=_FRWP_ENABLE --define=_INFO_FRWP_ENABLE -g --printf_support=minimal --diag_warning=225 --diag_wrap=off --display_error_number --silicon_errata=CPU21 --silicon_errata=CPU22 --silicon_errata=CPU40 --preproc_with_compile --preproc_dependency="timers_move.d_raw"  "../timers_move.c"
"..\macros.h", line 144: warning #48-D: incompatible redefinition of macro "WAIT" (declared at line 17)
"..\macros.h", line 174: warning #48-D: incompatible redefinition of macro "PRESSED" (declared at line 120)
"..\macros.h", line 175: warning #48-D: incompatible redefinition of macro "RELEASED" (declared at line 121)
"..\macros.h", line 200: warning #48-D: incompatible redefinition of macro "TB0CCR0_INTERVAL" (declared at line 68)
"..\macros.h", line 201: warning #48-D: incompatible redefinition of macro "TB0CCR1_INTERVAL" (declared at line 69)
"..\macros.h", line 202: warning #48-D: incompatible redefinition of macro "TB0CCR2_INTERVAL" (declared at line 70)
"../timers_move.c", line 57: warning #225-D: function "moveforward" declared implicitly
"../timers_move.c", line 61: warning #225-D: function "stopall" declared implicitly
"../timers_move.c", line 65: warning #225-D: function "movereverse" declared implicitly
"../timers_move.c", line 82: warning #225-D: function "spin_clockwise" declared implicitly
"../timers_move.c", line 90: warning #225-D: function "spin_counterclockwise" declared implicitly
Finished building: "../timers_move.c"
 
Building file: "../usci.c"
Invoking: MSP430 Compiler
"D:/ccs/tools/compiler/ti-cgt-msp430_21.6.1.LTS/bin/cl430" -vmspx --use_hw_mpy=F5 --include_path="D:/ccs/ccs_base/msp430/include" --include_path="D:/ccs/Project 08/Project 08" --include_path="D:/ccs/tools/compiler/ti-cgt-msp430_21.6.1.LTS/include" --advice:power=all --advice:hw_config=all --define=__MSP430FR2355__ --define=_FRWP_ENABLE --define=_INFO_FRWP_ENABLE -g --printf_support=minimal --diag_warning=225 --diag_wrap=off --display_error_number --silicon_errata=CPU21 --silicon_errata=CPU22 --silicon_errata=CPU40 --preproc_with_compile --preproc_dependency="usci.d_raw"  "../usci.c"
 
>> Compilation failure
subdir_rules.mk:9: recipe for target 'usci.obj' failed
"..\macros.h", line 144: warning #48-D: incompatible redefinition of macro "WAIT" (declared at line 17)
"..\macros.h", line 174: warning #48-D: incompatible redefinition of macro "PRESSED" (declared at line 120)
"..\macros.h", line 175: warning #48-D: incompatible redefinition of macro "RELEASED" (declared at line 121)
"..\macros.h", line 200: warning #48-D: incompatible redefinition of macro "TB0CCR0_INTERVAL" (declared at line 68)
"..\macros.h", line 201: warning #48-D: incompatible redefinition of macro "TB0CCR1_INTERVAL" (declared at line 69)
"..\macros.h", line 202: warning #48-D: incompatible redefinition of macro "TB0CCR2_INTERVAL" (declared at line 70)
"../usci.c", line 31: error #20: identifier "SMALL_RING_SIZE" is undefined
"../usci.c", line 37: error #20: identifier "LARGE_RING_SIZE" is undefined
2 errors detected in the compilation of "../usci.c".
gmake: *** [usci.obj] Error 1
Building file: "../wheels.c"
Invoking: MSP430 Compiler
"D:/ccs/tools/compiler/ti-cgt-msp430_21.6.1.LTS/bin/cl430" -vmspx --use_hw_mpy=F5 --include_path="D:/ccs/ccs_base/msp430/include" --include_path="D:/ccs/Project 08/Project 08" --include_path="D:/ccs/tools/compiler/ti-cgt-msp430_21.6.1.LTS/include" --advice:power=all --advice:hw_config=all --define=__MSP430FR2355__ --define=_FRWP_ENABLE --define=_INFO_FRWP_ENABLE -g --printf_support=minimal --diag_warning=225 --diag_wrap=off --display_error_number --silicon_errata=CPU21 --silicon_errata=CPU22 --silicon_errata=CPU40 --preproc_with_compile --preproc_dependency="wheels.d_raw"  "../wheels.c"
"..\macros.h", line 144: warning #48-D: incompatible redefinition of macro "WAIT" (declared at line 17)
"..\macros.h", line 174: warning #48-D: incompatible redefinition of macro "PRESSED" (declared at line 120)
"..\macros.h", line 175: warning #48-D: incompatible redefinition of macro "RELEASED" (declared at line 121)
"..\macros.h", line 200: warning #48-D: incompatible redefinition of macro "TB0CCR0_INTERVAL" (declared at line 68)
"..\macros.h", line 201: warning #48-D: incompatible redefinition of macro "TB0CCR1_INTERVAL" (declared at line 69)
"..\macros.h", line 202: warning #48-D: incompatible redefinition of macro "TB0CCR2_INTERVAL" (declared at line 70)
Finished building: "../wheels.c"
 
gmake: Target 'all' not remade because of errors.

**** Build Finished ****

**** Build of configuration Debug for project Project 08 ****

"D:\\ccs\\utils\\bin\\gmake" -k -j 16 all -O 
 
Building file: "../Display.c"
Invoking: MSP430 Compiler
"D:/ccs/tools/compiler/ti-cgt-msp430_21.6.1.LTS/bin/cl430" -vmspx --use_hw_mpy=F5 --include_path="D:/ccs/ccs_base/msp430/include" --include_path="D:/ccs/Project 08/Project 08" --include_path="D:/ccs/tools/compiler/ti-cgt-msp430_21.6.1.LTS/include" --advice:power=all --advice:hw_config=all --define=__MSP430FR2355__ --define=_FRWP_ENABLE --define=_INFO_FRWP_ENABLE -g --printf_support=minimal --diag_warning=225 --diag_wrap=off --display_error_number --silicon_errata=CPU21 --silicon_errata=CPU22 --silicon_errata=CPU40 --preproc_with_compile --preproc_dependency="Display.d_raw"  "../Display.c"
"..\macros.h", line 148: warning #48-D: incompatible redefinition of macro "WAIT" (declared at line 17)
"..\macros.h", line 178: warning #48-D: incompatible redefinition of macro "PRESSED" (declared at line 124)
"..\macros.h", line 179: warning #48-D: incompatible redefinition of macro "RELEASED" (declared at line 125)
"..\macros.h", line 204: warning #48-D: incompatible redefinition of macro "TB0CCR0_INTERVAL" (declared at line 72)
"..\macros.h", line 205: warning #48-D: incompatible redefinition of macro "TB0CCR1_INTERVAL" (declared at line 73)
"..\macros.h", line 206: warning #48-D: incompatible redefinition of macro "TB0CCR2_INTERVAL" (declared at line 74)
Finished building: "../Display.c"
 
Building file: "../adc.c"
Invoking: MSP430 Compiler
"D:/ccs/tools/compiler/ti-cgt-msp430_21.6.1.LTS/bin/cl430" -vmspx --use_hw_mpy=F5 --include_path="D:/ccs/ccs_base/msp430/include" --include_path="D:/ccs/Project 08/Project 08" --include_path="D:/ccs/tools/compiler/ti-cgt-msp430_21.6.1.LTS/include" --advice:power=all --advice:hw_config=all --define=__MSP430FR2355__ --define=_FRWP_ENABLE --define=_INFO_FRWP_ENABLE -g --printf_support=minimal --diag_warning=225 --diag_wrap=off --display_error_number --silicon_errata=CPU21 --silicon_errata=CPU22 --silicon_errata=CPU40 --preproc_with_compile --preproc_dependency="adc.d_raw"  "../adc.c"
"..\macros.h", line 148: warning #48-D: incompatible redefinition of macro "WAIT" (declared at line 17)
"..\macros.h", line 178: warning #48-D: incompatible redefinition of macro "PRESSED" (declared at line 124)
"..\macros.h", line 179: warning #48-D: incompatible redefinition of macro "RELEASED" (declared at line 125)
"..\macros.h", line 204: warning #48-D: incompatible redefinition of macro "TB0CCR0_INTERVAL" (declared at line 72)
"..\macros.h", line 205: warning #48-D: incompatible redefinition of macro "TB0CCR1_INTERVAL" (declared at line 73)
"..\macros.h", line 206: warning #48-D: incompatible redefinition of macro "TB0CCR2_INTERVAL" (declared at line 74)
Finished building: "../adc.c"
 
Building file: "../clocks.c"
Invoking: MSP430 Compiler
"D:/ccs/tools/compiler/ti-cgt-msp430_21.6.1.LTS/bin/cl430" -vmspx --use_hw_mpy=F5 --include_path="D:/ccs/ccs_base/msp430/include" --include_path="D:/ccs/Project 08/Project 08" --include_path="D:/ccs/tools/compiler/ti-cgt-msp430_21.6.1.LTS/include" --advice:power=all --advice:hw_config=all --define=__MSP430FR2355__ --define=_FRWP_ENABLE --define=_INFO_FRWP_ENABLE -g --printf_support=minimal --diag_warning=225 --diag_wrap=off --display_error_number --silicon_errata=CPU21 --silicon_errata=CPU22 --silicon_errata=CPU40 --preproc_with_compile --preproc_dependency="clocks.d_raw"  "../clocks.c"
"..\macros.h", line 148: warning #48-D: incompatible redefinition of macro "WAIT" (declared at line 17)
"..\macros.h", line 178: warning #48-D: incompatible redefinition of macro "PRESSED" (declared at line 124)
"..\macros.h", line 179: warning #48-D: incompatible redefinition of macro "RELEASED" (declared at line 125)
"..\macros.h", line 204: warning #48-D: incompatible redefinition of macro "TB0CCR0_INTERVAL" (declared at line 72)
"..\macros.h", line 205: warning #48-D: incompatible redefinition of macro "TB0CCR1_INTERVAL" (declared at line 73)
"..\macros.h", line 206: warning #48-D: incompatible redefinition of macro "TB0CCR2_INTERVAL" (declared at line 74)
"../clocks.c", line 86: remark #1527-D: (ULP 2.1) Detected SW delay loop using __delay_cycles. Recommend using a timer module instead
"../clocks.c", line 87: remark #1527-D: (ULP 2.1) Detected SW delay loop using empty loop. Recommend using a timer module instead
"../clocks.c", line 120: remark #1527-D: (ULP 2.1) Detected SW delay loop using empty loop. Recommend using a timer module instead
Finished building: "../clocks.c"
 
Building file: "../black_line.c"
Invoking: MSP430 Compiler
"D:/ccs/tools/compiler/ti-cgt-msp430_21.6.1.LTS/bin/cl430" -vmspx --use_hw_mpy=F5 --include_path="D:/ccs/ccs_base/msp430/include" --include_path="D:/ccs/Project 08/Project 08" --include_path="D:/ccs/tools/compiler/ti-cgt-msp430_21.6.1.LTS/include" --advice:power=all --advice:hw_config=all --define=__MSP430FR2355__ --define=_FRWP_ENABLE --define=_INFO_FRWP_ENABLE -g --printf_support=minimal --diag_warning=225 --diag_wrap=off --display_error_number --silicon_errata=CPU21 --silicon_errata=CPU22 --silicon_errata=CPU40 --preproc_with_compile --preproc_dependency="black_line.d_raw"  "../black_line.c"
"..\macros.h", line 148: warning #48-D: incompatible redefinition of macro "WAIT" (declared at line 17)
"..\macros.h", line 178: warning #48-D: incompatible redefinition of macro "PRESSED" (declared at line 124)
"..\macros.h", line 179: warning #48-D: incompatible redefinition of macro "RELEASED" (declared at line 125)
"..\macros.h", line 204: warning #48-D: incompatible redefinition of macro "TB0CCR0_INTERVAL" (declared at line 72)
"..\macros.h", line 205: warning #48-D: incompatible redefinition of macro "TB0CCR1_INTERVAL" (declared at line 73)
"..\macros.h", line 206: warning #48-D: incompatible redefinition of macro "TB0CCR2_INTERVAL" (declared at line 74)
"../black_line.c", line 30: warning #225-D: function "search_line" declared implicitly
"../black_line.c", line 31: warning #225-D: function "stop_on_line" declared implicitly
"../black_line.c", line 32: warning #225-D: function "reverse_to_line" declared implicitly
"../black_line.c", line 34: warning #225-D: function "stopall" declared implicitly
"../black_line.c", line 35: warning #225-D: function "strcpy" declared implicitly
"../black_line.c", line 40: warning #225-D: function "adc_line" declared implicitly
"../black_line.c", line 46: warning #161-D: declaration is incompatible with previous "search_line" (declared at line 30)
"../black_line.c", line 47: warning #225-D: function "strcpy" declared implicitly
"../black_line.c", line 54: warning #225-D: function "stopall" declared implicitly
"../black_line.c", line 56: warning #225-D: function "moveforward" declared implicitly
"../black_line.c", line 60: warning #225-D: function "moveforward" declared implicitly
"../black_line.c", line 75: warning #161-D: declaration is incompatible with previous "stop_on_line" (declared at line 31)
"../black_line.c", line 76: warning #225-D: function "stopall" declared implicitly
"../black_line.c", line 77: warning #225-D: function "strcpy" declared implicitly
"../black_line.c", line 92: warning #161-D: declaration is incompatible with previous "reverse_to_line" (declared at line 32)
"../black_line.c", line 93: warning #225-D: function "strcpy" declared implicitly
"../black_line.c", line 100: warning #225-D: function "spin_clockwise" declared implicitly
"../black_line.c", line 115: remark #1544-D: (ULP 13.1) Detected loop counting up. Recommend loops count down as detecting zeros is easier
"../black_line.c", line 116: remark #2553-D: (ULP 14.1) Array index (involving "i") of type "int". Recommend using "unsigned int"
"../black_line.c", line 138: warning #161-D: declaration is incompatible with previous "adc_line" (declared at line 40)
"../black_line.c", line 142: remark #1544-D: (ULP 13.1) Detected loop counting up. Recommend loops count down as detecting zeros is easier
"../black_line.c", line 143: remark #1545-D: (ULP 14.1) Array index of type "int". Recommend using "unsigned int"
"../black_line.c", line 143: remark #2553-D: (ULP 14.1) Array index (involving "i") of type "int". Recommend using "unsigned int"
"../black_line.c", line 173: warning #225-D: function "strcpy" declared implicitly
"../black_line.c", line 179: warning #225-D: function "strcpy" declared implicitly
"../black_line.c", line 157: remark #1544-D: (ULP 13.1) Detected loop counting up. Recommend loops count down as detecting zeros is easier
"../black_line.c", line 158: remark #2553-D: (ULP 14.1) Array index (involving "j") of type "int". Recommend using "unsigned int"
"../black_line.c", line 158: remark #2553-D: (ULP 14.1) Array index (involving "j") of type "int". Recommend using "unsigned int"
"../black_line.c", line 165: remark #1544-D: (ULP 13.1) Detected loop counting up. Recommend loops count down as detecting zeros is easier
"../black_line.c", line 166: remark #2553-D: (ULP 14.1) Array index (involving "j") of type "int". Recommend using "unsigned int"
"../black_line.c", line 166: remark #2553-D: (ULP 14.1) Array index (involving "j") of type "int". Recommend using "unsigned int"
"../black_line.c", line 157: remark #1544-D: (ULP 13.1) Detected loop counting up. Recommend loops count down as detecting zeros is easier
"../black_line.c", line 158: remark #2553-D: (ULP 14.1) Array index (involving "j") of type "int". Recommend using "unsigned int"
"../black_line.c", line 158: remark #2553-D: (ULP 14.1) Array index (involving "j") of type "int". Recommend using "unsigned int"
"../black_line.c", line 165: remark #1544-D: (ULP 13.1) Detected loop counting up. Recommend loops count down as detecting zeros is easier
"../black_line.c", line 166: remark #2553-D: (ULP 14.1) Array index (involving "j") of type "int". Recommend using "unsigned int"
"../black_line.c", line 166: remark #2553-D: (ULP 14.1) Array index (involving "j") of type "int". Recommend using "unsigned int"
Finished building: "../black_line.c"
 
Building file: "../init.c"
Invoking: MSP430 Compiler
"D:/ccs/tools/compiler/ti-cgt-msp430_21.6.1.LTS/bin/cl430" -vmspx --use_hw_mpy=F5 --include_path="D:/ccs/ccs_base/msp430/include" --include_path="D:/ccs/Project 08/Project 08" --include_path="D:/ccs/tools/compiler/ti-cgt-msp430_21.6.1.LTS/include" --advice:power=all --advice:hw_config=all --define=__MSP430FR2355__ --define=_FRWP_ENABLE --define=_INFO_FRWP_ENABLE -g --printf_support=minimal --diag_warning=225 --diag_wrap=off --display_error_number --silicon_errata=CPU21 --silicon_errata=CPU22 --silicon_errata=CPU40 --preproc_with_compile --preproc_dependency="init.d_raw"  "../init.c"
"..\macros.h", line 148: warning #48-D: incompatible redefinition of macro "WAIT" (declared at line 17)
"..\macros.h", line 178: warning #48-D: incompatible redefinition of macro "PRESSED" (declared at line 124)
"..\macros.h", line 179: warning #48-D: incompatible redefinition of macro "RELEASED" (declared at line 125)
"..\macros.h", line 204: warning #48-D: incompatible redefinition of macro "TB0CCR0_INTERVAL" (declared at line 72)
"..\macros.h", line 205: warning #48-D: incompatible redefinition of macro "TB0CCR1_INTERVAL" (declared at line 73)
"..\macros.h", line 206: warning #48-D: incompatible redefinition of macro "TB0CCR2_INTERVAL" (declared at line 74)
"../init.c", line 26: remark #1544-D: (ULP 13.1) Detected loop counting up. Recommend loops count down as detecting zeros is easier
"../init.c", line 27: remark #2553-D: (ULP 14.1) Array index (involving "i") of type "int". Recommend using "unsigned int"
"../init.c", line 28: remark #2553-D: (ULP 14.1) Array index (involving "i") of type "int". Recommend using "unsigned int"
"../init.c", line 29: remark #2553-D: (ULP 14.1) Array index (involving "i") of type "int". Recommend using "unsigned int"
"../init.c", line 30: remark #2553-D: (ULP 14.1) Array index (involving "i") of type "int". Recommend using "unsigned int"
Finished building: "../init.c"
 
Building file: "../led.c"
Invoking: MSP430 Compiler
"D:/ccs/tools/compiler/ti-cgt-msp430_21.6.1.LTS/bin/cl430" -vmspx --use_hw_mpy=F5 --include_path="D:/ccs/ccs_base/msp430/include" --include_path="D:/ccs/Project 08/Project 08" --include_path="D:/ccs/tools/compiler/ti-cgt-msp430_21.6.1.LTS/include" --advice:power=all --advice:hw_config=all --define=__MSP430FR2355__ --define=_FRWP_ENABLE --define=_INFO_FRWP_ENABLE -g --printf_support=minimal --diag_warning=225 --diag_wrap=off --display_error_number --silicon_errata=CPU21 --silicon_errata=CPU22 --silicon_errata=CPU40 --preproc_with_compile --preproc_dependency="led.d_raw"  "../led.c"
"..\macros.h", line 148: warning #48-D: incompatible redefinition of macro "WAIT" (declared at line 17)
"..\macros.h", line 178: warning #48-D: incompatible redefinition of macro "PRESSED" (declared at line 124)
"..\macros.h", line 179: warning #48-D: incompatible redefinition of macro "RELEASED" (declared at line 125)
"..\macros.h", line 204: warning #48-D: incompatible redefinition of macro "TB0CCR0_INTERVAL" (declared at line 72)
"..\macros.h", line 205: warning #48-D: incompatible redefinition of macro "TB0CCR1_INTERVAL" (declared at line 73)
"..\macros.h", line 206: warning #48-D: incompatible redefinition of macro "TB0CCR2_INTERVAL" (declared at line 74)
Finished building: "../led.c"
 
Building file: "../serial.c"
Invoking: MSP430 Compiler
"D:/ccs/tools/compiler/ti-cgt-msp430_21.6.1.LTS/bin/cl430" -vmspx --use_hw_mpy=F5 --include_path="D:/ccs/ccs_base/msp430/include" --include_path="D:/ccs/Project 08/Project 08" --include_path="D:/ccs/tools/compiler/ti-cgt-msp430_21.6.1.LTS/include" --advice:power=all --advice:hw_config=all --define=__MSP430FR2355__ --define=_FRWP_ENABLE --define=_INFO_FRWP_ENABLE -g --printf_support=minimal --diag_warning=225 --diag_wrap=off --display_error_number --silicon_errata=CPU21 --silicon_errata=CPU22 --silicon_errata=CPU40 --preproc_with_compile --preproc_dependency="serial.d_raw"  "../serial.c"
 
>> Compilation failure
subdir_rules.mk:9: recipe for target 'serial.obj' failed
"..\macros.h", line 148: warning #48-D: incompatible redefinition of macro "WAIT" (declared at line 17)
"..\macros.h", line 178: warning #48-D: incompatible redefinition of macro "PRESSED" (declared at line 124)
"..\macros.h", line 179: warning #48-D: incompatible redefinition of macro "RELEASED" (declared at line 125)
"..\macros.h", line 204: warning #48-D: incompatible redefinition of macro "TB0CCR0_INTERVAL" (declared at line 72)
"..\macros.h", line 205: warning #48-D: incompatible redefinition of macro "TB0CCR1_INTERVAL" (declared at line 73)
"..\macros.h", line 206: warning #48-D: incompatible redefinition of macro "TB0CCR2_INTERVAL" (declared at line 74)
"../serial.c", line 18: error #148: declaration is incompatible with "void update_string(char *, int)" (declared at line 6 of "..\LCD.h")
"../serial.c", line 68: warning #169-D: argument of type "volatile char *" is incompatible with parameter of type "const char *__restrict__"
"../serial.c", line 75: remark #1528-D: (ULP 3.1) Detected flag polling using UCA0IFG. Recommend using an interrupt combined with enter LPMx and ISR
"../serial.c", line 74: remark #1544-D: (ULP 13.1) Detected loop counting up. Recommend loops count down as detecting zeros is easier
"../serial.c", line 93: warning #169-D: argument of type "volatile char *" is incompatible with parameter of type "const char *__restrict__"
1 error detected in the compilation of "../serial.c".
gmake: *** [serial.obj] Error 1
Building file: "../main.c"
Invoking: MSP430 Compiler
"D:/ccs/tools/compiler/ti-cgt-msp430_21.6.1.LTS/bin/cl430" -vmspx --use_hw_mpy=F5 --include_path="D:/ccs/ccs_base/msp430/include" --include_path="D:/ccs/Project 08/Project 08" --include_path="D:/ccs/tools/compiler/ti-cgt-msp430_21.6.1.LTS/include" --advice:power=all --advice:hw_config=all --define=__MSP430FR2355__ --define=_FRWP_ENABLE --define=_INFO_FRWP_ENABLE -g --printf_support=minimal --diag_warning=225 --diag_wrap=off --display_error_number --silicon_errata=CPU21 --silicon_errata=CPU22 --silicon_errata=CPU40 --preproc_with_compile --preproc_dependency="main.d_raw"  "../main.c"
"..\macros.h", line 148: warning #48-D: incompatible redefinition of macro "WAIT" (declared at line 17)
"..\macros.h", line 178: warning #48-D: incompatible redefinition of macro "PRESSED" (declared at line 124)
"..\macros.h", line 179: warning #48-D: incompatible redefinition of macro "RELEASED" (declared at line 125)
"..\macros.h", line 204: warning #48-D: incompatible redefinition of macro "TB0CCR0_INTERVAL" (declared at line 72)
"..\macros.h", line 205: warning #48-D: incompatible redefinition of macro "TB0CCR1_INTERVAL" (declared at line 73)
"..\macros.h", line 206: warning #48-D: incompatible redefinition of macro "TB0CCR2_INTERVAL" (declared at line 74)
"../main.c", line 46: remark #1535-D: (ULP 8.1) variable "wheel_move" is used as a constant. Recommend declaring variable as either 'static const' or 'const'
"../main.c", line 47: remark #1535-D: (ULP 8.1) variable "forward" is used as a constant. Recommend declaring variable as either 'static const' or 'const'
"../main.c", line 48: remark #1535-D: (ULP 8.1) variable "event" is used as a constant. Recommend declaring variable as either 'static const' or 'const'
Finished building: "../main.c"
 
Building file: "../ports.c"
Invoking: MSP430 Compiler
"D:/ccs/tools/compiler/ti-cgt-msp430_21.6.1.LTS/bin/cl430" -vmspx --use_hw_mpy=F5 --include_path="D:/ccs/ccs_base/msp430/include" --include_path="D:/ccs/Project 08/Project 08" --include_path="D:/ccs/tools/compiler/ti-cgt-msp430_21.6.1.LTS/include" --advice:power=all --advice:hw_config=all --define=__MSP430FR2355__ --define=_FRWP_ENABLE --define=_INFO_FRWP_ENABLE -g --printf_support=minimal --diag_warning=225 --diag_wrap=off --display_error_number --silicon_errata=CPU21 --silicon_errata=CPU22 --silicon_errata=CPU40 --preproc_with_compile --preproc_dependency="ports.d_raw"  "../ports.c"
"..\macros.h", line 148: warning #48-D: incompatible redefinition of macro "WAIT" (declared at line 17)
"..\macros.h", line 178: warning #48-D: incompatible redefinition of macro "PRESSED" (declared at line 124)
"..\macros.h", line 179: warning #48-D: incompatible redefinition of macro "RELEASED" (declared at line 125)
"..\macros.h", line 204: warning #48-D: incompatible redefinition of macro "TB0CCR0_INTERVAL" (declared at line 72)
"..\macros.h", line 205: warning #48-D: incompatible redefinition of macro "TB0CCR1_INTERVAL" (declared at line 73)
"..\macros.h", line 206: warning #48-D: incompatible redefinition of macro "TB0CCR2_INTERVAL" (declared at line 74)
"../ports.c", line 16: warning #225-D: function "Init_Port_1" declared implicitly
"../ports.c", line 17: warning #225-D: function "Init_Port_2" declared implicitly
"../ports.c", line 18: warning #225-D: function "Init_Port_3" declared implicitly
"../ports.c", line 19: warning #225-D: function "Init_Port_4" declared implicitly
"../ports.c", line 20: warning #225-D: function "Init_Port_5" declared implicitly
"../ports.c", line 21: warning #225-D: function "Init_Port_6" declared implicitly
"../ports.c", line 24: warning #161-D: declaration is incompatible with previous "Init_Port_1" (declared at line 16)
"../ports.c", line 71: warning #161-D: declaration is incompatible with previous "Init_Port_2" (declared at line 17)
"../ports.c", line 107: warning #161-D: declaration is incompatible with previous "Init_Port_3" (declared at line 18)
"../ports.c", line 145: warning #161-D: declaration is incompatible with previous "Init_Port_4" (declared at line 19)
"../ports.c", line 174: warning #161-D: declaration is incompatible with previous "Init_Port_5" (declared at line 20)
"../ports.c", line 206: warning #161-D: declaration is incompatible with previous "Init_Port_6" (declared at line 21)
Finished building: "../ports.c"
 
Building file: "../states.c"
Invoking: MSP430 Compiler
"D:/ccs/tools/compiler/ti-cgt-msp430_21.6.1.LTS/bin/cl430" -vmspx --use_hw_mpy=F5 --include_path="D:/ccs/ccs_base/msp430/include" --include_path="D:/ccs/Project 08/Project 08" --include_path="D:/ccs/tools/compiler/ti-cgt-msp430_21.6.1.LTS/include" --advice:power=all --advice:hw_config=all --define=__MSP430FR2355__ --define=_FRWP_ENABLE --define=_INFO_FRWP_ENABLE -g --printf_support=minimal --diag_warning=225 --diag_wrap=off --display_error_number --silicon_errata=CPU21 --silicon_errata=CPU22 --silicon_errata=CPU40 --preproc_with_compile --preproc_dependency="states.d_raw"  "../states.c"
"..\macros.h", line 148: warning #48-D: incompatible redefinition of macro "WAIT" (declared at line 17)
"..\macros.h", line 178: warning #48-D: incompatible redefinition of macro "PRESSED" (declared at line 124)
"..\macros.h", line 179: warning #48-D: incompatible redefinition of macro "RELEASED" (declared at line 125)
"..\macros.h", line 204: warning #48-D: incompatible redefinition of macro "TB0CCR0_INTERVAL" (declared at line 72)
"..\macros.h", line 205: warning #48-D: incompatible redefinition of macro "TB0CCR1_INTERVAL" (declared at line 73)
"..\macros.h", line 206: warning #48-D: incompatible redefinition of macro "TB0CCR2_INTERVAL" (declared at line 74)
"../states.c", line 35: warning #225-D: function "wait_case" declared implicitly
"../states.c", line 38: warning #225-D: function "start_case" declared implicitly
"../states.c", line 41: warning #225-D: function "run_case" declared implicitly
"../states.c", line 44: warning #225-D: function "end_case" declared implicitly
"../states.c", line 50: warning #161-D: declaration is incompatible with previous "start_case" (declared at line 38)
"../states.c", line 54: warning #225-D: function "moveforward" declared implicitly
"../states.c", line 59: warning #161-D: declaration is incompatible with previous "run_case" (declared at line 41)
"../states.c", line 74: warning #225-D: function "moveforward" declared implicitly
"../states.c", line 85: warning #225-D: function "wait_case" declared implicitly
"../states.c", line 86: warning #225-D: function "start_case_circle" declared implicitly
"../states.c", line 87: warning #225-D: function "run_case_circle" declared implicitly
"../states.c", line 88: warning #225-D: function "end_case" declared implicitly
"../states.c", line 93: warning #161-D: declaration is incompatible with previous "wait_case" (declared at line 35)
"../states.c", line 103: warning #161-D: declaration is incompatible with previous "start_case_circle" (declared at line 86)
"../states.c", line 107: warning #225-D: function "moveforward" declared implicitly
"../states.c", line 112: warning #161-D: declaration is incompatible with previous "run_case_circle" (declared at line 87)
"../states.c", line 133: warning #225-D: function "moveforward" declared implicitly
"../states.c", line 141: warning #161-D: declaration is incompatible with previous "end_case" (declared at line 44)
"../states.c", line 142: warning #225-D: function "stopall" declared implicitly
"../states.c", line 151: warning #225-D: function "start_case_triangle" declared implicitly
"../states.c", line 152: warning #225-D: function "run_case_triangle" declared implicitly
"../states.c", line 158: warning #161-D: declaration is incompatible with previous "start_case_triangle" (declared at line 151)
"../states.c", line 162: warning #225-D: function "moveforward" declared implicitly
"../states.c", line 169: warning #161-D: declaration is incompatible with previous "run_case_triangle" (declared at line 152)
"../states.c", line 192: warning #225-D: function "moveforward" declared implicitly
"../states.c", line 203: warning #188-D: pointless comparison of unsigned integer with zero
"../states.c", line 217: warning #225-D: function "moveforward" declared implicitly
"../states.c", line 238: warning #225-D: function "start_case_figure8" declared implicitly
"../states.c", line 239: warning #225-D: function "run_case_figure8" declared implicitly
"../states.c", line 246: warning #161-D: declaration is incompatible with previous "start_case_figure8" (declared at line 238)
"../states.c", line 250: warning #225-D: function "moveforward" declared implicitly
"../states.c", line 258: warning #161-D: declaration is incompatible with previous "run_case_figure8" (declared at line 239)
"../states.c", line 289: warning #225-D: function "moveforward" declared implicitly
"../states.c", line 300: warning #225-D: function "moveforward" declared implicitly
"../states.c", line 24: remark #1535-D: (ULP 8.1) variable "event" is used as a constant. Recommend declaring variable as either 'static const' or 'const'
Finished building: "../states.c"
 
Building file: "../switches.c"
Invoking: MSP430 Compiler
"D:/ccs/tools/compiler/ti-cgt-msp430_21.6.1.LTS/bin/cl430" -vmspx --use_hw_mpy=F5 --include_path="D:/ccs/ccs_base/msp430/include" --include_path="D:/ccs/Project 08/Project 08" --include_path="D:/ccs/tools/compiler/ti-cgt-msp430_21.6.1.LTS/include" --advice:power=all --advice:hw_config=all --define=__MSP430FR2355__ --define=_FRWP_ENABLE --define=_INFO_FRWP_ENABLE -g --printf_support=minimal --diag_warning=225 --diag_wrap=off --display_error_number --silicon_errata=CPU21 --silicon_errata=CPU22 --silicon_errata=CPU40 --preproc_with_compile --preproc_dependency="switches.d_raw"  "../switches.c"
"..\macros.h", line 148: warning #48-D: incompatible redefinition of macro "WAIT" (declared at line 17)
"..\macros.h", line 178: warning #48-D: incompatible redefinition of macro "PRESSED" (declared at line 124)
"..\macros.h", line 179: warning #48-D: incompatible redefinition of macro "RELEASED" (declared at line 125)
"..\macros.h", line 204: warning #48-D: incompatible redefinition of macro "TB0CCR0_INTERVAL" (declared at line 72)
"..\macros.h", line 205: warning #48-D: incompatible redefinition of macro "TB0CCR1_INTERVAL" (declared at line 73)
"..\macros.h", line 206: warning #48-D: incompatible redefinition of macro "TB0CCR2_INTERVAL" (declared at line 74)
"../switches.c", line 30: remark #1535-D: (ULP 8.1) variable "shapes_menu" is used as a constant. Recommend declaring variable as either 'static const' or 'const'
Finished building: "../switches.c"
 
Building file: "../system.c"
Invoking: MSP430 Compiler
"D:/ccs/tools/compiler/ti-cgt-msp430_21.6.1.LTS/bin/cl430" -vmspx --use_hw_mpy=F5 --include_path="D:/ccs/ccs_base/msp430/include" --include_path="D:/ccs/Project 08/Project 08" --include_path="D:/ccs/tools/compiler/ti-cgt-msp430_21.6.1.LTS/include" --advice:power=all --advice:hw_config=all --define=__MSP430FR2355__ --define=_FRWP_ENABLE --define=_INFO_FRWP_ENABLE -g --printf_support=minimal --diag_warning=225 --diag_wrap=off --display_error_number --silicon_errata=CPU21 --silicon_errata=CPU22 --silicon_errata=CPU40 --preproc_with_compile --preproc_dependency="system.d_raw"  "../system.c"
"..\macros.h", line 148: warning #48-D: incompatible redefinition of macro "WAIT" (declared at line 17)
"..\macros.h", line 178: warning #48-D: incompatible redefinition of macro "PRESSED" (declared at line 124)
"..\macros.h", line 179: warning #48-D: incompatible redefinition of macro "RELEASED" (declared at line 125)
"..\macros.h", line 204: warning #48-D: incompatible redefinition of macro "TB0CCR0_INTERVAL" (declared at line 72)
"..\macros.h", line 205: warning #48-D: incompatible redefinition of macro "TB0CCR1_INTERVAL" (declared at line 73)
"..\macros.h", line 206: warning #48-D: incompatible redefinition of macro "TB0CCR2_INTERVAL" (declared at line 74)
Finished building: "../system.c"
 
Building file: "../timers.c"
Invoking: MSP430 Compiler
"D:/ccs/tools/compiler/ti-cgt-msp430_21.6.1.LTS/bin/cl430" -vmspx --use_hw_mpy=F5 --include_path="D:/ccs/ccs_base/msp430/include" --include_path="D:/ccs/Project 08/Project 08" --include_path="D:/ccs/tools/compiler/ti-cgt-msp430_21.6.1.LTS/include" --advice:power=all --advice:hw_config=all --define=__MSP430FR2355__ --define=_FRWP_ENABLE --define=_INFO_FRWP_ENABLE -g --printf_support=minimal --diag_warning=225 --diag_wrap=off --display_error_number --silicon_errata=CPU21 --silicon_errata=CPU22 --silicon_errata=CPU40 --preproc_with_compile --preproc_dependency="timers.d_raw"  "../timers.c"
"..\macros.h", line 148: warning #48-D: incompatible redefinition of macro "WAIT" (declared at line 17)
"..\macros.h", line 178: warning #48-D: incompatible redefinition of macro "PRESSED" (declared at line 124)
"..\macros.h", line 179: warning #48-D: incompatible redefinition of macro "RELEASED" (declared at line 125)
"..\macros.h", line 204: warning #48-D: incompatible redefinition of macro "TB0CCR0_INTERVAL" (declared at line 72)
"..\macros.h", line 205: warning #48-D: incompatible redefinition of macro "TB0CCR1_INTERVAL" (declared at line 73)
"..\macros.h", line 206: warning #48-D: incompatible redefinition of macro "TB0CCR2_INTERVAL" (declared at line 74)
Finished building: "../timers.c"
 
Building file: "../timers_move.c"
Invoking: MSP430 Compiler
"D:/ccs/tools/compiler/ti-cgt-msp430_21.6.1.LTS/bin/cl430" -vmspx --use_hw_mpy=F5 --include_path="D:/ccs/ccs_base/msp430/include" --include_path="D:/ccs/Project 08/Project 08" --include_path="D:/ccs/tools/compiler/ti-cgt-msp430_21.6.1.LTS/include" --advice:power=all --advice:hw_config=all --define=__MSP430FR2355__ --define=_FRWP_ENABLE --define=_INFO_FRWP_ENABLE -g --printf_support=minimal --diag_warning=225 --diag_wrap=off --display_error_number --silicon_errata=CPU21 --silicon_errata=CPU22 --silicon_errata=CPU40 --preproc_with_compile --preproc_dependency="timers_move.d_raw"  "../timers_move.c"
"..\macros.h", line 148: warning #48-D: incompatible redefinition of macro "WAIT" (declared at line 17)
"..\macros.h", line 178: warning #48-D: incompatible redefinition of macro "PRESSED" (declared at line 124)
"..\macros.h", line 179: warning #48-D: incompatible redefinition of macro "RELEASED" (declared at line 125)
"..\macros.h", line 204: warning #48-D: incompatible redefinition of macro "TB0CCR0_INTERVAL" (declared at line 72)
"..\macros.h", line 205: warning #48-D: incompatible redefinition of macro "TB0CCR1_INTERVAL" (declared at line 73)
"..\macros.h", line 206: warning #48-D: incompatible redefinition of macro "TB0CCR2_INTERVAL" (declared at line 74)
"../timers_move.c", line 57: warning #225-D: function "moveforward" declared implicitly
"../timers_move.c", line 61: warning #225-D: function "stopall" declared implicitly
"../timers_move.c", line 65: warning #225-D: function "movereverse" declared implicitly
"../timers_move.c", line 82: warning #225-D: function "spin_clockwise" declared implicitly
"../timers_move.c", line 90: warning #225-D: function "spin_counterclockwise" declared implicitly
Finished building: "../timers_move.c"
 
Building file: "../usci.c"
Invoking: MSP430 Compiler
"D:/ccs/tools/compiler/ti-cgt-msp430_21.6.1.LTS/bin/cl430" -vmspx --use_hw_mpy=F5 --include_path="D:/ccs/ccs_base/msp430/include" --include_path="D:/ccs/Project 08/Project 08" --include_path="D:/ccs/tools/compiler/ti-cgt-msp430_21.6.1.LTS/include" --advice:power=all --advice:hw_config=all --define=__MSP430FR2355__ --define=_FRWP_ENABLE --define=_INFO_FRWP_ENABLE -g --printf_support=minimal --diag_warning=225 --diag_wrap=off --display_error_number --silicon_errata=CPU21 --silicon_errata=CPU22 --silicon_errata=CPU40 --preproc_with_compile --preproc_dependency="usci.d_raw"  "../usci.c"
"..\macros.h", line 148: warning #48-D: incompatible redefinition of macro "WAIT" (declared at line 17)
"..\macros.h", line 178: warning #48-D: incompatible redefinition of macro "PRESSED" (declared at line 124)
"..\macros.h", line 179: warning #48-D: incompatible redefinition of macro "RELEASED" (declared at line 125)
"..\macros.h", line 204: warning #48-D: incompatible redefinition of macro "TB0CCR0_INTERVAL" (declared at line 72)
"..\macros.h", line 205: warning #48-D: incompatible redefinition of macro "TB0CCR1_INTERVAL" (declared at line 73)
"..\macros.h", line 206: warning #48-D: incompatible redefinition of macro "TB0CCR2_INTERVAL" (declared at line 74)
Finished building: "../usci.c"
 
Building file: "../wheels.c"
Invoking: MSP430 Compiler
"D:/ccs/tools/compiler/ti-cgt-msp430_21.6.1.LTS/bin/cl430" -vmspx --use_hw_mpy=F5 --include_path="D:/ccs/ccs_base/msp430/include" --include_path="D:/ccs/Project 08/Project 08" --include_path="D:/ccs/tools/compiler/ti-cgt-msp430_21.6.1.LTS/include" --advice:power=all --advice:hw_config=all --define=__MSP430FR2355__ --define=_FRWP_ENABLE --define=_INFO_FRWP_ENABLE -g --printf_support=minimal --diag_warning=225 --diag_wrap=off --display_error_number --silicon_errata=CPU21 --silicon_errata=CPU22 --silicon_errata=CPU40 --preproc_with_compile --preproc_dependency="wheels.d_raw"  "../wheels.c"
"..\macros.h", line 148: warning #48-D: incompatible redefinition of macro "WAIT" (declared at line 17)
"..\macros.h", line 178: warning #48-D: incompatible redefinition of macro "PRESSED" (declared at line 124)
"..\macros.h", line 179: warning #48-D: incompatible redefinition of macro "RELEASED" (declared at line 125)
"..\macros.h", line 204: warning #48-D: incompatible redefinition of macro "TB0CCR0_INTERVAL" (declared at line 72)
"..\macros.h", line 205: warning #48-D: incompatible redefinition of macro "TB0CCR1_INTERVAL" (declared at line 73)
"..\macros.h", line 206: warning #48-D: incompatible redefinition of macro "TB0CCR2_INTERVAL" (declared at line 74)
Finished building: "../wheels.c"
 
gmake: Target 'all' not remade because of errors.

**** Build Finished ****

**** Build of configuration Debug for project Project 08 ****

"D:\\ccs\\utils\\bin\\gmake" -k -j 16 all -O 
 
Building file: "../serial.c"
Invoking: MSP430 Compiler
"D:/ccs/tools/compiler/ti-cgt-msp430_21.6.1.LTS/bin/cl430" -vmspx --use_hw_mpy=F5 --include_path="D:/ccs/ccs_base/msp430/include" --include_path="D:/ccs/Project 08/Project 08" --include_path="D:/ccs/tools/compiler/ti-cgt-msp430_21.6.1.LTS/include" --advice:power=all --advice:hw_config=all --define=__MSP430FR2355__ --define=_FRWP_ENABLE --define=_INFO_FRWP_ENABLE -g --printf_support=minimal --diag_warning=225 --diag_wrap=off --display_error_number --silicon_errata=CPU21 --silicon_errata=CPU22 --silicon_errata=CPU40 --preproc_with_compile --preproc_dependency="serial.d_raw"  "../serial.c"
"..\macros.h", line 148: warning #48-D: incompatible redefinition of macro "WAIT" (declared at line 17)
"..\macros.h", line 178: warning #48-D: incompatible redefinition of macro "PRESSED" (declared at line 124)
"..\macros.h", line 179: warning #48-D: incompatible redefinition of macro "RELEASED" (declared at line 125)
"..\macros.h", line 204: warning #48-D: incompatible redefinition of macro "TB0CCR0_INTERVAL" (declared at line 72)
"..\macros.h", line 205: warning #48-D: incompatible redefinition of macro "TB0CCR1_INTERVAL" (declared at line 73)
"..\macros.h", line 206: warning #48-D: incompatible redefinition of macro "TB0CCR2_INTERVAL" (declared at line 74)
"../serial.c", line 69: warning #169-D: argument of type "volatile char *" is incompatible with parameter of type "const char *__restrict__"
"../serial.c", line 76: remark #1528-D: (ULP 3.1) Detected flag polling using UCA0IFG. Recommend using an interrupt combined with enter LPMx and ISR
"../serial.c", line 75: remark #1544-D: (ULP 13.1) Detected loop counting up. Recommend loops count down as detecting zeros is easier
"../serial.c", line 94: warning #169-D: argument of type "volatile char *" is incompatible with parameter of type "const char *__restrict__"
Finished building: "../serial.c"
 
Building target: "Project 08.out"
Invoking: MSP430 Linker
"D:/ccs/tools/compiler/ti-cgt-msp430_21.6.1.LTS/bin/cl430" -vmspx --use_hw_mpy=F5 --advice:power=all --advice:hw_config=all --define=__MSP430FR2355__ --define=_FRWP_ENABLE --define=_INFO_FRWP_ENABLE -g --printf_support=minimal --diag_warning=225 --diag_wrap=off --display_error_number --silicon_errata=CPU21 --silicon_errata=CPU22 --silicon_errata=CPU40 -z -m"Project 08.map" --heap_size=160 --stack_size=160 --cinit_hold_wdt=on -i"D:/ccs/ccs_base/msp430/include" -i"D:/ccs/ccs_base/msp430/lib/FR2xx" -i"D:/ccs/tools/compiler/ti-cgt-msp430_21.6.1.LTS/lib" -i"D:/ccs/tools/compiler/ti-cgt-msp430_21.6.1.LTS/include" --priority --reread_libs --define=_FRWP_ENABLE --define=_INFO_FRWP_ENABLE --diag_wrap=off --display_error_number --warn_sections --xml_link_info="Project 08_linkInfo.xml" --use_hw_mpy=F5 --rom_model -o "Project 08.out" "./Display.obj" "./adc.obj" "./black_line.obj" "./clocks.obj" "./init.obj" "./led.obj" "./main.obj" "./ports.obj" "./serial.obj" "./states.obj" "./switches.obj" "./system.obj" "./timers.obj" "./timers_move.obj" "./usci.obj" "./wheels.obj" "../Compiled/LCD.obj" "../lnk_msp430fr2355.cmd"  -lfrwp_init.a -llibc.a 
<Linking>
remark #10372-D: (ULP 4.1) Detected uninitialized Port A in this project. Recommend initializing all unused ports to eliminate wasted current consumption on unused pins.
error #10056: symbol "__TI_int33" redefined: first defined in "./serial.obj"; redefined in "./usci.obj"
remark #10372-D: (ULP 4.1) Detected uninitialized Port B in this project. Recommend initializing all unused ports to eliminate wasted current consumption on unused pins.
remark #10372-D: (ULP 4.1) Detected uninitialized Port C in this project. Recommend initializing all unused ports to eliminate wasted current consumption on unused pins.
remark #10422-D: (ULP 6.2) Detected use of a device with available 32-bit hardware multiplier and not also using MSPMATHLIB library (libmath.a).  Recommend using MSPMATHLIB library (libmath.a) for improved performance.
 
>> Compilation failure
makefile:154: recipe for target 'Project 08.out' failed
error #10010: errors encountered during linking; "Project 08.out" not built
gmake[1]: *** [Project 08.out] Error 1
makefile:150: recipe for target 'all' failed
gmake: *** [all] Error 2

**** Build Finished ****

**** Build of configuration Debug for project Project 08 ****

"D:\\ccs\\utils\\bin\\gmake" -k -j 16 all -O 
 
Building file: "../usci.c"
Invoking: MSP430 Compiler
"D:/ccs/tools/compiler/ti-cgt-msp430_21.6.1.LTS/bin/cl430" -vmspx --use_hw_mpy=F5 --include_path="D:/ccs/ccs_base/msp430/include" --include_path="D:/ccs/Project 08/Project 08" --include_path="D:/ccs/tools/compiler/ti-cgt-msp430_21.6.1.LTS/include" --advice:power=all --advice:hw_config=all --define=__MSP430FR2355__ --define=_FRWP_ENABLE --define=_INFO_FRWP_ENABLE -g --printf_support=minimal --diag_warning=225 --diag_wrap=off --display_error_number --silicon_errata=CPU21 --silicon_errata=CPU22 --silicon_errata=CPU40 --preproc_with_compile --preproc_dependency="usci.d_raw"  "../usci.c"
"..\macros.h", line 148: warning #48-D: incompatible redefinition of macro "WAIT" (declared at line 17)
"..\macros.h", line 178: warning #48-D: incompatible redefinition of macro "PRESSED" (declared at line 124)
"..\macros.h", line 179: warning #48-D: incompatible redefinition of macro "RELEASED" (declared at line 125)
"..\macros.h", line 204: warning #48-D: incompatible redefinition of macro "TB0CCR0_INTERVAL" (declared at line 72)
"..\macros.h", line 205: warning #48-D: incompatible redefinition of macro "TB0CCR1_INTERVAL" (declared at line 73)
"..\macros.h", line 206: warning #48-D: incompatible redefinition of macro "TB0CCR2_INTERVAL" (declared at line 74)
Finished building: "../usci.c"
 
Building target: "Project 08.out"
Invoking: MSP430 Linker
"D:/ccs/tools/compiler/ti-cgt-msp430_21.6.1.LTS/bin/cl430" -vmspx --use_hw_mpy=F5 --advice:power=all --advice:hw_config=all --define=__MSP430FR2355__ --define=_FRWP_ENABLE --define=_INFO_FRWP_ENABLE -g --printf_support=minimal --diag_warning=225 --diag_wrap=off --display_error_number --silicon_errata=CPU21 --silicon_errata=CPU22 --silicon_errata=CPU40 -z -m"Project 08.map" --heap_size=160 --stack_size=160 --cinit_hold_wdt=on -i"D:/ccs/ccs_base/msp430/include" -i"D:/ccs/ccs_base/msp430/lib/FR2xx" -i"D:/ccs/tools/compiler/ti-cgt-msp430_21.6.1.LTS/lib" -i"D:/ccs/tools/compiler/ti-cgt-msp430_21.6.1.LTS/include" --priority --reread_libs --define=_FRWP_ENABLE --define=_INFO_FRWP_ENABLE --diag_wrap=off --display_error_number --warn_sections --xml_link_info="Project 08_linkInfo.xml" --use_hw_mpy=F5 --rom_model -o "Project 08.out" "./Display.obj" "./adc.obj" "./black_line.obj" "./clocks.obj" "./init.obj" "./led.obj" "./main.obj" "./ports.obj" "./serial.obj" "./states.obj" "./switches.obj" "./system.obj" "./timers.obj" "./timers_move.obj" "./usci.obj" "./wheels.obj" "../Compiled/LCD.obj" "../lnk_msp430fr2355.cmd"  -lfrwp_init.a -llibc.a 
<Linking>
remark #10372-D: (ULP 4.1) Detected uninitialized Port A in this project. Recommend initializing all unused ports to eliminate wasted current consumption on unused pins.
remark #10372-D: (ULP 4.1) Detected uninitialized Port B in this project. Recommend initializing all unused ports to eliminate wasted current consumption on unused pins.
remark #10372-D: (ULP 4.1) Detected uninitialized Port C in this project. Recommend initializing all unused ports to eliminate wasted current consumption on unused pins.
remark #10422-D: (ULP 6.2) Detected use of a device with available 32-bit hardware multiplier and not also using MSPMATHLIB library (libmath.a).  Recommend using MSPMATHLIB library (libmath.a) for improved performance.
Finished building target: "Project 08.out"
 

**** Build Finished ****

**** Build of configuration Debug for project Project 08 ****

"D:\\ccs\\utils\\bin\\gmake" -k -j 16 all -O 
 
gmake[1]: 'Project 08.out' is up to date.

**** Build Finished ****

**** Build of configuration Debug for project Project 08 ****

"D:\\ccs\\utils\\bin\\gmake" -k -j 16 all -O 
 
Building file: "../serial.c"
Invoking: MSP430 Compiler
"D:/ccs/tools/compiler/ti-cgt-msp430_21.6.1.LTS/bin/cl430" -vmspx --use_hw_mpy=F5 --include_path="D:/ccs/ccs_base/msp430/include" --include_path="D:/ccs/Project 08/Project 08" --include_path="D:/ccs/tools/compiler/ti-cgt-msp430_21.6.1.LTS/include" --advice:power=all --advice:hw_config=all --define=__MSP430FR2355__ --define=_FRWP_ENABLE --define=_INFO_FRWP_ENABLE -g --printf_support=minimal --diag_warning=225 --diag_wrap=off --display_error_number --silicon_errata=CPU21 --silicon_errata=CPU22 --silicon_errata=CPU40 --preproc_with_compile --preproc_dependency="serial.d_raw"  "../serial.c"
"..\macros.h", line 148: warning #48-D: incompatible redefinition of macro "WAIT" (declared at line 17)
"..\macros.h", line 178: warning #48-D: incompatible redefinition of macro "PRESSED" (declared at line 124)
"..\macros.h", line 179: warning #48-D: incompatible redefinition of macro "RELEASED" (declared at line 125)
"..\macros.h", line 204: warning #48-D: incompatible redefinition of macro "TB0CCR0_INTERVAL" (declared at line 72)
"..\macros.h", line 205: warning #48-D: incompatible redefinition of macro "TB0CCR1_INTERVAL" (declared at line 73)
"..\macros.h", line 206: warning #48-D: incompatible redefinition of macro "TB0CCR2_INTERVAL" (declared at line 74)
"../serial.c", line 69: warning #169-D: argument of type "volatile char *" is incompatible with parameter of type "const char *__restrict__"
"../serial.c", line 76: remark #1528-D: (ULP 3.1) Detected flag polling using UCA0IFG. Recommend using an interrupt combined with enter LPMx and ISR
"../serial.c", line 75: remark #1544-D: (ULP 13.1) Detected loop counting up. Recommend loops count down as detecting zeros is easier
"../serial.c", line 94: warning #169-D: argument of type "volatile char *" is incompatible with parameter of type "const char *__restrict__"
Finished building: "../serial.c"
 
Building file: "../ports.c"
Invoking: MSP430 Compiler
"D:/ccs/tools/compiler/ti-cgt-msp430_21.6.1.LTS/bin/cl430" -vmspx --use_hw_mpy=F5 --include_path="D:/ccs/ccs_base/msp430/include" --include_path="D:/ccs/Project 08/Project 08" --include_path="D:/ccs/tools/compiler/ti-cgt-msp430_21.6.1.LTS/include" --advice:power=all --advice:hw_config=all --define=__MSP430FR2355__ --define=_FRWP_ENABLE --define=_INFO_FRWP_ENABLE -g --printf_support=minimal --diag_warning=225 --diag_wrap=off --display_error_number --silicon_errata=CPU21 --silicon_errata=CPU22 --silicon_errata=CPU40 --preproc_with_compile --preproc_dependency="ports.d_raw"  "../ports.c"
"..\macros.h", line 148: warning #48-D: incompatible redefinition of macro "WAIT" (declared at line 17)
"..\macros.h", line 178: warning #48-D: incompatible redefinition of macro "PRESSED" (declared at line 124)
"..\macros.h", line 179: warning #48-D: incompatible redefinition of macro "RELEASED" (declared at line 125)
"..\macros.h", line 204: warning #48-D: incompatible redefinition of macro "TB0CCR0_INTERVAL" (declared at line 72)
"..\macros.h", line 205: warning #48-D: incompatible redefinition of macro "TB0CCR1_INTERVAL" (declared at line 73)
"..\macros.h", line 206: warning #48-D: incompatible redefinition of macro "TB0CCR2_INTERVAL" (declared at line 74)
"../ports.c", line 16: warning #225-D: function "Init_Port_1" declared implicitly
"../ports.c", line 17: warning #225-D: function "Init_Port_2" declared implicitly
"../ports.c", line 18: warning #225-D: function "Init_Port_3" declared implicitly
"../ports.c", line 19: warning #225-D: function "Init_Port_4" declared implicitly
"../ports.c", line 20: warning #225-D: function "Init_Port_5" declared implicitly
"../ports.c", line 21: warning #225-D: function "Init_Port_6" declared implicitly
"../ports.c", line 24: warning #161-D: declaration is incompatible with previous "Init_Port_1" (declared at line 16)
"../ports.c", line 72: warning #161-D: declaration is incompatible with previous "Init_Port_2" (declared at line 17)
"../ports.c", line 108: warning #161-D: declaration is incompatible with previous "Init_Port_3" (declared at line 18)
"../ports.c", line 146: warning #161-D: declaration is incompatible with previous "Init_Port_4" (declared at line 19)
"../ports.c", line 175: warning #161-D: declaration is incompatible with previous "Init_Port_5" (declared at line 20)
"../ports.c", line 207: warning #161-D: declaration is incompatible with previous "Init_Port_6" (declared at line 21)
Finished building: "../ports.c"
 
Building target: "Project 08.out"
Invoking: MSP430 Linker
"D:/ccs/tools/compiler/ti-cgt-msp430_21.6.1.LTS/bin/cl430" -vmspx --use_hw_mpy=F5 --advice:power=all --advice:hw_config=all --define=__MSP430FR2355__ --define=_FRWP_ENABLE --define=_INFO_FRWP_ENABLE -g --printf_support=minimal --diag_warning=225 --diag_wrap=off --display_error_number --silicon_errata=CPU21 --silicon_errata=CPU22 --silicon_errata=CPU40 -z -m"Project 08.map" --heap_size=160 --stack_size=160 --cinit_hold_wdt=on -i"D:/ccs/ccs_base/msp430/include" -i"D:/ccs/ccs_base/msp430/lib/FR2xx" -i"D:/ccs/tools/compiler/ti-cgt-msp430_21.6.1.LTS/lib" -i"D:/ccs/tools/compiler/ti-cgt-msp430_21.6.1.LTS/include" --priority --reread_libs --define=_FRWP_ENABLE --define=_INFO_FRWP_ENABLE --diag_wrap=off --display_error_number --warn_sections --xml_link_info="Project 08_linkInfo.xml" --use_hw_mpy=F5 --rom_model -o "Project 08.out" "./Display.obj" "./adc.obj" "./black_line.obj" "./clocks.obj" "./init.obj" "./led.obj" "./main.obj" "./ports.obj" "./serial.obj" "./states.obj" "./switches.obj" "./system.obj" "./timers.obj" "./timers_move.obj" "./usci.obj" "./wheels.obj" "../Compiled/LCD.obj" "../lnk_msp430fr2355.cmd"  -lfrwp_init.a -llibc.a 
<Linking>
remark #10372-D: (ULP 4.1) Detected uninitialized Port A in this project. Recommend initializing all unused ports to eliminate wasted current consumption on unused pins.
remark #10372-D: (ULP 4.1) Detected uninitialized Port B in this project. Recommend initializing all unused ports to eliminate wasted current consumption on unused pins.
remark #10372-D: (ULP 4.1) Detected uninitialized Port C in this project. Recommend initializing all unused ports to eliminate wasted current consumption on unused pins.
remark #10422-D: (ULP 6.2) Detected use of a device with available 32-bit hardware multiplier and not also using MSPMATHLIB library (libmath.a).  Recommend using MSPMATHLIB library (libmath.a) for improved performance.
Finished building target: "Project 08.out"
 

**** Build Finished ****

**** Build of configuration Debug for project Project 08 ****

"D:\\ccs\\utils\\bin\\gmake" -k -j 16 all -O 
 
gmake[1]: 'Project 08.out' is up to date.

**** Build Finished ****

**** Build of configuration Debug for project Project 08 ****

"D:\\ccs\\utils\\bin\\gmake" -k -j 16 all -O 
 
Building file: "../serial.c"
Invoking: MSP430 Compiler
"D:/ccs/tools/compiler/ti-cgt-msp430_21.6.1.LTS/bin/cl430" -vmspx --use_hw_mpy=F5 --include_path="D:/ccs/ccs_base/msp430/include" --include_path="D:/ccs/Project 08/Project 08" --include_path="D:/ccs/tools/compiler/ti-cgt-msp430_21.6.1.LTS/include" --advice:power=all --advice:hw_config=all --define=__MSP430FR2355__ --define=_FRWP_ENABLE --define=_INFO_FRWP_ENABLE -g --printf_support=minimal --diag_warning=225 --diag_wrap=off --display_error_number --silicon_errata=CPU21 --silicon_errata=CPU22 --silicon_errata=CPU40 --preproc_with_compile --preproc_dependency="serial.d_raw"  "../serial.c"
"..\macros.h", line 148: warning #48-D: incompatible redefinition of macro "WAIT" (declared at line 17)
"..\macros.h", line 178: warning #48-D: incompatible redefinition of macro "PRESSED" (declared at line 124)
"..\macros.h", line 179: warning #48-D: incompatible redefinition of macro "RELEASED" (declared at line 125)
"..\macros.h", line 204: warning #48-D: incompatible redefinition of macro "TB0CCR0_INTERVAL" (declared at line 72)
"..\macros.h", line 205: warning #48-D: incompatible redefinition of macro "TB0CCR1_INTERVAL" (declared at line 73)
"..\macros.h", line 206: warning #48-D: incompatible redefinition of macro "TB0CCR2_INTERVAL" (declared at line 74)
"../serial.c", line 69: warning #169-D: argument of type "volatile char *" is incompatible with parameter of type "const char *__restrict__"
"../serial.c", line 76: remark #1528-D: (ULP 3.1) Detected flag polling using UCA0IFG. Recommend using an interrupt combined with enter LPMx and ISR
"../serial.c", line 75: remark #1544-D: (ULP 13.1) Detected loop counting up. Recommend loops count down as detecting zeros is easier
"../serial.c", line 94: warning #169-D: argument of type "volatile char *" is incompatible with parameter of type "const char *__restrict__"
Finished building: "../serial.c"
 
Building target: "Project 08.out"
Invoking: MSP430 Linker
"D:/ccs/tools/compiler/ti-cgt-msp430_21.6.1.LTS/bin/cl430" -vmspx --use_hw_mpy=F5 --advice:power=all --advice:hw_config=all --define=__MSP430FR2355__ --define=_FRWP_ENABLE --define=_INFO_FRWP_ENABLE -g --printf_support=minimal --diag_warning=225 --diag_wrap=off --display_error_number --silicon_errata=CPU21 --silicon_errata=CPU22 --silicon_errata=CPU40 -z -m"Project 08.map" --heap_size=160 --stack_size=160 --cinit_hold_wdt=on -i"D:/ccs/ccs_base/msp430/include" -i"D:/ccs/ccs_base/msp430/lib/FR2xx" -i"D:/ccs/tools/compiler/ti-cgt-msp430_21.6.1.LTS/lib" -i"D:/ccs/tools/compiler/ti-cgt-msp430_21.6.1.LTS/include" --priority --reread_libs --define=_FRWP_ENABLE --define=_INFO_FRWP_ENABLE --diag_wrap=off --display_error_number --warn_sections --xml_link_info="Project 08_linkInfo.xml" --use_hw_mpy=F5 --rom_model -o "Project 08.out" "./Display.obj" "./adc.obj" "./black_line.obj" "./clocks.obj" "./init.obj" "./led.obj" "./main.obj" "./ports.obj" "./serial.obj" "./states.obj" "./switches.obj" "./system.obj" "./timers.obj" "./timers_move.obj" "./usci.obj" "./wheels.obj" "../Compiled/LCD.obj" "../lnk_msp430fr2355.cmd"  -lfrwp_init.a -llibc.a 
<Linking>
remark #10372-D: (ULP 4.1) Detected uninitialized Port A in this project. Recommend initializing all unused ports to eliminate wasted current consumption on unused pins.
remark #10372-D: (ULP 4.1) Detected uninitialized Port B in this project. Recommend initializing all unused ports to eliminate wasted current consumption on unused pins.
remark #10372-D: (ULP 4.1) Detected uninitialized Port C in this project. Recommend initializing all unused ports to eliminate wasted current consumption on unused pins.
remark #10422-D: (ULP 6.2) Detected use of a device with available 32-bit hardware multiplier and not also using MSPMATHLIB library (libmath.a).  Recommend using MSPMATHLIB library (libmath.a) for improved performance.
Finished building target: "Project 08.out"
 

**** Build Finished ****

**** Build of configuration Debug for project Project 08 ****

"D:\\ccs\\utils\\bin\\gmake" -k -j 16 all -O 
 
gmake[1]: 'Project 08.out' is up to date.

**** Build Finished ****

**** Build of configuration Debug for project Project 08 ****

"D:\\ccs\\utils\\bin\\gmake" -k -j 16 all -O 
 
Building file: "../serial.c"
Invoking: MSP430 Compiler
"D:/ccs/tools/compiler/ti-cgt-msp430_21.6.1.LTS/bin/cl430" -vmspx --use_hw_mpy=F5 --include_path="D:/ccs/ccs_base/msp430/include" --include_path="D:/ccs/Project 08/Project 08" --include_path="D:/ccs/tools/compiler/ti-cgt-msp430_21.6.1.LTS/include" --advice:power=all --advice:hw_config=all --define=__MSP430FR2355__ --define=_FRWP_ENABLE --define=_INFO_FRWP_ENABLE -g --printf_support=minimal --diag_warning=225 --diag_wrap=off --display_error_number --silicon_errata=CPU21 --silicon_errata=CPU22 --silicon_errata=CPU40 --preproc_with_compile --preproc_dependency="serial.d_raw"  "../serial.c"
"..\macros.h", line 148: warning #48-D: incompatible redefinition of macro "WAIT" (declared at line 17)
"..\macros.h", line 178: warning #48-D: incompatible redefinition of macro "PRESSED" (declared at line 124)
"..\macros.h", line 179: warning #48-D: incompatible redefinition of macro "RELEASED" (declared at line 125)
"..\macros.h", line 204: warning #48-D: incompatible redefinition of macro "TB0CCR0_INTERVAL" (declared at line 72)
"..\macros.h", line 205: warning #48-D: incompatible redefinition of macro "TB0CCR1_INTERVAL" (declared at line 73)
"..\macros.h", line 206: warning #48-D: incompatible redefinition of macro "TB0CCR2_INTERVAL" (declared at line 74)
"../serial.c", line 69: warning #169-D: argument of type "volatile char *" is incompatible with parameter of type "const char *__restrict__"
"../serial.c", line 76: remark #1528-D: (ULP 3.1) Detected flag polling using UCA0IFG. Recommend using an interrupt combined with enter LPMx and ISR
"../serial.c", line 75: remark #1544-D: (ULP 13.1) Detected loop counting up. Recommend loops count down as detecting zeros is easier
"../serial.c", line 94: warning #169-D: argument of type "volatile char *" is incompatible with parameter of type "const char *__restrict__"
Finished building: "../serial.c"
 
Building target: "Project 08.out"
Invoking: MSP430 Linker
"D:/ccs/tools/compiler/ti-cgt-msp430_21.6.1.LTS/bin/cl430" -vmspx --use_hw_mpy=F5 --advice:power=all --advice:hw_config=all --define=__MSP430FR2355__ --define=_FRWP_ENABLE --define=_INFO_FRWP_ENABLE -g --printf_support=minimal --diag_warning=225 --diag_wrap=off --display_error_number --silicon_errata=CPU21 --silicon_errata=CPU22 --silicon_errata=CPU40 -z -m"Project 08.map" --heap_size=160 --stack_size=160 --cinit_hold_wdt=on -i"D:/ccs/ccs_base/msp430/include" -i"D:/ccs/ccs_base/msp430/lib/FR2xx" -i"D:/ccs/tools/compiler/ti-cgt-msp430_21.6.1.LTS/lib" -i"D:/ccs/tools/compiler/ti-cgt-msp430_21.6.1.LTS/include" --priority --reread_libs --define=_FRWP_ENABLE --define=_INFO_FRWP_ENABLE --diag_wrap=off --display_error_number --warn_sections --xml_link_info="Project 08_linkInfo.xml" --use_hw_mpy=F5 --rom_model -o "Project 08.out" "./Display.obj" "./adc.obj" "./black_line.obj" "./clocks.obj" "./init.obj" "./led.obj" "./main.obj" "./ports.obj" "./serial.obj" "./states.obj" "./switches.obj" "./system.obj" "./timers.obj" "./timers_move.obj" "./usci.obj" "./wheels.obj" "../Compiled/LCD.obj" "../lnk_msp430fr2355.cmd"  -lfrwp_init.a -llibc.a 
<Linking>
remark #10372-D: (ULP 4.1) Detected uninitialized Port A in this project. Recommend initializing all unused ports to eliminate wasted current consumption on unused pins.
remark #10372-D: (ULP 4.1) Detected uninitialized Port B in this project. Recommend initializing all unused ports to eliminate wasted current consumption on unused pins.
remark #10372-D: (ULP 4.1) Detected uninitialized Port C in this project. Recommend initializing all unused ports to eliminate wasted current consumption on unused pins.
remark #10422-D: (ULP 6.2) Detected use of a device with available 32-bit hardware multiplier and not also using MSPMATHLIB library (libmath.a).  Recommend using MSPMATHLIB library (libmath.a) for improved performance.
Finished building target: "Project 08.out"
 

**** Build Finished ****

**** Build of configuration Debug for project Project 08 ****

"D:\\ccs\\utils\\bin\\gmake" -k -j 16 all -O 
 
gmake[1]: 'Project 08.out' is up to date.

**** Build Finished ****

**** Build of configuration Debug for project Project 08 ****

"D:\\ccs\\utils\\bin\\gmake" -k -j 16 all -O 
 
Building file: "../serial.c"
Invoking: MSP430 Compiler
"D:/ccs/tools/compiler/ti-cgt-msp430_21.6.1.LTS/bin/cl430" -vmspx --use_hw_mpy=F5 --include_path="D:/ccs/ccs_base/msp430/include" --include_path="D:/ccs/Project 08/Project 08" --include_path="D:/ccs/tools/compiler/ti-cgt-msp430_21.6.1.LTS/include" --advice:power=all --advice:hw_config=all --define=__MSP430FR2355__ --define=_FRWP_ENABLE --define=_INFO_FRWP_ENABLE -g --printf_support=minimal --diag_warning=225 --diag_wrap=off --display_error_number --silicon_errata=CPU21 --silicon_errata=CPU22 --silicon_errata=CPU40 --preproc_with_compile --preproc_dependency="serial.d_raw"  "../serial.c"
"..\macros.h", line 148: warning #48-D: incompatible redefinition of macro "WAIT" (declared at line 17)
"..\macros.h", line 178: warning #48-D: incompatible redefinition of macro "PRESSED" (declared at line 124)
"..\macros.h", line 179: warning #48-D: incompatible redefinition of macro "RELEASED" (declared at line 125)
"..\macros.h", line 204: warning #48-D: incompatible redefinition of macro "TB0CCR0_INTERVAL" (declared at line 72)
"..\macros.h", line 205: warning #48-D: incompatible redefinition of macro "TB0CCR1_INTERVAL" (declared at line 73)
"..\macros.h", line 206: warning #48-D: incompatible redefinition of macro "TB0CCR2_INTERVAL" (declared at line 74)
"../serial.c", line 69: warning #169-D: argument of type "volatile char *" is incompatible with parameter of type "const char *__restrict__"
"../serial.c", line 76: remark #1528-D: (ULP 3.1) Detected flag polling using UCA0IFG. Recommend using an interrupt combined with enter LPMx and ISR
"../serial.c", line 75: remark #1544-D: (ULP 13.1) Detected loop counting up. Recommend loops count down as detecting zeros is easier
"../serial.c", line 94: warning #169-D: argument of type "volatile char *" is incompatible with parameter of type "const char *__restrict__"
Finished building: "../serial.c"
 
Building target: "Project 08.out"
Invoking: MSP430 Linker
"D:/ccs/tools/compiler/ti-cgt-msp430_21.6.1.LTS/bin/cl430" -vmspx --use_hw_mpy=F5 --advice:power=all --advice:hw_config=all --define=__MSP430FR2355__ --define=_FRWP_ENABLE --define=_INFO_FRWP_ENABLE -g --printf_support=minimal --diag_warning=225 --diag_wrap=off --display_error_number --silicon_errata=CPU21 --silicon_errata=CPU22 --silicon_errata=CPU40 -z -m"Project 08.map" --heap_size=160 --stack_size=160 --cinit_hold_wdt=on -i"D:/ccs/ccs_base/msp430/include" -i"D:/ccs/ccs_base/msp430/lib/FR2xx" -i"D:/ccs/tools/compiler/ti-cgt-msp430_21.6.1.LTS/lib" -i"D:/ccs/tools/compiler/ti-cgt-msp430_21.6.1.LTS/include" --priority --reread_libs --define=_FRWP_ENABLE --define=_INFO_FRWP_ENABLE --diag_wrap=off --display_error_number --warn_sections --xml_link_info="Project 08_linkInfo.xml" --use_hw_mpy=F5 --rom_model -o "Project 08.out" "./Display.obj" "./adc.obj" "./black_line.obj" "./clocks.obj" "./init.obj" "./led.obj" "./main.obj" "./ports.obj" "./serial.obj" "./states.obj" "./switches.obj" "./system.obj" "./timers.obj" "./timers_move.obj" "./usci.obj" "./wheels.obj" "../Compiled/LCD.obj" "../lnk_msp430fr2355.cmd"  -lfrwp_init.a -llibc.a 
<Linking>
remark #10372-D: (ULP 4.1) Detected uninitialized Port A in this project. Recommend initializing all unused ports to eliminate wasted current consumption on unused pins.
remark #10372-D: (ULP 4.1) Detected uninitialized Port B in this project. Recommend initializing all unused ports to eliminate wasted current consumption on unused pins.
remark #10372-D: (ULP 4.1) Detected uninitialized Port C in this project. Recommend initializing all unused ports to eliminate wasted current consumption on unused pins.
remark #10422-D: (ULP 6.2) Detected use of a device with available 32-bit hardware multiplier and not also using MSPMATHLIB library (libmath.a).  Recommend using MSPMATHLIB library (libmath.a) for improved performance.
Finished building target: "Project 08.out"
 

**** Build Finished ****

**** Build of configuration Debug for project Project 08 ****

"D:\\ccs\\utils\\bin\\gmake" -k -j 16 all -O 
 
gmake[1]: 'Project 08.out' is up to date.

**** Build Finished ****

**** Build of configuration Debug for project Project 08 ****

"D:\\ccs\\utils\\bin\\gmake" -k -j 16 all -O 
 
Building file: "../serial.c"
Invoking: MSP430 Compiler
"D:/ccs/tools/compiler/ti-cgt-msp430_21.6.1.LTS/bin/cl430" -vmspx --use_hw_mpy=F5 --include_path="D:/ccs/ccs_base/msp430/include" --include_path="D:/ccs/Project 08/Project 08" --include_path="D:/ccs/tools/compiler/ti-cgt-msp430_21.6.1.LTS/include" --advice:power=all --advice:hw_config=all --define=__MSP430FR2355__ --define=_FRWP_ENABLE --define=_INFO_FRWP_ENABLE -g --printf_support=minimal --diag_warning=225 --diag_wrap=off --display_error_number --silicon_errata=CPU21 --silicon_errata=CPU22 --silicon_errata=CPU40 --preproc_with_compile --preproc_dependency="serial.d_raw"  "../serial.c"
"..\macros.h", line 148: warning #48-D: incompatible redefinition of macro "WAIT" (declared at line 17)
"..\macros.h", line 178: warning #48-D: incompatible redefinition of macro "PRESSED" (declared at line 124)
"..\macros.h", line 179: warning #48-D: incompatible redefinition of macro "RELEASED" (declared at line 125)
"..\macros.h", line 204: warning #48-D: incompatible redefinition of macro "TB0CCR0_INTERVAL" (declared at line 72)
"..\macros.h", line 205: warning #48-D: incompatible redefinition of macro "TB0CCR1_INTERVAL" (declared at line 73)
"..\macros.h", line 206: warning #48-D: incompatible redefinition of macro "TB0CCR2_INTERVAL" (declared at line 74)
"../serial.c", line 69: warning #169-D: argument of type "volatile char *" is incompatible with parameter of type "const char *__restrict__"
"../serial.c", line 76: remark #1528-D: (ULP 3.1) Detected flag polling using UCA0IFG. Recommend using an interrupt combined with enter LPMx and ISR
"../serial.c", line 75: remark #1544-D: (ULP 13.1) Detected loop counting up. Recommend loops count down as detecting zeros is easier
"../serial.c", line 94: warning #169-D: argument of type "volatile char *" is incompatible with parameter of type "const char *__restrict__"
Finished building: "../serial.c"
 
Building target: "Project 08.out"
Invoking: MSP430 Linker
"D:/ccs/tools/compiler/ti-cgt-msp430_21.6.1.LTS/bin/cl430" -vmspx --use_hw_mpy=F5 --advice:power=all --advice:hw_config=all --define=__MSP430FR2355__ --define=_FRWP_ENABLE --define=_INFO_FRWP_ENABLE -g --printf_support=minimal --diag_warning=225 --diag_wrap=off --display_error_number --silicon_errata=CPU21 --silicon_errata=CPU22 --silicon_errata=CPU40 -z -m"Project 08.map" --heap_size=160 --stack_size=160 --cinit_hold_wdt=on -i"D:/ccs/ccs_base/msp430/include" -i"D:/ccs/ccs_base/msp430/lib/FR2xx" -i"D:/ccs/tools/compiler/ti-cgt-msp430_21.6.1.LTS/lib" -i"D:/ccs/tools/compiler/ti-cgt-msp430_21.6.1.LTS/include" --priority --reread_libs --define=_FRWP_ENABLE --define=_INFO_FRWP_ENABLE --diag_wrap=off --display_error_number --warn_sections --xml_link_info="Project 08_linkInfo.xml" --use_hw_mpy=F5 --rom_model -o "Project 08.out" "./Display.obj" "./adc.obj" "./black_line.obj" "./clocks.obj" "./init.obj" "./led.obj" "./main.obj" "./ports.obj" "./serial.obj" "./states.obj" "./switches.obj" "./system.obj" "./timers.obj" "./timers_move.obj" "./usci.obj" "./wheels.obj" "../Compiled/LCD.obj" "../lnk_msp430fr2355.cmd"  -lfrwp_init.a -llibc.a 
<Linking>
remark #10372-D: (ULP 4.1) Detected uninitialized Port A in this project. Recommend initializing all unused ports to eliminate wasted current consumption on unused pins.
remark #10372-D: (ULP 4.1) Detected uninitialized Port B in this project. Recommend initializing all unused ports to eliminate wasted current consumption on unused pins.
remark #10372-D: (ULP 4.1) Detected uninitialized Port C in this project. Recommend initializing all unused ports to eliminate wasted current consumption on unused pins.
remark #10422-D: (ULP 6.2) Detected use of a device with available 32-bit hardware multiplier and not also using MSPMATHLIB library (libmath.a).  Recommend using MSPMATHLIB library (libmath.a) for improved performance.
Finished building target: "Project 08.out"
 

**** Build Finished ****

**** Build of configuration Debug for project Project 08 ****

"D:\\ccs\\utils\\bin\\gmake" -k -j 16 all -O 
 
gmake[1]: 'Project 08.out' is up to date.

**** Build Finished ****

**** Build of configuration Debug for project Project 08 ****

"D:\\ccs\\utils\\bin\\gmake" -k -j 16 all -O 
 
gmake[1]: 'Project 08.out' is up to date.

**** Build Finished ****

**** Build of configuration Debug for project Project 08 ****

"D:\\ccs\\utils\\bin\\gmake" -k -j 16 all -O 
 
Building file: "../serial.c"
Invoking: MSP430 Compiler
"D:/ccs/tools/compiler/ti-cgt-msp430_21.6.1.LTS/bin/cl430" -vmspx --use_hw_mpy=F5 --include_path="D:/ccs/ccs_base/msp430/include" --include_path="D:/ccs/Project 08/Project 08" --include_path="D:/ccs/tools/compiler/ti-cgt-msp430_21.6.1.LTS/include" --advice:power=all --advice:hw_config=all --define=__MSP430FR2355__ --define=_FRWP_ENABLE --define=_INFO_FRWP_ENABLE -g --printf_support=minimal --diag_warning=225 --diag_wrap=off --display_error_number --silicon_errata=CPU21 --silicon_errata=CPU22 --silicon_errata=CPU40 --preproc_with_compile --preproc_dependency="serial.d_raw"  "../serial.c"
"..\macros.h", line 148: warning #48-D: incompatible redefinition of macro "WAIT" (declared at line 17)
"..\macros.h", line 178: warning #48-D: incompatible redefinition of macro "PRESSED" (declared at line 124)
"..\macros.h", line 179: warning #48-D: incompatible redefinition of macro "RELEASED" (declared at line 125)
"..\macros.h", line 204: warning #48-D: incompatible redefinition of macro "TB0CCR0_INTERVAL" (declared at line 72)
"..\macros.h", line 205: warning #48-D: incompatible redefinition of macro "TB0CCR1_INTERVAL" (declared at line 73)
"..\macros.h", line 206: warning #48-D: incompatible redefinition of macro "TB0CCR2_INTERVAL" (declared at line 74)
"../serial.c", line 69: warning #169-D: argument of type "volatile char *" is incompatible with parameter of type "const char *__restrict__"
"../serial.c", line 76: remark #1528-D: (ULP 3.1) Detected flag polling using UCA0IFG. Recommend using an interrupt combined with enter LPMx and ISR
"../serial.c", line 75: remark #1544-D: (ULP 13.1) Detected loop counting up. Recommend loops count down as detecting zeros is easier
"../serial.c", line 94: warning #169-D: argument of type "volatile char *" is incompatible with parameter of type "const char *__restrict__"
Finished building: "../serial.c"
 
Building target: "Project 08.out"
Invoking: MSP430 Linker
"D:/ccs/tools/compiler/ti-cgt-msp430_21.6.1.LTS/bin/cl430" -vmspx --use_hw_mpy=F5 --advice:power=all --advice:hw_config=all --define=__MSP430FR2355__ --define=_FRWP_ENABLE --define=_INFO_FRWP_ENABLE -g --printf_support=minimal --diag_warning=225 --diag_wrap=off --display_error_number --silicon_errata=CPU21 --silicon_errata=CPU22 --silicon_errata=CPU40 -z -m"Project 08.map" --heap_size=160 --stack_size=160 --cinit_hold_wdt=on -i"D:/ccs/ccs_base/msp430/include" -i"D:/ccs/ccs_base/msp430/lib/FR2xx" -i"D:/ccs/tools/compiler/ti-cgt-msp430_21.6.1.LTS/lib" -i"D:/ccs/tools/compiler/ti-cgt-msp430_21.6.1.LTS/include" --priority --reread_libs --define=_FRWP_ENABLE --define=_INFO_FRWP_ENABLE --diag_wrap=off --display_error_number --warn_sections --xml_link_info="Project 08_linkInfo.xml" --use_hw_mpy=F5 --rom_model -o "Project 08.out" "./Display.obj" "./adc.obj" "./black_line.obj" "./clocks.obj" "./init.obj" "./led.obj" "./main.obj" "./ports.obj" "./serial.obj" "./states.obj" "./switches.obj" "./system.obj" "./timers.obj" "./timers_move.obj" "./usci.obj" "./wheels.obj" "../Compiled/LCD.obj" "../lnk_msp430fr2355.cmd"  -lfrwp_init.a -llibc.a 
<Linking>
remark #10372-D: (ULP 4.1) Detected uninitialized Port A in this project. Recommend initializing all unused ports to eliminate wasted current consumption on unused pins.
remark #10372-D: (ULP 4.1) Detected uninitialized Port B in this project. Recommend initializing all unused ports to eliminate wasted current consumption on unused pins.
remark #10372-D: (ULP 4.1) Detected uninitialized Port C in this project. Recommend initializing all unused ports to eliminate wasted current consumption on unused pins.
remark #10422-D: (ULP 6.2) Detected use of a device with available 32-bit hardware multiplier and not also using MSPMATHLIB library (libmath.a).  Recommend using MSPMATHLIB library (libmath.a) for improved performance.
Finished building target: "Project 08.out"
 

**** Build Finished ****

**** Build of configuration Debug for project Project 08 ****

"D:\\ccs\\utils\\bin\\gmake" -k -j 16 all -O 
 
gmake[1]: 'Project 08.out' is up to date.

**** Build Finished ****

**** Build of configuration Debug for project Project 08 ****

"D:\\ccs\\utils\\bin\\gmake" -k -j 16 all -O 
 
Building file: "../main.c"
Invoking: MSP430 Compiler
"D:/ccs/tools/compiler/ti-cgt-msp430_21.6.1.LTS/bin/cl430" -vmspx --use_hw_mpy=F5 --include_path="D:/ccs/ccs_base/msp430/include" --include_path="D:/ccs/Project 08/Project 08" --include_path="D:/ccs/tools/compiler/ti-cgt-msp430_21.6.1.LTS/include" --advice:power=all --advice:hw_config=all --define=__MSP430FR2355__ --define=_FRWP_ENABLE --define=_INFO_FRWP_ENABLE -g --printf_support=minimal --diag_warning=225 --diag_wrap=off --display_error_number --silicon_errata=CPU21 --silicon_errata=CPU22 --silicon_errata=CPU40 --preproc_with_compile --preproc_dependency="main.d_raw"  "../main.c"
"..\macros.h", line 148: warning #48-D: incompatible redefinition of macro "WAIT" (declared at line 17)
"..\macros.h", line 178: warning #48-D: incompatible redefinition of macro "PRESSED" (declared at line 124)
"..\macros.h", line 179: warning #48-D: incompatible redefinition of macro "RELEASED" (declared at line 125)
"..\macros.h", line 204: warning #48-D: incompatible redefinition of macro "TB0CCR0_INTERVAL" (declared at line 72)
"..\macros.h", line 205: warning #48-D: incompatible redefinition of macro "TB0CCR1_INTERVAL" (declared at line 73)
"..\macros.h", line 206: warning #48-D: incompatible redefinition of macro "TB0CCR2_INTERVAL" (declared at line 74)
"../main.c", line 68: remark #1527-D: (ULP 2.1) Detected SW delay loop using __delay_cycles. Recommend using a timer module instead
"../main.c", line 46: remark #1535-D: (ULP 8.1) variable "wheel_move" is used as a constant. Recommend declaring variable as either 'static const' or 'const'
"../main.c", line 47: remark #1535-D: (ULP 8.1) variable "forward" is used as a constant. Recommend declaring variable as either 'static const' or 'const'
"../main.c", line 48: remark #1535-D: (ULP 8.1) variable "event" is used as a constant. Recommend declaring variable as either 'static const' or 'const'
Finished building: "../main.c"
 
Building target: "Project 08.out"
Invoking: MSP430 Linker
"D:/ccs/tools/compiler/ti-cgt-msp430_21.6.1.LTS/bin/cl430" -vmspx --use_hw_mpy=F5 --advice:power=all --advice:hw_config=all --define=__MSP430FR2355__ --define=_FRWP_ENABLE --define=_INFO_FRWP_ENABLE -g --printf_support=minimal --diag_warning=225 --diag_wrap=off --display_error_number --silicon_errata=CPU21 --silicon_errata=CPU22 --silicon_errata=CPU40 -z -m"Project 08.map" --heap_size=160 --stack_size=160 --cinit_hold_wdt=on -i"D:/ccs/ccs_base/msp430/include" -i"D:/ccs/ccs_base/msp430/lib/FR2xx" -i"D:/ccs/tools/compiler/ti-cgt-msp430_21.6.1.LTS/lib" -i"D:/ccs/tools/compiler/ti-cgt-msp430_21.6.1.LTS/include" --priority --reread_libs --define=_FRWP_ENABLE --define=_INFO_FRWP_ENABLE --diag_wrap=off --display_error_number --warn_sections --xml_link_info="Project 08_linkInfo.xml" --use_hw_mpy=F5 --rom_model -o "Project 08.out" "./Display.obj" "./adc.obj" "./black_line.obj" "./clocks.obj" "./init.obj" "./led.obj" "./main.obj" "./ports.obj" "./serial.obj" "./states.obj" "./switches.obj" "./system.obj" "./timers.obj" "./timers_move.obj" "./usci.obj" "./wheels.obj" "../Compiled/LCD.obj" "../lnk_msp430fr2355.cmd"  -lfrwp_init.a -llibc.a 
<Linking>
remark #10372-D: (ULP 4.1) Detected uninitialized Port A in this project. Recommend initializing all unused ports to eliminate wasted current consumption on unused pins.
remark #10372-D: (ULP 4.1) Detected uninitialized Port B in this project. Recommend initializing all unused ports to eliminate wasted current consumption on unused pins.
remark #10372-D: (ULP 4.1) Detected uninitialized Port C in this project. Recommend initializing all unused ports to eliminate wasted current consumption on unused pins.
remark #10422-D: (ULP 6.2) Detected use of a device with available 32-bit hardware multiplier and not also using MSPMATHLIB library (libmath.a).  Recommend using MSPMATHLIB library (libmath.a) for improved performance.
Finished building target: "Project 08.out"
 

**** Build Finished ****

**** Build of configuration Debug for project Project 08 ****

"D:\\ccs\\utils\\bin\\gmake" -k -j 16 all -O 
 
gmake[1]: 'Project 08.out' is up to date.

**** Build Finished ****

**** Build of configuration Debug for project Project 08 ****

"D:\\ccs\\utils\\bin\\gmake" -k -j 16 all -O 
 
Building file: "../serial.c"
Invoking: MSP430 Compiler
"D:/ccs/tools/compiler/ti-cgt-msp430_21.6.1.LTS/bin/cl430" -vmspx --use_hw_mpy=F5 --include_path="D:/ccs/ccs_base/msp430/include" --include_path="D:/ccs/Project 08/Project 08" --include_path="D:/ccs/tools/compiler/ti-cgt-msp430_21.6.1.LTS/include" --advice:power=all --advice:hw_config=all --define=__MSP430FR2355__ --define=_FRWP_ENABLE --define=_INFO_FRWP_ENABLE -g --printf_support=minimal --diag_warning=225 --diag_wrap=off --display_error_number --silicon_errata=CPU21 --silicon_errata=CPU22 --silicon_errata=CPU40 --preproc_with_compile --preproc_dependency="serial.d_raw"  "../serial.c"
"..\macros.h", line 148: warning #48-D: incompatible redefinition of macro "WAIT" (declared at line 17)
"..\macros.h", line 178: warning #48-D: incompatible redefinition of macro "PRESSED" (declared at line 124)
"..\macros.h", line 179: warning #48-D: incompatible redefinition of macro "RELEASED" (declared at line 125)
"..\macros.h", line 204: warning #48-D: incompatible redefinition of macro "TB0CCR0_INTERVAL" (declared at line 72)
"..\macros.h", line 205: warning #48-D: incompatible redefinition of macro "TB0CCR1_INTERVAL" (declared at line 73)
"..\macros.h", line 206: warning #48-D: incompatible redefinition of macro "TB0CCR2_INTERVAL" (declared at line 74)
"../serial.c", line 69: warning #169-D: argument of type "volatile char *" is incompatible with parameter of type "const char *__restrict__"
"../serial.c", line 76: remark #1528-D: (ULP 3.1) Detected flag polling using UCA0IFG. Recommend using an interrupt combined with enter LPMx and ISR
"../serial.c", line 75: remark #1544-D: (ULP 13.1) Detected loop counting up. Recommend loops count down as detecting zeros is easier
"../serial.c", line 94: warning #169-D: argument of type "volatile char *" is incompatible with parameter of type "const char *__restrict__"
"../serial.c", line 111: remark #1538-D: (ULP 10.1) ISR EUSCI_A0_ISR calls function memset. Recommend moving function call away from ISR, or inlining the function, or using pragmas
"../serial.c", line 111: remark #1538-D: (ULP 10.1) ISR EUSCI_A0_ISR calls function memset. Recommend moving function call away from ISR, or inlining the function, or using pragmas
Finished building: "../serial.c"
 
Building target: "Project 08.out"
Invoking: MSP430 Linker
"D:/ccs/tools/compiler/ti-cgt-msp430_21.6.1.LTS/bin/cl430" -vmspx --use_hw_mpy=F5 --advice:power=all --advice:hw_config=all --define=__MSP430FR2355__ --define=_FRWP_ENABLE --define=_INFO_FRWP_ENABLE -g --printf_support=minimal --diag_warning=225 --diag_wrap=off --display_error_number --silicon_errata=CPU21 --silicon_errata=CPU22 --silicon_errata=CPU40 -z -m"Project 08.map" --heap_size=160 --stack_size=160 --cinit_hold_wdt=on -i"D:/ccs/ccs_base/msp430/include" -i"D:/ccs/ccs_base/msp430/lib/FR2xx" -i"D:/ccs/tools/compiler/ti-cgt-msp430_21.6.1.LTS/lib" -i"D:/ccs/tools/compiler/ti-cgt-msp430_21.6.1.LTS/include" --priority --reread_libs --define=_FRWP_ENABLE --define=_INFO_FRWP_ENABLE --diag_wrap=off --display_error_number --warn_sections --xml_link_info="Project 08_linkInfo.xml" --use_hw_mpy=F5 --rom_model -o "Project 08.out" "./Display.obj" "./adc.obj" "./black_line.obj" "./clocks.obj" "./init.obj" "./led.obj" "./main.obj" "./ports.obj" "./serial.obj" "./states.obj" "./switches.obj" "./system.obj" "./timers.obj" "./timers_move.obj" "./usci.obj" "./wheels.obj" "../Compiled/LCD.obj" "../lnk_msp430fr2355.cmd"  -lfrwp_init.a -llibc.a 
<Linking>
remark #10372-D: (ULP 4.1) Detected uninitialized Port A in this project. Recommend initializing all unused ports to eliminate wasted current consumption on unused pins.
remark #10372-D: (ULP 4.1) Detected uninitialized Port B in this project. Recommend initializing all unused ports to eliminate wasted current consumption on unused pins.
remark #10372-D: (ULP 4.1) Detected uninitialized Port C in this project. Recommend initializing all unused ports to eliminate wasted current consumption on unused pins.
remark #10422-D: (ULP 6.2) Detected use of a device with available 32-bit hardware multiplier and not also using MSPMATHLIB library (libmath.a).  Recommend using MSPMATHLIB library (libmath.a) for improved performance.
Finished building target: "Project 08.out"
 

**** Build Finished ****

**** Build of configuration Debug for project Project 08 ****

"D:\\ccs\\utils\\bin\\gmake" -k -j 16 all -O 
 
gmake[1]: 'Project 08.out' is up to date.

**** Build Finished ****

**** Build of configuration Debug for project Project 08 ****

"D:\\ccs\\utils\\bin\\gmake" -k -j 16 all -O 
 
Building file: "../serial.c"
Invoking: MSP430 Compiler
"D:/ccs/tools/compiler/ti-cgt-msp430_21.6.1.LTS/bin/cl430" -vmspx --use_hw_mpy=F5 --include_path="D:/ccs/ccs_base/msp430/include" --include_path="D:/ccs/Project 08/Project 08" --include_path="D:/ccs/tools/compiler/ti-cgt-msp430_21.6.1.LTS/include" --advice:power=all --advice:hw_config=all --define=__MSP430FR2355__ --define=_FRWP_ENABLE --define=_INFO_FRWP_ENABLE -g --printf_support=minimal --diag_warning=225 --diag_wrap=off --display_error_number --silicon_errata=CPU21 --silicon_errata=CPU22 --silicon_errata=CPU40 --preproc_with_compile --preproc_dependency="serial.d_raw"  "../serial.c"
"..\macros.h", line 148: warning #48-D: incompatible redefinition of macro "WAIT" (declared at line 17)
"..\macros.h", line 178: warning #48-D: incompatible redefinition of macro "PRESSED" (declared at line 124)
"..\macros.h", line 179: warning #48-D: incompatible redefinition of macro "RELEASED" (declared at line 125)
"..\macros.h", line 204: warning #48-D: incompatible redefinition of macro "TB0CCR0_INTERVAL" (declared at line 72)
"..\macros.h", line 205: warning #48-D: incompatible redefinition of macro "TB0CCR1_INTERVAL" (declared at line 73)
"..\macros.h", line 206: warning #48-D: incompatible redefinition of macro "TB0CCR2_INTERVAL" (declared at line 74)
"../serial.c", line 69: warning #169-D: argument of type "volatile char *" is incompatible with parameter of type "const char *__restrict__"
"../serial.c", line 76: remark #1528-D: (ULP 3.1) Detected flag polling using UCA0IFG. Recommend using an interrupt combined with enter LPMx and ISR
"../serial.c", line 75: remark #1544-D: (ULP 13.1) Detected loop counting up. Recommend loops count down as detecting zeros is easier
"../serial.c", line 94: warning #169-D: argument of type "volatile char *" is incompatible with parameter of type "const char *__restrict__"
"../serial.c", line 114: remark #1538-D: (ULP 10.1) ISR EUSCI_A0_ISR calls function memset. Recommend moving function call away from ISR, or inlining the function, or using pragmas
"../serial.c", line 114: remark #1538-D: (ULP 10.1) ISR EUSCI_A0_ISR calls function memset. Recommend moving function call away from ISR, or inlining the function, or using pragmas
Finished building: "../serial.c"
 
Building target: "Project 08.out"
Invoking: MSP430 Linker
"D:/ccs/tools/compiler/ti-cgt-msp430_21.6.1.LTS/bin/cl430" -vmspx --use_hw_mpy=F5 --advice:power=all --advice:hw_config=all --define=__MSP430FR2355__ --define=_FRWP_ENABLE --define=_INFO_FRWP_ENABLE -g --printf_support=minimal --diag_warning=225 --diag_wrap=off --display_error_number --silicon_errata=CPU21 --silicon_errata=CPU22 --silicon_errata=CPU40 -z -m"Project 08.map" --heap_size=160 --stack_size=160 --cinit_hold_wdt=on -i"D:/ccs/ccs_base/msp430/include" -i"D:/ccs/ccs_base/msp430/lib/FR2xx" -i"D:/ccs/tools/compiler/ti-cgt-msp430_21.6.1.LTS/lib" -i"D:/ccs/tools/compiler/ti-cgt-msp430_21.6.1.LTS/include" --priority --reread_libs --define=_FRWP_ENABLE --define=_INFO_FRWP_ENABLE --diag_wrap=off --display_error_number --warn_sections --xml_link_info="Project 08_linkInfo.xml" --use_hw_mpy=F5 --rom_model -o "Project 08.out" "./Display.obj" "./adc.obj" "./black_line.obj" "./clocks.obj" "./init.obj" "./led.obj" "./main.obj" "./ports.obj" "./serial.obj" "./states.obj" "./switches.obj" "./system.obj" "./timers.obj" "./timers_move.obj" "./usci.obj" "./wheels.obj" "../Compiled/LCD.obj" "../lnk_msp430fr2355.cmd"  -lfrwp_init.a -llibc.a 
<Linking>
remark #10372-D: (ULP 4.1) Detected uninitialized Port A in this project. Recommend initializing all unused ports to eliminate wasted current consumption on unused pins.
remark #10372-D: (ULP 4.1) Detected uninitialized Port B in this project. Recommend initializing all unused ports to eliminate wasted current consumption on unused pins.
remark #10372-D: (ULP 4.1) Detected uninitialized Port C in this project. Recommend initializing all unused ports to eliminate wasted current consumption on unused pins.
remark #10422-D: (ULP 6.2) Detected use of a device with available 32-bit hardware multiplier and not also using MSPMATHLIB library (libmath.a).  Recommend using MSPMATHLIB library (libmath.a) for improved performance.
Finished building target: "Project 08.out"
 

**** Build Finished ****

**** Build of configuration Debug for project Project 08 ****

"D:\\ccs\\utils\\bin\\gmake" -k -j 16 all -O 
 
gmake[1]: 'Project 08.out' is up to date.

**** Build Finished ****

**** Build of configuration Debug for project Project 08 ****

"D:\\ccs\\utils\\bin\\gmake" -k -j 16 all -O 
 
Building file: "../serial.c"
Invoking: MSP430 Compiler
"D:/ccs/tools/compiler/ti-cgt-msp430_21.6.1.LTS/bin/cl430" -vmspx --use_hw_mpy=F5 --include_path="D:/ccs/ccs_base/msp430/include" --include_path="D:/ccs/Project 08/Project 08" --include_path="D:/ccs/tools/compiler/ti-cgt-msp430_21.6.1.LTS/include" --advice:power=all --advice:hw_config=all --define=__MSP430FR2355__ --define=_FRWP_ENABLE --define=_INFO_FRWP_ENABLE -g --printf_support=minimal --diag_warning=225 --diag_wrap=off --display_error_number --silicon_errata=CPU21 --silicon_errata=CPU22 --silicon_errata=CPU40 --preproc_with_compile --preproc_dependency="serial.d_raw"  "../serial.c"
"..\macros.h", line 148: warning #48-D: incompatible redefinition of macro "WAIT" (declared at line 17)
"..\macros.h", line 178: warning #48-D: incompatible redefinition of macro "PRESSED" (declared at line 124)
"..\macros.h", line 179: warning #48-D: incompatible redefinition of macro "RELEASED" (declared at line 125)
"..\macros.h", line 204: warning #48-D: incompatible redefinition of macro "TB0CCR0_INTERVAL" (declared at line 72)
"..\macros.h", line 205: warning #48-D: incompatible redefinition of macro "TB0CCR1_INTERVAL" (declared at line 73)
"..\macros.h", line 206: warning #48-D: incompatible redefinition of macro "TB0CCR2_INTERVAL" (declared at line 74)
"../serial.c", line 69: warning #169-D: argument of type "volatile char *" is incompatible with parameter of type "const char *__restrict__"
"../serial.c", line 76: remark #1528-D: (ULP 3.1) Detected flag polling using UCA0IFG. Recommend using an interrupt combined with enter LPMx and ISR
"../serial.c", line 75: remark #1544-D: (ULP 13.1) Detected loop counting up. Recommend loops count down as detecting zeros is easier
"../serial.c", line 94: warning #169-D: argument of type "volatile char *" is incompatible with parameter of type "const char *__restrict__"
"../serial.c", line 117: remark #1538-D: (ULP 10.1) ISR EUSCI_A0_ISR calls function memset. Recommend moving function call away from ISR, or inlining the function, or using pragmas
"../serial.c", line 117: remark #1538-D: (ULP 10.1) ISR EUSCI_A0_ISR calls function memset. Recommend moving function call away from ISR, or inlining the function, or using pragmas
Finished building: "../serial.c"
 
Building target: "Project 08.out"
Invoking: MSP430 Linker
"D:/ccs/tools/compiler/ti-cgt-msp430_21.6.1.LTS/bin/cl430" -vmspx --use_hw_mpy=F5 --advice:power=all --advice:hw_config=all --define=__MSP430FR2355__ --define=_FRWP_ENABLE --define=_INFO_FRWP_ENABLE -g --printf_support=minimal --diag_warning=225 --diag_wrap=off --display_error_number --silicon_errata=CPU21 --silicon_errata=CPU22 --silicon_errata=CPU40 -z -m"Project 08.map" --heap_size=160 --stack_size=160 --cinit_hold_wdt=on -i"D:/ccs/ccs_base/msp430/include" -i"D:/ccs/ccs_base/msp430/lib/FR2xx" -i"D:/ccs/tools/compiler/ti-cgt-msp430_21.6.1.LTS/lib" -i"D:/ccs/tools/compiler/ti-cgt-msp430_21.6.1.LTS/include" --priority --reread_libs --define=_FRWP_ENABLE --define=_INFO_FRWP_ENABLE --diag_wrap=off --display_error_number --warn_sections --xml_link_info="Project 08_linkInfo.xml" --use_hw_mpy=F5 --rom_model -o "Project 08.out" "./Display.obj" "./adc.obj" "./black_line.obj" "./clocks.obj" "./init.obj" "./led.obj" "./main.obj" "./ports.obj" "./serial.obj" "./states.obj" "./switches.obj" "./system.obj" "./timers.obj" "./timers_move.obj" "./usci.obj" "./wheels.obj" "../Compiled/LCD.obj" "../lnk_msp430fr2355.cmd"  -lfrwp_init.a -llibc.a 
<Linking>
remark #10372-D: (ULP 4.1) Detected uninitialized Port A in this project. Recommend initializing all unused ports to eliminate wasted current consumption on unused pins.
remark #10372-D: (ULP 4.1) Detected uninitialized Port B in this project. Recommend initializing all unused ports to eliminate wasted current consumption on unused pins.
remark #10372-D: (ULP 4.1) Detected uninitialized Port C in this project. Recommend initializing all unused ports to eliminate wasted current consumption on unused pins.
remark #10422-D: (ULP 6.2) Detected use of a device with available 32-bit hardware multiplier and not also using MSPMATHLIB library (libmath.a).  Recommend using MSPMATHLIB library (libmath.a) for improved performance.
Finished building target: "Project 08.out"
 

**** Build Finished ****

**** Build of configuration Debug for project Project 08 ****

"D:\\ccs\\utils\\bin\\gmake" -k -j 16 all -O 
 
gmake[1]: 'Project 08.out' is up to date.

**** Build Finished ****

**** Build of configuration Debug for project Project 08 ****

"D:\\ccs\\utils\\bin\\gmake" -k -j 16 all -O 
 
Building file: "../main.c"
Invoking: MSP430 Compiler
"D:/ccs/tools/compiler/ti-cgt-msp430_21.6.1.LTS/bin/cl430" -vmspx --use_hw_mpy=F5 --include_path="D:/ccs/ccs_base/msp430/include" --include_path="D:/ccs/Project 08/Project 08" --include_path="D:/ccs/tools/compiler/ti-cgt-msp430_21.6.1.LTS/include" --advice:power=all --advice:hw_config=all --define=__MSP430FR2355__ --define=_FRWP_ENABLE --define=_INFO_FRWP_ENABLE -g --printf_support=minimal --diag_warning=225 --diag_wrap=off --display_error_number --silicon_errata=CPU21 --silicon_errata=CPU22 --silicon_errata=CPU40 --preproc_with_compile --preproc_dependency="main.d_raw"  "../main.c"
"..\macros.h", line 148: warning #48-D: incompatible redefinition of macro "WAIT" (declared at line 17)
"..\macros.h", line 178: warning #48-D: incompatible redefinition of macro "PRESSED" (declared at line 124)
"..\macros.h", line 179: warning #48-D: incompatible redefinition of macro "RELEASED" (declared at line 125)
"..\macros.h", line 204: warning #48-D: incompatible redefinition of macro "TB0CCR0_INTERVAL" (declared at line 72)
"..\macros.h", line 205: warning #48-D: incompatible redefinition of macro "TB0CCR1_INTERVAL" (declared at line 73)
"..\macros.h", line 206: warning #48-D: incompatible redefinition of macro "TB0CCR2_INTERVAL" (declared at line 74)
"../main.c", line 68: remark #1527-D: (ULP 2.1) Detected SW delay loop using __delay_cycles. Recommend using a timer module instead
"../main.c", line 46: remark #1535-D: (ULP 8.1) variable "wheel_move" is used as a constant. Recommend declaring variable as either 'static const' or 'const'
"../main.c", line 47: remark #1535-D: (ULP 8.1) variable "forward" is used as a constant. Recommend declaring variable as either 'static const' or 'const'
"../main.c", line 48: remark #1535-D: (ULP 8.1) variable "event" is used as a constant. Recommend declaring variable as either 'static const' or 'const'
Finished building: "../main.c"
 
Building target: "Project 08.out"
Invoking: MSP430 Linker
"D:/ccs/tools/compiler/ti-cgt-msp430_21.6.1.LTS/bin/cl430" -vmspx --use_hw_mpy=F5 --advice:power=all --advice:hw_config=all --define=__MSP430FR2355__ --define=_FRWP_ENABLE --define=_INFO_FRWP_ENABLE -g --printf_support=minimal --diag_warning=225 --diag_wrap=off --display_error_number --silicon_errata=CPU21 --silicon_errata=CPU22 --silicon_errata=CPU40 -z -m"Project 08.map" --heap_size=160 --stack_size=160 --cinit_hold_wdt=on -i"D:/ccs/ccs_base/msp430/include" -i"D:/ccs/ccs_base/msp430/lib/FR2xx" -i"D:/ccs/tools/compiler/ti-cgt-msp430_21.6.1.LTS/lib" -i"D:/ccs/tools/compiler/ti-cgt-msp430_21.6.1.LTS/include" --priority --reread_libs --define=_FRWP_ENABLE --define=_INFO_FRWP_ENABLE --diag_wrap=off --display_error_number --warn_sections --xml_link_info="Project 08_linkInfo.xml" --use_hw_mpy=F5 --rom_model -o "Project 08.out" "./Display.obj" "./adc.obj" "./black_line.obj" "./clocks.obj" "./init.obj" "./led.obj" "./main.obj" "./ports.obj" "./serial.obj" "./states.obj" "./switches.obj" "./system.obj" "./timers.obj" "./timers_move.obj" "./usci.obj" "./wheels.obj" "../Compiled/LCD.obj" "../lnk_msp430fr2355.cmd"  -lfrwp_init.a -llibc.a 
<Linking>
remark #10372-D: (ULP 4.1) Detected uninitialized Port A in this project. Recommend initializing all unused ports to eliminate wasted current consumption on unused pins.
remark #10372-D: (ULP 4.1) Detected uninitialized Port B in this project. Recommend initializing all unused ports to eliminate wasted current consumption on unused pins.
remark #10372-D: (ULP 4.1) Detected uninitialized Port C in this project. Recommend initializing all unused ports to eliminate wasted current consumption on unused pins.
remark #10422-D: (ULP 6.2) Detected use of a device with available 32-bit hardware multiplier and not also using MSPMATHLIB library (libmath.a).  Recommend using MSPMATHLIB library (libmath.a) for improved performance.
Finished building target: "Project 08.out"
 

**** Build Finished ****

**** Build of configuration Debug for project Project 08 ****

"D:\\ccs\\utils\\bin\\gmake" -k -j 16 all -O 
 
gmake[1]: 'Project 08.out' is up to date.

**** Build Finished ****

**** Build of configuration Debug for project Project 08 ****

"D:\\ccs\\utils\\bin\\gmake" -k -j 16 all -O 
 
Building file: "../main.c"
Invoking: MSP430 Compiler
"D:/ccs/tools/compiler/ti-cgt-msp430_21.6.1.LTS/bin/cl430" -vmspx --use_hw_mpy=F5 --include_path="D:/ccs/ccs_base/msp430/include" --include_path="D:/ccs/Project 08/Project 08" --include_path="D:/ccs/tools/compiler/ti-cgt-msp430_21.6.1.LTS/include" --advice:power=all --advice:hw_config=all --define=__MSP430FR2355__ --define=_FRWP_ENABLE --define=_INFO_FRWP_ENABLE -g --printf_support=minimal --diag_warning=225 --diag_wrap=off --display_error_number --silicon_errata=CPU21 --silicon_errata=CPU22 --silicon_errata=CPU40 --preproc_with_compile --preproc_dependency="main.d_raw"  "../main.c"
 
>> Compilation failure
subdir_rules.mk:9: recipe for target 'main.obj' failed
"..\macros.h", line 148: warning #48-D: incompatible redefinition of macro "WAIT" (declared at line 17)
"..\macros.h", line 178: warning #48-D: incompatible redefinition of macro "PRESSED" (declared at line 124)
"..\macros.h", line 179: warning #48-D: incompatible redefinition of macro "RELEASED" (declared at line 125)
"..\macros.h", line 204: warning #48-D: incompatible redefinition of macro "TB0CCR0_INTERVAL" (declared at line 72)
"..\macros.h", line 205: warning #48-D: incompatible redefinition of macro "TB0CCR1_INTERVAL" (declared at line 73)
"..\macros.h", line 206: warning #48-D: incompatible redefinition of macro "TB0CCR2_INTERVAL" (declared at line 74)
"../main.c", line 72: remark #1528-D: (ULP 3.1) Detected flag polling using UCA0IFG. Recommend using an interrupt combined with enter LPMx and ISR
At end of source: error #68: expected a "}"
"../main.c", line 68: remark #1527-D: (ULP 2.1) Detected SW delay loop using __delay_cycles. Recommend using a timer module instead
1 error detected in the compilation of "../main.c".
gmake: *** [main.obj] Error 1
gmake: Target 'all' not remade because of errors.

**** Build Finished ****

**** Build of configuration Debug for project Project 08 ****

"D:\\ccs\\utils\\bin\\gmake" -k -j 16 all -O 
 
Building file: "../main.c"
Invoking: MSP430 Compiler
"D:/ccs/tools/compiler/ti-cgt-msp430_21.6.1.LTS/bin/cl430" -vmspx --use_hw_mpy=F5 --include_path="D:/ccs/ccs_base/msp430/include" --include_path="D:/ccs/Project 08/Project 08" --include_path="D:/ccs/tools/compiler/ti-cgt-msp430_21.6.1.LTS/include" --advice:power=all --advice:hw_config=all --define=__MSP430FR2355__ --define=_FRWP_ENABLE --define=_INFO_FRWP_ENABLE -g --printf_support=minimal --diag_warning=225 --diag_wrap=off --display_error_number --silicon_errata=CPU21 --silicon_errata=CPU22 --silicon_errata=CPU40 --preproc_with_compile --preproc_dependency="main.d_raw"  "../main.c"
"..\macros.h", line 148: warning #48-D: incompatible redefinition of macro "WAIT" (declared at line 17)
"..\macros.h", line 178: warning #48-D: incompatible redefinition of macro "PRESSED" (declared at line 124)
"..\macros.h", line 179: warning #48-D: incompatible redefinition of macro "RELEASED" (declared at line 125)
"..\macros.h", line 204: warning #48-D: incompatible redefinition of macro "TB0CCR0_INTERVAL" (declared at line 72)
"..\macros.h", line 205: warning #48-D: incompatible redefinition of macro "TB0CCR1_INTERVAL" (declared at line 73)
"..\macros.h", line 206: warning #48-D: incompatible redefinition of macro "TB0CCR2_INTERVAL" (declared at line 74)
"../main.c", line 72: remark #1528-D: (ULP 3.1) Detected flag polling using UCA0IFG. Recommend using an interrupt combined with enter LPMx and ISR
"../main.c", line 68: remark #1527-D: (ULP 2.1) Detected SW delay loop using __delay_cycles. Recommend using a timer module instead
Finished building: "../main.c"
 
Building target: "Project 08.out"
Invoking: MSP430 Linker
"D:/ccs/tools/compiler/ti-cgt-msp430_21.6.1.LTS/bin/cl430" -vmspx --use_hw_mpy=F5 --advice:power=all --advice:hw_config=all --define=__MSP430FR2355__ --define=_FRWP_ENABLE --define=_INFO_FRWP_ENABLE -g --printf_support=minimal --diag_warning=225 --diag_wrap=off --display_error_number --silicon_errata=CPU21 --silicon_errata=CPU22 --silicon_errata=CPU40 -z -m"Project 08.map" --heap_size=160 --stack_size=160 --cinit_hold_wdt=on -i"D:/ccs/ccs_base/msp430/include" -i"D:/ccs/ccs_base/msp430/lib/FR2xx" -i"D:/ccs/tools/compiler/ti-cgt-msp430_21.6.1.LTS/lib" -i"D:/ccs/tools/compiler/ti-cgt-msp430_21.6.1.LTS/include" --priority --reread_libs --define=_FRWP_ENABLE --define=_INFO_FRWP_ENABLE --diag_wrap=off --display_error_number --warn_sections --xml_link_info="Project 08_linkInfo.xml" --use_hw_mpy=F5 --rom_model -o "Project 08.out" "./Display.obj" "./adc.obj" "./black_line.obj" "./clocks.obj" "./init.obj" "./led.obj" "./main.obj" "./ports.obj" "./serial.obj" "./states.obj" "./switches.obj" "./system.obj" "./timers.obj" "./timers_move.obj" "./usci.obj" "./wheels.obj" "../Compiled/LCD.obj" "../lnk_msp430fr2355.cmd"  -lfrwp_init.a -llibc.a 
<Linking>
remark #10372-D: (ULP 4.1) Detected uninitialized Port A in this project. Recommend initializing all unused ports to eliminate wasted current consumption on unused pins.
remark #10372-D: (ULP 4.1) Detected uninitialized Port B in this project. Recommend initializing all unused ports to eliminate wasted current consumption on unused pins.
remark #10372-D: (ULP 4.1) Detected uninitialized Port C in this project. Recommend initializing all unused ports to eliminate wasted current consumption on unused pins.
remark #10422-D: (ULP 6.2) Detected use of a device with available 32-bit hardware multiplier and not also using MSPMATHLIB library (libmath.a).  Recommend using MSPMATHLIB library (libmath.a) for improved performance.
Finished building target: "Project 08.out"
 

**** Build Finished ****

**** Build of configuration Debug for project Project 08 ****

"D:\\ccs\\utils\\bin\\gmake" -k -j 16 all -O 
 
gmake[1]: 'Project 08.out' is up to date.

**** Build Finished ****

**** Build of configuration Debug for project Project 08 ****

"D:\\ccs\\utils\\bin\\gmake" -k -j 16 all -O 
 
Building file: "../main.c"
Invoking: MSP430 Compiler
"D:/ccs/tools/compiler/ti-cgt-msp430_21.6.1.LTS/bin/cl430" -vmspx --use_hw_mpy=F5 --include_path="D:/ccs/ccs_base/msp430/include" --include_path="D:/ccs/Project 08/Project 08" --include_path="D:/ccs/tools/compiler/ti-cgt-msp430_21.6.1.LTS/include" --advice:power=all --advice:hw_config=all --define=__MSP430FR2355__ --define=_FRWP_ENABLE --define=_INFO_FRWP_ENABLE -g --printf_support=minimal --diag_warning=225 --diag_wrap=off --display_error_number --silicon_errata=CPU21 --silicon_errata=CPU22 --silicon_errata=CPU40 --preproc_with_compile --preproc_dependency="main.d_raw"  "../main.c"
"..\macros.h", line 148: warning #48-D: incompatible redefinition of macro "WAIT" (declared at line 17)
"..\macros.h", line 178: warning #48-D: incompatible redefinition of macro "PRESSED" (declared at line 124)
"..\macros.h", line 179: warning #48-D: incompatible redefinition of macro "RELEASED" (declared at line 125)
"..\macros.h", line 204: warning #48-D: incompatible redefinition of macro "TB0CCR0_INTERVAL" (declared at line 72)
"..\macros.h", line 205: warning #48-D: incompatible redefinition of macro "TB0CCR1_INTERVAL" (declared at line 73)
"..\macros.h", line 206: warning #48-D: incompatible redefinition of macro "TB0CCR2_INTERVAL" (declared at line 74)
"../main.c", line 68: remark #1527-D: (ULP 2.1) Detected SW delay loop using __delay_cycles. Recommend using a timer module instead
"../main.c", line 46: remark #1535-D: (ULP 8.1) variable "wheel_move" is used as a constant. Recommend declaring variable as either 'static const' or 'const'
"../main.c", line 47: remark #1535-D: (ULP 8.1) variable "forward" is used as a constant. Recommend declaring variable as either 'static const' or 'const'
"../main.c", line 48: remark #1535-D: (ULP 8.1) variable "event" is used as a constant. Recommend declaring variable as either 'static const' or 'const'
Finished building: "../main.c"
 
Building target: "Project 08.out"
Invoking: MSP430 Linker
"D:/ccs/tools/compiler/ti-cgt-msp430_21.6.1.LTS/bin/cl430" -vmspx --use_hw_mpy=F5 --advice:power=all --advice:hw_config=all --define=__MSP430FR2355__ --define=_FRWP_ENABLE --define=_INFO_FRWP_ENABLE -g --printf_support=minimal --diag_warning=225 --diag_wrap=off --display_error_number --silicon_errata=CPU21 --silicon_errata=CPU22 --silicon_errata=CPU40 -z -m"Project 08.map" --heap_size=160 --stack_size=160 --cinit_hold_wdt=on -i"D:/ccs/ccs_base/msp430/include" -i"D:/ccs/ccs_base/msp430/lib/FR2xx" -i"D:/ccs/tools/compiler/ti-cgt-msp430_21.6.1.LTS/lib" -i"D:/ccs/tools/compiler/ti-cgt-msp430_21.6.1.LTS/include" --priority --reread_libs --define=_FRWP_ENABLE --define=_INFO_FRWP_ENABLE --diag_wrap=off --display_error_number --warn_sections --xml_link_info="Project 08_linkInfo.xml" --use_hw_mpy=F5 --rom_model -o "Project 08.out" "./Display.obj" "./adc.obj" "./black_line.obj" "./clocks.obj" "./init.obj" "./led.obj" "./main.obj" "./ports.obj" "./serial.obj" "./states.obj" "./switches.obj" "./system.obj" "./timers.obj" "./timers_move.obj" "./usci.obj" "./wheels.obj" "../Compiled/LCD.obj" "../lnk_msp430fr2355.cmd"  -lfrwp_init.a -llibc.a 
<Linking>
remark #10372-D: (ULP 4.1) Detected uninitialized Port A in this project. Recommend initializing all unused ports to eliminate wasted current consumption on unused pins.
remark #10372-D: (ULP 4.1) Detected uninitialized Port B in this project. Recommend initializing all unused ports to eliminate wasted current consumption on unused pins.
remark #10372-D: (ULP 4.1) Detected uninitialized Port C in this project. Recommend initializing all unused ports to eliminate wasted current consumption on unused pins.
remark #10422-D: (ULP 6.2) Detected use of a device with available 32-bit hardware multiplier and not also using MSPMATHLIB library (libmath.a).  Recommend using MSPMATHLIB library (libmath.a) for improved performance.
Finished building target: "Project 08.out"
 

**** Build Finished ****

**** Build of configuration Debug for project Project 08 ****

"D:\\ccs\\utils\\bin\\gmake" -k -j 16 all -O 
 
gmake[1]: 'Project 08.out' is up to date.

**** Build Finished ****

**** Build of configuration Debug for project Project 08 ****

"D:\\ccs\\utils\\bin\\gmake" -k -j 16 all -O 
 
Building file: "../usci.c"
Invoking: MSP430 Compiler
"D:/ccs/tools/compiler/ti-cgt-msp430_21.6.1.LTS/bin/cl430" -vmspx --use_hw_mpy=F5 --include_path="D:/ccs/ccs_base/msp430/include" --include_path="D:/ccs/Project 08/Project 08" --include_path="D:/ccs/tools/compiler/ti-cgt-msp430_21.6.1.LTS/include" --advice:power=all --advice:hw_config=all --define=__MSP430FR2355__ --define=_FRWP_ENABLE --define=_INFO_FRWP_ENABLE -g --printf_support=minimal --diag_warning=225 --diag_wrap=off --display_error_number --silicon_errata=CPU21 --silicon_errata=CPU22 --silicon_errata=CPU40 --preproc_with_compile --preproc_dependency="usci.d_raw"  "../usci.c"
Finished building: "../usci.c"
 
Building target: "Project 08.out"
Invoking: MSP430 Linker
"D:/ccs/tools/compiler/ti-cgt-msp430_21.6.1.LTS/bin/cl430" -vmspx --use_hw_mpy=F5 --advice:power=all --advice:hw_config=all --define=__MSP430FR2355__ --define=_FRWP_ENABLE --define=_INFO_FRWP_ENABLE -g --printf_support=minimal --diag_warning=225 --diag_wrap=off --display_error_number --silicon_errata=CPU21 --silicon_errata=CPU22 --silicon_errata=CPU40 -z -m"Project 08.map" --heap_size=160 --stack_size=160 --cinit_hold_wdt=on -i"D:/ccs/ccs_base/msp430/include" -i"D:/ccs/ccs_base/msp430/lib/FR2xx" -i"D:/ccs/tools/compiler/ti-cgt-msp430_21.6.1.LTS/lib" -i"D:/ccs/tools/compiler/ti-cgt-msp430_21.6.1.LTS/include" --priority --reread_libs --define=_FRWP_ENABLE --define=_INFO_FRWP_ENABLE --diag_wrap=off --display_error_number --warn_sections --xml_link_info="Project 08_linkInfo.xml" --use_hw_mpy=F5 --rom_model -o "Project 08.out" "./Display.obj" "./adc.obj" "./black_line.obj" "./clocks.obj" "./init.obj" "./led.obj" "./main.obj" "./ports.obj" "./serial.obj" "./states.obj" "./switches.obj" "./system.obj" "./timers.obj" "./timers_move.obj" "./usci.obj" "./wheels.obj" "../Compiled/LCD.obj" "../lnk_msp430fr2355.cmd"  -lfrwp_init.a -llibc.a 
<Linking>
remark #10372-D: (ULP 4.1) Detected uninitialized Port A in this project. Recommend initializing all unused ports to eliminate wasted current consumption on unused pins.
remark #10372-D: (ULP 4.1) Detected uninitialized Port B in this project. Recommend initializing all unused ports to eliminate wasted current consumption on unused pins.
remark #10372-D: (ULP 4.1) Detected uninitialized Port C in this project. Recommend initializing all unused ports to eliminate wasted current consumption on unused pins.
remark #10422-D: (ULP 6.2) Detected use of a device with available 32-bit hardware multiplier and not also using MSPMATHLIB library (libmath.a).  Recommend using MSPMATHLIB library (libmath.a) for improved performance.
Finished building target: "Project 08.out"
 

**** Build Finished ****

**** Build of configuration Debug for project Project 08 ****

"D:\\ccs\\utils\\bin\\gmake" -k -j 16 all -O 
 
gmake[1]: 'Project 08.out' is up to date.

**** Build Finished ****

**** Build of configuration Debug for project Project 08 ****

"D:\\ccs\\utils\\bin\\gmake" -k -j 16 all -O 
 
gmake[1]: 'Project 08.out' is up to date.

**** Build Finished ****

**** Build of configuration Debug for project Project 08 ****

"D:\\ccs\\utils\\bin\\gmake" -k -j 16 all -O 
 
Building file: "../serial.c"
Invoking: MSP430 Compiler
"D:/ccs/tools/compiler/ti-cgt-msp430_21.6.1.LTS/bin/cl430" -vmspx --use_hw_mpy=F5 --include_path="D:/ccs/ccs_base/msp430/include" --include_path="D:/ccs/Project 08/Project 08" --include_path="D:/ccs/tools/compiler/ti-cgt-msp430_21.6.1.LTS/include" --advice:power=all --advice:hw_config=all --define=__MSP430FR2355__ --define=_FRWP_ENABLE --define=_INFO_FRWP_ENABLE -g --printf_support=minimal --diag_warning=225 --diag_wrap=off --display_error_number --silicon_errata=CPU21 --silicon_errata=CPU22 --silicon_errata=CPU40 --preproc_with_compile --preproc_dependency="serial.d_raw"  "../serial.c"
"..\macros.h", line 148: warning #48-D: incompatible redefinition of macro "WAIT" (declared at line 17)
"..\macros.h", line 178: warning #48-D: incompatible redefinition of macro "PRESSED" (declared at line 124)
"..\macros.h", line 179: warning #48-D: incompatible redefinition of macro "RELEASED" (declared at line 125)
"..\macros.h", line 204: warning #48-D: incompatible redefinition of macro "TB0CCR0_INTERVAL" (declared at line 72)
"..\macros.h", line 205: warning #48-D: incompatible redefinition of macro "TB0CCR1_INTERVAL" (declared at line 73)
"..\macros.h", line 206: warning #48-D: incompatible redefinition of macro "TB0CCR2_INTERVAL" (declared at line 74)
"../serial.c", line 69: warning #169-D: argument of type "volatile char *" is incompatible with parameter of type "const char *__restrict__"
"../serial.c", line 76: remark #1528-D: (ULP 3.1) Detected flag polling using UCA0IFG. Recommend using an interrupt combined with enter LPMx and ISR
"../serial.c", line 75: remark #1544-D: (ULP 13.1) Detected loop counting up. Recommend loops count down as detecting zeros is easier
"../serial.c", line 94: warning #169-D: argument of type "volatile char *" is incompatible with parameter of type "const char *__restrict__"
"../serial.c", line 112: remark #1538-D: (ULP 10.1) ISR EUSCI_A0_ISR calls function memset. Recommend moving function call away from ISR, or inlining the function, or using pragmas
"../serial.c", line 112: remark #1538-D: (ULP 10.1) ISR EUSCI_A0_ISR calls function memset. Recommend moving function call away from ISR, or inlining the function, or using pragmas
Finished building: "../serial.c"
 
Building target: "Project 08.out"
Invoking: MSP430 Linker
"D:/ccs/tools/compiler/ti-cgt-msp430_21.6.1.LTS/bin/cl430" -vmspx --use_hw_mpy=F5 --advice:power=all --advice:hw_config=all --define=__MSP430FR2355__ --define=_FRWP_ENABLE --define=_INFO_FRWP_ENABLE -g --printf_support=minimal --diag_warning=225 --diag_wrap=off --display_error_number --silicon_errata=CPU21 --silicon_errata=CPU22 --silicon_errata=CPU40 -z -m"Project 08.map" --heap_size=160 --stack_size=160 --cinit_hold_wdt=on -i"D:/ccs/ccs_base/msp430/include" -i"D:/ccs/ccs_base/msp430/lib/FR2xx" -i"D:/ccs/tools/compiler/ti-cgt-msp430_21.6.1.LTS/lib" -i"D:/ccs/tools/compiler/ti-cgt-msp430_21.6.1.LTS/include" --priority --reread_libs --define=_FRWP_ENABLE --define=_INFO_FRWP_ENABLE --diag_wrap=off --display_error_number --warn_sections --xml_link_info="Project 08_linkInfo.xml" --use_hw_mpy=F5 --rom_model -o "Project 08.out" "./Display.obj" "./adc.obj" "./black_line.obj" "./clocks.obj" "./init.obj" "./led.obj" "./main.obj" "./ports.obj" "./serial.obj" "./states.obj" "./switches.obj" "./system.obj" "./timers.obj" "./timers_move.obj" "./usci.obj" "./wheels.obj" "../Compiled/LCD.obj" "../lnk_msp430fr2355.cmd"  -lfrwp_init.a -llibc.a 
<Linking>
remark #10372-D: (ULP 4.1) Detected uninitialized Port A in this project. Recommend initializing all unused ports to eliminate wasted current consumption on unused pins.
remark #10372-D: (ULP 4.1) Detected uninitialized Port B in this project. Recommend initializing all unused ports to eliminate wasted current consumption on unused pins.
remark #10372-D: (ULP 4.1) Detected uninitialized Port C in this project. Recommend initializing all unused ports to eliminate wasted current consumption on unused pins.
remark #10422-D: (ULP 6.2) Detected use of a device with available 32-bit hardware multiplier and not also using MSPMATHLIB library (libmath.a).  Recommend using MSPMATHLIB library (libmath.a) for improved performance.
Finished building target: "Project 08.out"
 

**** Build Finished ****

**** Build of configuration Debug for project Project 08 ****

"D:\\ccs\\utils\\bin\\gmake" -k -j 16 all -O 
 
gmake[1]: 'Project 08.out' is up to date.

**** Build Finished ****

**** Build of configuration Debug for project Project 08 ****

"D:\\ccs\\utils\\bin\\gmake" -k -j 16 all -O 
 
Building file: "../serial.c"
Invoking: MSP430 Compiler
"D:/ccs/tools/compiler/ti-cgt-msp430_21.6.1.LTS/bin/cl430" -vmspx --use_hw_mpy=F5 --include_path="D:/ccs/ccs_base/msp430/include" --include_path="D:/ccs/Project 08/Project 08" --include_path="D:/ccs/tools/compiler/ti-cgt-msp430_21.6.1.LTS/include" --advice:power=all --advice:hw_config=all --define=__MSP430FR2355__ --define=_FRWP_ENABLE --define=_INFO_FRWP_ENABLE -g --printf_support=minimal --diag_warning=225 --diag_wrap=off --display_error_number --silicon_errata=CPU21 --silicon_errata=CPU22 --silicon_errata=CPU40 --preproc_with_compile --preproc_dependency="serial.d_raw"  "../serial.c"
 
>> Compilation failure
subdir_rules.mk:9: recipe for target 'serial.obj' failed
"..\macros.h", line 148: warning #48-D: incompatible redefinition of macro "WAIT" (declared at line 17)
"..\macros.h", line 178: warning #48-D: incompatible redefinition of macro "PRESSED" (declared at line 124)
"..\macros.h", line 179: warning #48-D: incompatible redefinition of macro "RELEASED" (declared at line 125)
"..\macros.h", line 204: warning #48-D: incompatible redefinition of macro "TB0CCR0_INTERVAL" (declared at line 72)
"..\macros.h", line 205: warning #48-D: incompatible redefinition of macro "TB0CCR1_INTERVAL" (declared at line 73)
"..\macros.h", line 206: warning #48-D: incompatible redefinition of macro "TB0CCR2_INTERVAL" (declared at line 74)
"../serial.c", line 57: warning #169-D: argument of type "volatile char *" is incompatible with parameter of type "const char *__restrict__"
"../serial.c", line 62: error #29: expected an expression
"../serial.c", line 62: error #20: identifier "i" is undefined
"../serial.c", line 63: remark #1528-D: (ULP 3.1) Detected flag polling using UCA1IFG. Recommend using an interrupt combined with enter LPMx and ISR
"../serial.c", line 78: warning #169-D: argument of type "volatile char *" is incompatible with parameter of type "const char *__restrict__"
"../serial.c", line 99: remark #1538-D: (ULP 10.1) ISR EUSCI_A1_ISR calls function memset. Recommend moving function call away from ISR, or inlining the function, or using pragmas
"../serial.c", line 99: remark #1538-D: (ULP 10.1) ISR EUSCI_A1_ISR calls function memset. Recommend moving function call away from ISR, or inlining the function, or using pragmas
2 errors detected in the compilation of "../serial.c".
gmake: *** [serial.obj] Error 1
Building file: "../main.c"
Invoking: MSP430 Compiler
"D:/ccs/tools/compiler/ti-cgt-msp430_21.6.1.LTS/bin/cl430" -vmspx --use_hw_mpy=F5 --include_path="D:/ccs/ccs_base/msp430/include" --include_path="D:/ccs/Project 08/Project 08" --include_path="D:/ccs/tools/compiler/ti-cgt-msp430_21.6.1.LTS/include" --advice:power=all --advice:hw_config=all --define=__MSP430FR2355__ --define=_FRWP_ENABLE --define=_INFO_FRWP_ENABLE -g --printf_support=minimal --diag_warning=225 --diag_wrap=off --display_error_number --silicon_errata=CPU21 --silicon_errata=CPU22 --silicon_errata=CPU40 --preproc_with_compile --preproc_dependency="main.d_raw"  "../main.c"
"..\macros.h", line 148: warning #48-D: incompatible redefinition of macro "WAIT" (declared at line 17)
"..\macros.h", line 178: warning #48-D: incompatible redefinition of macro "PRESSED" (declared at line 124)
"..\macros.h", line 179: warning #48-D: incompatible redefinition of macro "RELEASED" (declared at line 125)
"..\macros.h", line 204: warning #48-D: incompatible redefinition of macro "TB0CCR0_INTERVAL" (declared at line 72)
"..\macros.h", line 205: warning #48-D: incompatible redefinition of macro "TB0CCR1_INTERVAL" (declared at line 73)
"..\macros.h", line 206: warning #48-D: incompatible redefinition of macro "TB0CCR2_INTERVAL" (declared at line 74)
"../main.c", line 68: remark #1527-D: (ULP 2.1) Detected SW delay loop using __delay_cycles. Recommend using a timer module instead
"../main.c", line 46: remark #1535-D: (ULP 8.1) variable "wheel_move" is used as a constant. Recommend declaring variable as either 'static const' or 'const'
"../main.c", line 47: remark #1535-D: (ULP 8.1) variable "forward" is used as a constant. Recommend declaring variable as either 'static const' or 'const'
"../main.c", line 48: remark #1535-D: (ULP 8.1) variable "event" is used as a constant. Recommend declaring variable as either 'static const' or 'const'
Finished building: "../main.c"
 
Building file: "../switches.c"
Invoking: MSP430 Compiler
"D:/ccs/tools/compiler/ti-cgt-msp430_21.6.1.LTS/bin/cl430" -vmspx --use_hw_mpy=F5 --include_path="D:/ccs/ccs_base/msp430/include" --include_path="D:/ccs/Project 08/Project 08" --include_path="D:/ccs/tools/compiler/ti-cgt-msp430_21.6.1.LTS/include" --advice:power=all --advice:hw_config=all --define=__MSP430FR2355__ --define=_FRWP_ENABLE --define=_INFO_FRWP_ENABLE -g --printf_support=minimal --diag_warning=225 --diag_wrap=off --display_error_number --silicon_errata=CPU21 --silicon_errata=CPU22 --silicon_errata=CPU40 --preproc_with_compile --preproc_dependency="switches.d_raw"  "../switches.c"
"..\macros.h", line 148: warning #48-D: incompatible redefinition of macro "WAIT" (declared at line 17)
"..\macros.h", line 178: warning #48-D: incompatible redefinition of macro "PRESSED" (declared at line 124)
"..\macros.h", line 179: warning #48-D: incompatible redefinition of macro "RELEASED" (declared at line 125)
"..\macros.h", line 204: warning #48-D: incompatible redefinition of macro "TB0CCR0_INTERVAL" (declared at line 72)
"..\macros.h", line 205: warning #48-D: incompatible redefinition of macro "TB0CCR1_INTERVAL" (declared at line 73)
"..\macros.h", line 206: warning #48-D: incompatible redefinition of macro "TB0CCR2_INTERVAL" (declared at line 74)
"../switches.c", line 30: remark #1535-D: (ULP 8.1) variable "shapes_menu" is used as a constant. Recommend declaring variable as either 'static const' or 'const'
Finished building: "../switches.c"
 
gmake: Target 'all' not remade because of errors.

**** Build Finished ****

**** Build of configuration Debug for project Project 08 ****

"D:\\ccs\\utils\\bin\\gmake" -k -j 16 all -O 
 
Building file: "../serial.c"
Invoking: MSP430 Compiler
"D:/ccs/tools/compiler/ti-cgt-msp430_21.6.1.LTS/bin/cl430" -vmspx --use_hw_mpy=F5 --include_path="D:/ccs/ccs_base/msp430/include" --include_path="D:/ccs/Project 08/Project 08" --include_path="D:/ccs/tools/compiler/ti-cgt-msp430_21.6.1.LTS/include" --advice:power=all --advice:hw_config=all --define=__MSP430FR2355__ --define=_FRWP_ENABLE --define=_INFO_FRWP_ENABLE -g --printf_support=minimal --diag_warning=225 --diag_wrap=off --display_error_number --silicon_errata=CPU21 --silicon_errata=CPU22 --silicon_errata=CPU40 --preproc_with_compile --preproc_dependency="serial.d_raw"  "../serial.c"
"..\macros.h", line 148: warning #48-D: incompatible redefinition of macro "WAIT" (declared at line 17)
"..\macros.h", line 178: warning #48-D: incompatible redefinition of macro "PRESSED" (declared at line 124)
"..\macros.h", line 179: warning #48-D: incompatible redefinition of macro "RELEASED" (declared at line 125)
"..\macros.h", line 204: warning #48-D: incompatible redefinition of macro "TB0CCR0_INTERVAL" (declared at line 72)
"..\macros.h", line 205: warning #48-D: incompatible redefinition of macro "TB0CCR1_INTERVAL" (declared at line 73)
"..\macros.h", line 206: warning #48-D: incompatible redefinition of macro "TB0CCR2_INTERVAL" (declared at line 74)
"../serial.c", line 57: warning #169-D: argument of type "volatile char *" is incompatible with parameter of type "const char *__restrict__"
"../serial.c", line 63: remark #1528-D: (ULP 3.1) Detected flag polling using UCA1IFG. Recommend using an interrupt combined with enter LPMx and ISR
"../serial.c", line 62: remark #1544-D: (ULP 13.1) Detected loop counting up. Recommend loops count down as detecting zeros is easier
"../serial.c", line 78: warning #169-D: argument of type "volatile char *" is incompatible with parameter of type "const char *__restrict__"
"../serial.c", line 99: remark #1538-D: (ULP 10.1) ISR EUSCI_A1_ISR calls function memset. Recommend moving function call away from ISR, or inlining the function, or using pragmas
"../serial.c", line 99: remark #1538-D: (ULP 10.1) ISR EUSCI_A1_ISR calls function memset. Recommend moving function call away from ISR, or inlining the function, or using pragmas
Finished building: "../serial.c"
 
Building target: "Project 08.out"
Invoking: MSP430 Linker
"D:/ccs/tools/compiler/ti-cgt-msp430_21.6.1.LTS/bin/cl430" -vmspx --use_hw_mpy=F5 --advice:power=all --advice:hw_config=all --define=__MSP430FR2355__ --define=_FRWP_ENABLE --define=_INFO_FRWP_ENABLE -g --printf_support=minimal --diag_warning=225 --diag_wrap=off --display_error_number --silicon_errata=CPU21 --silicon_errata=CPU22 --silicon_errata=CPU40 -z -m"Project 08.map" --heap_size=160 --stack_size=160 --cinit_hold_wdt=on -i"D:/ccs/ccs_base/msp430/include" -i"D:/ccs/ccs_base/msp430/lib/FR2xx" -i"D:/ccs/tools/compiler/ti-cgt-msp430_21.6.1.LTS/lib" -i"D:/ccs/tools/compiler/ti-cgt-msp430_21.6.1.LTS/include" --priority --reread_libs --define=_FRWP_ENABLE --define=_INFO_FRWP_ENABLE --diag_wrap=off --display_error_number --warn_sections --xml_link_info="Project 08_linkInfo.xml" --use_hw_mpy=F5 --rom_model -o "Project 08.out" "./Display.obj" "./adc.obj" "./black_line.obj" "./clocks.obj" "./init.obj" "./led.obj" "./main.obj" "./ports.obj" "./serial.obj" "./states.obj" "./switches.obj" "./system.obj" "./timers.obj" "./timers_move.obj" "./usci.obj" "./wheels.obj" "../Compiled/LCD.obj" "../lnk_msp430fr2355.cmd"  -lfrwp_init.a -llibc.a 
<Linking>
remark #10372-D: (ULP 4.1) Detected uninitialized Port A in this project. Recommend initializing all unused ports to eliminate wasted current consumption on unused pins.
remark #10372-D: (ULP 4.1) Detected uninitialized Port B in this project. Recommend initializing all unused ports to eliminate wasted current consumption on unused pins.
remark #10372-D: (ULP 4.1) Detected uninitialized Port C in this project. Recommend initializing all unused ports to eliminate wasted current consumption on unused pins.
remark #10422-D: (ULP 6.2) Detected use of a device with available 32-bit hardware multiplier and not also using MSPMATHLIB library (libmath.a).  Recommend using MSPMATHLIB library (libmath.a) for improved performance.
Finished building target: "Project 08.out"
 

**** Build Finished ****

**** Build of configuration Debug for project Project 08 ****

"D:\\ccs\\utils\\bin\\gmake" -k -j 16 all -O 
 
gmake[1]: 'Project 08.out' is up to date.

**** Build Finished ****

**** Build of configuration Debug for project Project 08 ****

"D:\\ccs\\utils\\bin\\gmake" -k -j 16 all -O 
 
Building file: "../serial.c"
Invoking: MSP430 Compiler
"D:/ccs/tools/compiler/ti-cgt-msp430_21.6.1.LTS/bin/cl430" -vmspx --use_hw_mpy=F5 --include_path="D:/ccs/ccs_base/msp430/include" --include_path="D:/ccs/Project 08/Project 08" --include_path="D:/ccs/tools/compiler/ti-cgt-msp430_21.6.1.LTS/include" --advice:power=all --advice:hw_config=all --define=__MSP430FR2355__ --define=_FRWP_ENABLE --define=_INFO_FRWP_ENABLE -g --printf_support=minimal --diag_warning=225 --diag_wrap=off --display_error_number --silicon_errata=CPU21 --silicon_errata=CPU22 --silicon_errata=CPU40 --preproc_with_compile --preproc_dependency="serial.d_raw"  "../serial.c"
 
>> Compilation failure
subdir_rules.mk:9: recipe for target 'serial.obj' failed
"..\macros.h", line 148: warning #48-D: incompatible redefinition of macro "WAIT" (declared at line 17)
"..\macros.h", line 178: warning #48-D: incompatible redefinition of macro "PRESSED" (declared at line 124)
"..\macros.h", line 179: warning #48-D: incompatible redefinition of macro "RELEASED" (declared at line 125)
"..\macros.h", line 204: warning #48-D: incompatible redefinition of macro "TB0CCR0_INTERVAL" (declared at line 72)
"..\macros.h", line 205: warning #48-D: incompatible redefinition of macro "TB0CCR1_INTERVAL" (declared at line 73)
"..\macros.h", line 206: warning #48-D: incompatible redefinition of macro "TB0CCR2_INTERVAL" (declared at line 74)
"../serial.c", line 57: warning #169-D: argument of type "volatile char *" is incompatible with parameter of type "const char *__restrict__"
"../serial.c", line 63: error #29: expected an expression
"../serial.c", line 63: error #20: identifier "i" is undefined
"../serial.c", line 64: remark #1528-D: (ULP 3.1) Detected flag polling using UCA1IFG. Recommend using an interrupt combined with enter LPMx and ISR
"../serial.c", line 79: warning #169-D: argument of type "volatile char *" is incompatible with parameter of type "const char *__restrict__"
"../serial.c", line 100: remark #1538-D: (ULP 10.1) ISR EUSCI_A1_ISR calls function memset. Recommend moving function call away from ISR, or inlining the function, or using pragmas
"../serial.c", line 100: remark #1538-D: (ULP 10.1) ISR EUSCI_A1_ISR calls function memset. Recommend moving function call away from ISR, or inlining the function, or using pragmas
2 errors detected in the compilation of "../serial.c".
gmake: *** [serial.obj] Error 1
gmake: Target 'all' not remade because of errors.

**** Build Finished ****

**** Build of configuration Debug for project Project 08 ****

"D:\\ccs\\utils\\bin\\gmake" -k -j 16 all -O 
 
Building file: "../serial.c"
Invoking: MSP430 Compiler
"D:/ccs/tools/compiler/ti-cgt-msp430_21.6.1.LTS/bin/cl430" -vmspx --use_hw_mpy=F5 --include_path="D:/ccs/ccs_base/msp430/include" --include_path="D:/ccs/Project 08/Project 08" --include_path="D:/ccs/tools/compiler/ti-cgt-msp430_21.6.1.LTS/include" --advice:power=all --advice:hw_config=all --define=__MSP430FR2355__ --define=_FRWP_ENABLE --define=_INFO_FRWP_ENABLE -g --printf_support=minimal --diag_warning=225 --diag_wrap=off --display_error_number --silicon_errata=CPU21 --silicon_errata=CPU22 --silicon_errata=CPU40 --preproc_with_compile --preproc_dependency="serial.d_raw"  "../serial.c"
"..\macros.h", line 148: warning #48-D: incompatible redefinition of macro "WAIT" (declared at line 17)
"..\macros.h", line 178: warning #48-D: incompatible redefinition of macro "PRESSED" (declared at line 124)
"..\macros.h", line 179: warning #48-D: incompatible redefinition of macro "RELEASED" (declared at line 125)
"..\macros.h", line 204: warning #48-D: incompatible redefinition of macro "TB0CCR0_INTERVAL" (declared at line 72)
"..\macros.h", line 205: warning #48-D: incompatible redefinition of macro "TB0CCR1_INTERVAL" (declared at line 73)
"..\macros.h", line 206: warning #48-D: incompatible redefinition of macro "TB0CCR2_INTERVAL" (declared at line 74)
"../serial.c", line 57: warning #169-D: argument of type "volatile char *" is incompatible with parameter of type "const char *__restrict__"
"../serial.c", line 65: remark #1528-D: (ULP 3.1) Detected flag polling using UCA1IFG. Recommend using an interrupt combined with enter LPMx and ISR
"../serial.c", line 64: remark #1544-D: (ULP 13.1) Detected loop counting up. Recommend loops count down as detecting zeros is easier
"../serial.c", line 80: warning #169-D: argument of type "volatile char *" is incompatible with parameter of type "const char *__restrict__"
"../serial.c", line 101: remark #1538-D: (ULP 10.1) ISR EUSCI_A1_ISR calls function memset. Recommend moving function call away from ISR, or inlining the function, or using pragmas
"../serial.c", line 101: remark #1538-D: (ULP 10.1) ISR EUSCI_A1_ISR calls function memset. Recommend moving function call away from ISR, or inlining the function, or using pragmas
Finished building: "../serial.c"
 
Building target: "Project 08.out"
Invoking: MSP430 Linker
"D:/ccs/tools/compiler/ti-cgt-msp430_21.6.1.LTS/bin/cl430" -vmspx --use_hw_mpy=F5 --advice:power=all --advice:hw_config=all --define=__MSP430FR2355__ --define=_FRWP_ENABLE --define=_INFO_FRWP_ENABLE -g --printf_support=minimal --diag_warning=225 --diag_wrap=off --display_error_number --silicon_errata=CPU21 --silicon_errata=CPU22 --silicon_errata=CPU40 -z -m"Project 08.map" --heap_size=160 --stack_size=160 --cinit_hold_wdt=on -i"D:/ccs/ccs_base/msp430/include" -i"D:/ccs/ccs_base/msp430/lib/FR2xx" -i"D:/ccs/tools/compiler/ti-cgt-msp430_21.6.1.LTS/lib" -i"D:/ccs/tools/compiler/ti-cgt-msp430_21.6.1.LTS/include" --priority --reread_libs --define=_FRWP_ENABLE --define=_INFO_FRWP_ENABLE --diag_wrap=off --display_error_number --warn_sections --xml_link_info="Project 08_linkInfo.xml" --use_hw_mpy=F5 --rom_model -o "Project 08.out" "./Display.obj" "./adc.obj" "./black_line.obj" "./clocks.obj" "./init.obj" "./led.obj" "./main.obj" "./ports.obj" "./serial.obj" "./states.obj" "./switches.obj" "./system.obj" "./timers.obj" "./timers_move.obj" "./usci.obj" "./wheels.obj" "../Compiled/LCD.obj" "../lnk_msp430fr2355.cmd"  -lfrwp_init.a -llibc.a 
<Linking>
remark #10372-D: (ULP 4.1) Detected uninitialized Port A in this project. Recommend initializing all unused ports to eliminate wasted current consumption on unused pins.
remark #10372-D: (ULP 4.1) Detected uninitialized Port B in this project. Recommend initializing all unused ports to eliminate wasted current consumption on unused pins.
remark #10372-D: (ULP 4.1) Detected uninitialized Port C in this project. Recommend initializing all unused ports to eliminate wasted current consumption on unused pins.
remark #10422-D: (ULP 6.2) Detected use of a device with available 32-bit hardware multiplier and not also using MSPMATHLIB library (libmath.a).  Recommend using MSPMATHLIB library (libmath.a) for improved performance.
Finished building target: "Project 08.out"
 

**** Build Finished ****

**** Build of configuration Debug for project Project 08 ****

"D:\\ccs\\utils\\bin\\gmake" -k -j 16 all -O 
 
gmake[1]: 'Project 08.out' is up to date.

**** Build Finished ****

**** Build of configuration Debug for project Project 08 ****

"D:\\ccs\\utils\\bin\\gmake" -k -j 16 all -O 
 
Building file: "../serial.c"
Invoking: MSP430 Compiler
"D:/ccs/tools/compiler/ti-cgt-msp430_21.6.1.LTS/bin/cl430" -vmspx --use_hw_mpy=F5 --include_path="D:/ccs/ccs_base/msp430/include" --include_path="D:/ccs/Project 08/Project 08" --include_path="D:/ccs/tools/compiler/ti-cgt-msp430_21.6.1.LTS/include" --advice:power=all --advice:hw_config=all --define=__MSP430FR2355__ --define=_FRWP_ENABLE --define=_INFO_FRWP_ENABLE -g --printf_support=minimal --diag_warning=225 --diag_wrap=off --display_error_number --silicon_errata=CPU21 --silicon_errata=CPU22 --silicon_errata=CPU40 --preproc_with_compile --preproc_dependency="serial.d_raw"  "../serial.c"
 
>> Compilation failure
subdir_rules.mk:9: recipe for target 'serial.obj' failed
"..\macros.h", line 148: warning #48-D: incompatible redefinition of macro "WAIT" (declared at line 17)
"..\macros.h", line 178: warning #48-D: incompatible redefinition of macro "PRESSED" (declared at line 124)
"..\macros.h", line 179: warning #48-D: incompatible redefinition of macro "RELEASED" (declared at line 125)
"..\macros.h", line 204: warning #48-D: incompatible redefinition of macro "TB0CCR0_INTERVAL" (declared at line 72)
"..\macros.h", line 205: warning #48-D: incompatible redefinition of macro "TB0CCR1_INTERVAL" (declared at line 73)
"..\macros.h", line 206: warning #48-D: incompatible redefinition of macro "TB0CCR2_INTERVAL" (declared at line 74)
"../serial.c", line 57: warning #169-D: argument of type "volatile char *" is incompatible with parameter of type "const char *__restrict__"
"../serial.c", line 62: error #29: expected an expression
"../serial.c", line 62: error #20: identifier "i" is undefined
"../serial.c", line 63: remark #1528-D: (ULP 3.1) Detected flag polling using UCA0IFG. Recommend using an interrupt combined with enter LPMx and ISR
"../serial.c", line 78: warning #169-D: argument of type "volatile char *" is incompatible with parameter of type "const char *__restrict__"
"../serial.c", line 98: remark #1538-D: (ULP 10.1) ISR EUSCI_A0_ISR calls function memset. Recommend moving function call away from ISR, or inlining the function, or using pragmas
"../serial.c", line 98: remark #1538-D: (ULP 10.1) ISR EUSCI_A0_ISR calls function memset. Recommend moving function call away from ISR, or inlining the function, or using pragmas
2 errors detected in the compilation of "../serial.c".
gmake: *** [serial.obj] Error 1
gmake: Target 'all' not remade because of errors.

**** Build Finished ****

**** Build of configuration Debug for project Project 08 ****

"D:\\ccs\\utils\\bin\\gmake" -k -j 16 all -O 
 
Building file: "../serial.c"
Invoking: MSP430 Compiler
"D:/ccs/tools/compiler/ti-cgt-msp430_21.6.1.LTS/bin/cl430" -vmspx --use_hw_mpy=F5 --include_path="D:/ccs/ccs_base/msp430/include" --include_path="D:/ccs/Project 08/Project 08" --include_path="D:/ccs/tools/compiler/ti-cgt-msp430_21.6.1.LTS/include" --advice:power=all --advice:hw_config=all --define=__MSP430FR2355__ --define=_FRWP_ENABLE --define=_INFO_FRWP_ENABLE -g --printf_support=minimal --diag_warning=225 --diag_wrap=off --display_error_number --silicon_errata=CPU21 --silicon_errata=CPU22 --silicon_errata=CPU40 --preproc_with_compile --preproc_dependency="serial.d_raw"  "../serial.c"
"..\macros.h", line 148: warning #48-D: incompatible redefinition of macro "WAIT" (declared at line 17)
"..\macros.h", line 178: warning #48-D: incompatible redefinition of macro "PRESSED" (declared at line 124)
"..\macros.h", line 179: warning #48-D: incompatible redefinition of macro "RELEASED" (declared at line 125)
"..\macros.h", line 204: warning #48-D: incompatible redefinition of macro "TB0CCR0_INTERVAL" (declared at line 72)
"..\macros.h", line 205: warning #48-D: incompatible redefinition of macro "TB0CCR1_INTERVAL" (declared at line 73)
"..\macros.h", line 206: warning #48-D: incompatible redefinition of macro "TB0CCR2_INTERVAL" (declared at line 74)
"../serial.c", line 57: warning #169-D: argument of type "volatile char *" is incompatible with parameter of type "const char *__restrict__"
"../serial.c", line 63: remark #1528-D: (ULP 3.1) Detected flag polling using UCA0IFG. Recommend using an interrupt combined with enter LPMx and ISR
"../serial.c", line 62: remark #1544-D: (ULP 13.1) Detected loop counting up. Recommend loops count down as detecting zeros is easier
"../serial.c", line 78: warning #169-D: argument of type "volatile char *" is incompatible with parameter of type "const char *__restrict__"
"../serial.c", line 98: remark #1538-D: (ULP 10.1) ISR EUSCI_A0_ISR calls function memset. Recommend moving function call away from ISR, or inlining the function, or using pragmas
"../serial.c", line 98: remark #1538-D: (ULP 10.1) ISR EUSCI_A0_ISR calls function memset. Recommend moving function call away from ISR, or inlining the function, or using pragmas
Finished building: "../serial.c"
 
Building target: "Project 08.out"
Invoking: MSP430 Linker
"D:/ccs/tools/compiler/ti-cgt-msp430_21.6.1.LTS/bin/cl430" -vmspx --use_hw_mpy=F5 --advice:power=all --advice:hw_config=all --define=__MSP430FR2355__ --define=_FRWP_ENABLE --define=_INFO_FRWP_ENABLE -g --printf_support=minimal --diag_warning=225 --diag_wrap=off --display_error_number --silicon_errata=CPU21 --silicon_errata=CPU22 --silicon_errata=CPU40 -z -m"Project 08.map" --heap_size=160 --stack_size=160 --cinit_hold_wdt=on -i"D:/ccs/ccs_base/msp430/include" -i"D:/ccs/ccs_base/msp430/lib/FR2xx" -i"D:/ccs/tools/compiler/ti-cgt-msp430_21.6.1.LTS/lib" -i"D:/ccs/tools/compiler/ti-cgt-msp430_21.6.1.LTS/include" --priority --reread_libs --define=_FRWP_ENABLE --define=_INFO_FRWP_ENABLE --diag_wrap=off --display_error_number --warn_sections --xml_link_info="Project 08_linkInfo.xml" --use_hw_mpy=F5 --rom_model -o "Project 08.out" "./Display.obj" "./adc.obj" "./black_line.obj" "./clocks.obj" "./init.obj" "./led.obj" "./main.obj" "./ports.obj" "./serial.obj" "./states.obj" "./switches.obj" "./system.obj" "./timers.obj" "./timers_move.obj" "./usci.obj" "./wheels.obj" "../Compiled/LCD.obj" "../lnk_msp430fr2355.cmd"  -lfrwp_init.a -llibc.a 
<Linking>
remark #10372-D: (ULP 4.1) Detected uninitialized Port A in this project. Recommend initializing all unused ports to eliminate wasted current consumption on unused pins.
remark #10372-D: (ULP 4.1) Detected uninitialized Port B in this project. Recommend initializing all unused ports to eliminate wasted current consumption on unused pins.
remark #10372-D: (ULP 4.1) Detected uninitialized Port C in this project. Recommend initializing all unused ports to eliminate wasted current consumption on unused pins.
remark #10422-D: (ULP 6.2) Detected use of a device with available 32-bit hardware multiplier and not also using MSPMATHLIB library (libmath.a).  Recommend using MSPMATHLIB library (libmath.a) for improved performance.
Finished building target: "Project 08.out"
 

**** Build Finished ****

**** Build of configuration Debug for project Project 08 ****

"D:\\ccs\\utils\\bin\\gmake" -k -j 16 all -O 
 
gmake[1]: 'Project 08.out' is up to date.

**** Build Finished ****

**** Build of configuration Debug for project Project 08 ****

"D:\\ccs\\utils\\bin\\gmake" -k -j 16 all -O 
 
Building file: "../main.c"
Invoking: MSP430 Compiler
"D:/ccs/tools/compiler/ti-cgt-msp430_21.6.1.LTS/bin/cl430" -vmspx --use_hw_mpy=F5 --include_path="D:/ccs/ccs_base/msp430/include" --include_path="D:/ccs/Project 08/Project 08" --include_path="D:/ccs/tools/compiler/ti-cgt-msp430_21.6.1.LTS/include" --advice:power=all --advice:hw_config=all --define=__MSP430FR2355__ --define=_FRWP_ENABLE --define=_INFO_FRWP_ENABLE -g --printf_support=minimal --diag_warning=225 --diag_wrap=off --display_error_number --silicon_errata=CPU21 --silicon_errata=CPU22 --silicon_errata=CPU40 --preproc_with_compile --preproc_dependency="main.d_raw"  "../main.c"
"..\macros.h", line 148: warning #48-D: incompatible redefinition of macro "WAIT" (declared at line 17)
"..\macros.h", line 178: warning #48-D: incompatible redefinition of macro "PRESSED" (declared at line 124)
"..\macros.h", line 179: warning #48-D: incompatible redefinition of macro "RELEASED" (declared at line 125)
"..\macros.h", line 204: warning #48-D: incompatible redefinition of macro "TB0CCR0_INTERVAL" (declared at line 72)
"..\macros.h", line 205: warning #48-D: incompatible redefinition of macro "TB0CCR1_INTERVAL" (declared at line 73)
"..\macros.h", line 206: warning #48-D: incompatible redefinition of macro "TB0CCR2_INTERVAL" (declared at line 74)
"../main.c", line 68: remark #1527-D: (ULP 2.1) Detected SW delay loop using __delay_cycles. Recommend using a timer module instead
"../main.c", line 85: remark #1527-D: (ULP 2.1) Detected SW delay loop using __delay_cycles. Recommend using a timer module instead
"../main.c", line 46: remark #1535-D: (ULP 8.1) variable "wheel_move" is used as a constant. Recommend declaring variable as either 'static const' or 'const'
"../main.c", line 47: remark #1535-D: (ULP 8.1) variable "forward" is used as a constant. Recommend declaring variable as either 'static const' or 'const'
"../main.c", line 48: remark #1535-D: (ULP 8.1) variable "event" is used as a constant. Recommend declaring variable as either 'static const' or 'const'
Finished building: "../main.c"
 
Building target: "Project 08.out"
Invoking: MSP430 Linker
"D:/ccs/tools/compiler/ti-cgt-msp430_21.6.1.LTS/bin/cl430" -vmspx --use_hw_mpy=F5 --advice:power=all --advice:hw_config=all --define=__MSP430FR2355__ --define=_FRWP_ENABLE --define=_INFO_FRWP_ENABLE -g --printf_support=minimal --diag_warning=225 --diag_wrap=off --display_error_number --silicon_errata=CPU21 --silicon_errata=CPU22 --silicon_errata=CPU40 -z -m"Project 08.map" --heap_size=160 --stack_size=160 --cinit_hold_wdt=on -i"D:/ccs/ccs_base/msp430/include" -i"D:/ccs/ccs_base/msp430/lib/FR2xx" -i"D:/ccs/tools/compiler/ti-cgt-msp430_21.6.1.LTS/lib" -i"D:/ccs/tools/compiler/ti-cgt-msp430_21.6.1.LTS/include" --priority --reread_libs --define=_FRWP_ENABLE --define=_INFO_FRWP_ENABLE --diag_wrap=off --display_error_number --warn_sections --xml_link_info="Project 08_linkInfo.xml" --use_hw_mpy=F5 --rom_model -o "Project 08.out" "./Display.obj" "./adc.obj" "./black_line.obj" "./clocks.obj" "./init.obj" "./led.obj" "./main.obj" "./ports.obj" "./serial.obj" "./states.obj" "./switches.obj" "./system.obj" "./timers.obj" "./timers_move.obj" "./usci.obj" "./wheels.obj" "../Compiled/LCD.obj" "../lnk_msp430fr2355.cmd"  -lfrwp_init.a -llibc.a 
<Linking>
remark #10372-D: (ULP 4.1) Detected uninitialized Port A in this project. Recommend initializing all unused ports to eliminate wasted current consumption on unused pins.
remark #10372-D: (ULP 4.1) Detected uninitialized Port B in this project. Recommend initializing all unused ports to eliminate wasted current consumption on unused pins.
remark #10372-D: (ULP 4.1) Detected uninitialized Port C in this project. Recommend initializing all unused ports to eliminate wasted current consumption on unused pins.
remark #10422-D: (ULP 6.2) Detected use of a device with available 32-bit hardware multiplier and not also using MSPMATHLIB library (libmath.a).  Recommend using MSPMATHLIB library (libmath.a) for improved performance.
Finished building target: "Project 08.out"
 

**** Build Finished ****

**** Build of configuration Debug for project Project 08 ****

"D:\\ccs\\utils\\bin\\gmake" -k -j 16 all -O 
 
gmake[1]: 'Project 08.out' is up to date.

**** Build Finished ****

**** Build of configuration Debug for project Project 08 ****

"D:\\ccs\\utils\\bin\\gmake" -k -j 16 all -O 
 
Building file: "../ports.c"
Invoking: MSP430 Compiler
"D:/ccs/tools/compiler/ti-cgt-msp430_21.6.1.LTS/bin/cl430" -vmspx --use_hw_mpy=F5 --include_path="D:/ccs/ccs_base/msp430/include" --include_path="D:/ccs/Project 08/Project 08" --include_path="D:/ccs/tools/compiler/ti-cgt-msp430_21.6.1.LTS/include" --advice:power=all --advice:hw_config=all --define=__MSP430FR2355__ --define=_FRWP_ENABLE --define=_INFO_FRWP_ENABLE -g --printf_support=minimal --diag_warning=225 --diag_wrap=off --display_error_number --silicon_errata=CPU21 --silicon_errata=CPU22 --silicon_errata=CPU40 --preproc_with_compile --preproc_dependency="ports.d_raw"  "../ports.c"
"..\macros.h", line 148: warning #48-D: incompatible redefinition of macro "WAIT" (declared at line 17)
"..\macros.h", line 178: warning #48-D: incompatible redefinition of macro "PRESSED" (declared at line 124)
"..\macros.h", line 179: warning #48-D: incompatible redefinition of macro "RELEASED" (declared at line 125)
"..\macros.h", line 204: warning #48-D: incompatible redefinition of macro "TB0CCR0_INTERVAL" (declared at line 72)
"..\macros.h", line 205: warning #48-D: incompatible redefinition of macro "TB0CCR1_INTERVAL" (declared at line 73)
"..\macros.h", line 206: warning #48-D: incompatible redefinition of macro "TB0CCR2_INTERVAL" (declared at line 74)
"../ports.c", line 21: warning #225-D: function "Init_Port_1" declared implicitly
"../ports.c", line 22: warning #225-D: function "Init_Port_2" declared implicitly
"../ports.c", line 23: warning #225-D: function "Init_Port_3" declared implicitly
"../ports.c", line 24: warning #225-D: function "Init_Port_4" declared implicitly
"../ports.c", line 25: warning #225-D: function "Init_Port_5" declared implicitly
"../ports.c", line 26: warning #225-D: function "Init_Port_6" declared implicitly
"../ports.c", line 32: warning #161-D: declaration is incompatible with previous "Init_Port_1" (declared at line 21)
"../ports.c", line 89: warning #161-D: declaration is incompatible with previous "Init_Port_2" (declared at line 22)
"../ports.c", line 144: warning #161-D: declaration is incompatible with previous "Init_Port_3" (declared at line 23)
"../ports.c", line 200: warning #161-D: declaration is incompatible with previous "Init_Port_4" (declared at line 24)
"../ports.c", line 250: warning #161-D: declaration is incompatible with previous "Init_Port_5" (declared at line 25)
"../ports.c", line 289: warning #161-D: declaration is incompatible with previous "Init_Port_6" (declared at line 26)
Finished building: "../ports.c"
 
Building target: "Project 08.out"
Invoking: MSP430 Linker
"D:/ccs/tools/compiler/ti-cgt-msp430_21.6.1.LTS/bin/cl430" -vmspx --use_hw_mpy=F5 --advice:power=all --advice:hw_config=all --define=__MSP430FR2355__ --define=_FRWP_ENABLE --define=_INFO_FRWP_ENABLE -g --printf_support=minimal --diag_warning=225 --diag_wrap=off --display_error_number --silicon_errata=CPU21 --silicon_errata=CPU22 --silicon_errata=CPU40 -z -m"Project 08.map" --heap_size=160 --stack_size=160 --cinit_hold_wdt=on -i"D:/ccs/ccs_base/msp430/include" -i"D:/ccs/ccs_base/msp430/lib/FR2xx" -i"D:/ccs/tools/compiler/ti-cgt-msp430_21.6.1.LTS/lib" -i"D:/ccs/tools/compiler/ti-cgt-msp430_21.6.1.LTS/include" --priority --reread_libs --define=_FRWP_ENABLE --define=_INFO_FRWP_ENABLE --diag_wrap=off --display_error_number --warn_sections --xml_link_info="Project 08_linkInfo.xml" --use_hw_mpy=F5 --rom_model -o "Project 08.out" "./Display.obj" "./adc.obj" "./black_line.obj" "./clocks.obj" "./init.obj" "./led.obj" "./main.obj" "./ports.obj" "./serial.obj" "./states.obj" "./switches.obj" "./system.obj" "./timers.obj" "./timers_move.obj" "./usci.obj" "./wheels.obj" "../Compiled/LCD.obj" "../lnk_msp430fr2355.cmd"  -lfrwp_init.a -llibc.a 
<Linking>
remark #10372-D: (ULP 4.1) Detected uninitialized Port A in this project. Recommend initializing all unused ports to eliminate wasted current consumption on unused pins.
remark #10372-D: (ULP 4.1) Detected uninitialized Port B in this project. Recommend initializing all unused ports to eliminate wasted current consumption on unused pins.
remark #10372-D: (ULP 4.1) Detected uninitialized Port C in this project. Recommend initializing all unused ports to eliminate wasted current consumption on unused pins.
remark #10422-D: (ULP 6.2) Detected use of a device with available 32-bit hardware multiplier and not also using MSPMATHLIB library (libmath.a).  Recommend using MSPMATHLIB library (libmath.a) for improved performance.
Finished building target: "Project 08.out"
 

**** Build Finished ****

**** Build of configuration Debug for project Project 08 ****

"D:\\ccs\\utils\\bin\\gmake" -k -j 16 all -O 
 
Building file: "../serial.c"
Invoking: MSP430 Compiler
"D:/ccs/tools/compiler/ti-cgt-msp430_21.6.1.LTS/bin/cl430" -vmspx --use_hw_mpy=F5 --include_path="D:/ccs/ccs_base/msp430/include" --include_path="D:/ccs/Project 08/Project 08" --include_path="D:/ccs/tools/compiler/ti-cgt-msp430_21.6.1.LTS/include" --advice:power=all --advice:hw_config=all --define=__MSP430FR2355__ --define=_FRWP_ENABLE --define=_INFO_FRWP_ENABLE -g --printf_support=minimal --diag_warning=225 --diag_wrap=off --display_error_number --silicon_errata=CPU21 --silicon_errata=CPU22 --silicon_errata=CPU40 --preproc_with_compile --preproc_dependency="serial.d_raw"  "../serial.c"
"..\macros.h", line 148: warning #48-D: incompatible redefinition of macro "WAIT" (declared at line 17)
"..\macros.h", line 178: warning #48-D: incompatible redefinition of macro "PRESSED" (declared at line 124)
"..\macros.h", line 179: warning #48-D: incompatible redefinition of macro "RELEASED" (declared at line 125)
"..\macros.h", line 204: warning #48-D: incompatible redefinition of macro "TB0CCR0_INTERVAL" (declared at line 72)
"..\macros.h", line 205: warning #48-D: incompatible redefinition of macro "TB0CCR1_INTERVAL" (declared at line 73)
"..\macros.h", line 206: warning #48-D: incompatible redefinition of macro "TB0CCR2_INTERVAL" (declared at line 74)
"../serial.c", line 57: warning #169-D: argument of type "volatile char *" is incompatible with parameter of type "const char *__restrict__"
"../serial.c", line 63: remark #1528-D: (ULP 3.1) Detected flag polling using UCA1IFG. Recommend using an interrupt combined with enter LPMx and ISR
"../serial.c", line 62: remark #1544-D: (ULP 13.1) Detected loop counting up. Recommend loops count down as detecting zeros is easier
"../serial.c", line 78: warning #169-D: argument of type "volatile char *" is incompatible with parameter of type "const char *__restrict__"
"../serial.c", line 98: remark #1538-D: (ULP 10.1) ISR EUSCI_A1_ISR calls function memset. Recommend moving function call away from ISR, or inlining the function, or using pragmas
"../serial.c", line 98: remark #1538-D: (ULP 10.1) ISR EUSCI_A1_ISR calls function memset. Recommend moving function call away from ISR, or inlining the function, or using pragmas
Finished building: "../serial.c"
 
Building target: "Project 08.out"
Invoking: MSP430 Linker
"D:/ccs/tools/compiler/ti-cgt-msp430_21.6.1.LTS/bin/cl430" -vmspx --use_hw_mpy=F5 --advice:power=all --advice:hw_config=all --define=__MSP430FR2355__ --define=_FRWP_ENABLE --define=_INFO_FRWP_ENABLE -g --printf_support=minimal --diag_warning=225 --diag_wrap=off --display_error_number --silicon_errata=CPU21 --silicon_errata=CPU22 --silicon_errata=CPU40 -z -m"Project 08.map" --heap_size=160 --stack_size=160 --cinit_hold_wdt=on -i"D:/ccs/ccs_base/msp430/include" -i"D:/ccs/ccs_base/msp430/lib/FR2xx" -i"D:/ccs/tools/compiler/ti-cgt-msp430_21.6.1.LTS/lib" -i"D:/ccs/tools/compiler/ti-cgt-msp430_21.6.1.LTS/include" --priority --reread_libs --define=_FRWP_ENABLE --define=_INFO_FRWP_ENABLE --diag_wrap=off --display_error_number --warn_sections --xml_link_info="Project 08_linkInfo.xml" --use_hw_mpy=F5 --rom_model -o "Project 08.out" "./Display.obj" "./adc.obj" "./black_line.obj" "./clocks.obj" "./init.obj" "./led.obj" "./main.obj" "./ports.obj" "./serial.obj" "./states.obj" "./switches.obj" "./system.obj" "./timers.obj" "./timers_move.obj" "./usci.obj" "./wheels.obj" "../Compiled/LCD.obj" "../lnk_msp430fr2355.cmd"  -lfrwp_init.a -llibc.a 
<Linking>
remark #10372-D: (ULP 4.1) Detected uninitialized Port A in this project. Recommend initializing all unused ports to eliminate wasted current consumption on unused pins.
remark #10372-D: (ULP 4.1) Detected uninitialized Port B in this project. Recommend initializing all unused ports to eliminate wasted current consumption on unused pins.
remark #10372-D: (ULP 4.1) Detected uninitialized Port C in this project. Recommend initializing all unused ports to eliminate wasted current consumption on unused pins.
remark #10422-D: (ULP 6.2) Detected use of a device with available 32-bit hardware multiplier and not also using MSPMATHLIB library (libmath.a).  Recommend using MSPMATHLIB library (libmath.a) for improved performance.
Finished building target: "Project 08.out"
 

**** Build Finished ****

**** Build of configuration Debug for project Project 08 ****

"D:\\ccs\\utils\\bin\\gmake" -k -j 16 all -O 
 
Building file: "../main.c"
Invoking: MSP430 Compiler
"D:/ccs/tools/compiler/ti-cgt-msp430_21.6.1.LTS/bin/cl430" -vmspx --use_hw_mpy=F5 --include_path="D:/ccs/ccs_base/msp430/include" --include_path="D:/ccs/Project 08/Project 08" --include_path="D:/ccs/tools/compiler/ti-cgt-msp430_21.6.1.LTS/include" --advice:power=all --advice:hw_config=all --define=__MSP430FR2355__ --define=_FRWP_ENABLE --define=_INFO_FRWP_ENABLE -g --printf_support=minimal --diag_warning=225 --diag_wrap=off --display_error_number --silicon_errata=CPU21 --silicon_errata=CPU22 --silicon_errata=CPU40 --preproc_with_compile --preproc_dependency="main.d_raw"  "../main.c"
 
>> Compilation failure
subdir_rules.mk:9: recipe for target 'main.obj' failed
"../main.c", line 5: fatal error #1965: cannot open source file "switches.h"
1 catastrophic error detected in the compilation of "../main.c".
Compilation terminated.
gmake: *** [main.obj] Error 1
Building file: "../switches.c"
Invoking: MSP430 Compiler
"D:/ccs/tools/compiler/ti-cgt-msp430_21.6.1.LTS/bin/cl430" -vmspx --use_hw_mpy=F5 --include_path="D:/ccs/ccs_base/msp430/include" --include_path="D:/ccs/Project 08/Project 08" --include_path="D:/ccs/tools/compiler/ti-cgt-msp430_21.6.1.LTS/include" --advice:power=all --advice:hw_config=all --define=__MSP430FR2355__ --define=_FRWP_ENABLE --define=_INFO_FRWP_ENABLE -g --printf_support=minimal --diag_warning=225 --diag_wrap=off --display_error_number --silicon_errata=CPU21 --silicon_errata=CPU22 --silicon_errata=CPU40 --preproc_with_compile --preproc_dependency="switches.d_raw"  "../switches.c"
 
>> Compilation failure
subdir_rules.mk:9: recipe for target 'switches.obj' failed
"../switches.c", line 2: fatal error #1965: cannot open source file "switches.h"
1 catastrophic error detected in the compilation of "../switches.c".
Compilation terminated.
gmake: *** [switches.obj] Error 1
gmake: Target 'all' not remade because of errors.

**** Build Finished ****

**** Build of configuration Debug for project Project 08 ****

"D:\\ccs\\utils\\bin\\gmake" -k -j 16 all -O 
 
Building file: "../main.c"
Invoking: MSP430 Compiler
"D:/ccs/tools/compiler/ti-cgt-msp430_21.6.1.LTS/bin/cl430" -vmspx --use_hw_mpy=F5 --include_path="D:/ccs/ccs_base/msp430/include" --include_path="D:/ccs/Project 08/Project 08" --include_path="D:/ccs/tools/compiler/ti-cgt-msp430_21.6.1.LTS/include" --advice:power=all --advice:hw_config=all --define=__MSP430FR2355__ --define=_FRWP_ENABLE --define=_INFO_FRWP_ENABLE -g --printf_support=minimal --diag_warning=225 --diag_wrap=off --display_error_number --silicon_errata=CPU21 --silicon_errata=CPU22 --silicon_errata=CPU40 --preproc_with_compile --preproc_dependency="main.d_raw"  "../main.c"
 
>> Compilation failure
subdir_rules.mk:9: recipe for target 'main.obj' failed
"..\macros.h", line 148: warning #48-D: incompatible redefinition of macro "WAIT" (declared at line 17)
"..\macros.h", line 178: warning #48-D: incompatible redefinition of macro "PRESSED" (declared at line 124)
"..\macros.h", line 179: warning #48-D: incompatible redefinition of macro "RELEASED" (declared at line 125)
"..\macros.h", line 204: warning #48-D: incompatible redefinition of macro "TB0CCR0_INTERVAL" (declared at line 72)
"..\macros.h", line 205: warning #48-D: incompatible redefinition of macro "TB0CCR1_INTERVAL" (declared at line 73)
"..\macros.h", line 206: warning #48-D: incompatible redefinition of macro "TB0CCR2_INTERVAL" (declared at line 74)
"../main.c", line 22: error #20: identifier "serial_test_mode" is undefined
"../main.c", line 24: warning #225-D: function "strcpy" declared implicitly
1 error detected in the compilation of "../main.c".
gmake: *** [main.obj] Error 1
Building file: "../switches.c"
Invoking: MSP430 Compiler
"D:/ccs/tools/compiler/ti-cgt-msp430_21.6.1.LTS/bin/cl430" -vmspx --use_hw_mpy=F5 --include_path="D:/ccs/ccs_base/msp430/include" --include_path="D:/ccs/Project 08/Project 08" --include_path="D:/ccs/tools/compiler/ti-cgt-msp430_21.6.1.LTS/include" --advice:power=all --advice:hw_config=all --define=__MSP430FR2355__ --define=_FRWP_ENABLE --define=_INFO_FRWP_ENABLE -g --printf_support=minimal --diag_warning=225 --diag_wrap=off --display_error_number --silicon_errata=CPU21 --silicon_errata=CPU22 --silicon_errata=CPU40 --preproc_with_compile --preproc_dependency="switches.d_raw"  "../switches.c"
 
>> Compilation failure
subdir_rules.mk:9: recipe for target 'switches.obj' failed
"../switches.c", line 2: fatal error #1965: cannot open source file "switches.h"
1 catastrophic error detected in the compilation of "../switches.c".
Compilation terminated.
gmake: *** [switches.obj] Error 1
gmake: Target 'all' not remade because of errors.

**** Build Finished ****

**** Build of configuration Debug for project Project 08 ****

"D:\\ccs\\utils\\bin\\gmake" -k -j 16 all -O 
 
Building file: "../switches.c"
Invoking: MSP430 Compiler
"D:/ccs/tools/compiler/ti-cgt-msp430_21.6.1.LTS/bin/cl430" -vmspx --use_hw_mpy=F5 --include_path="D:/ccs/ccs_base/msp430/include" --include_path="D:/ccs/Project 08/Project 08" --include_path="D:/ccs/tools/compiler/ti-cgt-msp430_21.6.1.LTS/include" --advice:power=all --advice:hw_config=all --define=__MSP430FR2355__ --define=_FRWP_ENABLE --define=_INFO_FRWP_ENABLE -g --printf_support=minimal --diag_warning=225 --diag_wrap=off --display_error_number --silicon_errata=CPU21 --silicon_errata=CPU22 --silicon_errata=CPU40 --preproc_with_compile --preproc_dependency="switches.d_raw"  "../switches.c"
 
>> Compilation failure
subdir_rules.mk:9: recipe for target 'switches.obj' failed
"../switches.c", line 2: fatal error #1965: cannot open source file "switches.h"
1 catastrophic error detected in the compilation of "../switches.c".
Compilation terminated.
gmake: *** [switches.obj] Error 1
Building file: "../main.c"
Invoking: MSP430 Compiler
"D:/ccs/tools/compiler/ti-cgt-msp430_21.6.1.LTS/bin/cl430" -vmspx --use_hw_mpy=F5 --include_path="D:/ccs/ccs_base/msp430/include" --include_path="D:/ccs/Project 08/Project 08" --include_path="D:/ccs/tools/compiler/ti-cgt-msp430_21.6.1.LTS/include" --advice:power=all --advice:hw_config=all --define=__MSP430FR2355__ --define=_FRWP_ENABLE --define=_INFO_FRWP_ENABLE -g --printf_support=minimal --diag_warning=225 --diag_wrap=off --display_error_number --silicon_errata=CPU21 --silicon_errata=CPU22 --silicon_errata=CPU40 --preproc_with_compile --preproc_dependency="main.d_raw"  "../main.c"
"..\macros.h", line 148: warning #48-D: incompatible redefinition of macro "WAIT" (declared at line 17)
"..\macros.h", line 178: warning #48-D: incompatible redefinition of macro "PRESSED" (declared at line 124)
"..\macros.h", line 179: warning #48-D: incompatible redefinition of macro "RELEASED" (declared at line 125)
"..\macros.h", line 204: warning #48-D: incompatible redefinition of macro "TB0CCR0_INTERVAL" (declared at line 72)
"..\macros.h", line 205: warning #48-D: incompatible redefinition of macro "TB0CCR1_INTERVAL" (declared at line 73)
"..\macros.h", line 206: warning #48-D: incompatible redefinition of macro "TB0CCR2_INTERVAL" (declared at line 74)
"../main.c", line 24: warning #225-D: function "strcpy" declared implicitly
Finished building: "../main.c"
 
Building file: "../serial.c"
Invoking: MSP430 Compiler
"D:/ccs/tools/compiler/ti-cgt-msp430_21.6.1.LTS/bin/cl430" -vmspx --use_hw_mpy=F5 --include_path="D:/ccs/ccs_base/msp430/include" --include_path="D:/ccs/Project 08/Project 08" --include_path="D:/ccs/tools/compiler/ti-cgt-msp430_21.6.1.LTS/include" --advice:power=all --advice:hw_config=all --define=__MSP430FR2355__ --define=_FRWP_ENABLE --define=_INFO_FRWP_ENABLE -g --printf_support=minimal --diag_warning=225 --diag_wrap=off --display_error_number --silicon_errata=CPU21 --silicon_errata=CPU22 --silicon_errata=CPU40 --preproc_with_compile --preproc_dependency="serial.d_raw"  "../serial.c"
"..\macros.h", line 148: warning #48-D: incompatible redefinition of macro "WAIT" (declared at line 17)
"..\macros.h", line 178: warning #48-D: incompatible redefinition of macro "PRESSED" (declared at line 124)
"..\macros.h", line 179: warning #48-D: incompatible redefinition of macro "RELEASED" (declared at line 125)
"..\macros.h", line 204: warning #48-D: incompatible redefinition of macro "TB0CCR0_INTERVAL" (declared at line 72)
"..\macros.h", line 205: warning #48-D: incompatible redefinition of macro "TB0CCR1_INTERVAL" (declared at line 73)
"..\macros.h", line 206: warning #48-D: incompatible redefinition of macro "TB0CCR2_INTERVAL" (declared at line 74)
"../serial.c", line 57: warning #169-D: argument of type "volatile char *" is incompatible with parameter of type "const char *__restrict__"
"../serial.c", line 63: remark #1528-D: (ULP 3.1) Detected flag polling using UCA1IFG. Recommend using an interrupt combined with enter LPMx and ISR
"../serial.c", line 62: remark #1544-D: (ULP 13.1) Detected loop counting up. Recommend loops count down as detecting zeros is easier
"../serial.c", line 78: warning #169-D: argument of type "volatile char *" is incompatible with parameter of type "const char *__restrict__"
"../serial.c", line 98: remark #1538-D: (ULP 10.1) ISR EUSCI_A1_ISR calls function memset. Recommend moving function call away from ISR, or inlining the function, or using pragmas
"../serial.c", line 98: remark #1538-D: (ULP 10.1) ISR EUSCI_A1_ISR calls function memset. Recommend moving function call away from ISR, or inlining the function, or using pragmas
Finished building: "../serial.c"
 
gmake: Target 'all' not remade because of errors.

**** Build Finished ****

**** Build of configuration Debug for project Project 08 ****

"D:\\ccs\\utils\\bin\\gmake" -k -j 16 all -O 
 
Building file: "../switches.c"
Invoking: MSP430 Compiler
"D:/ccs/tools/compiler/ti-cgt-msp430_21.6.1.LTS/bin/cl430" -vmspx --use_hw_mpy=F5 --include_path="D:/ccs/ccs_base/msp430/include" --include_path="D:/ccs/Project 08/Project 08" --include_path="D:/ccs/tools/compiler/ti-cgt-msp430_21.6.1.LTS/include" --advice:power=all --advice:hw_config=all --define=__MSP430FR2355__ --define=_FRWP_ENABLE --define=_INFO_FRWP_ENABLE -g --printf_support=minimal --diag_warning=225 --diag_wrap=off --display_error_number --silicon_errata=CPU21 --silicon_errata=CPU22 --silicon_errata=CPU40 --preproc_with_compile --preproc_dependency="switches.d_raw"  "../switches.c"
 
>> Compilation failure
subdir_rules.mk:9: recipe for target 'switches.obj' failed
"..\macros.h", line 148: warning #48-D: incompatible redefinition of macro "WAIT" (declared at line 17)
"..\macros.h", line 178: warning #48-D: incompatible redefinition of macro "PRESSED" (declared at line 124)
"..\macros.h", line 179: warning #48-D: incompatible redefinition of macro "RELEASED" (declared at line 125)
"..\macros.h", line 204: warning #48-D: incompatible redefinition of macro "TB0CCR0_INTERVAL" (declared at line 72)
"..\macros.h", line 205: warning #48-D: incompatible redefinition of macro "TB0CCR1_INTERVAL" (declared at line 73)
"..\macros.h", line 206: warning #48-D: incompatible redefinition of macro "TB0CCR2_INTERVAL" (declared at line 74)
"../switches.c", line 12: error #20: identifier "SW1" is undefined
"../switches.c", line 18: error #20: identifier "SW2" is undefined
"../switches.c", line 14: remark #1527-D: (ULP 2.1) Detected SW delay loop using __delay_cycles. Recommend using a timer module instead
"../switches.c", line 24: remark #1527-D: (ULP 2.1) Detected SW delay loop using __delay_cycles. Recommend using a timer module instead
2 errors detected in the compilation of "../switches.c".
gmake: *** [switches.obj] Error 1
gmake: Target 'all' not remade because of errors.

**** Build Finished ****

**** Build of configuration Debug for project Project 08 ****

"D:\\ccs\\utils\\bin\\gmake" -k -j 16 all -O 
 
Building file: "../main.c"
Invoking: MSP430 Compiler
"D:/ccs/tools/compiler/ti-cgt-msp430_21.6.1.LTS/bin/cl430" -vmspx --use_hw_mpy=F5 --include_path="D:/ccs/ccs_base/msp430/include" --include_path="D:/ccs/Project 08/Project 08" --include_path="D:/ccs/tools/compiler/ti-cgt-msp430_21.6.1.LTS/include" --advice:power=all --advice:hw_config=all --define=__MSP430FR2355__ --define=_FRWP_ENABLE --define=_INFO_FRWP_ENABLE -g --printf_support=minimal --diag_warning=225 --diag_wrap=off --display_error_number --silicon_errata=CPU21 --silicon_errata=CPU22 --silicon_errata=CPU40 --preproc_with_compile --preproc_dependency="main.d_raw"  "../main.c"
"..\macros.h", line 148: warning #48-D: incompatible redefinition of macro "WAIT" (declared at line 17)
"..\macros.h", line 178: warning #48-D: incompatible redefinition of macro "PRESSED" (declared at line 124)
"..\macros.h", line 179: warning #48-D: incompatible redefinition of macro "RELEASED" (declared at line 125)
"..\macros.h", line 204: warning #48-D: incompatible redefinition of macro "TB0CCR0_INTERVAL" (declared at line 72)
"..\macros.h", line 205: warning #48-D: incompatible redefinition of macro "TB0CCR1_INTERVAL" (declared at line 73)
"..\macros.h", line 206: warning #48-D: incompatible redefinition of macro "TB0CCR2_INTERVAL" (declared at line 74)
"../main.c", line 25: warning #225-D: function "strcpy" declared implicitly
Finished building: "../main.c"
 
Building file: "../switches.c"
Invoking: MSP430 Compiler
"D:/ccs/tools/compiler/ti-cgt-msp430_21.6.1.LTS/bin/cl430" -vmspx --use_hw_mpy=F5 --include_path="D:/ccs/ccs_base/msp430/include" --include_path="D:/ccs/Project 08/Project 08" --include_path="D:/ccs/tools/compiler/ti-cgt-msp430_21.6.1.LTS/include" --advice:power=all --advice:hw_config=all --define=__MSP430FR2355__ --define=_FRWP_ENABLE --define=_INFO_FRWP_ENABLE -g --printf_support=minimal --diag_warning=225 --diag_wrap=off --display_error_number --silicon_errata=CPU21 --silicon_errata=CPU22 --silicon_errata=CPU40 --preproc_with_compile --preproc_dependency="switches.d_raw"  "../switches.c"
"..\macros.h", line 148: warning #48-D: incompatible redefinition of macro "WAIT" (declared at line 17)
"..\macros.h", line 178: warning #48-D: incompatible redefinition of macro "PRESSED" (declared at line 124)
"..\macros.h", line 179: warning #48-D: incompatible redefinition of macro "RELEASED" (declared at line 125)
"..\macros.h", line 204: warning #48-D: incompatible redefinition of macro "TB0CCR0_INTERVAL" (declared at line 72)
"..\macros.h", line 205: warning #48-D: incompatible redefinition of macro "TB0CCR1_INTERVAL" (declared at line 73)
"..\macros.h", line 206: warning #48-D: incompatible redefinition of macro "TB0CCR2_INTERVAL" (declared at line 74)
"../switches.c", line 15: remark #1527-D: (ULP 2.1) Detected SW delay loop using __delay_cycles. Recommend using a timer module instead
"../switches.c", line 25: remark #1527-D: (ULP 2.1) Detected SW delay loop using __delay_cycles. Recommend using a timer module instead
Finished building: "../switches.c"
 
Building target: "Project 08.out"
Invoking: MSP430 Linker
"D:/ccs/tools/compiler/ti-cgt-msp430_21.6.1.LTS/bin/cl430" -vmspx --use_hw_mpy=F5 --advice:power=all --advice:hw_config=all --define=__MSP430FR2355__ --define=_FRWP_ENABLE --define=_INFO_FRWP_ENABLE -g --printf_support=minimal --diag_warning=225 --diag_wrap=off --display_error_number --silicon_errata=CPU21 --silicon_errata=CPU22 --silicon_errata=CPU40 -z -m"Project 08.map" --heap_size=160 --stack_size=160 --cinit_hold_wdt=on -i"D:/ccs/ccs_base/msp430/include" -i"D:/ccs/ccs_base/msp430/lib/FR2xx" -i"D:/ccs/tools/compiler/ti-cgt-msp430_21.6.1.LTS/lib" -i"D:/ccs/tools/compiler/ti-cgt-msp430_21.6.1.LTS/include" --priority --reread_libs --define=_FRWP_ENABLE --define=_INFO_FRWP_ENABLE --diag_wrap=off --display_error_number --warn_sections --xml_link_info="Project 08_linkInfo.xml" --use_hw_mpy=F5 --rom_model -o "Project 08.out" "./Display.obj" "./adc.obj" "./black_line.obj" "./clocks.obj" "./init.obj" "./led.obj" "./main.obj" "./ports.obj" "./serial.obj" "./states.obj" "./switches.obj" "./system.obj" "./timers.obj" "./timers_move.obj" "./usci.obj" "./wheels.obj" "../Compiled/LCD.obj" "../lnk_msp430fr2355.cmd"  -lfrwp_init.a -llibc.a 
<Linking>
remark #10372-D: (ULP 4.1) Detected uninitialized Port A in this project. Recommend initializing all unused ports to eliminate wasted current consumption on unused pins.
remark #10372-D: (ULP 4.1) Detected uninitialized Port B in this project. Recommend initializing all unused ports to eliminate wasted current consumption on unused pins.
remark #10372-D: (ULP 4.1) Detected uninitialized Port C in this project. Recommend initializing all unused ports to eliminate wasted current consumption on unused pins.
remark #10422-D: (ULP 6.2) Detected use of a device with available 32-bit hardware multiplier and not also using MSPMATHLIB library (libmath.a).  Recommend using MSPMATHLIB library (libmath.a) for improved performance.
Finished building target: "Project 08.out"
 

**** Build Finished ****

**** Build of configuration Debug for project Project 08 ****

"D:\\ccs\\utils\\bin\\gmake" -k -j 16 all -O 
 
gmake[1]: 'Project 08.out' is up to date.

**** Build Finished ****

**** Build of configuration Debug for project Project 08 ****

"D:\\ccs\\utils\\bin\\gmake" -k -j 16 all -O 
 
gmake[1]: 'Project 08.out' is up to date.

**** Build Finished ****

**** Build of configuration Debug for project Project 08 ****

"D:\\ccs\\utils\\bin\\gmake" -k -j 16 all -O 
 
Building file: "../main.c"
Invoking: MSP430 Compiler
"D:/ccs/tools/compiler/ti-cgt-msp430_21.6.1.LTS/bin/cl430" -vmspx --use_hw_mpy=F5 --include_path="D:/ccs/ccs_base/msp430/include" --include_path="D:/ccs/Project 08/Project 08" --include_path="D:/ccs/tools/compiler/ti-cgt-msp430_21.6.1.LTS/include" --advice:power=all --advice:hw_config=all --define=__MSP430FR2355__ --define=_FRWP_ENABLE --define=_INFO_FRWP_ENABLE -g --printf_support=minimal --diag_warning=225 --diag_wrap=off --display_error_number --silicon_errata=CPU21 --silicon_errata=CPU22 --silicon_errata=CPU40 --preproc_with_compile --preproc_dependency="main.d_raw"  "../main.c"
"..\macros.h", line 148: warning #48-D: incompatible redefinition of macro "WAIT" (declared at line 17)
"..\macros.h", line 178: warning #48-D: incompatible redefinition of macro "PRESSED" (declared at line 124)
"..\macros.h", line 179: warning #48-D: incompatible redefinition of macro "RELEASED" (declared at line 125)
"..\macros.h", line 204: warning #48-D: incompatible redefinition of macro "TB0CCR0_INTERVAL" (declared at line 72)
"..\macros.h", line 205: warning #48-D: incompatible redefinition of macro "TB0CCR1_INTERVAL" (declared at line 73)
"..\macros.h", line 206: warning #48-D: incompatible redefinition of macro "TB0CCR2_INTERVAL" (declared at line 74)
"../main.c", line 33: warning #225-D: function "Init_ADC" declared implicitly
"../main.c", line 46: warning #225-D: function "strcpy" declared implicitly
"../main.c", line 62: warning #225-D: function "Carlson_StateMachine" declared implicitly
"../main.c", line 80: warning #225-D: function "LCD_update" declared implicitly
Finished building: "../main.c"
 
Building target: "Project 08.out"
Invoking: MSP430 Linker
"D:/ccs/tools/compiler/ti-cgt-msp430_21.6.1.LTS/bin/cl430" -vmspx --use_hw_mpy=F5 --advice:power=all --advice:hw_config=all --define=__MSP430FR2355__ --define=_FRWP_ENABLE --define=_INFO_FRWP_ENABLE -g --printf_support=minimal --diag_warning=225 --diag_wrap=off --display_error_number --silicon_errata=CPU21 --silicon_errata=CPU22 --silicon_errata=CPU40 -z -m"Project 08.map" --heap_size=160 --stack_size=160 --cinit_hold_wdt=on -i"D:/ccs/ccs_base/msp430/include" -i"D:/ccs/ccs_base/msp430/lib/FR2xx" -i"D:/ccs/tools/compiler/ti-cgt-msp430_21.6.1.LTS/lib" -i"D:/ccs/tools/compiler/ti-cgt-msp430_21.6.1.LTS/include" --priority --reread_libs --define=_FRWP_ENABLE --define=_INFO_FRWP_ENABLE --diag_wrap=off --display_error_number --warn_sections --xml_link_info="Project 08_linkInfo.xml" --use_hw_mpy=F5 --rom_model -o "Project 08.out" "./Display.obj" "./adc.obj" "./black_line.obj" "./clocks.obj" "./init.obj" "./led.obj" "./main.obj" "./ports.obj" "./serial.obj" "./states.obj" "./switches.obj" "./system.obj" "./timers.obj" "./timers_move.obj" "./usci.obj" "./wheels.obj" "../Compiled/LCD.obj" "../lnk_msp430fr2355.cmd"  -lfrwp_init.a -llibc.a 
<Linking>
remark #10372-D: (ULP 4.1) Detected uninitialized Port A in this project. Recommend initializing all unused ports to eliminate wasted current consumption on unused pins.
remark #10372-D: (ULP 4.1) Detected uninitialized Port B in this project. Recommend initializing all unused ports to eliminate wasted current consumption on unused pins.
remark #10372-D: (ULP 4.1) Detected uninitialized Port C in this project. Recommend initializing all unused ports to eliminate wasted current consumption on unused pins.
remark #10422-D: (ULP 6.2) Detected use of a device with available 32-bit hardware multiplier and not also using MSPMATHLIB library (libmath.a).  Recommend using MSPMATHLIB library (libmath.a) for improved performance.
Finished building target: "Project 08.out"
 

**** Build Finished ****

**** Build of configuration Debug for project Project 08 ****

"D:\\ccs\\utils\\bin\\gmake" -k -j 16 all -O 
 
gmake[1]: 'Project 08.out' is up to date.

**** Build Finished ****

**** Build of configuration Debug for project Project 08 ****

"D:\\ccs\\utils\\bin\\gmake" -k -j 16 all -O 
 
Building file: "../serial.c"
Invoking: MSP430 Compiler
"D:/ccs/tools/compiler/ti-cgt-msp430_21.6.1.LTS/bin/cl430" -vmspx --use_hw_mpy=F5 --include_path="D:/ccs/ccs_base/msp430/include" --include_path="D:/ccs/Project 08/Project 08" --include_path="D:/ccs/tools/compiler/ti-cgt-msp430_21.6.1.LTS/include" --advice:power=all --advice:hw_config=all --define=__MSP430FR2355__ --define=_FRWP_ENABLE --define=_INFO_FRWP_ENABLE -g --printf_support=minimal --diag_warning=225 --diag_wrap=off --display_error_number --silicon_errata=CPU21 --silicon_errata=CPU22 --silicon_errata=CPU40 --preproc_with_compile --preproc_dependency="serial.d_raw"  "../serial.c"
 
>> Compilation failure
subdir_rules.mk:9: recipe for target 'serial.obj' failed
"..\macros.h", line 148: warning #48-D: incompatible redefinition of macro "WAIT" (declared at line 17)
"..\macros.h", line 178: warning #48-D: incompatible redefinition of macro "PRESSED" (declared at line 124)
"..\macros.h", line 179: warning #48-D: incompatible redefinition of macro "RELEASED" (declared at line 125)
"..\macros.h", line 204: warning #48-D: incompatible redefinition of macro "TB0CCR0_INTERVAL" (declared at line 72)
"..\macros.h", line 205: warning #48-D: incompatible redefinition of macro "TB0CCR1_INTERVAL" (declared at line 73)
"..\macros.h", line 206: warning #48-D: incompatible redefinition of macro "TB0CCR2_INTERVAL" (declared at line 74)
"../serial.c", line 65: warning #169-D: argument of type "volatile char *" is incompatible with parameter of type "const char *__restrict__"
"../serial.c", line 77: warning #169-D: argument of type "volatile char *" is incompatible with parameter of type "const char *"
"../serial.c", line 80: warning #169-D: argument of type "volatile char *" is incompatible with parameter of type "const char *__restrict__"
"../serial.c", line 84: error #29: expected an expression
"../serial.c", line 84: error #20: identifier "i" is undefined
"../serial.c", line 85: remark #1528-D: (ULP 3.1) Detected flag polling using UCA1IFG. Recommend using an interrupt combined with enter LPMx and ISR
"../serial.c", line 100: remark #1538-D: (ULP 10.1) ISR EUSCI_A1_ISR calls function memset. Recommend moving function call away from ISR, or inlining the function, or using pragmas
"../serial.c", line 100: remark #1538-D: (ULP 10.1) ISR EUSCI_A1_ISR calls function memset. Recommend moving function call away from ISR, or inlining the function, or using pragmas
2 errors detected in the compilation of "../serial.c".
gmake: *** [serial.obj] Error 1
Building file: "../main.c"
Invoking: MSP430 Compiler
"D:/ccs/tools/compiler/ti-cgt-msp430_21.6.1.LTS/bin/cl430" -vmspx --use_hw_mpy=F5 --include_path="D:/ccs/ccs_base/msp430/include" --include_path="D:/ccs/Project 08/Project 08" --include_path="D:/ccs/tools/compiler/ti-cgt-msp430_21.6.1.LTS/include" --advice:power=all --advice:hw_config=all --define=__MSP430FR2355__ --define=_FRWP_ENABLE --define=_INFO_FRWP_ENABLE -g --printf_support=minimal --diag_warning=225 --diag_wrap=off --display_error_number --silicon_errata=CPU21 --silicon_errata=CPU22 --silicon_errata=CPU40 --preproc_with_compile --preproc_dependency="main.d_raw"  "../main.c"
"..\macros.h", line 148: warning #48-D: incompatible redefinition of macro "WAIT" (declared at line 17)
"..\macros.h", line 178: warning #48-D: incompatible redefinition of macro "PRESSED" (declared at line 124)
"..\macros.h", line 179: warning #48-D: incompatible redefinition of macro "RELEASED" (declared at line 125)
"..\macros.h", line 204: warning #48-D: incompatible redefinition of macro "TB0CCR0_INTERVAL" (declared at line 72)
"..\macros.h", line 205: warning #48-D: incompatible redefinition of macro "TB0CCR1_INTERVAL" (declared at line 73)
"..\macros.h", line 206: warning #48-D: incompatible redefinition of macro "TB0CCR2_INTERVAL" (declared at line 74)
"../main.c", line 57: warning #225-D: function "Init_ADC" declared implicitly
"../main.c", line 95: warning #225-D: function "Carlson_StateMachine" declared implicitly
"../main.c", line 108: warning #225-D: function "LCD_update" declared implicitly
"../main.c", line 37: remark #1535-D: (ULP 8.1) variable "wheel_move" is used as a constant. Recommend declaring variable as either 'static const' or 'const'
"../main.c", line 38: remark #1535-D: (ULP 8.1) variable "forward" is used as a constant. Recommend declaring variable as either 'static const' or 'const'
"../main.c", line 39: remark #1535-D: (ULP 8.1) variable "event" is used as a constant. Recommend declaring variable as either 'static const' or 'const'
Finished building: "../main.c"
 
Building file: "../switches.c"
Invoking: MSP430 Compiler
"D:/ccs/tools/compiler/ti-cgt-msp430_21.6.1.LTS/bin/cl430" -vmspx --use_hw_mpy=F5 --include_path="D:/ccs/ccs_base/msp430/include" --include_path="D:/ccs/Project 08/Project 08" --include_path="D:/ccs/tools/compiler/ti-cgt-msp430_21.6.1.LTS/include" --advice:power=all --advice:hw_config=all --define=__MSP430FR2355__ --define=_FRWP_ENABLE --define=_INFO_FRWP_ENABLE -g --printf_support=minimal --diag_warning=225 --diag_wrap=off --display_error_number --silicon_errata=CPU21 --silicon_errata=CPU22 --silicon_errata=CPU40 --preproc_with_compile --preproc_dependency="switches.d_raw"  "../switches.c"
"..\macros.h", line 148: warning #48-D: incompatible redefinition of macro "WAIT" (declared at line 17)
"..\macros.h", line 178: warning #48-D: incompatible redefinition of macro "PRESSED" (declared at line 124)
"..\macros.h", line 179: warning #48-D: incompatible redefinition of macro "RELEASED" (declared at line 125)
"..\macros.h", line 204: warning #48-D: incompatible redefinition of macro "TB0CCR0_INTERVAL" (declared at line 72)
"..\macros.h", line 205: warning #48-D: incompatible redefinition of macro "TB0CCR1_INTERVAL" (declared at line 73)
"..\macros.h", line 206: warning #48-D: incompatible redefinition of macro "TB0CCR2_INTERVAL" (declared at line 74)
"../switches.c", line 17: remark #1527-D: (ULP 2.1) Detected SW delay loop using __delay_cycles. Recommend using a timer module instead
"../switches.c", line 29: remark #1527-D: (ULP 2.1) Detected SW delay loop using __delay_cycles. Recommend using a timer module instead
Finished building: "../switches.c"
 
gmake: Target 'all' not remade because of errors.

**** Build Finished ****

**** Build of configuration Debug for project Project 08 ****

"D:\\ccs\\utils\\bin\\gmake" -k -j 16 all -O 
 
Building file: "../serial.c"
Invoking: MSP430 Compiler
"D:/ccs/tools/compiler/ti-cgt-msp430_21.6.1.LTS/bin/cl430" -vmspx --use_hw_mpy=F5 --include_path="D:/ccs/ccs_base/msp430/include" --include_path="D:/ccs/Project 08/Project 08" --include_path="D:/ccs/tools/compiler/ti-cgt-msp430_21.6.1.LTS/include" --advice:power=all --advice:hw_config=all --define=__MSP430FR2355__ --define=_FRWP_ENABLE --define=_INFO_FRWP_ENABLE -g --printf_support=minimal --diag_warning=225 --diag_wrap=off --display_error_number --silicon_errata=CPU21 --silicon_errata=CPU22 --silicon_errata=CPU40 --preproc_with_compile --preproc_dependency="serial.d_raw"  "../serial.c"
"..\macros.h", line 148: warning #48-D: incompatible redefinition of macro "WAIT" (declared at line 17)
"..\macros.h", line 178: warning #48-D: incompatible redefinition of macro "PRESSED" (declared at line 124)
"..\macros.h", line 179: warning #48-D: incompatible redefinition of macro "RELEASED" (declared at line 125)
"..\macros.h", line 204: warning #48-D: incompatible redefinition of macro "TB0CCR0_INTERVAL" (declared at line 72)
"..\macros.h", line 205: warning #48-D: incompatible redefinition of macro "TB0CCR1_INTERVAL" (declared at line 73)
"..\macros.h", line 206: warning #48-D: incompatible redefinition of macro "TB0CCR2_INTERVAL" (declared at line 74)
"../serial.c", line 65: warning #169-D: argument of type "volatile char *" is incompatible with parameter of type "const char *__restrict__"
"../serial.c", line 77: warning #169-D: argument of type "volatile char *" is incompatible with parameter of type "const char *"
"../serial.c", line 80: warning #169-D: argument of type "volatile char *" is incompatible with parameter of type "const char *__restrict__"
"../serial.c", line 85: remark #1528-D: (ULP 3.1) Detected flag polling using UCA1IFG. Recommend using an interrupt combined with enter LPMx and ISR
"../serial.c", line 84: remark #1544-D: (ULP 13.1) Detected loop counting up. Recommend loops count down as detecting zeros is easier
"../serial.c", line 100: remark #1538-D: (ULP 10.1) ISR EUSCI_A1_ISR calls function memset. Recommend moving function call away from ISR, or inlining the function, or using pragmas
"../serial.c", line 100: remark #1538-D: (ULP 10.1) ISR EUSCI_A1_ISR calls function memset. Recommend moving function call away from ISR, or inlining the function, or using pragmas
Finished building: "../serial.c"
 
Building target: "Project 08.out"
Invoking: MSP430 Linker
"D:/ccs/tools/compiler/ti-cgt-msp430_21.6.1.LTS/bin/cl430" -vmspx --use_hw_mpy=F5 --advice:power=all --advice:hw_config=all --define=__MSP430FR2355__ --define=_FRWP_ENABLE --define=_INFO_FRWP_ENABLE -g --printf_support=minimal --diag_warning=225 --diag_wrap=off --display_error_number --silicon_errata=CPU21 --silicon_errata=CPU22 --silicon_errata=CPU40 -z -m"Project 08.map" --heap_size=160 --stack_size=160 --cinit_hold_wdt=on -i"D:/ccs/ccs_base/msp430/include" -i"D:/ccs/ccs_base/msp430/lib/FR2xx" -i"D:/ccs/tools/compiler/ti-cgt-msp430_21.6.1.LTS/lib" -i"D:/ccs/tools/compiler/ti-cgt-msp430_21.6.1.LTS/include" --priority --reread_libs --define=_FRWP_ENABLE --define=_INFO_FRWP_ENABLE --diag_wrap=off --display_error_number --warn_sections --xml_link_info="Project 08_linkInfo.xml" --use_hw_mpy=F5 --rom_model -o "Project 08.out" "./Display.obj" "./adc.obj" "./black_line.obj" "./clocks.obj" "./init.obj" "./led.obj" "./main.obj" "./ports.obj" "./serial.obj" "./states.obj" "./switches.obj" "./system.obj" "./timers.obj" "./timers_move.obj" "./usci.obj" "./wheels.obj" "../Compiled/LCD.obj" "../lnk_msp430fr2355.cmd"  -lfrwp_init.a -llibc.a 
<Linking>
remark #10372-D: (ULP 4.1) Detected uninitialized Port A in this project. Recommend initializing all unused ports to eliminate wasted current consumption on unused pins.
remark #10372-D: (ULP 4.1) Detected uninitialized Port B in this project. Recommend initializing all unused ports to eliminate wasted current consumption on unused pins.
remark #10372-D: (ULP 4.1) Detected uninitialized Port C in this project. Recommend initializing all unused ports to eliminate wasted current consumption on unused pins.
remark #10422-D: (ULP 6.2) Detected use of a device with available 32-bit hardware multiplier and not also using MSPMATHLIB library (libmath.a).  Recommend using MSPMATHLIB library (libmath.a) for improved performance.
Finished building target: "Project 08.out"
 

**** Build Finished ****

**** Build of configuration Debug for project Project 08 ****

"D:\\ccs\\utils\\bin\\gmake" -k -j 16 all -O 
 
gmake[1]: 'Project 08.out' is up to date.

**** Build Finished ****

**** Build of configuration Debug for project Project 08 ****

"D:\\ccs\\utils\\bin\\gmake" -k -j 16 all -O 
 
Building file: "../serial.c"
Invoking: MSP430 Compiler
"D:/ccs/tools/compiler/ti-cgt-msp430_21.6.1.LTS/bin/cl430" -vmspx --use_hw_mpy=F5 --include_path="D:/ccs/ccs_base/msp430/include" --include_path="D:/ccs/Project 08/Project 08" --include_path="D:/ccs/tools/compiler/ti-cgt-msp430_21.6.1.LTS/include" --advice:power=all --advice:hw_config=all --define=__MSP430FR2355__ --define=_FRWP_ENABLE --define=_INFO_FRWP_ENABLE -g --printf_support=minimal --diag_warning=225 --diag_wrap=off --display_error_number --silicon_errata=CPU21 --silicon_errata=CPU22 --silicon_errata=CPU40 --preproc_with_compile --preproc_dependency="serial.d_raw"  "../serial.c"
"..\macros.h", line 148: warning #48-D: incompatible redefinition of macro "WAIT" (declared at line 17)
"..\macros.h", line 178: warning #48-D: incompatible redefinition of macro "PRESSED" (declared at line 124)
"..\macros.h", line 179: warning #48-D: incompatible redefinition of macro "RELEASED" (declared at line 125)
"..\macros.h", line 204: warning #48-D: incompatible redefinition of macro "TB0CCR0_INTERVAL" (declared at line 72)
"..\macros.h", line 205: warning #48-D: incompatible redefinition of macro "TB0CCR1_INTERVAL" (declared at line 73)
"..\macros.h", line 206: warning #48-D: incompatible redefinition of macro "TB0CCR2_INTERVAL" (declared at line 74)
"../serial.c", line 65: warning #169-D: argument of type "volatile char *" is incompatible with parameter of type "const char *__restrict__"
"../serial.c", line 78: warning #169-D: argument of type "volatile char *" is incompatible with parameter of type "const char *"
"../serial.c", line 81: warning #169-D: argument of type "volatile char *" is incompatible with parameter of type "const char *__restrict__"
"../serial.c", line 86: remark #1528-D: (ULP 3.1) Detected flag polling using UCA1IFG. Recommend using an interrupt combined with enter LPMx and ISR
"../serial.c", line 85: remark #1544-D: (ULP 13.1) Detected loop counting up. Recommend loops count down as detecting zeros is easier
"../serial.c", line 101: remark #1538-D: (ULP 10.1) ISR EUSCI_A1_ISR calls function memset. Recommend moving function call away from ISR, or inlining the function, or using pragmas
"../serial.c", line 101: remark #1538-D: (ULP 10.1) ISR EUSCI_A1_ISR calls function memset. Recommend moving function call away from ISR, or inlining the function, or using pragmas
Finished building: "../serial.c"
 
Building target: "Project 08.out"
Invoking: MSP430 Linker
"D:/ccs/tools/compiler/ti-cgt-msp430_21.6.1.LTS/bin/cl430" -vmspx --use_hw_mpy=F5 --advice:power=all --advice:hw_config=all --define=__MSP430FR2355__ --define=_FRWP_ENABLE --define=_INFO_FRWP_ENABLE -g --printf_support=minimal --diag_warning=225 --diag_wrap=off --display_error_number --silicon_errata=CPU21 --silicon_errata=CPU22 --silicon_errata=CPU40 -z -m"Project 08.map" --heap_size=160 --stack_size=160 --cinit_hold_wdt=on -i"D:/ccs/ccs_base/msp430/include" -i"D:/ccs/ccs_base/msp430/lib/FR2xx" -i"D:/ccs/tools/compiler/ti-cgt-msp430_21.6.1.LTS/lib" -i"D:/ccs/tools/compiler/ti-cgt-msp430_21.6.1.LTS/include" --priority --reread_libs --define=_FRWP_ENABLE --define=_INFO_FRWP_ENABLE --diag_wrap=off --display_error_number --warn_sections --xml_link_info="Project 08_linkInfo.xml" --use_hw_mpy=F5 --rom_model -o "Project 08.out" "./Display.obj" "./adc.obj" "./black_line.obj" "./clocks.obj" "./init.obj" "./led.obj" "./main.obj" "./ports.obj" "./serial.obj" "./states.obj" "./switches.obj" "./system.obj" "./timers.obj" "./timers_move.obj" "./usci.obj" "./wheels.obj" "../Compiled/LCD.obj" "../lnk_msp430fr2355.cmd"  -lfrwp_init.a -llibc.a 
<Linking>
remark #10372-D: (ULP 4.1) Detected uninitialized Port A in this project. Recommend initializing all unused ports to eliminate wasted current consumption on unused pins.
remark #10372-D: (ULP 4.1) Detected uninitialized Port B in this project. Recommend initializing all unused ports to eliminate wasted current consumption on unused pins.
remark #10372-D: (ULP 4.1) Detected uninitialized Port C in this project. Recommend initializing all unused ports to eliminate wasted current consumption on unused pins.
remark #10422-D: (ULP 6.2) Detected use of a device with available 32-bit hardware multiplier and not also using MSPMATHLIB library (libmath.a).  Recommend using MSPMATHLIB library (libmath.a) for improved performance.
Finished building target: "Project 08.out"
 

**** Build Finished ****

**** Build of configuration Debug for project Project 08 ****

"D:\\ccs\\utils\\bin\\gmake" -k -j 16 all -O 
 
gmake[1]: 'Project 08.out' is up to date.

**** Build Finished ****

**** Build of configuration Debug for project Project 08 ****

"D:\\ccs\\utils\\bin\\gmake" -k -j 16 all -O 
 
Building file: "../serial.c"
Invoking: MSP430 Compiler
"D:/ccs/tools/compiler/ti-cgt-msp430_21.6.1.LTS/bin/cl430" -vmspx --use_hw_mpy=F5 --include_path="D:/ccs/ccs_base/msp430/include" --include_path="D:/ccs/Project 08/Project 08" --include_path="D:/ccs/tools/compiler/ti-cgt-msp430_21.6.1.LTS/include" --advice:power=all --advice:hw_config=all --define=__MSP430FR2355__ --define=_FRWP_ENABLE --define=_INFO_FRWP_ENABLE -g --printf_support=minimal --diag_warning=225 --diag_wrap=off --display_error_number --silicon_errata=CPU21 --silicon_errata=CPU22 --silicon_errata=CPU40 --preproc_with_compile --preproc_dependency="serial.d_raw"  "../serial.c"
 
>> Compilation failure
subdir_rules.mk:9: recipe for target 'serial.obj' failed
"..\macros.h", line 148: warning #48-D: incompatible redefinition of macro "WAIT" (declared at line 17)
"..\macros.h", line 178: warning #48-D: incompatible redefinition of macro "PRESSED" (declared at line 124)
"..\macros.h", line 179: warning #48-D: incompatible redefinition of macro "RELEASED" (declared at line 125)
"..\macros.h", line 204: warning #48-D: incompatible redefinition of macro "TB0CCR0_INTERVAL" (declared at line 72)
"..\macros.h", line 205: warning #48-D: incompatible redefinition of macro "TB0CCR1_INTERVAL" (declared at line 73)
"..\macros.h", line 206: warning #48-D: incompatible redefinition of macro "TB0CCR2_INTERVAL" (declared at line 74)
"../serial.c", line 59: warning #169-D: argument of type "volatile char *" is incompatible with parameter of type "const char *__restrict__"
"../serial.c", line 67: warning #169-D: argument of type "volatile char *" is incompatible with parameter of type "const char *"
"../serial.c", line 70: warning #169-D: argument of type "volatile char *" is incompatible with parameter of type "const char *__restrict__"
"../serial.c", line 73: error #29: expected an expression
"../serial.c", line 73: error #20: identifier "i" is undefined
"../serial.c", line 74: remark #1528-D: (ULP 3.1) Detected flag polling using UCA0IFG. Recommend using an interrupt combined with enter LPMx and ISR
"../serial.c", line 87: remark #1538-D: (ULP 10.1) ISR EUSCI_A0_ISR calls function memset. Recommend moving function call away from ISR, or inlining the function, or using pragmas
"../serial.c", line 87: remark #1538-D: (ULP 10.1) ISR EUSCI_A0_ISR calls function memset. Recommend moving function call away from ISR, or inlining the function, or using pragmas
2 errors detected in the compilation of "../serial.c".
gmake: *** [serial.obj] Error 1
Building file: "../ports.c"
Invoking: MSP430 Compiler
"D:/ccs/tools/compiler/ti-cgt-msp430_21.6.1.LTS/bin/cl430" -vmspx --use_hw_mpy=F5 --include_path="D:/ccs/ccs_base/msp430/include" --include_path="D:/ccs/Project 08/Project 08" --include_path="D:/ccs/tools/compiler/ti-cgt-msp430_21.6.1.LTS/include" --advice:power=all --advice:hw_config=all --define=__MSP430FR2355__ --define=_FRWP_ENABLE --define=_INFO_FRWP_ENABLE -g --printf_support=minimal --diag_warning=225 --diag_wrap=off --display_error_number --silicon_errata=CPU21 --silicon_errata=CPU22 --silicon_errata=CPU40 --preproc_with_compile --preproc_dependency="ports.d_raw"  "../ports.c"
"..\macros.h", line 148: warning #48-D: incompatible redefinition of macro "WAIT" (declared at line 17)
"..\macros.h", line 178: warning #48-D: incompatible redefinition of macro "PRESSED" (declared at line 124)
"..\macros.h", line 179: warning #48-D: incompatible redefinition of macro "RELEASED" (declared at line 125)
"..\macros.h", line 204: warning #48-D: incompatible redefinition of macro "TB0CCR0_INTERVAL" (declared at line 72)
"..\macros.h", line 205: warning #48-D: incompatible redefinition of macro "TB0CCR1_INTERVAL" (declared at line 73)
"..\macros.h", line 206: warning #48-D: incompatible redefinition of macro "TB0CCR2_INTERVAL" (declared at line 74)
"../ports.c", line 21: warning #225-D: function "Init_Port_1" declared implicitly
"../ports.c", line 22: warning #225-D: function "Init_Port_2" declared implicitly
"../ports.c", line 23: warning #225-D: function "Init_Port_3" declared implicitly
"../ports.c", line 24: warning #225-D: function "Init_Port_4" declared implicitly
"../ports.c", line 25: warning #225-D: function "Init_Port_5" declared implicitly
"../ports.c", line 26: warning #225-D: function "Init_Port_6" declared implicitly
"../ports.c", line 32: warning #161-D: declaration is incompatible with previous "Init_Port_1" (declared at line 21)
"../ports.c", line 91: warning #161-D: declaration is incompatible with previous "Init_Port_2" (declared at line 22)
"../ports.c", line 146: warning #161-D: declaration is incompatible with previous "Init_Port_3" (declared at line 23)
"../ports.c", line 202: warning #161-D: declaration is incompatible with previous "Init_Port_4" (declared at line 24)
"../ports.c", line 252: warning #161-D: declaration is incompatible with previous "Init_Port_5" (declared at line 25)
"../ports.c", line 291: warning #161-D: declaration is incompatible with previous "Init_Port_6" (declared at line 26)
Finished building: "../ports.c"
 
gmake: Target 'all' not remade because of errors.

**** Build Finished ****

**** Build of configuration Debug for project Project 08 ****

"D:\\ccs\\utils\\bin\\gmake" -k -j 16 all -O 
 
Building file: "../serial.c"
Invoking: MSP430 Compiler
"D:/ccs/tools/compiler/ti-cgt-msp430_21.6.1.LTS/bin/cl430" -vmspx --use_hw_mpy=F5 --include_path="D:/ccs/ccs_base/msp430/include" --include_path="D:/ccs/Project 08/Project 08" --include_path="D:/ccs/tools/compiler/ti-cgt-msp430_21.6.1.LTS/include" --advice:power=all --advice:hw_config=all --define=__MSP430FR2355__ --define=_FRWP_ENABLE --define=_INFO_FRWP_ENABLE -g --printf_support=minimal --diag_warning=225 --diag_wrap=off --display_error_number --silicon_errata=CPU21 --silicon_errata=CPU22 --silicon_errata=CPU40 --preproc_with_compile --preproc_dependency="serial.d_raw"  "../serial.c"
"..\macros.h", line 148: warning #48-D: incompatible redefinition of macro "WAIT" (declared at line 17)
"..\macros.h", line 178: warning #48-D: incompatible redefinition of macro "PRESSED" (declared at line 124)
"..\macros.h", line 179: warning #48-D: incompatible redefinition of macro "RELEASED" (declared at line 125)
"..\macros.h", line 204: warning #48-D: incompatible redefinition of macro "TB0CCR0_INTERVAL" (declared at line 72)
"..\macros.h", line 205: warning #48-D: incompatible redefinition of macro "TB0CCR1_INTERVAL" (declared at line 73)
"..\macros.h", line 206: warning #48-D: incompatible redefinition of macro "TB0CCR2_INTERVAL" (declared at line 74)
"../serial.c", line 59: warning #169-D: argument of type "volatile char *" is incompatible with parameter of type "const char *__restrict__"
"../serial.c", line 67: warning #169-D: argument of type "volatile char *" is incompatible with parameter of type "const char *"
"../serial.c", line 70: warning #169-D: argument of type "volatile char *" is incompatible with parameter of type "const char *__restrict__"
"../serial.c", line 74: remark #1528-D: (ULP 3.1) Detected flag polling using UCA0IFG. Recommend using an interrupt combined with enter LPMx and ISR
"../serial.c", line 73: remark #1544-D: (ULP 13.1) Detected loop counting up. Recommend loops count down as detecting zeros is easier
"../serial.c", line 87: remark #1538-D: (ULP 10.1) ISR EUSCI_A0_ISR calls function memset. Recommend moving function call away from ISR, or inlining the function, or using pragmas
"../serial.c", line 87: remark #1538-D: (ULP 10.1) ISR EUSCI_A0_ISR calls function memset. Recommend moving function call away from ISR, or inlining the function, or using pragmas
Finished building: "../serial.c"
 
Building target: "Project 08.out"
Invoking: MSP430 Linker
"D:/ccs/tools/compiler/ti-cgt-msp430_21.6.1.LTS/bin/cl430" -vmspx --use_hw_mpy=F5 --advice:power=all --advice:hw_config=all --define=__MSP430FR2355__ --define=_FRWP_ENABLE --define=_INFO_FRWP_ENABLE -g --printf_support=minimal --diag_warning=225 --diag_wrap=off --display_error_number --silicon_errata=CPU21 --silicon_errata=CPU22 --silicon_errata=CPU40 -z -m"Project 08.map" --heap_size=160 --stack_size=160 --cinit_hold_wdt=on -i"D:/ccs/ccs_base/msp430/include" -i"D:/ccs/ccs_base/msp430/lib/FR2xx" -i"D:/ccs/tools/compiler/ti-cgt-msp430_21.6.1.LTS/lib" -i"D:/ccs/tools/compiler/ti-cgt-msp430_21.6.1.LTS/include" --priority --reread_libs --define=_FRWP_ENABLE --define=_INFO_FRWP_ENABLE --diag_wrap=off --display_error_number --warn_sections --xml_link_info="Project 08_linkInfo.xml" --use_hw_mpy=F5 --rom_model -o "Project 08.out" "./Display.obj" "./adc.obj" "./black_line.obj" "./clocks.obj" "./init.obj" "./led.obj" "./main.obj" "./ports.obj" "./serial.obj" "./states.obj" "./switches.obj" "./system.obj" "./timers.obj" "./timers_move.obj" "./usci.obj" "./wheels.obj" "../Compiled/LCD.obj" "../lnk_msp430fr2355.cmd"  -lfrwp_init.a -llibc.a 
<Linking>
remark #10372-D: (ULP 4.1) Detected uninitialized Port A in this project. Recommend initializing all unused ports to eliminate wasted current consumption on unused pins.
remark #10372-D: (ULP 4.1) Detected uninitialized Port B in this project. Recommend initializing all unused ports to eliminate wasted current consumption on unused pins.
remark #10372-D: (ULP 4.1) Detected uninitialized Port C in this project. Recommend initializing all unused ports to eliminate wasted current consumption on unused pins.
remark #10422-D: (ULP 6.2) Detected use of a device with available 32-bit hardware multiplier and not also using MSPMATHLIB library (libmath.a).  Recommend using MSPMATHLIB library (libmath.a) for improved performance.
Finished building target: "Project 08.out"
 

**** Build Finished ****

**** Build of configuration Debug for project Project 08 ****

"D:\\ccs\\utils\\bin\\gmake" -k -j 16 all -O 
 
gmake[1]: 'Project 08.out' is up to date.

**** Build Finished ****

**** Build of configuration Debug for project Project 08 ****

"D:\\ccs\\utils\\bin\\gmake" -k -j 16 all -O 
 
Building file: "../switches.c"
Invoking: MSP430 Compiler
"D:/ccs/tools/compiler/ti-cgt-msp430_21.6.1.LTS/bin/cl430" -vmspx --use_hw_mpy=F5 --include_path="D:/ccs/ccs_base/msp430/include" --include_path="D:/ccs/Project 08/Project 08" --include_path="D:/ccs/tools/compiler/ti-cgt-msp430_21.6.1.LTS/include" --advice:power=all --advice:hw_config=all --define=__MSP430FR2355__ --define=_FRWP_ENABLE --define=_INFO_FRWP_ENABLE -g --printf_support=minimal --diag_warning=225 --diag_wrap=off --display_error_number --silicon_errata=CPU21 --silicon_errata=CPU22 --silicon_errata=CPU40 --preproc_with_compile --preproc_dependency="switches.d_raw"  "../switches.c"
"..\macros.h", line 148: warning #48-D: incompatible redefinition of macro "WAIT" (declared at line 17)
"..\macros.h", line 178: warning #48-D: incompatible redefinition of macro "PRESSED" (declared at line 124)
"..\macros.h", line 179: warning #48-D: incompatible redefinition of macro "RELEASED" (declared at line 125)
"..\macros.h", line 204: warning #48-D: incompatible redefinition of macro "TB0CCR0_INTERVAL" (declared at line 72)
"..\macros.h", line 205: warning #48-D: incompatible redefinition of macro "TB0CCR1_INTERVAL" (declared at line 73)
"..\macros.h", line 206: warning #48-D: incompatible redefinition of macro "TB0CCR2_INTERVAL" (declared at line 74)
"../switches.c", line 17: remark #1527-D: (ULP 2.1) Detected SW delay loop using __delay_cycles. Recommend using a timer module instead
"../switches.c", line 24: remark #1527-D: (ULP 2.1) Detected SW delay loop using __delay_cycles. Recommend using a timer module instead
"../switches.c", line 32: remark #1527-D: (ULP 2.1) Detected SW delay loop using empty loop. Recommend using a timer module instead
Finished building: "../switches.c"
 
Building file: "../serial.c"
Invoking: MSP430 Compiler
"D:/ccs/tools/compiler/ti-cgt-msp430_21.6.1.LTS/bin/cl430" -vmspx --use_hw_mpy=F5 --include_path="D:/ccs/ccs_base/msp430/include" --include_path="D:/ccs/Project 08/Project 08" --include_path="D:/ccs/tools/compiler/ti-cgt-msp430_21.6.1.LTS/include" --advice:power=all --advice:hw_config=all --define=__MSP430FR2355__ --define=_FRWP_ENABLE --define=_INFO_FRWP_ENABLE -g --printf_support=minimal --diag_warning=225 --diag_wrap=off --display_error_number --silicon_errata=CPU21 --silicon_errata=CPU22 --silicon_errata=CPU40 --preproc_with_compile --preproc_dependency="serial.d_raw"  "../serial.c"
"..\macros.h", line 148: warning #48-D: incompatible redefinition of macro "WAIT" (declared at line 17)
"..\macros.h", line 178: warning #48-D: incompatible redefinition of macro "PRESSED" (declared at line 124)
"..\macros.h", line 179: warning #48-D: incompatible redefinition of macro "RELEASED" (declared at line 125)
"..\macros.h", line 204: warning #48-D: incompatible redefinition of macro "TB0CCR0_INTERVAL" (declared at line 72)
"..\macros.h", line 205: warning #48-D: incompatible redefinition of macro "TB0CCR1_INTERVAL" (declared at line 73)
"..\macros.h", line 206: warning #48-D: incompatible redefinition of macro "TB0CCR2_INTERVAL" (declared at line 74)
"../serial.c", line 59: warning #169-D: argument of type "volatile char *" is incompatible with parameter of type "const char *__restrict__"
"../serial.c", line 67: warning #169-D: argument of type "volatile char *" is incompatible with parameter of type "const char *"
"../serial.c", line 70: warning #169-D: argument of type "volatile char *" is incompatible with parameter of type "const char *__restrict__"
"../serial.c", line 74: remark #1528-D: (ULP 3.1) Detected flag polling using UCA0IFG. Recommend using an interrupt combined with enter LPMx and ISR
"../serial.c", line 73: remark #1544-D: (ULP 13.1) Detected loop counting up. Recommend loops count down as detecting zeros is easier
"../serial.c", line 93: remark #1538-D: (ULP 10.1) ISR EUSCI_A0_ISR calls function memset. Recommend moving function call away from ISR, or inlining the function, or using pragmas
"../serial.c", line 93: remark #1538-D: (ULP 10.1) ISR EUSCI_A0_ISR calls function memset. Recommend moving function call away from ISR, or inlining the function, or using pragmas
Finished building: "../serial.c"
 
Building target: "Project 08.out"
Invoking: MSP430 Linker
"D:/ccs/tools/compiler/ti-cgt-msp430_21.6.1.LTS/bin/cl430" -vmspx --use_hw_mpy=F5 --advice:power=all --advice:hw_config=all --define=__MSP430FR2355__ --define=_FRWP_ENABLE --define=_INFO_FRWP_ENABLE -g --printf_support=minimal --diag_warning=225 --diag_wrap=off --display_error_number --silicon_errata=CPU21 --silicon_errata=CPU22 --silicon_errata=CPU40 -z -m"Project 08.map" --heap_size=160 --stack_size=160 --cinit_hold_wdt=on -i"D:/ccs/ccs_base/msp430/include" -i"D:/ccs/ccs_base/msp430/lib/FR2xx" -i"D:/ccs/tools/compiler/ti-cgt-msp430_21.6.1.LTS/lib" -i"D:/ccs/tools/compiler/ti-cgt-msp430_21.6.1.LTS/include" --priority --reread_libs --define=_FRWP_ENABLE --define=_INFO_FRWP_ENABLE --diag_wrap=off --display_error_number --warn_sections --xml_link_info="Project 08_linkInfo.xml" --use_hw_mpy=F5 --rom_model -o "Project 08.out" "./Display.obj" "./adc.obj" "./black_line.obj" "./clocks.obj" "./init.obj" "./led.obj" "./main.obj" "./ports.obj" "./serial.obj" "./states.obj" "./switches.obj" "./system.obj" "./timers.obj" "./timers_move.obj" "./usci.obj" "./wheels.obj" "../Compiled/LCD.obj" "../lnk_msp430fr2355.cmd"  -lfrwp_init.a -llibc.a 
<Linking>
remark #10372-D: (ULP 4.1) Detected uninitialized Port A in this project. Recommend initializing all unused ports to eliminate wasted current consumption on unused pins.
remark #10372-D: (ULP 4.1) Detected uninitialized Port B in this project. Recommend initializing all unused ports to eliminate wasted current consumption on unused pins.
remark #10372-D: (ULP 4.1) Detected uninitialized Port C in this project. Recommend initializing all unused ports to eliminate wasted current consumption on unused pins.
remark #10422-D: (ULP 6.2) Detected use of a device with available 32-bit hardware multiplier and not also using MSPMATHLIB library (libmath.a).  Recommend using MSPMATHLIB library (libmath.a) for improved performance.
Finished building target: "Project 08.out"
 

**** Build Finished ****

**** Build of configuration Debug for project Project 08 ****

"D:\\ccs\\utils\\bin\\gmake" -k -j 16 all -O 
 
gmake[1]: 'Project 08.out' is up to date.

**** Build Finished ****

**** Build of configuration Debug for project Project 08 ****

"D:\\ccs\\utils\\bin\\gmake" -k -j 16 all -O 
 
Building file: "../serial.c"
Invoking: MSP430 Compiler
"D:/ccs/tools/compiler/ti-cgt-msp430_21.6.1.LTS/bin/cl430" -vmspx --use_hw_mpy=F5 --include_path="D:/ccs/ccs_base/msp430/include" --include_path="D:/ccs/Project 08/Project 08" --include_path="D:/ccs/tools/compiler/ti-cgt-msp430_21.6.1.LTS/include" --advice:power=all --advice:hw_config=all --define=__MSP430FR2355__ --define=_FRWP_ENABLE --define=_INFO_FRWP_ENABLE -g --printf_support=minimal --diag_warning=225 --diag_wrap=off --display_error_number --silicon_errata=CPU21 --silicon_errata=CPU22 --silicon_errata=CPU40 --preproc_with_compile --preproc_dependency="serial.d_raw"  "../serial.c"
"..\macros.h", line 148: warning #48-D: incompatible redefinition of macro "WAIT" (declared at line 17)
"..\macros.h", line 178: warning #48-D: incompatible redefinition of macro "PRESSED" (declared at line 124)
"..\macros.h", line 179: warning #48-D: incompatible redefinition of macro "RELEASED" (declared at line 125)
"..\macros.h", line 204: warning #48-D: incompatible redefinition of macro "TB0CCR0_INTERVAL" (declared at line 72)
"..\macros.h", line 205: warning #48-D: incompatible redefinition of macro "TB0CCR1_INTERVAL" (declared at line 73)
"..\macros.h", line 206: warning #48-D: incompatible redefinition of macro "TB0CCR2_INTERVAL" (declared at line 74)
"../serial.c", line 59: warning #169-D: argument of type "volatile char *" is incompatible with parameter of type "const char *__restrict__"
"../serial.c", line 67: warning #169-D: argument of type "volatile char *" is incompatible with parameter of type "const char *"
"../serial.c", line 74: remark #1528-D: (ULP 3.1) Detected flag polling using UCA0IFG. Recommend using an interrupt combined with enter LPMx and ISR
"../serial.c", line 73: remark #1544-D: (ULP 13.1) Detected loop counting up. Recommend loops count down as detecting zeros is easier
"../serial.c", line 93: remark #1538-D: (ULP 10.1) ISR EUSCI_A0_ISR calls function memset. Recommend moving function call away from ISR, or inlining the function, or using pragmas
"../serial.c", line 93: remark #1538-D: (ULP 10.1) ISR EUSCI_A0_ISR calls function memset. Recommend moving function call away from ISR, or inlining the function, or using pragmas
Finished building: "../serial.c"
 
Building target: "Project 08.out"
Invoking: MSP430 Linker
"D:/ccs/tools/compiler/ti-cgt-msp430_21.6.1.LTS/bin/cl430" -vmspx --use_hw_mpy=F5 --advice:power=all --advice:hw_config=all --define=__MSP430FR2355__ --define=_FRWP_ENABLE --define=_INFO_FRWP_ENABLE -g --printf_support=minimal --diag_warning=225 --diag_wrap=off --display_error_number --silicon_errata=CPU21 --silicon_errata=CPU22 --silicon_errata=CPU40 -z -m"Project 08.map" --heap_size=160 --stack_size=160 --cinit_hold_wdt=on -i"D:/ccs/ccs_base/msp430/include" -i"D:/ccs/ccs_base/msp430/lib/FR2xx" -i"D:/ccs/tools/compiler/ti-cgt-msp430_21.6.1.LTS/lib" -i"D:/ccs/tools/compiler/ti-cgt-msp430_21.6.1.LTS/include" --priority --reread_libs --define=_FRWP_ENABLE --define=_INFO_FRWP_ENABLE --diag_wrap=off --display_error_number --warn_sections --xml_link_info="Project 08_linkInfo.xml" --use_hw_mpy=F5 --rom_model -o "Project 08.out" "./Display.obj" "./adc.obj" "./black_line.obj" "./clocks.obj" "./init.obj" "./led.obj" "./main.obj" "./ports.obj" "./serial.obj" "./states.obj" "./switches.obj" "./system.obj" "./timers.obj" "./timers_move.obj" "./usci.obj" "./wheels.obj" "../Compiled/LCD.obj" "../lnk_msp430fr2355.cmd"  -lfrwp_init.a -llibc.a 
<Linking>
remark #10372-D: (ULP 4.1) Detected uninitialized Port A in this project. Recommend initializing all unused ports to eliminate wasted current consumption on unused pins.
remark #10372-D: (ULP 4.1) Detected uninitialized Port B in this project. Recommend initializing all unused ports to eliminate wasted current consumption on unused pins.
remark #10372-D: (ULP 4.1) Detected uninitialized Port C in this project. Recommend initializing all unused ports to eliminate wasted current consumption on unused pins.
remark #10422-D: (ULP 6.2) Detected use of a device with available 32-bit hardware multiplier and not also using MSPMATHLIB library (libmath.a).  Recommend using MSPMATHLIB library (libmath.a) for improved performance.
Finished building target: "Project 08.out"
 

**** Build Finished ****

**** Build of configuration Debug for project Project 08 ****

"D:\\ccs\\utils\\bin\\gmake" -k -j 16 all -O 
 
gmake[1]: 'Project 08.out' is up to date.

**** Build Finished ****

**** Build of configuration Debug for project Project 08 ****

"D:\\ccs\\utils\\bin\\gmake" -k -j 16 all -O 
 
Building file: "../serial.c"
Invoking: MSP430 Compiler
"D:/ccs/tools/compiler/ti-cgt-msp430_21.6.1.LTS/bin/cl430" -vmspx --use_hw_mpy=F5 --include_path="D:/ccs/ccs_base/msp430/include" --include_path="D:/ccs/Project 08/Project 08" --include_path="D:/ccs/tools/compiler/ti-cgt-msp430_21.6.1.LTS/include" --advice:power=all --advice:hw_config=all --define=__MSP430FR2355__ --define=_FRWP_ENABLE --define=_INFO_FRWP_ENABLE -g --printf_support=minimal --diag_warning=225 --diag_wrap=off --display_error_number --silicon_errata=CPU21 --silicon_errata=CPU22 --silicon_errata=CPU40 --preproc_with_compile --preproc_dependency="serial.d_raw"  "../serial.c"
 
>> Compilation failure
subdir_rules.mk:9: recipe for target 'serial.obj' failed
"..\macros.h", line 148: warning #48-D: incompatible redefinition of macro "WAIT" (declared at line 17)
"..\macros.h", line 178: warning #48-D: incompatible redefinition of macro "PRESSED" (declared at line 124)
"..\macros.h", line 179: warning #48-D: incompatible redefinition of macro "RELEASED" (declared at line 125)
"..\macros.h", line 204: warning #48-D: incompatible redefinition of macro "TB0CCR0_INTERVAL" (declared at line 72)
"..\macros.h", line 205: warning #48-D: incompatible redefinition of macro "TB0CCR1_INTERVAL" (declared at line 73)
"..\macros.h", line 206: warning #48-D: incompatible redefinition of macro "TB0CCR2_INTERVAL" (declared at line 74)
"../serial.c", line 60: error #66: expected a ";"
"../serial.c", line 68: warning #169-D: argument of type "volatile char *" is incompatible with parameter of type "const char *"
"../serial.c", line 75: remark #1528-D: (ULP 3.1) Detected flag polling using UCA0IFG. Recommend using an interrupt combined with enter LPMx and ISR
"../serial.c", line 74: remark #1544-D: (ULP 13.1) Detected loop counting up. Recommend loops count down as detecting zeros is easier
"../serial.c", line 94: remark #1538-D: (ULP 10.1) ISR EUSCI_A0_ISR calls function memset. Recommend moving function call away from ISR, or inlining the function, or using pragmas
"../serial.c", line 94: remark #1538-D: (ULP 10.1) ISR EUSCI_A0_ISR calls function memset. Recommend moving function call away from ISR, or inlining the function, or using pragmas
1 error detected in the compilation of "../serial.c".
gmake: *** [serial.obj] Error 1
gmake: Target 'all' not remade because of errors.

**** Build Finished ****

**** Build of configuration Debug for project Project 08 ****

"D:\\ccs\\utils\\bin\\gmake" -k -j 16 all -O 
 
Building file: "../serial.c"
Invoking: MSP430 Compiler
"D:/ccs/tools/compiler/ti-cgt-msp430_21.6.1.LTS/bin/cl430" -vmspx --use_hw_mpy=F5 --include_path="D:/ccs/ccs_base/msp430/include" --include_path="D:/ccs/Project 08/Project 08" --include_path="D:/ccs/tools/compiler/ti-cgt-msp430_21.6.1.LTS/include" --advice:power=all --advice:hw_config=all --define=__MSP430FR2355__ --define=_FRWP_ENABLE --define=_INFO_FRWP_ENABLE -g --printf_support=minimal --diag_warning=225 --diag_wrap=off --display_error_number --silicon_errata=CPU21 --silicon_errata=CPU22 --silicon_errata=CPU40 --preproc_with_compile --preproc_dependency="serial.d_raw"  "../serial.c"
"..\macros.h", line 148: warning #48-D: incompatible redefinition of macro "WAIT" (declared at line 17)
"..\macros.h", line 178: warning #48-D: incompatible redefinition of macro "PRESSED" (declared at line 124)
"..\macros.h", line 179: warning #48-D: incompatible redefinition of macro "RELEASED" (declared at line 125)
"..\macros.h", line 204: warning #48-D: incompatible redefinition of macro "TB0CCR0_INTERVAL" (declared at line 72)
"..\macros.h", line 205: warning #48-D: incompatible redefinition of macro "TB0CCR1_INTERVAL" (declared at line 73)
"..\macros.h", line 206: warning #48-D: incompatible redefinition of macro "TB0CCR2_INTERVAL" (declared at line 74)
"../serial.c", line 60: warning #169-D: argument of type "volatile char *" is incompatible with parameter of type "const char *__restrict__"
"../serial.c", line 68: warning #169-D: argument of type "volatile char *" is incompatible with parameter of type "const char *"
"../serial.c", line 75: remark #1528-D: (ULP 3.1) Detected flag polling using UCA0IFG. Recommend using an interrupt combined with enter LPMx and ISR
"../serial.c", line 74: remark #1544-D: (ULP 13.1) Detected loop counting up. Recommend loops count down as detecting zeros is easier
"../serial.c", line 94: remark #1538-D: (ULP 10.1) ISR EUSCI_A0_ISR calls function memset. Recommend moving function call away from ISR, or inlining the function, or using pragmas
"../serial.c", line 94: remark #1538-D: (ULP 10.1) ISR EUSCI_A0_ISR calls function memset. Recommend moving function call away from ISR, or inlining the function, or using pragmas
Finished building: "../serial.c"
 
Building target: "Project 08.out"
Invoking: MSP430 Linker
"D:/ccs/tools/compiler/ti-cgt-msp430_21.6.1.LTS/bin/cl430" -vmspx --use_hw_mpy=F5 --advice:power=all --advice:hw_config=all --define=__MSP430FR2355__ --define=_FRWP_ENABLE --define=_INFO_FRWP_ENABLE -g --printf_support=minimal --diag_warning=225 --diag_wrap=off --display_error_number --silicon_errata=CPU21 --silicon_errata=CPU22 --silicon_errata=CPU40 -z -m"Project 08.map" --heap_size=160 --stack_size=160 --cinit_hold_wdt=on -i"D:/ccs/ccs_base/msp430/include" -i"D:/ccs/ccs_base/msp430/lib/FR2xx" -i"D:/ccs/tools/compiler/ti-cgt-msp430_21.6.1.LTS/lib" -i"D:/ccs/tools/compiler/ti-cgt-msp430_21.6.1.LTS/include" --priority --reread_libs --define=_FRWP_ENABLE --define=_INFO_FRWP_ENABLE --diag_wrap=off --display_error_number --warn_sections --xml_link_info="Project 08_linkInfo.xml" --use_hw_mpy=F5 --rom_model -o "Project 08.out" "./Display.obj" "./adc.obj" "./black_line.obj" "./clocks.obj" "./init.obj" "./led.obj" "./main.obj" "./ports.obj" "./serial.obj" "./states.obj" "./switches.obj" "./system.obj" "./timers.obj" "./timers_move.obj" "./usci.obj" "./wheels.obj" "../Compiled/LCD.obj" "../lnk_msp430fr2355.cmd"  -lfrwp_init.a -llibc.a 
<Linking>
remark #10372-D: (ULP 4.1) Detected uninitialized Port A in this project. Recommend initializing all unused ports to eliminate wasted current consumption on unused pins.
remark #10372-D: (ULP 4.1) Detected uninitialized Port B in this project. Recommend initializing all unused ports to eliminate wasted current consumption on unused pins.
remark #10372-D: (ULP 4.1) Detected uninitialized Port C in this project. Recommend initializing all unused ports to eliminate wasted current consumption on unused pins.
remark #10422-D: (ULP 6.2) Detected use of a device with available 32-bit hardware multiplier and not also using MSPMATHLIB library (libmath.a).  Recommend using MSPMATHLIB library (libmath.a) for improved performance.
Finished building target: "Project 08.out"
 

**** Build Finished ****

**** Build of configuration Debug for project Project 08 ****

"D:\\ccs\\utils\\bin\\gmake" -k -j 16 all -O 
 
gmake[1]: 'Project 08.out' is up to date.

**** Build Finished ****

**** Build of configuration Debug for project Project 08 ****

"D:\\ccs\\utils\\bin\\gmake" -k -j 16 all -O 
 
gmake[1]: 'Project 08.out' is up to date.

**** Build Finished ****

**** Build of configuration Debug for project Project 08 ****

"D:\\ccs\\utils\\bin\\gmake" -k -j 16 all -O 
 
gmake[1]: 'Project 08.out' is up to date.

**** Build Finished ****

**** Build of configuration Debug for project Project 08 ****

"D:\\ccs\\utils\\bin\\gmake" -k -j 16 all -O 
 
gmake[1]: 'Project 08.out' is up to date.

**** Build Finished ****

**** Build of configuration Debug for project Project 08 ****

"D:\\ccs\\utils\\bin\\gmake" -k -j 16 all -O 
 
gmake[1]: 'Project 08.out' is up to date.

**** Build Finished ****
