
**** Clean-only build of configuration Debug for project Project 09 ****

"D:\\ccs\\utils\\bin\\gmake" -k -j 16 clean -O 
 
DEL /F  "Project 08.out" 
DEL /F "Display.obj" "adc.obj" "black_line.obj" "clocks.obj" "init.obj" "led.obj" "main.obj" "ports.obj" "serial.obj" "states.obj" "switches.obj" "system.obj" "timers.obj" "timers_move.obj" "usci.obj" "wheels.obj" 
DEL /F "Display.d" "adc.d" "black_line.d" "clocks.d" "init.d" "led.d" "main.d" "ports.d" "serial.d" "states.d" "switches.d" "system.d" "timers.d" "timers_move.d" "usci.d" "wheels.d" 
Finished clean
 

**** Build Finished ****

**** Build of configuration Debug for project Project 09 ****

"D:\\ccs\\utils\\bin\\gmake" -k -j 16 all -O 
 
Building file: "../IOTTrans.c"
Invoking: MSP430 Compiler
"D:/ccs/tools/compiler/ti-cgt-msp430_21.6.1.LTS/bin/cl430" -vmspx --use_hw_mpy=F5 --include_path="D:/ccs/ccs_base/msp430/include" --include_path="D:/ccs/Project 09/Project 09" --include_path="D:/ccs/tools/compiler/ti-cgt-msp430_21.6.1.LTS/include" --advice:power=all --advice:hw_config=all --define=__MSP430FR2355__ --define=_FRWP_ENABLE --define=_INFO_FRWP_ENABLE -g --printf_support=minimal --diag_warning=225 --diag_wrap=off --display_error_number --silicon_errata=CPU21 --silicon_errata=CPU22 --silicon_errata=CPU40 --preproc_with_compile --preproc_dependency="IOTTrans.d_raw"  "../IOTTrans.c"
 
>> Compilation failure
subdir_rules.mk:9: recipe for target 'IOTTrans.obj' failed
"..\macros.h", line 148: warning #48-D: incompatible redefinition of macro "WAIT" (declared at line 17)
"..\macros.h", line 178: warning #48-D: incompatible redefinition of macro "PRESSED" (declared at line 124)
"..\macros.h", line 179: warning #48-D: incompatible redefinition of macro "RELEASED" (declared at line 125)
"..\macros.h", line 204: warning #48-D: incompatible redefinition of macro "TB0CCR0_INTERVAL" (declared at line 72)
"..\macros.h", line 205: warning #48-D: incompatible redefinition of macro "TB0CCR1_INTERVAL" (declared at line 73)
"..\macros.h", line 206: warning #48-D: incompatible redefinition of macro "TB0CCR2_INTERVAL" (declared at line 74)
"../IOTTrans.c", line 76: remark #1528-D: (ULP 3.1) Detected flag polling using UCA1IFG. Recommend using an interrupt combined with enter LPMx and ISR
"../IOTTrans.c", line 81: remark #1528-D: (ULP 3.1) Detected flag polling using UCA0IFG. Recommend using an interrupt combined with enter LPMx and ISR
"../IOTTrans.c", line 97: remark #1538-D: (ULP 10.1) ISR EUSCI_A1_ISR calls function memset. Recommend moving function call away from ISR, or inlining the function, or using pragmas
"../IOTTrans.c", line 108: remark #1538-D: (ULP 10.1) ISR EUSCI_A1_ISR calls function Process_FRAM_Command. Recommend moving function call away from ISR, or inlining the function, or using pragmas
"../IOTTrans.c", line 97: remark #1538-D: (ULP 10.1) ISR EUSCI_A1_ISR calls function memset. Recommend moving function call away from ISR, or inlining the function, or using pragmas
"../IOTTrans.c", line 108: remark #1538-D: (ULP 10.1) ISR EUSCI_A1_ISR calls function Process_FRAM_Command. Recommend moving function call away from ISR, or inlining the function, or using pragmas
"../IOTTrans.c", line 155: error #29: expected an expression
"../IOTTrans.c", line 155: error #20: identifier "i" is undefined
2 errors detected in the compilation of "../IOTTrans.c".
gmake: *** [IOTTrans.obj] Error 1
Building file: "../Display.c"
Invoking: MSP430 Compiler
"D:/ccs/tools/compiler/ti-cgt-msp430_21.6.1.LTS/bin/cl430" -vmspx --use_hw_mpy=F5 --include_path="D:/ccs/ccs_base/msp430/include" --include_path="D:/ccs/Project 09/Project 09" --include_path="D:/ccs/tools/compiler/ti-cgt-msp430_21.6.1.LTS/include" --advice:power=all --advice:hw_config=all --define=__MSP430FR2355__ --define=_FRWP_ENABLE --define=_INFO_FRWP_ENABLE -g --printf_support=minimal --diag_warning=225 --diag_wrap=off --display_error_number --silicon_errata=CPU21 --silicon_errata=CPU22 --silicon_errata=CPU40 --preproc_with_compile --preproc_dependency="Display.d_raw"  "../Display.c"
"..\macros.h", line 148: warning #48-D: incompatible redefinition of macro "WAIT" (declared at line 17)
"..\macros.h", line 178: warning #48-D: incompatible redefinition of macro "PRESSED" (declared at line 124)
"..\macros.h", line 179: warning #48-D: incompatible redefinition of macro "RELEASED" (declared at line 125)
"..\macros.h", line 204: warning #48-D: incompatible redefinition of macro "TB0CCR0_INTERVAL" (declared at line 72)
"..\macros.h", line 205: warning #48-D: incompatible redefinition of macro "TB0CCR1_INTERVAL" (declared at line 73)
"..\macros.h", line 206: warning #48-D: incompatible redefinition of macro "TB0CCR2_INTERVAL" (declared at line 74)
Finished building: "../Display.c"
 
Building file: "../adc.c"
Invoking: MSP430 Compiler
"D:/ccs/tools/compiler/ti-cgt-msp430_21.6.1.LTS/bin/cl430" -vmspx --use_hw_mpy=F5 --include_path="D:/ccs/ccs_base/msp430/include" --include_path="D:/ccs/Project 09/Project 09" --include_path="D:/ccs/tools/compiler/ti-cgt-msp430_21.6.1.LTS/include" --advice:power=all --advice:hw_config=all --define=__MSP430FR2355__ --define=_FRWP_ENABLE --define=_INFO_FRWP_ENABLE -g --printf_support=minimal --diag_warning=225 --diag_wrap=off --display_error_number --silicon_errata=CPU21 --silicon_errata=CPU22 --silicon_errata=CPU40 --preproc_with_compile --preproc_dependency="adc.d_raw"  "../adc.c"
"..\macros.h", line 148: warning #48-D: incompatible redefinition of macro "WAIT" (declared at line 17)
"..\macros.h", line 178: warning #48-D: incompatible redefinition of macro "PRESSED" (declared at line 124)
"..\macros.h", line 179: warning #48-D: incompatible redefinition of macro "RELEASED" (declared at line 125)
"..\macros.h", line 204: warning #48-D: incompatible redefinition of macro "TB0CCR0_INTERVAL" (declared at line 72)
"..\macros.h", line 205: warning #48-D: incompatible redefinition of macro "TB0CCR1_INTERVAL" (declared at line 73)
"..\macros.h", line 206: warning #48-D: incompatible redefinition of macro "TB0CCR2_INTERVAL" (declared at line 74)
Finished building: "../adc.c"
 
Building file: "../black_line.c"
Invoking: MSP430 Compiler
"D:/ccs/tools/compiler/ti-cgt-msp430_21.6.1.LTS/bin/cl430" -vmspx --use_hw_mpy=F5 --include_path="D:/ccs/ccs_base/msp430/include" --include_path="D:/ccs/Project 09/Project 09" --include_path="D:/ccs/tools/compiler/ti-cgt-msp430_21.6.1.LTS/include" --advice:power=all --advice:hw_config=all --define=__MSP430FR2355__ --define=_FRWP_ENABLE --define=_INFO_FRWP_ENABLE -g --printf_support=minimal --diag_warning=225 --diag_wrap=off --display_error_number --silicon_errata=CPU21 --silicon_errata=CPU22 --silicon_errata=CPU40 --preproc_with_compile --preproc_dependency="black_line.d_raw"  "../black_line.c"
"..\macros.h", line 148: warning #48-D: incompatible redefinition of macro "WAIT" (declared at line 17)
"..\macros.h", line 178: warning #48-D: incompatible redefinition of macro "PRESSED" (declared at line 124)
"..\macros.h", line 179: warning #48-D: incompatible redefinition of macro "RELEASED" (declared at line 125)
"..\macros.h", line 204: warning #48-D: incompatible redefinition of macro "TB0CCR0_INTERVAL" (declared at line 72)
"..\macros.h", line 205: warning #48-D: incompatible redefinition of macro "TB0CCR1_INTERVAL" (declared at line 73)
"..\macros.h", line 206: warning #48-D: incompatible redefinition of macro "TB0CCR2_INTERVAL" (declared at line 74)
"../black_line.c", line 30: warning #225-D: function "search_line" declared implicitly
"../black_line.c", line 31: warning #225-D: function "stop_on_line" declared implicitly
"../black_line.c", line 32: warning #225-D: function "reverse_to_line" declared implicitly
"../black_line.c", line 34: warning #225-D: function "stopall" declared implicitly
"../black_line.c", line 35: warning #225-D: function "strcpy" declared implicitly
"../black_line.c", line 40: warning #225-D: function "adc_line" declared implicitly
"../black_line.c", line 46: warning #161-D: declaration is incompatible with previous "search_line" (declared at line 30)
"../black_line.c", line 47: warning #225-D: function "strcpy" declared implicitly
"../black_line.c", line 54: warning #225-D: function "stopall" declared implicitly
"../black_line.c", line 56: warning #225-D: function "moveforward" declared implicitly
"../black_line.c", line 60: warning #225-D: function "moveforward" declared implicitly
"../black_line.c", line 75: warning #161-D: declaration is incompatible with previous "stop_on_line" (declared at line 31)
"../black_line.c", line 76: warning #225-D: function "stopall" declared implicitly
"../black_line.c", line 77: warning #225-D: function "strcpy" declared implicitly
"../black_line.c", line 92: warning #161-D: declaration is incompatible with previous "reverse_to_line" (declared at line 32)
"../black_line.c", line 93: warning #225-D: function "strcpy" declared implicitly
"../black_line.c", line 100: warning #225-D: function "spin_clockwise" declared implicitly
"../black_line.c", line 115: remark #1544-D: (ULP 13.1) Detected loop counting up. Recommend loops count down as detecting zeros is easier
"../black_line.c", line 116: remark #2553-D: (ULP 14.1) Array index (involving "i") of type "int". Recommend using "unsigned int"
"../black_line.c", line 138: warning #161-D: declaration is incompatible with previous "adc_line" (declared at line 40)
"../black_line.c", line 142: remark #1544-D: (ULP 13.1) Detected loop counting up. Recommend loops count down as detecting zeros is easier
"../black_line.c", line 143: remark #1545-D: (ULP 14.1) Array index of type "int". Recommend using "unsigned int"
"../black_line.c", line 143: remark #2553-D: (ULP 14.1) Array index (involving "i") of type "int". Recommend using "unsigned int"
"../black_line.c", line 173: warning #225-D: function "strcpy" declared implicitly
"../black_line.c", line 179: warning #225-D: function "strcpy" declared implicitly
"../black_line.c", line 157: remark #1544-D: (ULP 13.1) Detected loop counting up. Recommend loops count down as detecting zeros is easier
"../black_line.c", line 158: remark #2553-D: (ULP 14.1) Array index (involving "j") of type "int". Recommend using "unsigned int"
"../black_line.c", line 158: remark #2553-D: (ULP 14.1) Array index (involving "j") of type "int". Recommend using "unsigned int"
"../black_line.c", line 165: remark #1544-D: (ULP 13.1) Detected loop counting up. Recommend loops count down as detecting zeros is easier
"../black_line.c", line 166: remark #2553-D: (ULP 14.1) Array index (involving "j") of type "int". Recommend using "unsigned int"
"../black_line.c", line 166: remark #2553-D: (ULP 14.1) Array index (involving "j") of type "int". Recommend using "unsigned int"
"../black_line.c", line 157: remark #1544-D: (ULP 13.1) Detected loop counting up. Recommend loops count down as detecting zeros is easier
"../black_line.c", line 158: remark #2553-D: (ULP 14.1) Array index (involving "j") of type "int". Recommend using "unsigned int"
"../black_line.c", line 158: remark #2553-D: (ULP 14.1) Array index (involving "j") of type "int". Recommend using "unsigned int"
"../black_line.c", line 165: remark #1544-D: (ULP 13.1) Detected loop counting up. Recommend loops count down as detecting zeros is easier
"../black_line.c", line 166: remark #2553-D: (ULP 14.1) Array index (involving "j") of type "int". Recommend using "unsigned int"
"../black_line.c", line 166: remark #2553-D: (ULP 14.1) Array index (involving "j") of type "int". Recommend using "unsigned int"
Finished building: "../black_line.c"
 
Building file: "../clocks.c"
Invoking: MSP430 Compiler
"D:/ccs/tools/compiler/ti-cgt-msp430_21.6.1.LTS/bin/cl430" -vmspx --use_hw_mpy=F5 --include_path="D:/ccs/ccs_base/msp430/include" --include_path="D:/ccs/Project 09/Project 09" --include_path="D:/ccs/tools/compiler/ti-cgt-msp430_21.6.1.LTS/include" --advice:power=all --advice:hw_config=all --define=__MSP430FR2355__ --define=_FRWP_ENABLE --define=_INFO_FRWP_ENABLE -g --printf_support=minimal --diag_warning=225 --diag_wrap=off --display_error_number --silicon_errata=CPU21 --silicon_errata=CPU22 --silicon_errata=CPU40 --preproc_with_compile --preproc_dependency="clocks.d_raw"  "../clocks.c"
"..\macros.h", line 148: warning #48-D: incompatible redefinition of macro "WAIT" (declared at line 17)
"..\macros.h", line 178: warning #48-D: incompatible redefinition of macro "PRESSED" (declared at line 124)
"..\macros.h", line 179: warning #48-D: incompatible redefinition of macro "RELEASED" (declared at line 125)
"..\macros.h", line 204: warning #48-D: incompatible redefinition of macro "TB0CCR0_INTERVAL" (declared at line 72)
"..\macros.h", line 205: warning #48-D: incompatible redefinition of macro "TB0CCR1_INTERVAL" (declared at line 73)
"..\macros.h", line 206: warning #48-D: incompatible redefinition of macro "TB0CCR2_INTERVAL" (declared at line 74)
"../clocks.c", line 86: remark #1527-D: (ULP 2.1) Detected SW delay loop using __delay_cycles. Recommend using a timer module instead
"../clocks.c", line 87: remark #1527-D: (ULP 2.1) Detected SW delay loop using empty loop. Recommend using a timer module instead
"../clocks.c", line 120: remark #1527-D: (ULP 2.1) Detected SW delay loop using empty loop. Recommend using a timer module instead
Finished building: "../clocks.c"
 
Building file: "../init.c"
Invoking: MSP430 Compiler
"D:/ccs/tools/compiler/ti-cgt-msp430_21.6.1.LTS/bin/cl430" -vmspx --use_hw_mpy=F5 --include_path="D:/ccs/ccs_base/msp430/include" --include_path="D:/ccs/Project 09/Project 09" --include_path="D:/ccs/tools/compiler/ti-cgt-msp430_21.6.1.LTS/include" --advice:power=all --advice:hw_config=all --define=__MSP430FR2355__ --define=_FRWP_ENABLE --define=_INFO_FRWP_ENABLE -g --printf_support=minimal --diag_warning=225 --diag_wrap=off --display_error_number --silicon_errata=CPU21 --silicon_errata=CPU22 --silicon_errata=CPU40 --preproc_with_compile --preproc_dependency="init.d_raw"  "../init.c"
"..\macros.h", line 148: warning #48-D: incompatible redefinition of macro "WAIT" (declared at line 17)
"..\macros.h", line 178: warning #48-D: incompatible redefinition of macro "PRESSED" (declared at line 124)
"..\macros.h", line 179: warning #48-D: incompatible redefinition of macro "RELEASED" (declared at line 125)
"..\macros.h", line 204: warning #48-D: incompatible redefinition of macro "TB0CCR0_INTERVAL" (declared at line 72)
"..\macros.h", line 205: warning #48-D: incompatible redefinition of macro "TB0CCR1_INTERVAL" (declared at line 73)
"..\macros.h", line 206: warning #48-D: incompatible redefinition of macro "TB0CCR2_INTERVAL" (declared at line 74)
"../init.c", line 26: remark #1544-D: (ULP 13.1) Detected loop counting up. Recommend loops count down as detecting zeros is easier
"../init.c", line 27: remark #2553-D: (ULP 14.1) Array index (involving "i") of type "int". Recommend using "unsigned int"
"../init.c", line 28: remark #2553-D: (ULP 14.1) Array index (involving "i") of type "int". Recommend using "unsigned int"
"../init.c", line 29: remark #2553-D: (ULP 14.1) Array index (involving "i") of type "int". Recommend using "unsigned int"
"../init.c", line 30: remark #2553-D: (ULP 14.1) Array index (involving "i") of type "int". Recommend using "unsigned int"
Finished building: "../init.c"
 
Building file: "../led.c"
Invoking: MSP430 Compiler
"D:/ccs/tools/compiler/ti-cgt-msp430_21.6.1.LTS/bin/cl430" -vmspx --use_hw_mpy=F5 --include_path="D:/ccs/ccs_base/msp430/include" --include_path="D:/ccs/Project 09/Project 09" --include_path="D:/ccs/tools/compiler/ti-cgt-msp430_21.6.1.LTS/include" --advice:power=all --advice:hw_config=all --define=__MSP430FR2355__ --define=_FRWP_ENABLE --define=_INFO_FRWP_ENABLE -g --printf_support=minimal --diag_warning=225 --diag_wrap=off --display_error_number --silicon_errata=CPU21 --silicon_errata=CPU22 --silicon_errata=CPU40 --preproc_with_compile --preproc_dependency="led.d_raw"  "../led.c"
"..\macros.h", line 148: warning #48-D: incompatible redefinition of macro "WAIT" (declared at line 17)
"..\macros.h", line 178: warning #48-D: incompatible redefinition of macro "PRESSED" (declared at line 124)
"..\macros.h", line 179: warning #48-D: incompatible redefinition of macro "RELEASED" (declared at line 125)
"..\macros.h", line 204: warning #48-D: incompatible redefinition of macro "TB0CCR0_INTERVAL" (declared at line 72)
"..\macros.h", line 205: warning #48-D: incompatible redefinition of macro "TB0CCR1_INTERVAL" (declared at line 73)
"..\macros.h", line 206: warning #48-D: incompatible redefinition of macro "TB0CCR2_INTERVAL" (declared at line 74)
Finished building: "../led.c"
 
Building file: "../main.c"
Invoking: MSP430 Compiler
"D:/ccs/tools/compiler/ti-cgt-msp430_21.6.1.LTS/bin/cl430" -vmspx --use_hw_mpy=F5 --include_path="D:/ccs/ccs_base/msp430/include" --include_path="D:/ccs/Project 09/Project 09" --include_path="D:/ccs/tools/compiler/ti-cgt-msp430_21.6.1.LTS/include" --advice:power=all --advice:hw_config=all --define=__MSP430FR2355__ --define=_FRWP_ENABLE --define=_INFO_FRWP_ENABLE -g --printf_support=minimal --diag_warning=225 --diag_wrap=off --display_error_number --silicon_errata=CPU21 --silicon_errata=CPU22 --silicon_errata=CPU40 --preproc_with_compile --preproc_dependency="main.d_raw"  "../main.c"
"..\macros.h", line 148: warning #48-D: incompatible redefinition of macro "WAIT" (declared at line 17)
"..\macros.h", line 178: warning #48-D: incompatible redefinition of macro "PRESSED" (declared at line 124)
"..\macros.h", line 179: warning #48-D: incompatible redefinition of macro "RELEASED" (declared at line 125)
"..\macros.h", line 204: warning #48-D: incompatible redefinition of macro "TB0CCR0_INTERVAL" (declared at line 72)
"..\macros.h", line 205: warning #48-D: incompatible redefinition of macro "TB0CCR1_INTERVAL" (declared at line 73)
"..\macros.h", line 206: warning #48-D: incompatible redefinition of macro "TB0CCR2_INTERVAL" (declared at line 74)
"../main.c", line 53: warning #225-D: function "Init_ADC" declared implicitly
"../main.c", line 91: warning #225-D: function "Carlson_StateMachine" declared implicitly
"../main.c", line 98: warning #225-D: function "LCD_update" declared implicitly
"../main.c", line 33: remark #1535-D: (ULP 8.1) variable "wheel_move" is used as a constant. Recommend declaring variable as either 'static const' or 'const'
"../main.c", line 34: remark #1535-D: (ULP 8.1) variable "forward" is used as a constant. Recommend declaring variable as either 'static const' or 'const'
"../main.c", line 35: remark #1535-D: (ULP 8.1) variable "event" is used as a constant. Recommend declaring variable as either 'static const' or 'const'
Finished building: "../main.c"
 
Building file: "../ports.c"
Invoking: MSP430 Compiler
"D:/ccs/tools/compiler/ti-cgt-msp430_21.6.1.LTS/bin/cl430" -vmspx --use_hw_mpy=F5 --include_path="D:/ccs/ccs_base/msp430/include" --include_path="D:/ccs/Project 09/Project 09" --include_path="D:/ccs/tools/compiler/ti-cgt-msp430_21.6.1.LTS/include" --advice:power=all --advice:hw_config=all --define=__MSP430FR2355__ --define=_FRWP_ENABLE --define=_INFO_FRWP_ENABLE -g --printf_support=minimal --diag_warning=225 --diag_wrap=off --display_error_number --silicon_errata=CPU21 --silicon_errata=CPU22 --silicon_errata=CPU40 --preproc_with_compile --preproc_dependency="ports.d_raw"  "../ports.c"
"..\macros.h", line 148: warning #48-D: incompatible redefinition of macro "WAIT" (declared at line 17)
"..\macros.h", line 178: warning #48-D: incompatible redefinition of macro "PRESSED" (declared at line 124)
"..\macros.h", line 179: warning #48-D: incompatible redefinition of macro "RELEASED" (declared at line 125)
"..\macros.h", line 204: warning #48-D: incompatible redefinition of macro "TB0CCR0_INTERVAL" (declared at line 72)
"..\macros.h", line 205: warning #48-D: incompatible redefinition of macro "TB0CCR1_INTERVAL" (declared at line 73)
"..\macros.h", line 206: warning #48-D: incompatible redefinition of macro "TB0CCR2_INTERVAL" (declared at line 74)
"../ports.c", line 21: warning #225-D: function "Init_Port_1" declared implicitly
"../ports.c", line 22: warning #225-D: function "Init_Port_2" declared implicitly
"../ports.c", line 23: warning #225-D: function "Init_Port_3" declared implicitly
"../ports.c", line 24: warning #225-D: function "Init_Port_4" declared implicitly
"../ports.c", line 25: warning #225-D: function "Init_Port_5" declared implicitly
"../ports.c", line 26: warning #225-D: function "Init_Port_6" declared implicitly
"../ports.c", line 32: warning #161-D: declaration is incompatible with previous "Init_Port_1" (declared at line 21)
"../ports.c", line 91: warning #161-D: declaration is incompatible with previous "Init_Port_2" (declared at line 22)
"../ports.c", line 146: warning #161-D: declaration is incompatible with previous "Init_Port_3" (declared at line 23)
"../ports.c", line 202: warning #161-D: declaration is incompatible with previous "Init_Port_4" (declared at line 24)
"../ports.c", line 252: warning #161-D: declaration is incompatible with previous "Init_Port_5" (declared at line 25)
"../ports.c", line 291: warning #161-D: declaration is incompatible with previous "Init_Port_6" (declared at line 26)
Finished building: "../ports.c"
 
Building file: "../serial.c"
Invoking: MSP430 Compiler
"D:/ccs/tools/compiler/ti-cgt-msp430_21.6.1.LTS/bin/cl430" -vmspx --use_hw_mpy=F5 --include_path="D:/ccs/ccs_base/msp430/include" --include_path="D:/ccs/Project 09/Project 09" --include_path="D:/ccs/tools/compiler/ti-cgt-msp430_21.6.1.LTS/include" --advice:power=all --advice:hw_config=all --define=__MSP430FR2355__ --define=_FRWP_ENABLE --define=_INFO_FRWP_ENABLE -g --printf_support=minimal --diag_warning=225 --diag_wrap=off --display_error_number --silicon_errata=CPU21 --silicon_errata=CPU22 --silicon_errata=CPU40 --preproc_with_compile --preproc_dependency="serial.d_raw"  "../serial.c"
Finished building: "../serial.c"
 
Building file: "../switches.c"
Invoking: MSP430 Compiler
"D:/ccs/tools/compiler/ti-cgt-msp430_21.6.1.LTS/bin/cl430" -vmspx --use_hw_mpy=F5 --include_path="D:/ccs/ccs_base/msp430/include" --include_path="D:/ccs/Project 09/Project 09" --include_path="D:/ccs/tools/compiler/ti-cgt-msp430_21.6.1.LTS/include" --advice:power=all --advice:hw_config=all --define=__MSP430FR2355__ --define=_FRWP_ENABLE --define=_INFO_FRWP_ENABLE -g --printf_support=minimal --diag_warning=225 --diag_wrap=off --display_error_number --silicon_errata=CPU21 --silicon_errata=CPU22 --silicon_errata=CPU40 --preproc_with_compile --preproc_dependency="switches.d_raw"  "../switches.c"
 
>> Compilation failure
subdir_rules.mk:9: recipe for target 'switches.obj' failed
"..\macros.h", line 148: warning #48-D: incompatible redefinition of macro "WAIT" (declared at line 17)
"..\macros.h", line 178: warning #48-D: incompatible redefinition of macro "PRESSED" (declared at line 124)
"..\macros.h", line 179: warning #48-D: incompatible redefinition of macro "RELEASED" (declared at line 125)
"..\macros.h", line 204: warning #48-D: incompatible redefinition of macro "TB0CCR0_INTERVAL" (declared at line 72)
"..\macros.h", line 205: warning #48-D: incompatible redefinition of macro "TB0CCR1_INTERVAL" (declared at line 73)
"..\macros.h", line 206: warning #48-D: incompatible redefinition of macro "TB0CCR2_INTERVAL" (declared at line 74)
"../switches.c", line 16: warning #225-D: function "Transmit_Command" declared implicitly
"../switches.c", line 27: error #20: identifier "BAUD_9600" is undefined
"../switches.c", line 28: warning #225-D: function "Set_Baud" declared implicitly
"../switches.c", line 28: error #20: identifier "BAUD_115200" is undefined
"../switches.c", line 17: remark #1527-D: (ULP 2.1) Detected SW delay loop using __delay_cycles. Recommend using a timer module instead
"../switches.c", line 24: remark #1527-D: (ULP 2.1) Detected SW delay loop using __delay_cycles. Recommend using a timer module instead
"../switches.c", line 32: remark #1527-D: (ULP 2.1) Detected SW delay loop using empty loop. Recommend using a timer module instead
2 errors detected in the compilation of "../switches.c".
gmake: *** [switches.obj] Error 1
Building file: "../states.c"
Invoking: MSP430 Compiler
"D:/ccs/tools/compiler/ti-cgt-msp430_21.6.1.LTS/bin/cl430" -vmspx --use_hw_mpy=F5 --include_path="D:/ccs/ccs_base/msp430/include" --include_path="D:/ccs/Project 09/Project 09" --include_path="D:/ccs/tools/compiler/ti-cgt-msp430_21.6.1.LTS/include" --advice:power=all --advice:hw_config=all --define=__MSP430FR2355__ --define=_FRWP_ENABLE --define=_INFO_FRWP_ENABLE -g --printf_support=minimal --diag_warning=225 --diag_wrap=off --display_error_number --silicon_errata=CPU21 --silicon_errata=CPU22 --silicon_errata=CPU40 --preproc_with_compile --preproc_dependency="states.d_raw"  "../states.c"
"..\macros.h", line 148: warning #48-D: incompatible redefinition of macro "WAIT" (declared at line 17)
"..\macros.h", line 178: warning #48-D: incompatible redefinition of macro "PRESSED" (declared at line 124)
"..\macros.h", line 179: warning #48-D: incompatible redefinition of macro "RELEASED" (declared at line 125)
"..\macros.h", line 204: warning #48-D: incompatible redefinition of macro "TB0CCR0_INTERVAL" (declared at line 72)
"..\macros.h", line 205: warning #48-D: incompatible redefinition of macro "TB0CCR1_INTERVAL" (declared at line 73)
"..\macros.h", line 206: warning #48-D: incompatible redefinition of macro "TB0CCR2_INTERVAL" (declared at line 74)
"../states.c", line 35: warning #225-D: function "wait_case" declared implicitly
"../states.c", line 38: warning #225-D: function "start_case" declared implicitly
"../states.c", line 41: warning #225-D: function "run_case" declared implicitly
"../states.c", line 44: warning #225-D: function "end_case" declared implicitly
"../states.c", line 50: warning #161-D: declaration is incompatible with previous "start_case" (declared at line 38)
"../states.c", line 54: warning #225-D: function "moveforward" declared implicitly
"../states.c", line 59: warning #161-D: declaration is incompatible with previous "run_case" (declared at line 41)
"../states.c", line 74: warning #225-D: function "moveforward" declared implicitly
"../states.c", line 85: warning #225-D: function "wait_case" declared implicitly
"../states.c", line 86: warning #225-D: function "start_case_circle" declared implicitly
"../states.c", line 87: warning #225-D: function "run_case_circle" declared implicitly
"../states.c", line 88: warning #225-D: function "end_case" declared implicitly
"../states.c", line 93: warning #161-D: declaration is incompatible with previous "wait_case" (declared at line 35)
"../states.c", line 103: warning #161-D: declaration is incompatible with previous "start_case_circle" (declared at line 86)
"../states.c", line 107: warning #225-D: function "moveforward" declared implicitly
"../states.c", line 112: warning #161-D: declaration is incompatible with previous "run_case_circle" (declared at line 87)
"../states.c", line 133: warning #225-D: function "moveforward" declared implicitly
"../states.c", line 141: warning #161-D: declaration is incompatible with previous "end_case" (declared at line 44)
"../states.c", line 142: warning #225-D: function "stopall" declared implicitly
"../states.c", line 151: warning #225-D: function "start_case_triangle" declared implicitly
"../states.c", line 152: warning #225-D: function "run_case_triangle" declared implicitly
"../states.c", line 158: warning #161-D: declaration is incompatible with previous "start_case_triangle" (declared at line 151)
"../states.c", line 162: warning #225-D: function "moveforward" declared implicitly
"../states.c", line 169: warning #161-D: declaration is incompatible with previous "run_case_triangle" (declared at line 152)
"../states.c", line 192: warning #225-D: function "moveforward" declared implicitly
"../states.c", line 203: warning #188-D: pointless comparison of unsigned integer with zero
"../states.c", line 217: warning #225-D: function "moveforward" declared implicitly
"../states.c", line 238: warning #225-D: function "start_case_figure8" declared implicitly
"../states.c", line 239: warning #225-D: function "run_case_figure8" declared implicitly
"../states.c", line 246: warning #161-D: declaration is incompatible with previous "start_case_figure8" (declared at line 238)
"../states.c", line 250: warning #225-D: function "moveforward" declared implicitly
"../states.c", line 258: warning #161-D: declaration is incompatible with previous "run_case_figure8" (declared at line 239)
"../states.c", line 289: warning #225-D: function "moveforward" declared implicitly
"../states.c", line 300: warning #225-D: function "moveforward" declared implicitly
"../states.c", line 24: remark #1535-D: (ULP 8.1) variable "event" is used as a constant. Recommend declaring variable as either 'static const' or 'const'
Finished building: "../states.c"
 
Building file: "../system.c"
Invoking: MSP430 Compiler
"D:/ccs/tools/compiler/ti-cgt-msp430_21.6.1.LTS/bin/cl430" -vmspx --use_hw_mpy=F5 --include_path="D:/ccs/ccs_base/msp430/include" --include_path="D:/ccs/Project 09/Project 09" --include_path="D:/ccs/tools/compiler/ti-cgt-msp430_21.6.1.LTS/include" --advice:power=all --advice:hw_config=all --define=__MSP430FR2355__ --define=_FRWP_ENABLE --define=_INFO_FRWP_ENABLE -g --printf_support=minimal --diag_warning=225 --diag_wrap=off --display_error_number --silicon_errata=CPU21 --silicon_errata=CPU22 --silicon_errata=CPU40 --preproc_with_compile --preproc_dependency="system.d_raw"  "../system.c"
"..\macros.h", line 148: warning #48-D: incompatible redefinition of macro "WAIT" (declared at line 17)
"..\macros.h", line 178: warning #48-D: incompatible redefinition of macro "PRESSED" (declared at line 124)
"..\macros.h", line 179: warning #48-D: incompatible redefinition of macro "RELEASED" (declared at line 125)
"..\macros.h", line 204: warning #48-D: incompatible redefinition of macro "TB0CCR0_INTERVAL" (declared at line 72)
"..\macros.h", line 205: warning #48-D: incompatible redefinition of macro "TB0CCR1_INTERVAL" (declared at line 73)
"..\macros.h", line 206: warning #48-D: incompatible redefinition of macro "TB0CCR2_INTERVAL" (declared at line 74)
Finished building: "../system.c"
 
Building file: "../timers.c"
Invoking: MSP430 Compiler
"D:/ccs/tools/compiler/ti-cgt-msp430_21.6.1.LTS/bin/cl430" -vmspx --use_hw_mpy=F5 --include_path="D:/ccs/ccs_base/msp430/include" --include_path="D:/ccs/Project 09/Project 09" --include_path="D:/ccs/tools/compiler/ti-cgt-msp430_21.6.1.LTS/include" --advice:power=all --advice:hw_config=all --define=__MSP430FR2355__ --define=_FRWP_ENABLE --define=_INFO_FRWP_ENABLE -g --printf_support=minimal --diag_warning=225 --diag_wrap=off --display_error_number --silicon_errata=CPU21 --silicon_errata=CPU22 --silicon_errata=CPU40 --preproc_with_compile --preproc_dependency="timers.d_raw"  "../timers.c"
"..\macros.h", line 148: warning #48-D: incompatible redefinition of macro "WAIT" (declared at line 17)
"..\macros.h", line 178: warning #48-D: incompatible redefinition of macro "PRESSED" (declared at line 124)
"..\macros.h", line 179: warning #48-D: incompatible redefinition of macro "RELEASED" (declared at line 125)
"..\macros.h", line 204: warning #48-D: incompatible redefinition of macro "TB0CCR0_INTERVAL" (declared at line 72)
"..\macros.h", line 205: warning #48-D: incompatible redefinition of macro "TB0CCR1_INTERVAL" (declared at line 73)
"..\macros.h", line 206: warning #48-D: incompatible redefinition of macro "TB0CCR2_INTERVAL" (declared at line 74)
Finished building: "../timers.c"
 
Building file: "../usci.c"
Invoking: MSP430 Compiler
"D:/ccs/tools/compiler/ti-cgt-msp430_21.6.1.LTS/bin/cl430" -vmspx --use_hw_mpy=F5 --include_path="D:/ccs/ccs_base/msp430/include" --include_path="D:/ccs/Project 09/Project 09" --include_path="D:/ccs/tools/compiler/ti-cgt-msp430_21.6.1.LTS/include" --advice:power=all --advice:hw_config=all --define=__MSP430FR2355__ --define=_FRWP_ENABLE --define=_INFO_FRWP_ENABLE -g --printf_support=minimal --diag_warning=225 --diag_wrap=off --display_error_number --silicon_errata=CPU21 --silicon_errata=CPU22 --silicon_errata=CPU40 --preproc_with_compile --preproc_dependency="usci.d_raw"  "../usci.c"
Finished building: "../usci.c"
 
Building file: "../timers_move.c"
Invoking: MSP430 Compiler
"D:/ccs/tools/compiler/ti-cgt-msp430_21.6.1.LTS/bin/cl430" -vmspx --use_hw_mpy=F5 --include_path="D:/ccs/ccs_base/msp430/include" --include_path="D:/ccs/Project 09/Project 09" --include_path="D:/ccs/tools/compiler/ti-cgt-msp430_21.6.1.LTS/include" --advice:power=all --advice:hw_config=all --define=__MSP430FR2355__ --define=_FRWP_ENABLE --define=_INFO_FRWP_ENABLE -g --printf_support=minimal --diag_warning=225 --diag_wrap=off --display_error_number --silicon_errata=CPU21 --silicon_errata=CPU22 --silicon_errata=CPU40 --preproc_with_compile --preproc_dependency="timers_move.d_raw"  "../timers_move.c"
"..\macros.h", line 148: warning #48-D: incompatible redefinition of macro "WAIT" (declared at line 17)
"..\macros.h", line 178: warning #48-D: incompatible redefinition of macro "PRESSED" (declared at line 124)
"..\macros.h", line 179: warning #48-D: incompatible redefinition of macro "RELEASED" (declared at line 125)
"..\macros.h", line 204: warning #48-D: incompatible redefinition of macro "TB0CCR0_INTERVAL" (declared at line 72)
"..\macros.h", line 205: warning #48-D: incompatible redefinition of macro "TB0CCR1_INTERVAL" (declared at line 73)
"..\macros.h", line 206: warning #48-D: incompatible redefinition of macro "TB0CCR2_INTERVAL" (declared at line 74)
"../timers_move.c", line 57: warning #225-D: function "moveforward" declared implicitly
"../timers_move.c", line 61: warning #225-D: function "stopall" declared implicitly
"../timers_move.c", line 65: warning #225-D: function "movereverse" declared implicitly
"../timers_move.c", line 82: warning #225-D: function "spin_clockwise" declared implicitly
"../timers_move.c", line 90: warning #225-D: function "spin_counterclockwise" declared implicitly
Finished building: "../timers_move.c"
 
Building file: "../wheels.c"
Invoking: MSP430 Compiler
"D:/ccs/tools/compiler/ti-cgt-msp430_21.6.1.LTS/bin/cl430" -vmspx --use_hw_mpy=F5 --include_path="D:/ccs/ccs_base/msp430/include" --include_path="D:/ccs/Project 09/Project 09" --include_path="D:/ccs/tools/compiler/ti-cgt-msp430_21.6.1.LTS/include" --advice:power=all --advice:hw_config=all --define=__MSP430FR2355__ --define=_FRWP_ENABLE --define=_INFO_FRWP_ENABLE -g --printf_support=minimal --diag_warning=225 --diag_wrap=off --display_error_number --silicon_errata=CPU21 --silicon_errata=CPU22 --silicon_errata=CPU40 --preproc_with_compile --preproc_dependency="wheels.d_raw"  "../wheels.c"
"..\macros.h", line 148: warning #48-D: incompatible redefinition of macro "WAIT" (declared at line 17)
"..\macros.h", line 178: warning #48-D: incompatible redefinition of macro "PRESSED" (declared at line 124)
"..\macros.h", line 179: warning #48-D: incompatible redefinition of macro "RELEASED" (declared at line 125)
"..\macros.h", line 204: warning #48-D: incompatible redefinition of macro "TB0CCR0_INTERVAL" (declared at line 72)
"..\macros.h", line 205: warning #48-D: incompatible redefinition of macro "TB0CCR1_INTERVAL" (declared at line 73)
"..\macros.h", line 206: warning #48-D: incompatible redefinition of macro "TB0CCR2_INTERVAL" (declared at line 74)
Finished building: "../wheels.c"
 
gmake: Target 'all' not remade because of errors.

**** Build Finished ****

**** Build of configuration Debug for project Project 09 ****

"D:\\ccs\\utils\\bin\\gmake" -k -j 16 all -O 
 
Building file: "../Display.c"
Invoking: MSP430 Compiler
"D:/ccs/tools/compiler/ti-cgt-msp430_21.6.1.LTS/bin/cl430" -vmspx --use_hw_mpy=F5 --include_path="D:/ccs/ccs_base/msp430/include" --include_path="D:/ccs/Project 09/Project 09" --include_path="D:/ccs/tools/compiler/ti-cgt-msp430_21.6.1.LTS/include" --advice:power=all --advice:hw_config=all --define=__MSP430FR2355__ --define=_FRWP_ENABLE --define=_INFO_FRWP_ENABLE -g --printf_support=minimal --diag_warning=225 --diag_wrap=off --display_error_number --silicon_errata=CPU21 --silicon_errata=CPU22 --silicon_errata=CPU40 --preproc_with_compile --preproc_dependency="Display.d_raw"  "../Display.c"
"..\macros.h", line 148: warning #48-D: incompatible redefinition of macro "WAIT" (declared at line 17)
"..\macros.h", line 178: warning #48-D: incompatible redefinition of macro "PRESSED" (declared at line 124)
"..\macros.h", line 179: warning #48-D: incompatible redefinition of macro "RELEASED" (declared at line 125)
"..\macros.h", line 204: warning #48-D: incompatible redefinition of macro "TB0CCR0_INTERVAL" (declared at line 72)
"..\macros.h", line 205: warning #48-D: incompatible redefinition of macro "TB0CCR1_INTERVAL" (declared at line 73)
"..\macros.h", line 206: warning #48-D: incompatible redefinition of macro "TB0CCR2_INTERVAL" (declared at line 74)
Finished building: "../Display.c"
 
Building file: "../IOTTrans.c"
Invoking: MSP430 Compiler
"D:/ccs/tools/compiler/ti-cgt-msp430_21.6.1.LTS/bin/cl430" -vmspx --use_hw_mpy=F5 --include_path="D:/ccs/ccs_base/msp430/include" --include_path="D:/ccs/Project 09/Project 09" --include_path="D:/ccs/tools/compiler/ti-cgt-msp430_21.6.1.LTS/include" --advice:power=all --advice:hw_config=all --define=__MSP430FR2355__ --define=_FRWP_ENABLE --define=_INFO_FRWP_ENABLE -g --printf_support=minimal --diag_warning=225 --diag_wrap=off --display_error_number --silicon_errata=CPU21 --silicon_errata=CPU22 --silicon_errata=CPU40 --preproc_with_compile --preproc_dependency="IOTTrans.d_raw"  "../IOTTrans.c"
"..\macros.h", line 148: warning #48-D: incompatible redefinition of macro "WAIT" (declared at line 17)
"..\macros.h", line 178: warning #48-D: incompatible redefinition of macro "PRESSED" (declared at line 124)
"..\macros.h", line 179: warning #48-D: incompatible redefinition of macro "RELEASED" (declared at line 125)
"..\macros.h", line 204: warning #48-D: incompatible redefinition of macro "TB0CCR0_INTERVAL" (declared at line 72)
"..\macros.h", line 205: warning #48-D: incompatible redefinition of macro "TB0CCR1_INTERVAL" (declared at line 73)
"..\macros.h", line 206: warning #48-D: incompatible redefinition of macro "TB0CCR2_INTERVAL" (declared at line 74)
"../IOTTrans.c", line 76: remark #1528-D: (ULP 3.1) Detected flag polling using UCA1IFG. Recommend using an interrupt combined with enter LPMx and ISR
"../IOTTrans.c", line 81: remark #1528-D: (ULP 3.1) Detected flag polling using UCA0IFG. Recommend using an interrupt combined with enter LPMx and ISR
"../IOTTrans.c", line 97: remark #1538-D: (ULP 10.1) ISR EUSCI_A1_ISR calls function memset. Recommend moving function call away from ISR, or inlining the function, or using pragmas
"../IOTTrans.c", line 108: remark #1538-D: (ULP 10.1) ISR EUSCI_A1_ISR calls function Process_FRAM_Command. Recommend moving function call away from ISR, or inlining the function, or using pragmas
"../IOTTrans.c", line 97: remark #1538-D: (ULP 10.1) ISR EUSCI_A1_ISR calls function memset. Recommend moving function call away from ISR, or inlining the function, or using pragmas
"../IOTTrans.c", line 108: remark #1538-D: (ULP 10.1) ISR EUSCI_A1_ISR calls function Process_FRAM_Command. Recommend moving function call away from ISR, or inlining the function, or using pragmas
"../IOTTrans.c", line 156: remark #1544-D: (ULP 13.1) Detected loop counting up. Recommend loops count down as detecting zeros is easier
"../IOTTrans.c", line 156: remark #1544-D: (ULP 13.1) Detected loop counting up. Recommend loops count down as detecting zeros is easier
Finished building: "../IOTTrans.c"
 
Building file: "../adc.c"
Invoking: MSP430 Compiler
"D:/ccs/tools/compiler/ti-cgt-msp430_21.6.1.LTS/bin/cl430" -vmspx --use_hw_mpy=F5 --include_path="D:/ccs/ccs_base/msp430/include" --include_path="D:/ccs/Project 09/Project 09" --include_path="D:/ccs/tools/compiler/ti-cgt-msp430_21.6.1.LTS/include" --advice:power=all --advice:hw_config=all --define=__MSP430FR2355__ --define=_FRWP_ENABLE --define=_INFO_FRWP_ENABLE -g --printf_support=minimal --diag_warning=225 --diag_wrap=off --display_error_number --silicon_errata=CPU21 --silicon_errata=CPU22 --silicon_errata=CPU40 --preproc_with_compile --preproc_dependency="adc.d_raw"  "../adc.c"
"..\macros.h", line 148: warning #48-D: incompatible redefinition of macro "WAIT" (declared at line 17)
"..\macros.h", line 178: warning #48-D: incompatible redefinition of macro "PRESSED" (declared at line 124)
"..\macros.h", line 179: warning #48-D: incompatible redefinition of macro "RELEASED" (declared at line 125)
"..\macros.h", line 204: warning #48-D: incompatible redefinition of macro "TB0CCR0_INTERVAL" (declared at line 72)
"..\macros.h", line 205: warning #48-D: incompatible redefinition of macro "TB0CCR1_INTERVAL" (declared at line 73)
"..\macros.h", line 206: warning #48-D: incompatible redefinition of macro "TB0CCR2_INTERVAL" (declared at line 74)
Finished building: "../adc.c"
 
Building file: "../black_line.c"
Invoking: MSP430 Compiler
"D:/ccs/tools/compiler/ti-cgt-msp430_21.6.1.LTS/bin/cl430" -vmspx --use_hw_mpy=F5 --include_path="D:/ccs/ccs_base/msp430/include" --include_path="D:/ccs/Project 09/Project 09" --include_path="D:/ccs/tools/compiler/ti-cgt-msp430_21.6.1.LTS/include" --advice:power=all --advice:hw_config=all --define=__MSP430FR2355__ --define=_FRWP_ENABLE --define=_INFO_FRWP_ENABLE -g --printf_support=minimal --diag_warning=225 --diag_wrap=off --display_error_number --silicon_errata=CPU21 --silicon_errata=CPU22 --silicon_errata=CPU40 --preproc_with_compile --preproc_dependency="black_line.d_raw"  "../black_line.c"
"..\macros.h", line 148: warning #48-D: incompatible redefinition of macro "WAIT" (declared at line 17)
"..\macros.h", line 178: warning #48-D: incompatible redefinition of macro "PRESSED" (declared at line 124)
"..\macros.h", line 179: warning #48-D: incompatible redefinition of macro "RELEASED" (declared at line 125)
"..\macros.h", line 204: warning #48-D: incompatible redefinition of macro "TB0CCR0_INTERVAL" (declared at line 72)
"..\macros.h", line 205: warning #48-D: incompatible redefinition of macro "TB0CCR1_INTERVAL" (declared at line 73)
"..\macros.h", line 206: warning #48-D: incompatible redefinition of macro "TB0CCR2_INTERVAL" (declared at line 74)
"../black_line.c", line 30: warning #225-D: function "search_line" declared implicitly
"../black_line.c", line 31: warning #225-D: function "stop_on_line" declared implicitly
"../black_line.c", line 32: warning #225-D: function "reverse_to_line" declared implicitly
"../black_line.c", line 34: warning #225-D: function "stopall" declared implicitly
"../black_line.c", line 35: warning #225-D: function "strcpy" declared implicitly
"../black_line.c", line 40: warning #225-D: function "adc_line" declared implicitly
"../black_line.c", line 46: warning #161-D: declaration is incompatible with previous "search_line" (declared at line 30)
"../black_line.c", line 47: warning #225-D: function "strcpy" declared implicitly
"../black_line.c", line 54: warning #225-D: function "stopall" declared implicitly
"../black_line.c", line 56: warning #225-D: function "moveforward" declared implicitly
"../black_line.c", line 60: warning #225-D: function "moveforward" declared implicitly
"../black_line.c", line 75: warning #161-D: declaration is incompatible with previous "stop_on_line" (declared at line 31)
"../black_line.c", line 76: warning #225-D: function "stopall" declared implicitly
"../black_line.c", line 77: warning #225-D: function "strcpy" declared implicitly
"../black_line.c", line 92: warning #161-D: declaration is incompatible with previous "reverse_to_line" (declared at line 32)
"../black_line.c", line 93: warning #225-D: function "strcpy" declared implicitly
"../black_line.c", line 100: warning #225-D: function "spin_clockwise" declared implicitly
"../black_line.c", line 115: remark #1544-D: (ULP 13.1) Detected loop counting up. Recommend loops count down as detecting zeros is easier
"../black_line.c", line 116: remark #2553-D: (ULP 14.1) Array index (involving "i") of type "int". Recommend using "unsigned int"
"../black_line.c", line 138: warning #161-D: declaration is incompatible with previous "adc_line" (declared at line 40)
"../black_line.c", line 142: remark #1544-D: (ULP 13.1) Detected loop counting up. Recommend loops count down as detecting zeros is easier
"../black_line.c", line 143: remark #1545-D: (ULP 14.1) Array index of type "int". Recommend using "unsigned int"
"../black_line.c", line 143: remark #2553-D: (ULP 14.1) Array index (involving "i") of type "int". Recommend using "unsigned int"
"../black_line.c", line 173: warning #225-D: function "strcpy" declared implicitly
"../black_line.c", line 179: warning #225-D: function "strcpy" declared implicitly
"../black_line.c", line 157: remark #1544-D: (ULP 13.1) Detected loop counting up. Recommend loops count down as detecting zeros is easier
"../black_line.c", line 158: remark #2553-D: (ULP 14.1) Array index (involving "j") of type "int". Recommend using "unsigned int"
"../black_line.c", line 158: remark #2553-D: (ULP 14.1) Array index (involving "j") of type "int". Recommend using "unsigned int"
"../black_line.c", line 165: remark #1544-D: (ULP 13.1) Detected loop counting up. Recommend loops count down as detecting zeros is easier
"../black_line.c", line 166: remark #2553-D: (ULP 14.1) Array index (involving "j") of type "int". Recommend using "unsigned int"
"../black_line.c", line 166: remark #2553-D: (ULP 14.1) Array index (involving "j") of type "int". Recommend using "unsigned int"
"../black_line.c", line 157: remark #1544-D: (ULP 13.1) Detected loop counting up. Recommend loops count down as detecting zeros is easier
"../black_line.c", line 158: remark #2553-D: (ULP 14.1) Array index (involving "j") of type "int". Recommend using "unsigned int"
"../black_line.c", line 158: remark #2553-D: (ULP 14.1) Array index (involving "j") of type "int". Recommend using "unsigned int"
"../black_line.c", line 165: remark #1544-D: (ULP 13.1) Detected loop counting up. Recommend loops count down as detecting zeros is easier
"../black_line.c", line 166: remark #2553-D: (ULP 14.1) Array index (involving "j") of type "int". Recommend using "unsigned int"
"../black_line.c", line 166: remark #2553-D: (ULP 14.1) Array index (involving "j") of type "int". Recommend using "unsigned int"
Finished building: "../black_line.c"
 
Building file: "../clocks.c"
Invoking: MSP430 Compiler
"D:/ccs/tools/compiler/ti-cgt-msp430_21.6.1.LTS/bin/cl430" -vmspx --use_hw_mpy=F5 --include_path="D:/ccs/ccs_base/msp430/include" --include_path="D:/ccs/Project 09/Project 09" --include_path="D:/ccs/tools/compiler/ti-cgt-msp430_21.6.1.LTS/include" --advice:power=all --advice:hw_config=all --define=__MSP430FR2355__ --define=_FRWP_ENABLE --define=_INFO_FRWP_ENABLE -g --printf_support=minimal --diag_warning=225 --diag_wrap=off --display_error_number --silicon_errata=CPU21 --silicon_errata=CPU22 --silicon_errata=CPU40 --preproc_with_compile --preproc_dependency="clocks.d_raw"  "../clocks.c"
"..\macros.h", line 148: warning #48-D: incompatible redefinition of macro "WAIT" (declared at line 17)
"..\macros.h", line 178: warning #48-D: incompatible redefinition of macro "PRESSED" (declared at line 124)
"..\macros.h", line 179: warning #48-D: incompatible redefinition of macro "RELEASED" (declared at line 125)
"..\macros.h", line 204: warning #48-D: incompatible redefinition of macro "TB0CCR0_INTERVAL" (declared at line 72)
"..\macros.h", line 205: warning #48-D: incompatible redefinition of macro "TB0CCR1_INTERVAL" (declared at line 73)
"..\macros.h", line 206: warning #48-D: incompatible redefinition of macro "TB0CCR2_INTERVAL" (declared at line 74)
"../clocks.c", line 86: remark #1527-D: (ULP 2.1) Detected SW delay loop using __delay_cycles. Recommend using a timer module instead
"../clocks.c", line 87: remark #1527-D: (ULP 2.1) Detected SW delay loop using empty loop. Recommend using a timer module instead
"../clocks.c", line 120: remark #1527-D: (ULP 2.1) Detected SW delay loop using empty loop. Recommend using a timer module instead
Finished building: "../clocks.c"
 
Building file: "../init.c"
Invoking: MSP430 Compiler
"D:/ccs/tools/compiler/ti-cgt-msp430_21.6.1.LTS/bin/cl430" -vmspx --use_hw_mpy=F5 --include_path="D:/ccs/ccs_base/msp430/include" --include_path="D:/ccs/Project 09/Project 09" --include_path="D:/ccs/tools/compiler/ti-cgt-msp430_21.6.1.LTS/include" --advice:power=all --advice:hw_config=all --define=__MSP430FR2355__ --define=_FRWP_ENABLE --define=_INFO_FRWP_ENABLE -g --printf_support=minimal --diag_warning=225 --diag_wrap=off --display_error_number --silicon_errata=CPU21 --silicon_errata=CPU22 --silicon_errata=CPU40 --preproc_with_compile --preproc_dependency="init.d_raw"  "../init.c"
"..\macros.h", line 148: warning #48-D: incompatible redefinition of macro "WAIT" (declared at line 17)
"..\macros.h", line 178: warning #48-D: incompatible redefinition of macro "PRESSED" (declared at line 124)
"..\macros.h", line 179: warning #48-D: incompatible redefinition of macro "RELEASED" (declared at line 125)
"..\macros.h", line 204: warning #48-D: incompatible redefinition of macro "TB0CCR0_INTERVAL" (declared at line 72)
"..\macros.h", line 205: warning #48-D: incompatible redefinition of macro "TB0CCR1_INTERVAL" (declared at line 73)
"..\macros.h", line 206: warning #48-D: incompatible redefinition of macro "TB0CCR2_INTERVAL" (declared at line 74)
"../init.c", line 26: remark #1544-D: (ULP 13.1) Detected loop counting up. Recommend loops count down as detecting zeros is easier
"../init.c", line 27: remark #2553-D: (ULP 14.1) Array index (involving "i") of type "int". Recommend using "unsigned int"
"../init.c", line 28: remark #2553-D: (ULP 14.1) Array index (involving "i") of type "int". Recommend using "unsigned int"
"../init.c", line 29: remark #2553-D: (ULP 14.1) Array index (involving "i") of type "int". Recommend using "unsigned int"
"../init.c", line 30: remark #2553-D: (ULP 14.1) Array index (involving "i") of type "int". Recommend using "unsigned int"
Finished building: "../init.c"
 
Building file: "../led.c"
Invoking: MSP430 Compiler
"D:/ccs/tools/compiler/ti-cgt-msp430_21.6.1.LTS/bin/cl430" -vmspx --use_hw_mpy=F5 --include_path="D:/ccs/ccs_base/msp430/include" --include_path="D:/ccs/Project 09/Project 09" --include_path="D:/ccs/tools/compiler/ti-cgt-msp430_21.6.1.LTS/include" --advice:power=all --advice:hw_config=all --define=__MSP430FR2355__ --define=_FRWP_ENABLE --define=_INFO_FRWP_ENABLE -g --printf_support=minimal --diag_warning=225 --diag_wrap=off --display_error_number --silicon_errata=CPU21 --silicon_errata=CPU22 --silicon_errata=CPU40 --preproc_with_compile --preproc_dependency="led.d_raw"  "../led.c"
"..\macros.h", line 148: warning #48-D: incompatible redefinition of macro "WAIT" (declared at line 17)
"..\macros.h", line 178: warning #48-D: incompatible redefinition of macro "PRESSED" (declared at line 124)
"..\macros.h", line 179: warning #48-D: incompatible redefinition of macro "RELEASED" (declared at line 125)
"..\macros.h", line 204: warning #48-D: incompatible redefinition of macro "TB0CCR0_INTERVAL" (declared at line 72)
"..\macros.h", line 205: warning #48-D: incompatible redefinition of macro "TB0CCR1_INTERVAL" (declared at line 73)
"..\macros.h", line 206: warning #48-D: incompatible redefinition of macro "TB0CCR2_INTERVAL" (declared at line 74)
Finished building: "../led.c"
 
Building file: "../main.c"
Invoking: MSP430 Compiler
"D:/ccs/tools/compiler/ti-cgt-msp430_21.6.1.LTS/bin/cl430" -vmspx --use_hw_mpy=F5 --include_path="D:/ccs/ccs_base/msp430/include" --include_path="D:/ccs/Project 09/Project 09" --include_path="D:/ccs/tools/compiler/ti-cgt-msp430_21.6.1.LTS/include" --advice:power=all --advice:hw_config=all --define=__MSP430FR2355__ --define=_FRWP_ENABLE --define=_INFO_FRWP_ENABLE -g --printf_support=minimal --diag_warning=225 --diag_wrap=off --display_error_number --silicon_errata=CPU21 --silicon_errata=CPU22 --silicon_errata=CPU40 --preproc_with_compile --preproc_dependency="main.d_raw"  "../main.c"
"..\macros.h", line 148: warning #48-D: incompatible redefinition of macro "WAIT" (declared at line 17)
"..\macros.h", line 178: warning #48-D: incompatible redefinition of macro "PRESSED" (declared at line 124)
"..\macros.h", line 179: warning #48-D: incompatible redefinition of macro "RELEASED" (declared at line 125)
"..\macros.h", line 204: warning #48-D: incompatible redefinition of macro "TB0CCR0_INTERVAL" (declared at line 72)
"..\macros.h", line 205: warning #48-D: incompatible redefinition of macro "TB0CCR1_INTERVAL" (declared at line 73)
"..\macros.h", line 206: warning #48-D: incompatible redefinition of macro "TB0CCR2_INTERVAL" (declared at line 74)
"../main.c", line 53: warning #225-D: function "Init_ADC" declared implicitly
"../main.c", line 91: warning #225-D: function "Carlson_StateMachine" declared implicitly
"../main.c", line 98: warning #225-D: function "LCD_update" declared implicitly
"../main.c", line 33: remark #1535-D: (ULP 8.1) variable "wheel_move" is used as a constant. Recommend declaring variable as either 'static const' or 'const'
"../main.c", line 34: remark #1535-D: (ULP 8.1) variable "forward" is used as a constant. Recommend declaring variable as either 'static const' or 'const'
"../main.c", line 35: remark #1535-D: (ULP 8.1) variable "event" is used as a constant. Recommend declaring variable as either 'static const' or 'const'
Finished building: "../main.c"
 
Building file: "../serial.c"
Invoking: MSP430 Compiler
"D:/ccs/tools/compiler/ti-cgt-msp430_21.6.1.LTS/bin/cl430" -vmspx --use_hw_mpy=F5 --include_path="D:/ccs/ccs_base/msp430/include" --include_path="D:/ccs/Project 09/Project 09" --include_path="D:/ccs/tools/compiler/ti-cgt-msp430_21.6.1.LTS/include" --advice:power=all --advice:hw_config=all --define=__MSP430FR2355__ --define=_FRWP_ENABLE --define=_INFO_FRWP_ENABLE -g --printf_support=minimal --diag_warning=225 --diag_wrap=off --display_error_number --silicon_errata=CPU21 --silicon_errata=CPU22 --silicon_errata=CPU40 --preproc_with_compile --preproc_dependency="serial.d_raw"  "../serial.c"
Finished building: "../serial.c"
 
Building file: "../ports.c"
Invoking: MSP430 Compiler
"D:/ccs/tools/compiler/ti-cgt-msp430_21.6.1.LTS/bin/cl430" -vmspx --use_hw_mpy=F5 --include_path="D:/ccs/ccs_base/msp430/include" --include_path="D:/ccs/Project 09/Project 09" --include_path="D:/ccs/tools/compiler/ti-cgt-msp430_21.6.1.LTS/include" --advice:power=all --advice:hw_config=all --define=__MSP430FR2355__ --define=_FRWP_ENABLE --define=_INFO_FRWP_ENABLE -g --printf_support=minimal --diag_warning=225 --diag_wrap=off --display_error_number --silicon_errata=CPU21 --silicon_errata=CPU22 --silicon_errata=CPU40 --preproc_with_compile --preproc_dependency="ports.d_raw"  "../ports.c"
"..\macros.h", line 148: warning #48-D: incompatible redefinition of macro "WAIT" (declared at line 17)
"..\macros.h", line 178: warning #48-D: incompatible redefinition of macro "PRESSED" (declared at line 124)
"..\macros.h", line 179: warning #48-D: incompatible redefinition of macro "RELEASED" (declared at line 125)
"..\macros.h", line 204: warning #48-D: incompatible redefinition of macro "TB0CCR0_INTERVAL" (declared at line 72)
"..\macros.h", line 205: warning #48-D: incompatible redefinition of macro "TB0CCR1_INTERVAL" (declared at line 73)
"..\macros.h", line 206: warning #48-D: incompatible redefinition of macro "TB0CCR2_INTERVAL" (declared at line 74)
"../ports.c", line 21: warning #225-D: function "Init_Port_1" declared implicitly
"../ports.c", line 22: warning #225-D: function "Init_Port_2" declared implicitly
"../ports.c", line 23: warning #225-D: function "Init_Port_3" declared implicitly
"../ports.c", line 24: warning #225-D: function "Init_Port_4" declared implicitly
"../ports.c", line 25: warning #225-D: function "Init_Port_5" declared implicitly
"../ports.c", line 26: warning #225-D: function "Init_Port_6" declared implicitly
"../ports.c", line 32: warning #161-D: declaration is incompatible with previous "Init_Port_1" (declared at line 21)
"../ports.c", line 91: warning #161-D: declaration is incompatible with previous "Init_Port_2" (declared at line 22)
"../ports.c", line 146: warning #161-D: declaration is incompatible with previous "Init_Port_3" (declared at line 23)
"../ports.c", line 202: warning #161-D: declaration is incompatible with previous "Init_Port_4" (declared at line 24)
"../ports.c", line 252: warning #161-D: declaration is incompatible with previous "Init_Port_5" (declared at line 25)
"../ports.c", line 291: warning #161-D: declaration is incompatible with previous "Init_Port_6" (declared at line 26)
Finished building: "../ports.c"
 
Building file: "../states.c"
Invoking: MSP430 Compiler
"D:/ccs/tools/compiler/ti-cgt-msp430_21.6.1.LTS/bin/cl430" -vmspx --use_hw_mpy=F5 --include_path="D:/ccs/ccs_base/msp430/include" --include_path="D:/ccs/Project 09/Project 09" --include_path="D:/ccs/tools/compiler/ti-cgt-msp430_21.6.1.LTS/include" --advice:power=all --advice:hw_config=all --define=__MSP430FR2355__ --define=_FRWP_ENABLE --define=_INFO_FRWP_ENABLE -g --printf_support=minimal --diag_warning=225 --diag_wrap=off --display_error_number --silicon_errata=CPU21 --silicon_errata=CPU22 --silicon_errata=CPU40 --preproc_with_compile --preproc_dependency="states.d_raw"  "../states.c"
"..\macros.h", line 148: warning #48-D: incompatible redefinition of macro "WAIT" (declared at line 17)
"..\macros.h", line 178: warning #48-D: incompatible redefinition of macro "PRESSED" (declared at line 124)
"..\macros.h", line 179: warning #48-D: incompatible redefinition of macro "RELEASED" (declared at line 125)
"..\macros.h", line 204: warning #48-D: incompatible redefinition of macro "TB0CCR0_INTERVAL" (declared at line 72)
"..\macros.h", line 205: warning #48-D: incompatible redefinition of macro "TB0CCR1_INTERVAL" (declared at line 73)
"..\macros.h", line 206: warning #48-D: incompatible redefinition of macro "TB0CCR2_INTERVAL" (declared at line 74)
"../states.c", line 35: warning #225-D: function "wait_case" declared implicitly
"../states.c", line 38: warning #225-D: function "start_case" declared implicitly
"../states.c", line 41: warning #225-D: function "run_case" declared implicitly
"../states.c", line 44: warning #225-D: function "end_case" declared implicitly
"../states.c", line 50: warning #161-D: declaration is incompatible with previous "start_case" (declared at line 38)
"../states.c", line 54: warning #225-D: function "moveforward" declared implicitly
"../states.c", line 59: warning #161-D: declaration is incompatible with previous "run_case" (declared at line 41)
"../states.c", line 74: warning #225-D: function "moveforward" declared implicitly
"../states.c", line 85: warning #225-D: function "wait_case" declared implicitly
"../states.c", line 86: warning #225-D: function "start_case_circle" declared implicitly
"../states.c", line 87: warning #225-D: function "run_case_circle" declared implicitly
"../states.c", line 88: warning #225-D: function "end_case" declared implicitly
"../states.c", line 93: warning #161-D: declaration is incompatible with previous "wait_case" (declared at line 35)
"../states.c", line 103: warning #161-D: declaration is incompatible with previous "start_case_circle" (declared at line 86)
"../states.c", line 107: warning #225-D: function "moveforward" declared implicitly
"../states.c", line 112: warning #161-D: declaration is incompatible with previous "run_case_circle" (declared at line 87)
"../states.c", line 133: warning #225-D: function "moveforward" declared implicitly
"../states.c", line 141: warning #161-D: declaration is incompatible with previous "end_case" (declared at line 44)
"../states.c", line 142: warning #225-D: function "stopall" declared implicitly
"../states.c", line 151: warning #225-D: function "start_case_triangle" declared implicitly
"../states.c", line 152: warning #225-D: function "run_case_triangle" declared implicitly
"../states.c", line 158: warning #161-D: declaration is incompatible with previous "start_case_triangle" (declared at line 151)
"../states.c", line 162: warning #225-D: function "moveforward" declared implicitly
"../states.c", line 169: warning #161-D: declaration is incompatible with previous "run_case_triangle" (declared at line 152)
"../states.c", line 192: warning #225-D: function "moveforward" declared implicitly
"../states.c", line 203: warning #188-D: pointless comparison of unsigned integer with zero
"../states.c", line 217: warning #225-D: function "moveforward" declared implicitly
"../states.c", line 238: warning #225-D: function "start_case_figure8" declared implicitly
"../states.c", line 239: warning #225-D: function "run_case_figure8" declared implicitly
"../states.c", line 246: warning #161-D: declaration is incompatible with previous "start_case_figure8" (declared at line 238)
"../states.c", line 250: warning #225-D: function "moveforward" declared implicitly
"../states.c", line 258: warning #161-D: declaration is incompatible with previous "run_case_figure8" (declared at line 239)
"../states.c", line 289: warning #225-D: function "moveforward" declared implicitly
"../states.c", line 300: warning #225-D: function "moveforward" declared implicitly
"../states.c", line 24: remark #1535-D: (ULP 8.1) variable "event" is used as a constant. Recommend declaring variable as either 'static const' or 'const'
Finished building: "../states.c"
 
Building file: "../switches.c"
Invoking: MSP430 Compiler
"D:/ccs/tools/compiler/ti-cgt-msp430_21.6.1.LTS/bin/cl430" -vmspx --use_hw_mpy=F5 --include_path="D:/ccs/ccs_base/msp430/include" --include_path="D:/ccs/Project 09/Project 09" --include_path="D:/ccs/tools/compiler/ti-cgt-msp430_21.6.1.LTS/include" --advice:power=all --advice:hw_config=all --define=__MSP430FR2355__ --define=_FRWP_ENABLE --define=_INFO_FRWP_ENABLE -g --printf_support=minimal --diag_warning=225 --diag_wrap=off --display_error_number --silicon_errata=CPU21 --silicon_errata=CPU22 --silicon_errata=CPU40 --preproc_with_compile --preproc_dependency="switches.d_raw"  "../switches.c"
"..\macros.h", line 148: warning #48-D: incompatible redefinition of macro "WAIT" (declared at line 17)
"..\macros.h", line 178: warning #48-D: incompatible redefinition of macro "PRESSED" (declared at line 124)
"..\macros.h", line 179: warning #48-D: incompatible redefinition of macro "RELEASED" (declared at line 125)
"..\macros.h", line 204: warning #48-D: incompatible redefinition of macro "TB0CCR0_INTERVAL" (declared at line 72)
"..\macros.h", line 205: warning #48-D: incompatible redefinition of macro "TB0CCR1_INTERVAL" (declared at line 73)
"..\macros.h", line 206: warning #48-D: incompatible redefinition of macro "TB0CCR2_INTERVAL" (declared at line 74)
"../switches.c", line 16: warning #225-D: function "Transmit_Command" declared implicitly
"../switches.c", line 28: warning #225-D: function "Set_Baud" declared implicitly
"../switches.c", line 17: remark #1527-D: (ULP 2.1) Detected SW delay loop using __delay_cycles. Recommend using a timer module instead
"../switches.c", line 24: remark #1527-D: (ULP 2.1) Detected SW delay loop using __delay_cycles. Recommend using a timer module instead
"../switches.c", line 32: remark #1527-D: (ULP 2.1) Detected SW delay loop using empty loop. Recommend using a timer module instead
Finished building: "../switches.c"
 
Building file: "../system.c"
Invoking: MSP430 Compiler
"D:/ccs/tools/compiler/ti-cgt-msp430_21.6.1.LTS/bin/cl430" -vmspx --use_hw_mpy=F5 --include_path="D:/ccs/ccs_base/msp430/include" --include_path="D:/ccs/Project 09/Project 09" --include_path="D:/ccs/tools/compiler/ti-cgt-msp430_21.6.1.LTS/include" --advice:power=all --advice:hw_config=all --define=__MSP430FR2355__ --define=_FRWP_ENABLE --define=_INFO_FRWP_ENABLE -g --printf_support=minimal --diag_warning=225 --diag_wrap=off --display_error_number --silicon_errata=CPU21 --silicon_errata=CPU22 --silicon_errata=CPU40 --preproc_with_compile --preproc_dependency="system.d_raw"  "../system.c"
"..\macros.h", line 148: warning #48-D: incompatible redefinition of macro "WAIT" (declared at line 17)
"..\macros.h", line 178: warning #48-D: incompatible redefinition of macro "PRESSED" (declared at line 124)
"..\macros.h", line 179: warning #48-D: incompatible redefinition of macro "RELEASED" (declared at line 125)
"..\macros.h", line 204: warning #48-D: incompatible redefinition of macro "TB0CCR0_INTERVAL" (declared at line 72)
"..\macros.h", line 205: warning #48-D: incompatible redefinition of macro "TB0CCR1_INTERVAL" (declared at line 73)
"..\macros.h", line 206: warning #48-D: incompatible redefinition of macro "TB0CCR2_INTERVAL" (declared at line 74)
Finished building: "../system.c"
 
Building file: "../timers.c"
Invoking: MSP430 Compiler
"D:/ccs/tools/compiler/ti-cgt-msp430_21.6.1.LTS/bin/cl430" -vmspx --use_hw_mpy=F5 --include_path="D:/ccs/ccs_base/msp430/include" --include_path="D:/ccs/Project 09/Project 09" --include_path="D:/ccs/tools/compiler/ti-cgt-msp430_21.6.1.LTS/include" --advice:power=all --advice:hw_config=all --define=__MSP430FR2355__ --define=_FRWP_ENABLE --define=_INFO_FRWP_ENABLE -g --printf_support=minimal --diag_warning=225 --diag_wrap=off --display_error_number --silicon_errata=CPU21 --silicon_errata=CPU22 --silicon_errata=CPU40 --preproc_with_compile --preproc_dependency="timers.d_raw"  "../timers.c"
"..\macros.h", line 148: warning #48-D: incompatible redefinition of macro "WAIT" (declared at line 17)
"..\macros.h", line 178: warning #48-D: incompatible redefinition of macro "PRESSED" (declared at line 124)
"..\macros.h", line 179: warning #48-D: incompatible redefinition of macro "RELEASED" (declared at line 125)
"..\macros.h", line 204: warning #48-D: incompatible redefinition of macro "TB0CCR0_INTERVAL" (declared at line 72)
"..\macros.h", line 205: warning #48-D: incompatible redefinition of macro "TB0CCR1_INTERVAL" (declared at line 73)
"..\macros.h", line 206: warning #48-D: incompatible redefinition of macro "TB0CCR2_INTERVAL" (declared at line 74)
Finished building: "../timers.c"
 
Building file: "../timers_move.c"
Invoking: MSP430 Compiler
"D:/ccs/tools/compiler/ti-cgt-msp430_21.6.1.LTS/bin/cl430" -vmspx --use_hw_mpy=F5 --include_path="D:/ccs/ccs_base/msp430/include" --include_path="D:/ccs/Project 09/Project 09" --include_path="D:/ccs/tools/compiler/ti-cgt-msp430_21.6.1.LTS/include" --advice:power=all --advice:hw_config=all --define=__MSP430FR2355__ --define=_FRWP_ENABLE --define=_INFO_FRWP_ENABLE -g --printf_support=minimal --diag_warning=225 --diag_wrap=off --display_error_number --silicon_errata=CPU21 --silicon_errata=CPU22 --silicon_errata=CPU40 --preproc_with_compile --preproc_dependency="timers_move.d_raw"  "../timers_move.c"
"..\macros.h", line 148: warning #48-D: incompatible redefinition of macro "WAIT" (declared at line 17)
"..\macros.h", line 178: warning #48-D: incompatible redefinition of macro "PRESSED" (declared at line 124)
"..\macros.h", line 179: warning #48-D: incompatible redefinition of macro "RELEASED" (declared at line 125)
"..\macros.h", line 204: warning #48-D: incompatible redefinition of macro "TB0CCR0_INTERVAL" (declared at line 72)
"..\macros.h", line 205: warning #48-D: incompatible redefinition of macro "TB0CCR1_INTERVAL" (declared at line 73)
"..\macros.h", line 206: warning #48-D: incompatible redefinition of macro "TB0CCR2_INTERVAL" (declared at line 74)
"../timers_move.c", line 57: warning #225-D: function "moveforward" declared implicitly
"../timers_move.c", line 61: warning #225-D: function "stopall" declared implicitly
"../timers_move.c", line 65: warning #225-D: function "movereverse" declared implicitly
"../timers_move.c", line 82: warning #225-D: function "spin_clockwise" declared implicitly
"../timers_move.c", line 90: warning #225-D: function "spin_counterclockwise" declared implicitly
Finished building: "../timers_move.c"
 
Building file: "../wheels.c"
Invoking: MSP430 Compiler
"D:/ccs/tools/compiler/ti-cgt-msp430_21.6.1.LTS/bin/cl430" -vmspx --use_hw_mpy=F5 --include_path="D:/ccs/ccs_base/msp430/include" --include_path="D:/ccs/Project 09/Project 09" --include_path="D:/ccs/tools/compiler/ti-cgt-msp430_21.6.1.LTS/include" --advice:power=all --advice:hw_config=all --define=__MSP430FR2355__ --define=_FRWP_ENABLE --define=_INFO_FRWP_ENABLE -g --printf_support=minimal --diag_warning=225 --diag_wrap=off --display_error_number --silicon_errata=CPU21 --silicon_errata=CPU22 --silicon_errata=CPU40 --preproc_with_compile --preproc_dependency="wheels.d_raw"  "../wheels.c"
"..\macros.h", line 148: warning #48-D: incompatible redefinition of macro "WAIT" (declared at line 17)
"..\macros.h", line 178: warning #48-D: incompatible redefinition of macro "PRESSED" (declared at line 124)
"..\macros.h", line 179: warning #48-D: incompatible redefinition of macro "RELEASED" (declared at line 125)
"..\macros.h", line 204: warning #48-D: incompatible redefinition of macro "TB0CCR0_INTERVAL" (declared at line 72)
"..\macros.h", line 205: warning #48-D: incompatible redefinition of macro "TB0CCR1_INTERVAL" (declared at line 73)
"..\macros.h", line 206: warning #48-D: incompatible redefinition of macro "TB0CCR2_INTERVAL" (declared at line 74)
Finished building: "../wheels.c"
 
Building target: "Project 09.out"
Invoking: MSP430 Linker
"D:/ccs/tools/compiler/ti-cgt-msp430_21.6.1.LTS/bin/cl430" -vmspx --use_hw_mpy=F5 --advice:power=all --advice:hw_config=all --define=__MSP430FR2355__ --define=_FRWP_ENABLE --define=_INFO_FRWP_ENABLE -g --printf_support=minimal --diag_warning=225 --diag_wrap=off --display_error_number --silicon_errata=CPU21 --silicon_errata=CPU22 --silicon_errata=CPU40 -z -m"Project 09.map" --heap_size=160 --stack_size=160 --cinit_hold_wdt=on -i"D:/ccs/ccs_base/msp430/include" -i"D:/ccs/ccs_base/msp430/lib/FR2xx" -i"D:/ccs/tools/compiler/ti-cgt-msp430_21.6.1.LTS/lib" -i"D:/ccs/tools/compiler/ti-cgt-msp430_21.6.1.LTS/include" --priority --reread_libs --define=_FRWP_ENABLE --define=_INFO_FRWP_ENABLE --diag_wrap=off --display_error_number --warn_sections --xml_link_info="Project 09_linkInfo.xml" --use_hw_mpy=F5 --rom_model -o "Project 09.out" "./Display.obj" "./IOTTrans.obj" "./adc.obj" "./black_line.obj" "./clocks.obj" "./init.obj" "./led.obj" "./main.obj" "./ports.obj" "./serial.obj" "./states.obj" "./switches.obj" "./system.obj" "./timers.obj" "./timers_move.obj" "./usci.obj" "./wheels.obj" "../Compiled/LCD.obj" "../lnk_msp430fr2355.cmd"  -lfrwp_init.a -llibc.a 
<Linking>
 
 undefined        first referenced
  symbol              in file     
 ---------        ----------------
 Set_Baud         ./switches.obj  
 Transmit_Command ./switches.obj  
 baud_mode        ./switches.obj  
 
error #10234-D: unresolved symbols remain
remark #10372-D: (ULP 4.1) Detected uninitialized Port A in this project. Recommend initializing all unused ports to eliminate wasted current consumption on unused pins.
error #10010: errors encountered during linking; "Project 09.out" not built
remark #10372-D: (ULP 4.1) Detected uninitialized Port B in this project. Recommend initializing all unused ports to eliminate wasted current consumption on unused pins.
remark #10372-D: (ULP 4.1) Detected uninitialized Port C in this project. Recommend initializing all unused ports to eliminate wasted current consumption on unused pins.
remark #10422-D: (ULP 6.2) Detected use of a device with available 32-bit hardware multiplier and not also using MSPMATHLIB library (libmath.a).  Recommend using MSPMATHLIB library (libmath.a) for improved performance.
 
>> Compilation failure
makefile:155: recipe for target 'Project 09.out' failed
gmake[1]: *** [Project 09.out] Error 1
makefile:151: recipe for target 'all' failed
gmake: *** [all] Error 2

**** Build Finished ****

**** Build of configuration Debug for project Project 09 ****

"D:\\ccs\\utils\\bin\\gmake" -k -j 16 all -O 
 
Building file: "../switches.c"
Invoking: MSP430 Compiler
"D:/ccs/tools/compiler/ti-cgt-msp430_21.6.1.LTS/bin/cl430" -vmspx --use_hw_mpy=F5 --include_path="D:/ccs/ccs_base/msp430/include" --include_path="D:/ccs/Project 09/Project 09" --include_path="D:/ccs/tools/compiler/ti-cgt-msp430_21.6.1.LTS/include" --advice:power=all --advice:hw_config=all --define=__MSP430FR2355__ --define=_FRWP_ENABLE --define=_INFO_FRWP_ENABLE -g --printf_support=minimal --diag_warning=225 --diag_wrap=off --display_error_number --silicon_errata=CPU21 --silicon_errata=CPU22 --silicon_errata=CPU40 --preproc_with_compile --preproc_dependency="switches.d_raw"  "../switches.c"
"..\macros.h", line 148: warning #48-D: incompatible redefinition of macro "WAIT" (declared at line 17)
"..\macros.h", line 178: warning #48-D: incompatible redefinition of macro "PRESSED" (declared at line 124)
"..\macros.h", line 179: warning #48-D: incompatible redefinition of macro "RELEASED" (declared at line 125)
"..\macros.h", line 204: warning #48-D: incompatible redefinition of macro "TB0CCR0_INTERVAL" (declared at line 72)
"..\macros.h", line 205: warning #48-D: incompatible redefinition of macro "TB0CCR1_INTERVAL" (declared at line 73)
"..\macros.h", line 206: warning #48-D: incompatible redefinition of macro "TB0CCR2_INTERVAL" (declared at line 74)
"../switches.c", line 16: remark #1527-D: (ULP 2.1) Detected SW delay loop using __delay_cycles. Recommend using a timer module instead
"../switches.c", line 19: remark #1527-D: (ULP 2.1) Detected SW delay loop using empty loop. Recommend using a timer module instead
"../switches.c", line 25: remark #1527-D: (ULP 2.1) Detected SW delay loop using __delay_cycles. Recommend using a timer module instead
"../switches.c", line 28: remark #1527-D: (ULP 2.1) Detected SW delay loop using empty loop. Recommend using a timer module instead
Finished building: "../switches.c"
 
Building target: "Project 09.out"
Invoking: MSP430 Linker
"D:/ccs/tools/compiler/ti-cgt-msp430_21.6.1.LTS/bin/cl430" -vmspx --use_hw_mpy=F5 --advice:power=all --advice:hw_config=all --define=__MSP430FR2355__ --define=_FRWP_ENABLE --define=_INFO_FRWP_ENABLE -g --printf_support=minimal --diag_warning=225 --diag_wrap=off --display_error_number --silicon_errata=CPU21 --silicon_errata=CPU22 --silicon_errata=CPU40 -z -m"Project 09.map" --heap_size=160 --stack_size=160 --cinit_hold_wdt=on -i"D:/ccs/ccs_base/msp430/include" -i"D:/ccs/ccs_base/msp430/lib/FR2xx" -i"D:/ccs/tools/compiler/ti-cgt-msp430_21.6.1.LTS/lib" -i"D:/ccs/tools/compiler/ti-cgt-msp430_21.6.1.LTS/include" --priority --reread_libs --define=_FRWP_ENABLE --define=_INFO_FRWP_ENABLE --diag_wrap=off --display_error_number --warn_sections --xml_link_info="Project 09_linkInfo.xml" --use_hw_mpy=F5 --rom_model -o "Project 09.out" "./Display.obj" "./IOTTrans.obj" "./adc.obj" "./black_line.obj" "./clocks.obj" "./init.obj" "./led.obj" "./main.obj" "./ports.obj" "./serial.obj" "./states.obj" "./switches.obj" "./system.obj" "./timers.obj" "./timers_move.obj" "./usci.obj" "./wheels.obj" "../Compiled/LCD.obj" "../lnk_msp430fr2355.cmd"  -lfrwp_init.a -llibc.a 
<Linking>
remark #10372-D: (ULP 4.1) Detected uninitialized Port A in this project. Recommend initializing all unused ports to eliminate wasted current consumption on unused pins.
remark #10372-D: (ULP 4.1) Detected uninitialized Port B in this project. Recommend initializing all unused ports to eliminate wasted current consumption on unused pins.
remark #10372-D: (ULP 4.1) Detected uninitialized Port C in this project. Recommend initializing all unused ports to eliminate wasted current consumption on unused pins.
remark #10422-D: (ULP 6.2) Detected use of a device with available 32-bit hardware multiplier and not also using MSPMATHLIB library (libmath.a).  Recommend using MSPMATHLIB library (libmath.a) for improved performance.
Finished building target: "Project 09.out"
 

**** Build Finished ****

**** Build of configuration Debug for project Project 09 ****

"D:\\ccs\\utils\\bin\\gmake" -k -j 16 all -O 
 
gmake[1]: 'Project 09.out' is up to date.

**** Build Finished ****

**** Build of configuration Debug for project Project 09 ****

"D:\\ccs\\utils\\bin\\gmake" -k -j 16 all -O 
 
gmake[1]: 'Project 09.out' is up to date.

**** Build Finished ****

**** Build of configuration Debug for project Project 09 ****

"D:\\ccs\\utils\\bin\\gmake" -k -j 16 all -O 
 
Building file: "../IOTTrans.c"
Invoking: MSP430 Compiler
"D:/ccs/tools/compiler/ti-cgt-msp430_21.6.1.LTS/bin/cl430" -vmspx --use_hw_mpy=F5 --include_path="D:/ccs/ccs_base/msp430/include" --include_path="D:/ccs/Project 09/Project 09" --include_path="D:/ccs/tools/compiler/ti-cgt-msp430_21.6.1.LTS/include" --advice:power=all --advice:hw_config=all --define=__MSP430FR2355__ --define=_FRWP_ENABLE --define=_INFO_FRWP_ENABLE -g --printf_support=minimal --diag_warning=225 --diag_wrap=off --display_error_number --silicon_errata=CPU21 --silicon_errata=CPU22 --silicon_errata=CPU40 --preproc_with_compile --preproc_dependency="IOTTrans.d_raw"  "../IOTTrans.c"
"..\macros.h", line 148: warning #48-D: incompatible redefinition of macro "WAIT" (declared at line 17)
"..\macros.h", line 178: warning #48-D: incompatible redefinition of macro "PRESSED" (declared at line 124)
"..\macros.h", line 179: warning #48-D: incompatible redefinition of macro "RELEASED" (declared at line 125)
"..\macros.h", line 204: warning #48-D: incompatible redefinition of macro "TB0CCR0_INTERVAL" (declared at line 72)
"..\macros.h", line 205: warning #48-D: incompatible redefinition of macro "TB0CCR1_INTERVAL" (declared at line 73)
"..\macros.h", line 206: warning #48-D: incompatible redefinition of macro "TB0CCR2_INTERVAL" (declared at line 74)
"../IOTTrans.c", line 76: remark #1528-D: (ULP 3.1) Detected flag polling using UCA1IFG. Recommend using an interrupt combined with enter LPMx and ISR
"../IOTTrans.c", line 81: remark #1528-D: (ULP 3.1) Detected flag polling using UCA0IFG. Recommend using an interrupt combined with enter LPMx and ISR
"../IOTTrans.c", line 97: remark #1538-D: (ULP 10.1) ISR EUSCI_A1_ISR calls function memset. Recommend moving function call away from ISR, or inlining the function, or using pragmas
"../IOTTrans.c", line 107: remark #1538-D: (ULP 10.1) ISR EUSCI_A1_ISR calls function Process_FRAM_Command. Recommend moving function call away from ISR, or inlining the function, or using pragmas
"../IOTTrans.c", line 97: remark #1538-D: (ULP 10.1) ISR EUSCI_A1_ISR calls function memset. Recommend moving function call away from ISR, or inlining the function, or using pragmas
"../IOTTrans.c", line 107: remark #1538-D: (ULP 10.1) ISR EUSCI_A1_ISR calls function Process_FRAM_Command. Recommend moving function call away from ISR, or inlining the function, or using pragmas
"../IOTTrans.c", line 156: remark #1544-D: (ULP 13.1) Detected loop counting up. Recommend loops count down as detecting zeros is easier
"../IOTTrans.c", line 156: remark #1544-D: (ULP 13.1) Detected loop counting up. Recommend loops count down as detecting zeros is easier
Finished building: "../IOTTrans.c"
 
Building target: "Project 09.out"
Invoking: MSP430 Linker
"D:/ccs/tools/compiler/ti-cgt-msp430_21.6.1.LTS/bin/cl430" -vmspx --use_hw_mpy=F5 --advice:power=all --advice:hw_config=all --define=__MSP430FR2355__ --define=_FRWP_ENABLE --define=_INFO_FRWP_ENABLE -g --printf_support=minimal --diag_warning=225 --diag_wrap=off --display_error_number --silicon_errata=CPU21 --silicon_errata=CPU22 --silicon_errata=CPU40 -z -m"Project 09.map" --heap_size=160 --stack_size=160 --cinit_hold_wdt=on -i"D:/ccs/ccs_base/msp430/include" -i"D:/ccs/ccs_base/msp430/lib/FR2xx" -i"D:/ccs/tools/compiler/ti-cgt-msp430_21.6.1.LTS/lib" -i"D:/ccs/tools/compiler/ti-cgt-msp430_21.6.1.LTS/include" --priority --reread_libs --define=_FRWP_ENABLE --define=_INFO_FRWP_ENABLE --diag_wrap=off --display_error_number --warn_sections --xml_link_info="Project 09_linkInfo.xml" --use_hw_mpy=F5 --rom_model -o "Project 09.out" "./Display.obj" "./IOTTrans.obj" "./adc.obj" "./black_line.obj" "./clocks.obj" "./init.obj" "./led.obj" "./main.obj" "./ports.obj" "./serial.obj" "./states.obj" "./switches.obj" "./system.obj" "./timers.obj" "./timers_move.obj" "./usci.obj" "./wheels.obj" "../Compiled/LCD.obj" "../lnk_msp430fr2355.cmd"  -lfrwp_init.a -llibc.a 
<Linking>
remark #10372-D: (ULP 4.1) Detected uninitialized Port A in this project. Recommend initializing all unused ports to eliminate wasted current consumption on unused pins.
remark #10372-D: (ULP 4.1) Detected uninitialized Port B in this project. Recommend initializing all unused ports to eliminate wasted current consumption on unused pins.
remark #10372-D: (ULP 4.1) Detected uninitialized Port C in this project. Recommend initializing all unused ports to eliminate wasted current consumption on unused pins.
remark #10422-D: (ULP 6.2) Detected use of a device with available 32-bit hardware multiplier and not also using MSPMATHLIB library (libmath.a).  Recommend using MSPMATHLIB library (libmath.a) for improved performance.
Finished building target: "Project 09.out"
 

**** Build Finished ****

**** Build of configuration Debug for project Project 09 ****

"D:\\ccs\\utils\\bin\\gmake" -k -j 16 all -O 
 
gmake[1]: 'Project 09.out' is up to date.

**** Build Finished ****

**** Build of configuration Debug for project Project 09 ****

"D:\\ccs\\utils\\bin\\gmake" -k -j 16 all -O 
 
Building file: "../ports.c"
Invoking: MSP430 Compiler
"D:/ccs/tools/compiler/ti-cgt-msp430_21.6.1.LTS/bin/cl430" -vmspx --use_hw_mpy=F5 --include_path="D:/ccs/ccs_base/msp430/include" --include_path="D:/ccs/Project 09/Project 09" --include_path="D:/ccs/tools/compiler/ti-cgt-msp430_21.6.1.LTS/include" --advice:power=all --advice:hw_config=all --define=__MSP430FR2355__ --define=_FRWP_ENABLE --define=_INFO_FRWP_ENABLE -g --printf_support=minimal --diag_warning=225 --diag_wrap=off --display_error_number --silicon_errata=CPU21 --silicon_errata=CPU22 --silicon_errata=CPU40 --preproc_with_compile --preproc_dependency="ports.d_raw"  "../ports.c"
"..\macros.h", line 148: warning #48-D: incompatible redefinition of macro "WAIT" (declared at line 17)
"..\macros.h", line 178: warning #48-D: incompatible redefinition of macro "PRESSED" (declared at line 124)
"..\macros.h", line 179: warning #48-D: incompatible redefinition of macro "RELEASED" (declared at line 125)
"..\macros.h", line 204: warning #48-D: incompatible redefinition of macro "TB0CCR0_INTERVAL" (declared at line 72)
"..\macros.h", line 205: warning #48-D: incompatible redefinition of macro "TB0CCR1_INTERVAL" (declared at line 73)
"..\macros.h", line 206: warning #48-D: incompatible redefinition of macro "TB0CCR2_INTERVAL" (declared at line 74)
"../ports.c", line 21: warning #225-D: function "Init_Port_1" declared implicitly
"../ports.c", line 22: warning #225-D: function "Init_Port_2" declared implicitly
"../ports.c", line 23: warning #225-D: function "Init_Port_3" declared implicitly
"../ports.c", line 24: warning #225-D: function "Init_Port_4" declared implicitly
"../ports.c", line 25: warning #225-D: function "Init_Port_5" declared implicitly
"../ports.c", line 26: warning #225-D: function "Init_Port_6" declared implicitly
"../ports.c", line 32: warning #161-D: declaration is incompatible with previous "Init_Port_1" (declared at line 21)
"../ports.c", line 91: warning #161-D: declaration is incompatible with previous "Init_Port_2" (declared at line 22)
"../ports.c", line 146: warning #161-D: declaration is incompatible with previous "Init_Port_3" (declared at line 23)
"../ports.c", line 203: warning #161-D: declaration is incompatible with previous "Init_Port_4" (declared at line 24)
"../ports.c", line 253: warning #161-D: declaration is incompatible with previous "Init_Port_5" (declared at line 25)
"../ports.c", line 292: warning #161-D: declaration is incompatible with previous "Init_Port_6" (declared at line 26)
Finished building: "../ports.c"
 
Building target: "Project 09.out"
Invoking: MSP430 Linker
"D:/ccs/tools/compiler/ti-cgt-msp430_21.6.1.LTS/bin/cl430" -vmspx --use_hw_mpy=F5 --advice:power=all --advice:hw_config=all --define=__MSP430FR2355__ --define=_FRWP_ENABLE --define=_INFO_FRWP_ENABLE -g --printf_support=minimal --diag_warning=225 --diag_wrap=off --display_error_number --silicon_errata=CPU21 --silicon_errata=CPU22 --silicon_errata=CPU40 -z -m"Project 09.map" --heap_size=160 --stack_size=160 --cinit_hold_wdt=on -i"D:/ccs/ccs_base/msp430/include" -i"D:/ccs/ccs_base/msp430/lib/FR2xx" -i"D:/ccs/tools/compiler/ti-cgt-msp430_21.6.1.LTS/lib" -i"D:/ccs/tools/compiler/ti-cgt-msp430_21.6.1.LTS/include" --priority --reread_libs --define=_FRWP_ENABLE --define=_INFO_FRWP_ENABLE --diag_wrap=off --display_error_number --warn_sections --xml_link_info="Project 09_linkInfo.xml" --use_hw_mpy=F5 --rom_model -o "Project 09.out" "./Display.obj" "./IOTTrans.obj" "./adc.obj" "./black_line.obj" "./clocks.obj" "./init.obj" "./led.obj" "./main.obj" "./ports.obj" "./serial.obj" "./states.obj" "./switches.obj" "./system.obj" "./timers.obj" "./timers_move.obj" "./usci.obj" "./wheels.obj" "../Compiled/LCD.obj" "../lnk_msp430fr2355.cmd"  -lfrwp_init.a -llibc.a 
<Linking>
remark #10372-D: (ULP 4.1) Detected uninitialized Port A in this project. Recommend initializing all unused ports to eliminate wasted current consumption on unused pins.
remark #10372-D: (ULP 4.1) Detected uninitialized Port B in this project. Recommend initializing all unused ports to eliminate wasted current consumption on unused pins.
remark #10372-D: (ULP 4.1) Detected uninitialized Port C in this project. Recommend initializing all unused ports to eliminate wasted current consumption on unused pins.
remark #10422-D: (ULP 6.2) Detected use of a device with available 32-bit hardware multiplier and not also using MSPMATHLIB library (libmath.a).  Recommend using MSPMATHLIB library (libmath.a) for improved performance.
Finished building target: "Project 09.out"
 

**** Build Finished ****

**** Build of configuration Debug for project Project 09 ****

"D:\\ccs\\utils\\bin\\gmake" -k -j 16 all -O 
 
gmake[1]: 'Project 09.out' is up to date.

**** Build Finished ****

**** Build of configuration Debug for project Project 09 ****

"D:\\ccs\\utils\\bin\\gmake" -k -j 16 all -O 
 
Building file: "../ports.c"
Invoking: MSP430 Compiler
"D:/ccs/tools/compiler/ti-cgt-msp430_21.6.1.LTS/bin/cl430" -vmspx --use_hw_mpy=F5 --include_path="D:/ccs/ccs_base/msp430/include" --include_path="D:/ccs/Project 09/Project 09" --include_path="D:/ccs/tools/compiler/ti-cgt-msp430_21.6.1.LTS/include" --advice:power=all --advice:hw_config=all --define=__MSP430FR2355__ --define=_FRWP_ENABLE --define=_INFO_FRWP_ENABLE -g --printf_support=minimal --diag_warning=225 --diag_wrap=off --display_error_number --silicon_errata=CPU21 --silicon_errata=CPU22 --silicon_errata=CPU40 --preproc_with_compile --preproc_dependency="ports.d_raw"  "../ports.c"
"..\macros.h", line 148: warning #48-D: incompatible redefinition of macro "WAIT" (declared at line 17)
"..\macros.h", line 178: warning #48-D: incompatible redefinition of macro "PRESSED" (declared at line 124)
"..\macros.h", line 179: warning #48-D: incompatible redefinition of macro "RELEASED" (declared at line 125)
"..\macros.h", line 204: warning #48-D: incompatible redefinition of macro "TB0CCR0_INTERVAL" (declared at line 72)
"..\macros.h", line 205: warning #48-D: incompatible redefinition of macro "TB0CCR1_INTERVAL" (declared at line 73)
"..\macros.h", line 206: warning #48-D: incompatible redefinition of macro "TB0CCR2_INTERVAL" (declared at line 74)
"../ports.c", line 21: warning #225-D: function "Init_Port_1" declared implicitly
"../ports.c", line 22: warning #225-D: function "Init_Port_2" declared implicitly
"../ports.c", line 23: warning #225-D: function "Init_Port_3" declared implicitly
"../ports.c", line 24: warning #225-D: function "Init_Port_4" declared implicitly
"../ports.c", line 25: warning #225-D: function "Init_Port_5" declared implicitly
"../ports.c", line 26: warning #225-D: function "Init_Port_6" declared implicitly
"../ports.c", line 32: warning #161-D: declaration is incompatible with previous "Init_Port_1" (declared at line 21)
"../ports.c", line 91: warning #161-D: declaration is incompatible with previous "Init_Port_2" (declared at line 22)
"../ports.c", line 147: warning #161-D: declaration is incompatible with previous "Init_Port_3" (declared at line 23)
"../ports.c", line 205: warning #161-D: declaration is incompatible with previous "Init_Port_4" (declared at line 24)
"../ports.c", line 255: warning #161-D: declaration is incompatible with previous "Init_Port_5" (declared at line 25)
"../ports.c", line 294: warning #161-D: declaration is incompatible with previous "Init_Port_6" (declared at line 26)
Finished building: "../ports.c"
 
Building target: "Project 09.out"
Invoking: MSP430 Linker
"D:/ccs/tools/compiler/ti-cgt-msp430_21.6.1.LTS/bin/cl430" -vmspx --use_hw_mpy=F5 --advice:power=all --advice:hw_config=all --define=__MSP430FR2355__ --define=_FRWP_ENABLE --define=_INFO_FRWP_ENABLE -g --printf_support=minimal --diag_warning=225 --diag_wrap=off --display_error_number --silicon_errata=CPU21 --silicon_errata=CPU22 --silicon_errata=CPU40 -z -m"Project 09.map" --heap_size=160 --stack_size=160 --cinit_hold_wdt=on -i"D:/ccs/ccs_base/msp430/include" -i"D:/ccs/ccs_base/msp430/lib/FR2xx" -i"D:/ccs/tools/compiler/ti-cgt-msp430_21.6.1.LTS/lib" -i"D:/ccs/tools/compiler/ti-cgt-msp430_21.6.1.LTS/include" --priority --reread_libs --define=_FRWP_ENABLE --define=_INFO_FRWP_ENABLE --diag_wrap=off --display_error_number --warn_sections --xml_link_info="Project 09_linkInfo.xml" --use_hw_mpy=F5 --rom_model -o "Project 09.out" "./Display.obj" "./IOTTrans.obj" "./adc.obj" "./black_line.obj" "./clocks.obj" "./init.obj" "./led.obj" "./main.obj" "./ports.obj" "./serial.obj" "./states.obj" "./switches.obj" "./system.obj" "./timers.obj" "./timers_move.obj" "./usci.obj" "./wheels.obj" "../Compiled/LCD.obj" "../lnk_msp430fr2355.cmd"  -lfrwp_init.a -llibc.a 
<Linking>
remark #10372-D: (ULP 4.1) Detected uninitialized Port A in this project. Recommend initializing all unused ports to eliminate wasted current consumption on unused pins.
remark #10372-D: (ULP 4.1) Detected uninitialized Port B in this project. Recommend initializing all unused ports to eliminate wasted current consumption on unused pins.
remark #10372-D: (ULP 4.1) Detected uninitialized Port C in this project. Recommend initializing all unused ports to eliminate wasted current consumption on unused pins.
remark #10422-D: (ULP 6.2) Detected use of a device with available 32-bit hardware multiplier and not also using MSPMATHLIB library (libmath.a).  Recommend using MSPMATHLIB library (libmath.a) for improved performance.
Finished building target: "Project 09.out"
 

**** Build Finished ****

**** Build of configuration Debug for project Project 09 ****

"D:\\ccs\\utils\\bin\\gmake" -k -j 16 all -O 
 
gmake[1]: 'Project 09.out' is up to date.

**** Build Finished ****

**** Build of configuration Debug for project Project 09 ****

"D:\\ccs\\utils\\bin\\gmake" -k -j 16 all -O 
 
Building file: "../ports.c"
Invoking: MSP430 Compiler
"D:/ccs/tools/compiler/ti-cgt-msp430_21.6.1.LTS/bin/cl430" -vmspx --use_hw_mpy=F5 --include_path="D:/ccs/ccs_base/msp430/include" --include_path="D:/ccs/Project 09/Project 09" --include_path="D:/ccs/tools/compiler/ti-cgt-msp430_21.6.1.LTS/include" --advice:power=all --advice:hw_config=all --define=__MSP430FR2355__ --define=_FRWP_ENABLE --define=_INFO_FRWP_ENABLE -g --printf_support=minimal --diag_warning=225 --diag_wrap=off --display_error_number --silicon_errata=CPU21 --silicon_errata=CPU22 --silicon_errata=CPU40 --preproc_with_compile --preproc_dependency="ports.d_raw"  "../ports.c"
"..\macros.h", line 148: warning #48-D: incompatible redefinition of macro "WAIT" (declared at line 17)
"..\macros.h", line 178: warning #48-D: incompatible redefinition of macro "PRESSED" (declared at line 124)
"..\macros.h", line 179: warning #48-D: incompatible redefinition of macro "RELEASED" (declared at line 125)
"..\macros.h", line 204: warning #48-D: incompatible redefinition of macro "TB0CCR0_INTERVAL" (declared at line 72)
"..\macros.h", line 205: warning #48-D: incompatible redefinition of macro "TB0CCR1_INTERVAL" (declared at line 73)
"..\macros.h", line 206: warning #48-D: incompatible redefinition of macro "TB0CCR2_INTERVAL" (declared at line 74)
"../ports.c", line 21: warning #225-D: function "Init_Port_1" declared implicitly
"../ports.c", line 22: warning #225-D: function "Init_Port_2" declared implicitly
"../ports.c", line 23: warning #225-D: function "Init_Port_3" declared implicitly
"../ports.c", line 24: warning #225-D: function "Init_Port_4" declared implicitly
"../ports.c", line 25: warning #225-D: function "Init_Port_5" declared implicitly
"../ports.c", line 26: warning #225-D: function "Init_Port_6" declared implicitly
"../ports.c", line 32: warning #161-D: declaration is incompatible with previous "Init_Port_1" (declared at line 21)
"../ports.c", line 91: warning #161-D: declaration is incompatible with previous "Init_Port_2" (declared at line 22)
"../ports.c", line 147: warning #161-D: declaration is incompatible with previous "Init_Port_3" (declared at line 23)
"../ports.c", line 205: warning #161-D: declaration is incompatible with previous "Init_Port_4" (declared at line 24)
"../ports.c", line 255: warning #161-D: declaration is incompatible with previous "Init_Port_5" (declared at line 25)
"../ports.c", line 294: warning #161-D: declaration is incompatible with previous "Init_Port_6" (declared at line 26)
Finished building: "../ports.c"
 
Building target: "Project 09.out"
Invoking: MSP430 Linker
"D:/ccs/tools/compiler/ti-cgt-msp430_21.6.1.LTS/bin/cl430" -vmspx --use_hw_mpy=F5 --advice:power=all --advice:hw_config=all --define=__MSP430FR2355__ --define=_FRWP_ENABLE --define=_INFO_FRWP_ENABLE -g --printf_support=minimal --diag_warning=225 --diag_wrap=off --display_error_number --silicon_errata=CPU21 --silicon_errata=CPU22 --silicon_errata=CPU40 -z -m"Project 09.map" --heap_size=160 --stack_size=160 --cinit_hold_wdt=on -i"D:/ccs/ccs_base/msp430/include" -i"D:/ccs/ccs_base/msp430/lib/FR2xx" -i"D:/ccs/tools/compiler/ti-cgt-msp430_21.6.1.LTS/lib" -i"D:/ccs/tools/compiler/ti-cgt-msp430_21.6.1.LTS/include" --priority --reread_libs --define=_FRWP_ENABLE --define=_INFO_FRWP_ENABLE --diag_wrap=off --display_error_number --warn_sections --xml_link_info="Project 09_linkInfo.xml" --use_hw_mpy=F5 --rom_model -o "Project 09.out" "./Display.obj" "./IOTTrans.obj" "./adc.obj" "./black_line.obj" "./clocks.obj" "./init.obj" "./led.obj" "./main.obj" "./ports.obj" "./serial.obj" "./states.obj" "./switches.obj" "./system.obj" "./timers.obj" "./timers_move.obj" "./usci.obj" "./wheels.obj" "../Compiled/LCD.obj" "../lnk_msp430fr2355.cmd"  -lfrwp_init.a -llibc.a 
<Linking>
remark #10372-D: (ULP 4.1) Detected uninitialized Port A in this project. Recommend initializing all unused ports to eliminate wasted current consumption on unused pins.
remark #10372-D: (ULP 4.1) Detected uninitialized Port B in this project. Recommend initializing all unused ports to eliminate wasted current consumption on unused pins.
remark #10372-D: (ULP 4.1) Detected uninitialized Port C in this project. Recommend initializing all unused ports to eliminate wasted current consumption on unused pins.
remark #10422-D: (ULP 6.2) Detected use of a device with available 32-bit hardware multiplier and not also using MSPMATHLIB library (libmath.a).  Recommend using MSPMATHLIB library (libmath.a) for improved performance.
Finished building target: "Project 09.out"
 

**** Build Finished ****

**** Build of configuration Debug for project Project 09 ****

"D:\\ccs\\utils\\bin\\gmake" -k -j 16 all -O 
 
gmake[1]: 'Project 09.out' is up to date.

**** Build Finished ****

**** Build of configuration Debug for project Project 09 ****

"D:\\ccs\\utils\\bin\\gmake" -k -j 16 all -O 
 
Building file: "../ports.c"
Invoking: MSP430 Compiler
"D:/ccs/tools/compiler/ti-cgt-msp430_21.6.1.LTS/bin/cl430" -vmspx --use_hw_mpy=F5 --include_path="D:/ccs/ccs_base/msp430/include" --include_path="D:/ccs/Project 09/Project 09" --include_path="D:/ccs/tools/compiler/ti-cgt-msp430_21.6.1.LTS/include" --advice:power=all --advice:hw_config=all --define=__MSP430FR2355__ --define=_FRWP_ENABLE --define=_INFO_FRWP_ENABLE -g --printf_support=minimal --diag_warning=225 --diag_wrap=off --display_error_number --silicon_errata=CPU21 --silicon_errata=CPU22 --silicon_errata=CPU40 --preproc_with_compile --preproc_dependency="ports.d_raw"  "../ports.c"
"..\macros.h", line 148: warning #48-D: incompatible redefinition of macro "WAIT" (declared at line 17)
"..\macros.h", line 178: warning #48-D: incompatible redefinition of macro "PRESSED" (declared at line 124)
"..\macros.h", line 179: warning #48-D: incompatible redefinition of macro "RELEASED" (declared at line 125)
"..\macros.h", line 204: warning #48-D: incompatible redefinition of macro "TB0CCR0_INTERVAL" (declared at line 72)
"..\macros.h", line 205: warning #48-D: incompatible redefinition of macro "TB0CCR1_INTERVAL" (declared at line 73)
"..\macros.h", line 206: warning #48-D: incompatible redefinition of macro "TB0CCR2_INTERVAL" (declared at line 74)
"../ports.c", line 21: warning #225-D: function "Init_Port_1" declared implicitly
"../ports.c", line 22: warning #225-D: function "Init_Port_2" declared implicitly
"../ports.c", line 23: warning #225-D: function "Init_Port_3" declared implicitly
"../ports.c", line 24: warning #225-D: function "Init_Port_4" declared implicitly
"../ports.c", line 25: warning #225-D: function "Init_Port_5" declared implicitly
"../ports.c", line 26: warning #225-D: function "Init_Port_6" declared implicitly
"../ports.c", line 32: warning #161-D: declaration is incompatible with previous "Init_Port_1" (declared at line 21)
"../ports.c", line 91: warning #161-D: declaration is incompatible with previous "Init_Port_2" (declared at line 22)
"../ports.c", line 147: warning #161-D: declaration is incompatible with previous "Init_Port_3" (declared at line 23)
"../ports.c", line 205: warning #161-D: declaration is incompatible with previous "Init_Port_4" (declared at line 24)
"../ports.c", line 255: warning #161-D: declaration is incompatible with previous "Init_Port_5" (declared at line 25)
"../ports.c", line 294: warning #161-D: declaration is incompatible with previous "Init_Port_6" (declared at line 26)
Finished building: "../ports.c"
 
Building target: "Project 09.out"
Invoking: MSP430 Linker
"D:/ccs/tools/compiler/ti-cgt-msp430_21.6.1.LTS/bin/cl430" -vmspx --use_hw_mpy=F5 --advice:power=all --advice:hw_config=all --define=__MSP430FR2355__ --define=_FRWP_ENABLE --define=_INFO_FRWP_ENABLE -g --printf_support=minimal --diag_warning=225 --diag_wrap=off --display_error_number --silicon_errata=CPU21 --silicon_errata=CPU22 --silicon_errata=CPU40 -z -m"Project 09.map" --heap_size=160 --stack_size=160 --cinit_hold_wdt=on -i"D:/ccs/ccs_base/msp430/include" -i"D:/ccs/ccs_base/msp430/lib/FR2xx" -i"D:/ccs/tools/compiler/ti-cgt-msp430_21.6.1.LTS/lib" -i"D:/ccs/tools/compiler/ti-cgt-msp430_21.6.1.LTS/include" --priority --reread_libs --define=_FRWP_ENABLE --define=_INFO_FRWP_ENABLE --diag_wrap=off --display_error_number --warn_sections --xml_link_info="Project 09_linkInfo.xml" --use_hw_mpy=F5 --rom_model -o "Project 09.out" "./Display.obj" "./IOTTrans.obj" "./adc.obj" "./black_line.obj" "./clocks.obj" "./init.obj" "./led.obj" "./main.obj" "./ports.obj" "./serial.obj" "./states.obj" "./switches.obj" "./system.obj" "./timers.obj" "./timers_move.obj" "./usci.obj" "./wheels.obj" "../Compiled/LCD.obj" "../lnk_msp430fr2355.cmd"  -lfrwp_init.a -llibc.a 
<Linking>
remark #10372-D: (ULP 4.1) Detected uninitialized Port A in this project. Recommend initializing all unused ports to eliminate wasted current consumption on unused pins.
remark #10372-D: (ULP 4.1) Detected uninitialized Port B in this project. Recommend initializing all unused ports to eliminate wasted current consumption on unused pins.
remark #10372-D: (ULP 4.1) Detected uninitialized Port C in this project. Recommend initializing all unused ports to eliminate wasted current consumption on unused pins.
remark #10422-D: (ULP 6.2) Detected use of a device with available 32-bit hardware multiplier and not also using MSPMATHLIB library (libmath.a).  Recommend using MSPMATHLIB library (libmath.a) for improved performance.
Finished building target: "Project 09.out"
 

**** Build Finished ****

**** Build of configuration Debug for project Project 09 ****

"D:\\ccs\\utils\\bin\\gmake" -k -j 16 all -O 
 
gmake[1]: 'Project 09.out' is up to date.

**** Build Finished ****

**** Build of configuration Debug for project Project 09 ****

"D:\\ccs\\utils\\bin\\gmake" -k -j 16 all -O 
 
Building file: "../ports.c"
Invoking: MSP430 Compiler
"D:/ccs/tools/compiler/ti-cgt-msp430_21.6.1.LTS/bin/cl430" -vmspx --use_hw_mpy=F5 --include_path="D:/ccs/ccs_base/msp430/include" --include_path="D:/ccs/Project 09/Project 09" --include_path="D:/ccs/tools/compiler/ti-cgt-msp430_21.6.1.LTS/include" --advice:power=all --advice:hw_config=all --define=__MSP430FR2355__ --define=_FRWP_ENABLE --define=_INFO_FRWP_ENABLE -g --printf_support=minimal --diag_warning=225 --diag_wrap=off --display_error_number --silicon_errata=CPU21 --silicon_errata=CPU22 --silicon_errata=CPU40 --preproc_with_compile --preproc_dependency="ports.d_raw"  "../ports.c"
"..\macros.h", line 148: warning #48-D: incompatible redefinition of macro "WAIT" (declared at line 17)
"..\macros.h", line 178: warning #48-D: incompatible redefinition of macro "PRESSED" (declared at line 124)
"..\macros.h", line 179: warning #48-D: incompatible redefinition of macro "RELEASED" (declared at line 125)
"..\macros.h", line 204: warning #48-D: incompatible redefinition of macro "TB0CCR0_INTERVAL" (declared at line 72)
"..\macros.h", line 205: warning #48-D: incompatible redefinition of macro "TB0CCR1_INTERVAL" (declared at line 73)
"..\macros.h", line 206: warning #48-D: incompatible redefinition of macro "TB0CCR2_INTERVAL" (declared at line 74)
"../ports.c", line 21: warning #225-D: function "Init_Port_1" declared implicitly
"../ports.c", line 22: warning #225-D: function "Init_Port_2" declared implicitly
"../ports.c", line 23: warning #225-D: function "Init_Port_3" declared implicitly
"../ports.c", line 24: warning #225-D: function "Init_Port_4" declared implicitly
"../ports.c", line 25: warning #225-D: function "Init_Port_5" declared implicitly
"../ports.c", line 26: warning #225-D: function "Init_Port_6" declared implicitly
"../ports.c", line 32: warning #161-D: declaration is incompatible with previous "Init_Port_1" (declared at line 21)
"../ports.c", line 91: warning #161-D: declaration is incompatible with previous "Init_Port_2" (declared at line 22)
"../ports.c", line 147: warning #161-D: declaration is incompatible with previous "Init_Port_3" (declared at line 23)
"../ports.c", line 205: warning #161-D: declaration is incompatible with previous "Init_Port_4" (declared at line 24)
"../ports.c", line 255: warning #161-D: declaration is incompatible with previous "Init_Port_5" (declared at line 25)
"../ports.c", line 294: warning #161-D: declaration is incompatible with previous "Init_Port_6" (declared at line 26)
Finished building: "../ports.c"
 
Building target: "Project 09.out"
Invoking: MSP430 Linker
"D:/ccs/tools/compiler/ti-cgt-msp430_21.6.1.LTS/bin/cl430" -vmspx --use_hw_mpy=F5 --advice:power=all --advice:hw_config=all --define=__MSP430FR2355__ --define=_FRWP_ENABLE --define=_INFO_FRWP_ENABLE -g --printf_support=minimal --diag_warning=225 --diag_wrap=off --display_error_number --silicon_errata=CPU21 --silicon_errata=CPU22 --silicon_errata=CPU40 -z -m"Project 09.map" --heap_size=160 --stack_size=160 --cinit_hold_wdt=on -i"D:/ccs/ccs_base/msp430/include" -i"D:/ccs/ccs_base/msp430/lib/FR2xx" -i"D:/ccs/tools/compiler/ti-cgt-msp430_21.6.1.LTS/lib" -i"D:/ccs/tools/compiler/ti-cgt-msp430_21.6.1.LTS/include" --priority --reread_libs --define=_FRWP_ENABLE --define=_INFO_FRWP_ENABLE --diag_wrap=off --display_error_number --warn_sections --xml_link_info="Project 09_linkInfo.xml" --use_hw_mpy=F5 --rom_model -o "Project 09.out" "./Display.obj" "./IOTTrans.obj" "./adc.obj" "./black_line.obj" "./clocks.obj" "./init.obj" "./led.obj" "./main.obj" "./ports.obj" "./serial.obj" "./states.obj" "./switches.obj" "./system.obj" "./timers.obj" "./timers_move.obj" "./usci.obj" "./wheels.obj" "../Compiled/LCD.obj" "../lnk_msp430fr2355.cmd"  -lfrwp_init.a -llibc.a 
<Linking>
remark #10372-D: (ULP 4.1) Detected uninitialized Port A in this project. Recommend initializing all unused ports to eliminate wasted current consumption on unused pins.
remark #10372-D: (ULP 4.1) Detected uninitialized Port B in this project. Recommend initializing all unused ports to eliminate wasted current consumption on unused pins.
remark #10372-D: (ULP 4.1) Detected uninitialized Port C in this project. Recommend initializing all unused ports to eliminate wasted current consumption on unused pins.
remark #10422-D: (ULP 6.2) Detected use of a device with available 32-bit hardware multiplier and not also using MSPMATHLIB library (libmath.a).  Recommend using MSPMATHLIB library (libmath.a) for improved performance.
Finished building target: "Project 09.out"
 

**** Build Finished ****

**** Build of configuration Debug for project Project 09 ****

"D:\\ccs\\utils\\bin\\gmake" -k -j 16 all -O 
 
gmake[1]: 'Project 09.out' is up to date.

**** Build Finished ****

**** Build of configuration Debug for project Project 09 ****

"D:\\ccs\\utils\\bin\\gmake" -k -j 16 all -O 
 
Building file: "../ports.c"
Invoking: MSP430 Compiler
"D:/ccs/tools/compiler/ti-cgt-msp430_21.6.1.LTS/bin/cl430" -vmspx --use_hw_mpy=F5 --include_path="D:/ccs/ccs_base/msp430/include" --include_path="D:/ccs/Project 09/Project 09" --include_path="D:/ccs/tools/compiler/ti-cgt-msp430_21.6.1.LTS/include" --advice:power=all --advice:hw_config=all --define=__MSP430FR2355__ --define=_FRWP_ENABLE --define=_INFO_FRWP_ENABLE -g --printf_support=minimal --diag_warning=225 --diag_wrap=off --display_error_number --silicon_errata=CPU21 --silicon_errata=CPU22 --silicon_errata=CPU40 --preproc_with_compile --preproc_dependency="ports.d_raw"  "../ports.c"
"..\macros.h", line 148: warning #48-D: incompatible redefinition of macro "WAIT" (declared at line 17)
"..\macros.h", line 178: warning #48-D: incompatible redefinition of macro "PRESSED" (declared at line 124)
"..\macros.h", line 179: warning #48-D: incompatible redefinition of macro "RELEASED" (declared at line 125)
"..\macros.h", line 204: warning #48-D: incompatible redefinition of macro "TB0CCR0_INTERVAL" (declared at line 72)
"..\macros.h", line 205: warning #48-D: incompatible redefinition of macro "TB0CCR1_INTERVAL" (declared at line 73)
"..\macros.h", line 206: warning #48-D: incompatible redefinition of macro "TB0CCR2_INTERVAL" (declared at line 74)
"../ports.c", line 21: warning #225-D: function "Init_Port_1" declared implicitly
"../ports.c", line 22: warning #225-D: function "Init_Port_2" declared implicitly
"../ports.c", line 23: warning #225-D: function "Init_Port_3" declared implicitly
"../ports.c", line 24: warning #225-D: function "Init_Port_4" declared implicitly
"../ports.c", line 25: warning #225-D: function "Init_Port_5" declared implicitly
"../ports.c", line 26: warning #225-D: function "Init_Port_6" declared implicitly
"../ports.c", line 32: warning #161-D: declaration is incompatible with previous "Init_Port_1" (declared at line 21)
"../ports.c", line 91: warning #161-D: declaration is incompatible with previous "Init_Port_2" (declared at line 22)
"../ports.c", line 147: warning #161-D: declaration is incompatible with previous "Init_Port_3" (declared at line 23)
"../ports.c", line 205: warning #161-D: declaration is incompatible with previous "Init_Port_4" (declared at line 24)
"../ports.c", line 255: warning #161-D: declaration is incompatible with previous "Init_Port_5" (declared at line 25)
"../ports.c", line 294: warning #161-D: declaration is incompatible with previous "Init_Port_6" (declared at line 26)
Finished building: "../ports.c"
 
Building target: "Project 09.out"
Invoking: MSP430 Linker
"D:/ccs/tools/compiler/ti-cgt-msp430_21.6.1.LTS/bin/cl430" -vmspx --use_hw_mpy=F5 --advice:power=all --advice:hw_config=all --define=__MSP430FR2355__ --define=_FRWP_ENABLE --define=_INFO_FRWP_ENABLE -g --printf_support=minimal --diag_warning=225 --diag_wrap=off --display_error_number --silicon_errata=CPU21 --silicon_errata=CPU22 --silicon_errata=CPU40 -z -m"Project 09.map" --heap_size=160 --stack_size=160 --cinit_hold_wdt=on -i"D:/ccs/ccs_base/msp430/include" -i"D:/ccs/ccs_base/msp430/lib/FR2xx" -i"D:/ccs/tools/compiler/ti-cgt-msp430_21.6.1.LTS/lib" -i"D:/ccs/tools/compiler/ti-cgt-msp430_21.6.1.LTS/include" --priority --reread_libs --define=_FRWP_ENABLE --define=_INFO_FRWP_ENABLE --diag_wrap=off --display_error_number --warn_sections --xml_link_info="Project 09_linkInfo.xml" --use_hw_mpy=F5 --rom_model -o "Project 09.out" "./Display.obj" "./IOTTrans.obj" "./adc.obj" "./black_line.obj" "./clocks.obj" "./init.obj" "./led.obj" "./main.obj" "./ports.obj" "./serial.obj" "./states.obj" "./switches.obj" "./system.obj" "./timers.obj" "./timers_move.obj" "./usci.obj" "./wheels.obj" "../Compiled/LCD.obj" "../lnk_msp430fr2355.cmd"  -lfrwp_init.a -llibc.a 
<Linking>
remark #10372-D: (ULP 4.1) Detected uninitialized Port A in this project. Recommend initializing all unused ports to eliminate wasted current consumption on unused pins.
remark #10372-D: (ULP 4.1) Detected uninitialized Port B in this project. Recommend initializing all unused ports to eliminate wasted current consumption on unused pins.
remark #10372-D: (ULP 4.1) Detected uninitialized Port C in this project. Recommend initializing all unused ports to eliminate wasted current consumption on unused pins.
remark #10422-D: (ULP 6.2) Detected use of a device with available 32-bit hardware multiplier and not also using MSPMATHLIB library (libmath.a).  Recommend using MSPMATHLIB library (libmath.a) for improved performance.
Finished building target: "Project 09.out"
 

**** Build Finished ****

**** Build of configuration Debug for project Project 09 ****

"D:\\ccs\\utils\\bin\\gmake" -k -j 16 all -O 
 
gmake[1]: 'Project 09.out' is up to date.

**** Build Finished ****

**** Build of configuration Debug for project Project 09 ****

"D:\\ccs\\utils\\bin\\gmake" -k -j 16 all -O 
 
gmake[1]: 'Project 09.out' is up to date.

**** Build Finished ****

**** Build of configuration Debug for project Project 09 ****

"D:\\ccs\\utils\\bin\\gmake" -k -j 16 all -O 
 
Building file: "../ports.c"
Invoking: MSP430 Compiler
"D:/ccs/tools/compiler/ti-cgt-msp430_21.6.1.LTS/bin/cl430" -vmspx --use_hw_mpy=F5 --include_path="D:/ccs/ccs_base/msp430/include" --include_path="D:/ccs/Project 09/Project 09" --include_path="D:/ccs/tools/compiler/ti-cgt-msp430_21.6.1.LTS/include" --advice:power=all --advice:hw_config=all --define=__MSP430FR2355__ --define=_FRWP_ENABLE --define=_INFO_FRWP_ENABLE -g --printf_support=minimal --diag_warning=225 --diag_wrap=off --display_error_number --silicon_errata=CPU21 --silicon_errata=CPU22 --silicon_errata=CPU40 --preproc_with_compile --preproc_dependency="ports.d_raw"  "../ports.c"
"..\macros.h", line 148: warning #48-D: incompatible redefinition of macro "WAIT" (declared at line 17)
"..\macros.h", line 178: warning #48-D: incompatible redefinition of macro "PRESSED" (declared at line 124)
"..\macros.h", line 179: warning #48-D: incompatible redefinition of macro "RELEASED" (declared at line 125)
"..\macros.h", line 204: warning #48-D: incompatible redefinition of macro "TB0CCR0_INTERVAL" (declared at line 72)
"..\macros.h", line 205: warning #48-D: incompatible redefinition of macro "TB0CCR1_INTERVAL" (declared at line 73)
"..\macros.h", line 206: warning #48-D: incompatible redefinition of macro "TB0CCR2_INTERVAL" (declared at line 74)
"../ports.c", line 21: warning #225-D: function "Init_Port_1" declared implicitly
"../ports.c", line 22: warning #225-D: function "Init_Port_2" declared implicitly
"../ports.c", line 23: warning #225-D: function "Init_Port_3" declared implicitly
"../ports.c", line 24: warning #225-D: function "Init_Port_4" declared implicitly
"../ports.c", line 25: warning #225-D: function "Init_Port_5" declared implicitly
"../ports.c", line 26: warning #225-D: function "Init_Port_6" declared implicitly
"../ports.c", line 32: warning #161-D: declaration is incompatible with previous "Init_Port_1" (declared at line 21)
"../ports.c", line 91: warning #161-D: declaration is incompatible with previous "Init_Port_2" (declared at line 22)
"../ports.c", line 147: warning #161-D: declaration is incompatible with previous "Init_Port_3" (declared at line 23)
"../ports.c", line 206: warning #161-D: declaration is incompatible with previous "Init_Port_4" (declared at line 24)
"../ports.c", line 256: warning #161-D: declaration is incompatible with previous "Init_Port_5" (declared at line 25)
"../ports.c", line 295: warning #161-D: declaration is incompatible with previous "Init_Port_6" (declared at line 26)
Finished building: "../ports.c"
 
Building target: "Project 09.out"
Invoking: MSP430 Linker
"D:/ccs/tools/compiler/ti-cgt-msp430_21.6.1.LTS/bin/cl430" -vmspx --use_hw_mpy=F5 --advice:power=all --advice:hw_config=all --define=__MSP430FR2355__ --define=_FRWP_ENABLE --define=_INFO_FRWP_ENABLE -g --printf_support=minimal --diag_warning=225 --diag_wrap=off --display_error_number --silicon_errata=CPU21 --silicon_errata=CPU22 --silicon_errata=CPU40 -z -m"Project 09.map" --heap_size=160 --stack_size=160 --cinit_hold_wdt=on -i"D:/ccs/ccs_base/msp430/include" -i"D:/ccs/ccs_base/msp430/lib/FR2xx" -i"D:/ccs/tools/compiler/ti-cgt-msp430_21.6.1.LTS/lib" -i"D:/ccs/tools/compiler/ti-cgt-msp430_21.6.1.LTS/include" --priority --reread_libs --define=_FRWP_ENABLE --define=_INFO_FRWP_ENABLE --diag_wrap=off --display_error_number --warn_sections --xml_link_info="Project 09_linkInfo.xml" --use_hw_mpy=F5 --rom_model -o "Project 09.out" "./Display.obj" "./IOTTrans.obj" "./adc.obj" "./black_line.obj" "./clocks.obj" "./init.obj" "./led.obj" "./main.obj" "./ports.obj" "./serial.obj" "./states.obj" "./switches.obj" "./system.obj" "./timers.obj" "./timers_move.obj" "./usci.obj" "./wheels.obj" "../Compiled/LCD.obj" "../lnk_msp430fr2355.cmd"  -lfrwp_init.a -llibc.a 
<Linking>
remark #10372-D: (ULP 4.1) Detected uninitialized Port A in this project. Recommend initializing all unused ports to eliminate wasted current consumption on unused pins.
remark #10372-D: (ULP 4.1) Detected uninitialized Port B in this project. Recommend initializing all unused ports to eliminate wasted current consumption on unused pins.
remark #10372-D: (ULP 4.1) Detected uninitialized Port C in this project. Recommend initializing all unused ports to eliminate wasted current consumption on unused pins.
remark #10422-D: (ULP 6.2) Detected use of a device with available 32-bit hardware multiplier and not also using MSPMATHLIB library (libmath.a).  Recommend using MSPMATHLIB library (libmath.a) for improved performance.
Finished building target: "Project 09.out"
 

**** Build Finished ****

**** Build of configuration Debug for project Project 09 ****

"D:\\ccs\\utils\\bin\\gmake" -k -j 16 all -O 
 
gmake[1]: 'Project 09.out' is up to date.

**** Build Finished ****

**** Clean-only build of configuration Debug for project IOT Program Compiled ****

"D:\\ccs\\utils\\bin\\gmake" -k -j 16 clean -O 
 
DEL /F  "IOT Program Compiled.out" 
DEL /F "main.obj" 
DEL /F "main.d" 
Finished clean
 

**** Build Finished ****

**** Build of configuration Debug for project IOT Program Compiled ****

"D:\\ccs\\utils\\bin\\gmake" -k -j 16 all -O 
 
Building file: "../main.c"
Invoking: MSP430 Compiler
"D:/ccs/tools/compiler/ti-cgt-msp430_21.6.1.LTS/bin/cl430" -vmspx --use_hw_mpy=F5 --include_path="D:/ccs/ccs_base/msp430/include" --include_path="D:/ccs/Wifi module/IOT_Program_compiled/IOT Program Compiled" --include_path="D:/ccs/tools/compiler/ti-cgt-msp430_21.6.1.LTS/include" --advice:power=all --advice:hw_config=all --define=__MSP430FR2355__ --define=_FRWP_ENABLE --define=_INFO_FRWP_ENABLE -g --printf_support=minimal --diag_warning=225 --diag_wrap=off --display_error_number --silicon_errata=CPU21 --silicon_errata=CPU22 --silicon_errata=CPU40 --preproc_with_compile --preproc_dependency="main.d_raw"  "../main.c"
Finished building: "../main.c"
 
Building target: "IOT Program Compiled.out"
Invoking: MSP430 Linker
"D:/ccs/tools/compiler/ti-cgt-msp430_21.6.1.LTS/bin/cl430" -vmspx --use_hw_mpy=F5 --advice:power=all --advice:hw_config=all --define=__MSP430FR2355__ --define=_FRWP_ENABLE --define=_INFO_FRWP_ENABLE -g --printf_support=minimal --diag_warning=225 --diag_wrap=off --display_error_number --silicon_errata=CPU21 --silicon_errata=CPU22 --silicon_errata=CPU40 -z -m"IOT Program Compiled.map" --heap_size=160 --stack_size=160 --cinit_hold_wdt=on -i"D:/ccs/ccs_base/msp430/include" -i"D:/ccs/ccs_base/msp430/lib/FR2xx" -i"D:/ccs/tools/compiler/ti-cgt-msp430_21.6.1.LTS/lib" -i"D:/ccs/tools/compiler/ti-cgt-msp430_21.6.1.LTS/include" --priority --reread_libs --define=_FRWP_ENABLE --define=_INFO_FRWP_ENABLE --diag_wrap=off --display_error_number --warn_sections --xml_link_info="IOT Program Compiled_linkInfo.xml" --use_hw_mpy=F5 --rom_model -o "IOT Program Compiled.out" "../go.obj" "./main.obj" "../lnk_msp430fr2355.cmd"  -lfrwp_init.a -llibc.a 
<Linking>
remark #10372-D: (ULP 4.1) Detected uninitialized Port A in this project. Recommend initializing all unused ports to eliminate wasted current consumption on unused pins.
remark #10372-D: (ULP 4.1) Detected uninitialized Port B in this project. Recommend initializing all unused ports to eliminate wasted current consumption on unused pins.
remark #10372-D: (ULP 4.1) Detected uninitialized Port C in this project. Recommend initializing all unused ports to eliminate wasted current consumption on unused pins.
remark #10422-D: (ULP 6.2) Detected use of a device with available 32-bit hardware multiplier and not also using MSPMATHLIB library (libmath.a).  Recommend using MSPMATHLIB library (libmath.a) for improved performance.
Finished building target: "IOT Program Compiled.out"
 

**** Build Finished ****

**** Build of configuration Debug for project IOT Program Compiled ****

"D:\\ccs\\utils\\bin\\gmake" -k -j 16 all -O 
 
gmake[1]: 'IOT Program Compiled.out' is up to date.

**** Build Finished ****

**** Build of configuration Debug for project IOT Program Compiled ****

"D:\\ccs\\utils\\bin\\gmake" -k -j 16 all -O 
 
gmake[1]: 'IOT Program Compiled.out' is up to date.

**** Build Finished ****

**** Build of configuration Debug for project IOT Program Compiled ****

"D:\\ccs\\utils\\bin\\gmake" -k -j 16 all -O 
 
gmake[1]: 'IOT Program Compiled.out' is up to date.

**** Build Finished ****

**** Build of configuration Debug for project IOT Program Compiled ****

"D:\\ccs\\utils\\bin\\gmake" -k -j 16 all -O 
 
gmake[1]: 'IOT Program Compiled.out' is up to date.

**** Build Finished ****

**** Build of configuration Debug for project IOT Program Compiled ****

"D:\\ccs\\utils\\bin\\gmake" -k -j 16 all -O 
 
gmake[1]: 'IOT Program Compiled.out' is up to date.

**** Build Finished ****

**** Build of configuration Debug for project IOT Program Compiled ****

"D:\\ccs\\utils\\bin\\gmake" -k -j 16 all -O 
 
gmake[1]: 'IOT Program Compiled.out' is up to date.

**** Build Finished ****

**** Build of configuration Debug for project IOT Program Compiled ****

"D:\\ccs\\utils\\bin\\gmake" -k -j 16 all -O 
 
gmake[1]: 'IOT Program Compiled.out' is up to date.

**** Build Finished ****

**** Build of configuration Debug for project IOT Program Compiled ****

"D:\\ccs\\utils\\bin\\gmake" -k -j 16 all -O 
 
gmake[1]: 'IOT Program Compiled.out' is up to date.

**** Build Finished ****

**** Build of configuration Debug for project IOT Program Compiled ****

"D:\\ccs\\utils\\bin\\gmake" -k -j 16 all -O 
 
gmake[1]: 'IOT Program Compiled.out' is up to date.

**** Build Finished ****

**** Build of configuration Debug for project IOT Program Compiled ****

"D:\\ccs\\utils\\bin\\gmake" -k -j 16 all -O 
 
gmake[1]: 'IOT Program Compiled.out' is up to date.

**** Build Finished ****

**** Build of configuration Debug for project IOT Program Compiled ****

"D:\\ccs\\utils\\bin\\gmake" -k -j 16 all -O 
 
gmake[1]: 'IOT Program Compiled.out' is up to date.

**** Build Finished ****

**** Build of configuration Debug for project IOT Program Compiled ****

"D:\\ccs\\utils\\bin\\gmake" -k -j 16 all -O 
 
gmake[1]: 'IOT Program Compiled.out' is up to date.

**** Build Finished ****

**** Clean-only build of configuration Debug for project Project 09 ****

"D:\\ccs\\utils\\bin\\gmake" -k -j 16 clean -O 
 
DEL /F  "Project 09.out" 
DEL /F "Display.obj" "IOTTrans.obj" "adc.obj" "black_line.obj" "clocks.obj" "init.obj" "led.obj" "main.obj" "ports.obj" "serial.obj" "states.obj" "switches.obj" "system.obj" "timers.obj" "timers_move.obj" "usci.obj" "wheels.obj" 
DEL /F "Display.d" "IOTTrans.d" "adc.d" "black_line.d" "clocks.d" "init.d" "led.d" "main.d" "ports.d" "serial.d" "states.d" "switches.d" "system.d" "timers.d" "timers_move.d" "usci.d" "wheels.d" 
Finished clean
 

**** Build Finished ****

**** Build of configuration Debug for project Project 09 ****

"D:\\ccs\\utils\\bin\\gmake" -k -j 16 all -O 
 
Building file: "../Display.c"
Invoking: MSP430 Compiler
"D:/ccs/tools/compiler/ti-cgt-msp430_21.6.1.LTS/bin/cl430" -vmspx --use_hw_mpy=F5 --include_path="D:/ccs/ccs_base/msp430/include" --include_path="D:/ccs/Project 09/Project 09" --include_path="D:/ccs/tools/compiler/ti-cgt-msp430_21.6.1.LTS/include" --advice:power=all --advice:hw_config=all --define=__MSP430FR2355__ --define=_FRWP_ENABLE --define=_INFO_FRWP_ENABLE -g --printf_support=minimal --diag_warning=225 --diag_wrap=off --display_error_number --silicon_errata=CPU21 --silicon_errata=CPU22 --silicon_errata=CPU40 --preproc_with_compile --preproc_dependency="Display.d_raw"  "../Display.c"
"..\macros.h", line 148: warning #48-D: incompatible redefinition of macro "WAIT" (declared at line 17)
"..\macros.h", line 178: warning #48-D: incompatible redefinition of macro "PRESSED" (declared at line 124)
"..\macros.h", line 179: warning #48-D: incompatible redefinition of macro "RELEASED" (declared at line 125)
"..\macros.h", line 204: warning #48-D: incompatible redefinition of macro "TB0CCR0_INTERVAL" (declared at line 72)
"..\macros.h", line 205: warning #48-D: incompatible redefinition of macro "TB0CCR1_INTERVAL" (declared at line 73)
"..\macros.h", line 206: warning #48-D: incompatible redefinition of macro "TB0CCR2_INTERVAL" (declared at line 74)
Finished building: "../Display.c"
 
Building file: "../IOTTrans.c"
Invoking: MSP430 Compiler
"D:/ccs/tools/compiler/ti-cgt-msp430_21.6.1.LTS/bin/cl430" -vmspx --use_hw_mpy=F5 --include_path="D:/ccs/ccs_base/msp430/include" --include_path="D:/ccs/Project 09/Project 09" --include_path="D:/ccs/tools/compiler/ti-cgt-msp430_21.6.1.LTS/include" --advice:power=all --advice:hw_config=all --define=__MSP430FR2355__ --define=_FRWP_ENABLE --define=_INFO_FRWP_ENABLE -g --printf_support=minimal --diag_warning=225 --diag_wrap=off --display_error_number --silicon_errata=CPU21 --silicon_errata=CPU22 --silicon_errata=CPU40 --preproc_with_compile --preproc_dependency="IOTTrans.d_raw"  "../IOTTrans.c"
"..\macros.h", line 148: warning #48-D: incompatible redefinition of macro "WAIT" (declared at line 17)
"..\macros.h", line 178: warning #48-D: incompatible redefinition of macro "PRESSED" (declared at line 124)
"..\macros.h", line 179: warning #48-D: incompatible redefinition of macro "RELEASED" (declared at line 125)
"..\macros.h", line 204: warning #48-D: incompatible redefinition of macro "TB0CCR0_INTERVAL" (declared at line 72)
"..\macros.h", line 205: warning #48-D: incompatible redefinition of macro "TB0CCR1_INTERVAL" (declared at line 73)
"..\macros.h", line 206: warning #48-D: incompatible redefinition of macro "TB0CCR2_INTERVAL" (declared at line 74)
"../IOTTrans.c", line 76: remark #1528-D: (ULP 3.1) Detected flag polling using UCA1IFG. Recommend using an interrupt combined with enter LPMx and ISR
"../IOTTrans.c", line 81: remark #1528-D: (ULP 3.1) Detected flag polling using UCA0IFG. Recommend using an interrupt combined with enter LPMx and ISR
"../IOTTrans.c", line 97: remark #1538-D: (ULP 10.1) ISR EUSCI_A1_ISR calls function memset. Recommend moving function call away from ISR, or inlining the function, or using pragmas
"../IOTTrans.c", line 107: remark #1538-D: (ULP 10.1) ISR EUSCI_A1_ISR calls function Process_FRAM_Command. Recommend moving function call away from ISR, or inlining the function, or using pragmas
"../IOTTrans.c", line 97: remark #1538-D: (ULP 10.1) ISR EUSCI_A1_ISR calls function memset. Recommend moving function call away from ISR, or inlining the function, or using pragmas
"../IOTTrans.c", line 107: remark #1538-D: (ULP 10.1) ISR EUSCI_A1_ISR calls function Process_FRAM_Command. Recommend moving function call away from ISR, or inlining the function, or using pragmas
"../IOTTrans.c", line 156: remark #1544-D: (ULP 13.1) Detected loop counting up. Recommend loops count down as detecting zeros is easier
"../IOTTrans.c", line 156: remark #1544-D: (ULP 13.1) Detected loop counting up. Recommend loops count down as detecting zeros is easier
Finished building: "../IOTTrans.c"
 
Building file: "../adc.c"
Invoking: MSP430 Compiler
"D:/ccs/tools/compiler/ti-cgt-msp430_21.6.1.LTS/bin/cl430" -vmspx --use_hw_mpy=F5 --include_path="D:/ccs/ccs_base/msp430/include" --include_path="D:/ccs/Project 09/Project 09" --include_path="D:/ccs/tools/compiler/ti-cgt-msp430_21.6.1.LTS/include" --advice:power=all --advice:hw_config=all --define=__MSP430FR2355__ --define=_FRWP_ENABLE --define=_INFO_FRWP_ENABLE -g --printf_support=minimal --diag_warning=225 --diag_wrap=off --display_error_number --silicon_errata=CPU21 --silicon_errata=CPU22 --silicon_errata=CPU40 --preproc_with_compile --preproc_dependency="adc.d_raw"  "../adc.c"
"..\macros.h", line 148: warning #48-D: incompatible redefinition of macro "WAIT" (declared at line 17)
"..\macros.h", line 178: warning #48-D: incompatible redefinition of macro "PRESSED" (declared at line 124)
"..\macros.h", line 179: warning #48-D: incompatible redefinition of macro "RELEASED" (declared at line 125)
"..\macros.h", line 204: warning #48-D: incompatible redefinition of macro "TB0CCR0_INTERVAL" (declared at line 72)
"..\macros.h", line 205: warning #48-D: incompatible redefinition of macro "TB0CCR1_INTERVAL" (declared at line 73)
"..\macros.h", line 206: warning #48-D: incompatible redefinition of macro "TB0CCR2_INTERVAL" (declared at line 74)
Finished building: "../adc.c"
 
Building file: "../black_line.c"
Invoking: MSP430 Compiler
"D:/ccs/tools/compiler/ti-cgt-msp430_21.6.1.LTS/bin/cl430" -vmspx --use_hw_mpy=F5 --include_path="D:/ccs/ccs_base/msp430/include" --include_path="D:/ccs/Project 09/Project 09" --include_path="D:/ccs/tools/compiler/ti-cgt-msp430_21.6.1.LTS/include" --advice:power=all --advice:hw_config=all --define=__MSP430FR2355__ --define=_FRWP_ENABLE --define=_INFO_FRWP_ENABLE -g --printf_support=minimal --diag_warning=225 --diag_wrap=off --display_error_number --silicon_errata=CPU21 --silicon_errata=CPU22 --silicon_errata=CPU40 --preproc_with_compile --preproc_dependency="black_line.d_raw"  "../black_line.c"
"..\macros.h", line 148: warning #48-D: incompatible redefinition of macro "WAIT" (declared at line 17)
"..\macros.h", line 178: warning #48-D: incompatible redefinition of macro "PRESSED" (declared at line 124)
"..\macros.h", line 179: warning #48-D: incompatible redefinition of macro "RELEASED" (declared at line 125)
"..\macros.h", line 204: warning #48-D: incompatible redefinition of macro "TB0CCR0_INTERVAL" (declared at line 72)
"..\macros.h", line 205: warning #48-D: incompatible redefinition of macro "TB0CCR1_INTERVAL" (declared at line 73)
"..\macros.h", line 206: warning #48-D: incompatible redefinition of macro "TB0CCR2_INTERVAL" (declared at line 74)
"../black_line.c", line 30: warning #225-D: function "search_line" declared implicitly
"../black_line.c", line 31: warning #225-D: function "stop_on_line" declared implicitly
"../black_line.c", line 32: warning #225-D: function "reverse_to_line" declared implicitly
"../black_line.c", line 34: warning #225-D: function "stopall" declared implicitly
"../black_line.c", line 35: warning #225-D: function "strcpy" declared implicitly
"../black_line.c", line 40: warning #225-D: function "adc_line" declared implicitly
"../black_line.c", line 46: warning #161-D: declaration is incompatible with previous "search_line" (declared at line 30)
"../black_line.c", line 47: warning #225-D: function "strcpy" declared implicitly
"../black_line.c", line 54: warning #225-D: function "stopall" declared implicitly
"../black_line.c", line 56: warning #225-D: function "moveforward" declared implicitly
"../black_line.c", line 60: warning #225-D: function "moveforward" declared implicitly
"../black_line.c", line 75: warning #161-D: declaration is incompatible with previous "stop_on_line" (declared at line 31)
"../black_line.c", line 76: warning #225-D: function "stopall" declared implicitly
"../black_line.c", line 77: warning #225-D: function "strcpy" declared implicitly
"../black_line.c", line 92: warning #161-D: declaration is incompatible with previous "reverse_to_line" (declared at line 32)
"../black_line.c", line 93: warning #225-D: function "strcpy" declared implicitly
"../black_line.c", line 100: warning #225-D: function "spin_clockwise" declared implicitly
"../black_line.c", line 115: remark #1544-D: (ULP 13.1) Detected loop counting up. Recommend loops count down as detecting zeros is easier
"../black_line.c", line 116: remark #2553-D: (ULP 14.1) Array index (involving "i") of type "int". Recommend using "unsigned int"
"../black_line.c", line 138: warning #161-D: declaration is incompatible with previous "adc_line" (declared at line 40)
"../black_line.c", line 142: remark #1544-D: (ULP 13.1) Detected loop counting up. Recommend loops count down as detecting zeros is easier
"../black_line.c", line 143: remark #1545-D: (ULP 14.1) Array index of type "int". Recommend using "unsigned int"
"../black_line.c", line 143: remark #2553-D: (ULP 14.1) Array index (involving "i") of type "int". Recommend using "unsigned int"
"../black_line.c", line 173: warning #225-D: function "strcpy" declared implicitly
"../black_line.c", line 179: warning #225-D: function "strcpy" declared implicitly
"../black_line.c", line 157: remark #1544-D: (ULP 13.1) Detected loop counting up. Recommend loops count down as detecting zeros is easier
"../black_line.c", line 158: remark #2553-D: (ULP 14.1) Array index (involving "j") of type "int". Recommend using "unsigned int"
"../black_line.c", line 158: remark #2553-D: (ULP 14.1) Array index (involving "j") of type "int". Recommend using "unsigned int"
"../black_line.c", line 165: remark #1544-D: (ULP 13.1) Detected loop counting up. Recommend loops count down as detecting zeros is easier
"../black_line.c", line 166: remark #2553-D: (ULP 14.1) Array index (involving "j") of type "int". Recommend using "unsigned int"
"../black_line.c", line 166: remark #2553-D: (ULP 14.1) Array index (involving "j") of type "int". Recommend using "unsigned int"
"../black_line.c", line 157: remark #1544-D: (ULP 13.1) Detected loop counting up. Recommend loops count down as detecting zeros is easier
"../black_line.c", line 158: remark #2553-D: (ULP 14.1) Array index (involving "j") of type "int". Recommend using "unsigned int"
"../black_line.c", line 158: remark #2553-D: (ULP 14.1) Array index (involving "j") of type "int". Recommend using "unsigned int"
"../black_line.c", line 165: remark #1544-D: (ULP 13.1) Detected loop counting up. Recommend loops count down as detecting zeros is easier
"../black_line.c", line 166: remark #2553-D: (ULP 14.1) Array index (involving "j") of type "int". Recommend using "unsigned int"
"../black_line.c", line 166: remark #2553-D: (ULP 14.1) Array index (involving "j") of type "int". Recommend using "unsigned int"
Finished building: "../black_line.c"
 
Building file: "../clocks.c"
Invoking: MSP430 Compiler
"D:/ccs/tools/compiler/ti-cgt-msp430_21.6.1.LTS/bin/cl430" -vmspx --use_hw_mpy=F5 --include_path="D:/ccs/ccs_base/msp430/include" --include_path="D:/ccs/Project 09/Project 09" --include_path="D:/ccs/tools/compiler/ti-cgt-msp430_21.6.1.LTS/include" --advice:power=all --advice:hw_config=all --define=__MSP430FR2355__ --define=_FRWP_ENABLE --define=_INFO_FRWP_ENABLE -g --printf_support=minimal --diag_warning=225 --diag_wrap=off --display_error_number --silicon_errata=CPU21 --silicon_errata=CPU22 --silicon_errata=CPU40 --preproc_with_compile --preproc_dependency="clocks.d_raw"  "../clocks.c"
"..\macros.h", line 148: warning #48-D: incompatible redefinition of macro "WAIT" (declared at line 17)
"..\macros.h", line 178: warning #48-D: incompatible redefinition of macro "PRESSED" (declared at line 124)
"..\macros.h", line 179: warning #48-D: incompatible redefinition of macro "RELEASED" (declared at line 125)
"..\macros.h", line 204: warning #48-D: incompatible redefinition of macro "TB0CCR0_INTERVAL" (declared at line 72)
"..\macros.h", line 205: warning #48-D: incompatible redefinition of macro "TB0CCR1_INTERVAL" (declared at line 73)
"..\macros.h", line 206: warning #48-D: incompatible redefinition of macro "TB0CCR2_INTERVAL" (declared at line 74)
"../clocks.c", line 86: remark #1527-D: (ULP 2.1) Detected SW delay loop using __delay_cycles. Recommend using a timer module instead
"../clocks.c", line 87: remark #1527-D: (ULP 2.1) Detected SW delay loop using empty loop. Recommend using a timer module instead
"../clocks.c", line 120: remark #1527-D: (ULP 2.1) Detected SW delay loop using empty loop. Recommend using a timer module instead
Finished building: "../clocks.c"
 
Building file: "../init.c"
Invoking: MSP430 Compiler
"D:/ccs/tools/compiler/ti-cgt-msp430_21.6.1.LTS/bin/cl430" -vmspx --use_hw_mpy=F5 --include_path="D:/ccs/ccs_base/msp430/include" --include_path="D:/ccs/Project 09/Project 09" --include_path="D:/ccs/tools/compiler/ti-cgt-msp430_21.6.1.LTS/include" --advice:power=all --advice:hw_config=all --define=__MSP430FR2355__ --define=_FRWP_ENABLE --define=_INFO_FRWP_ENABLE -g --printf_support=minimal --diag_warning=225 --diag_wrap=off --display_error_number --silicon_errata=CPU21 --silicon_errata=CPU22 --silicon_errata=CPU40 --preproc_with_compile --preproc_dependency="init.d_raw"  "../init.c"
"..\macros.h", line 148: warning #48-D: incompatible redefinition of macro "WAIT" (declared at line 17)
"..\macros.h", line 178: warning #48-D: incompatible redefinition of macro "PRESSED" (declared at line 124)
"..\macros.h", line 179: warning #48-D: incompatible redefinition of macro "RELEASED" (declared at line 125)
"..\macros.h", line 204: warning #48-D: incompatible redefinition of macro "TB0CCR0_INTERVAL" (declared at line 72)
"..\macros.h", line 205: warning #48-D: incompatible redefinition of macro "TB0CCR1_INTERVAL" (declared at line 73)
"..\macros.h", line 206: warning #48-D: incompatible redefinition of macro "TB0CCR2_INTERVAL" (declared at line 74)
"../init.c", line 26: remark #1544-D: (ULP 13.1) Detected loop counting up. Recommend loops count down as detecting zeros is easier
"../init.c", line 27: remark #2553-D: (ULP 14.1) Array index (involving "i") of type "int". Recommend using "unsigned int"
"../init.c", line 28: remark #2553-D: (ULP 14.1) Array index (involving "i") of type "int". Recommend using "unsigned int"
"../init.c", line 29: remark #2553-D: (ULP 14.1) Array index (involving "i") of type "int". Recommend using "unsigned int"
"../init.c", line 30: remark #2553-D: (ULP 14.1) Array index (involving "i") of type "int". Recommend using "unsigned int"
Finished building: "../init.c"
 
Building file: "../led.c"
Invoking: MSP430 Compiler
"D:/ccs/tools/compiler/ti-cgt-msp430_21.6.1.LTS/bin/cl430" -vmspx --use_hw_mpy=F5 --include_path="D:/ccs/ccs_base/msp430/include" --include_path="D:/ccs/Project 09/Project 09" --include_path="D:/ccs/tools/compiler/ti-cgt-msp430_21.6.1.LTS/include" --advice:power=all --advice:hw_config=all --define=__MSP430FR2355__ --define=_FRWP_ENABLE --define=_INFO_FRWP_ENABLE -g --printf_support=minimal --diag_warning=225 --diag_wrap=off --display_error_number --silicon_errata=CPU21 --silicon_errata=CPU22 --silicon_errata=CPU40 --preproc_with_compile --preproc_dependency="led.d_raw"  "../led.c"
"..\macros.h", line 148: warning #48-D: incompatible redefinition of macro "WAIT" (declared at line 17)
"..\macros.h", line 178: warning #48-D: incompatible redefinition of macro "PRESSED" (declared at line 124)
"..\macros.h", line 179: warning #48-D: incompatible redefinition of macro "RELEASED" (declared at line 125)
"..\macros.h", line 204: warning #48-D: incompatible redefinition of macro "TB0CCR0_INTERVAL" (declared at line 72)
"..\macros.h", line 205: warning #48-D: incompatible redefinition of macro "TB0CCR1_INTERVAL" (declared at line 73)
"..\macros.h", line 206: warning #48-D: incompatible redefinition of macro "TB0CCR2_INTERVAL" (declared at line 74)
Finished building: "../led.c"
 
Building file: "../main.c"
Invoking: MSP430 Compiler
"D:/ccs/tools/compiler/ti-cgt-msp430_21.6.1.LTS/bin/cl430" -vmspx --use_hw_mpy=F5 --include_path="D:/ccs/ccs_base/msp430/include" --include_path="D:/ccs/Project 09/Project 09" --include_path="D:/ccs/tools/compiler/ti-cgt-msp430_21.6.1.LTS/include" --advice:power=all --advice:hw_config=all --define=__MSP430FR2355__ --define=_FRWP_ENABLE --define=_INFO_FRWP_ENABLE -g --printf_support=minimal --diag_warning=225 --diag_wrap=off --display_error_number --silicon_errata=CPU21 --silicon_errata=CPU22 --silicon_errata=CPU40 --preproc_with_compile --preproc_dependency="main.d_raw"  "../main.c"
"..\macros.h", line 148: warning #48-D: incompatible redefinition of macro "WAIT" (declared at line 17)
"..\macros.h", line 178: warning #48-D: incompatible redefinition of macro "PRESSED" (declared at line 124)
"..\macros.h", line 179: warning #48-D: incompatible redefinition of macro "RELEASED" (declared at line 125)
"..\macros.h", line 204: warning #48-D: incompatible redefinition of macro "TB0CCR0_INTERVAL" (declared at line 72)
"..\macros.h", line 205: warning #48-D: incompatible redefinition of macro "TB0CCR1_INTERVAL" (declared at line 73)
"..\macros.h", line 206: warning #48-D: incompatible redefinition of macro "TB0CCR2_INTERVAL" (declared at line 74)
"../main.c", line 53: warning #225-D: function "Init_ADC" declared implicitly
"../main.c", line 91: warning #225-D: function "Carlson_StateMachine" declared implicitly
"../main.c", line 98: warning #225-D: function "LCD_update" declared implicitly
"../main.c", line 33: remark #1535-D: (ULP 8.1) variable "wheel_move" is used as a constant. Recommend declaring variable as either 'static const' or 'const'
"../main.c", line 34: remark #1535-D: (ULP 8.1) variable "forward" is used as a constant. Recommend declaring variable as either 'static const' or 'const'
"../main.c", line 35: remark #1535-D: (ULP 8.1) variable "event" is used as a constant. Recommend declaring variable as either 'static const' or 'const'
Finished building: "../main.c"
 
Building file: "../serial.c"
Invoking: MSP430 Compiler
"D:/ccs/tools/compiler/ti-cgt-msp430_21.6.1.LTS/bin/cl430" -vmspx --use_hw_mpy=F5 --include_path="D:/ccs/ccs_base/msp430/include" --include_path="D:/ccs/Project 09/Project 09" --include_path="D:/ccs/tools/compiler/ti-cgt-msp430_21.6.1.LTS/include" --advice:power=all --advice:hw_config=all --define=__MSP430FR2355__ --define=_FRWP_ENABLE --define=_INFO_FRWP_ENABLE -g --printf_support=minimal --diag_warning=225 --diag_wrap=off --display_error_number --silicon_errata=CPU21 --silicon_errata=CPU22 --silicon_errata=CPU40 --preproc_with_compile --preproc_dependency="serial.d_raw"  "../serial.c"
Finished building: "../serial.c"
 
Building file: "../ports.c"
Invoking: MSP430 Compiler
"D:/ccs/tools/compiler/ti-cgt-msp430_21.6.1.LTS/bin/cl430" -vmspx --use_hw_mpy=F5 --include_path="D:/ccs/ccs_base/msp430/include" --include_path="D:/ccs/Project 09/Project 09" --include_path="D:/ccs/tools/compiler/ti-cgt-msp430_21.6.1.LTS/include" --advice:power=all --advice:hw_config=all --define=__MSP430FR2355__ --define=_FRWP_ENABLE --define=_INFO_FRWP_ENABLE -g --printf_support=minimal --diag_warning=225 --diag_wrap=off --display_error_number --silicon_errata=CPU21 --silicon_errata=CPU22 --silicon_errata=CPU40 --preproc_with_compile --preproc_dependency="ports.d_raw"  "../ports.c"
"..\macros.h", line 148: warning #48-D: incompatible redefinition of macro "WAIT" (declared at line 17)
"..\macros.h", line 178: warning #48-D: incompatible redefinition of macro "PRESSED" (declared at line 124)
"..\macros.h", line 179: warning #48-D: incompatible redefinition of macro "RELEASED" (declared at line 125)
"..\macros.h", line 204: warning #48-D: incompatible redefinition of macro "TB0CCR0_INTERVAL" (declared at line 72)
"..\macros.h", line 205: warning #48-D: incompatible redefinition of macro "TB0CCR1_INTERVAL" (declared at line 73)
"..\macros.h", line 206: warning #48-D: incompatible redefinition of macro "TB0CCR2_INTERVAL" (declared at line 74)
"../ports.c", line 21: warning #225-D: function "Init_Port_1" declared implicitly
"../ports.c", line 22: warning #225-D: function "Init_Port_2" declared implicitly
"../ports.c", line 23: warning #225-D: function "Init_Port_3" declared implicitly
"../ports.c", line 24: warning #225-D: function "Init_Port_4" declared implicitly
"../ports.c", line 25: warning #225-D: function "Init_Port_5" declared implicitly
"../ports.c", line 26: warning #225-D: function "Init_Port_6" declared implicitly
"../ports.c", line 32: warning #161-D: declaration is incompatible with previous "Init_Port_1" (declared at line 21)
"../ports.c", line 91: warning #161-D: declaration is incompatible with previous "Init_Port_2" (declared at line 22)
"../ports.c", line 147: warning #161-D: declaration is incompatible with previous "Init_Port_3" (declared at line 23)
"../ports.c", line 206: warning #161-D: declaration is incompatible with previous "Init_Port_4" (declared at line 24)
"../ports.c", line 256: warning #161-D: declaration is incompatible with previous "Init_Port_5" (declared at line 25)
"../ports.c", line 295: warning #161-D: declaration is incompatible with previous "Init_Port_6" (declared at line 26)
Finished building: "../ports.c"
 
Building file: "../states.c"
Invoking: MSP430 Compiler
"D:/ccs/tools/compiler/ti-cgt-msp430_21.6.1.LTS/bin/cl430" -vmspx --use_hw_mpy=F5 --include_path="D:/ccs/ccs_base/msp430/include" --include_path="D:/ccs/Project 09/Project 09" --include_path="D:/ccs/tools/compiler/ti-cgt-msp430_21.6.1.LTS/include" --advice:power=all --advice:hw_config=all --define=__MSP430FR2355__ --define=_FRWP_ENABLE --define=_INFO_FRWP_ENABLE -g --printf_support=minimal --diag_warning=225 --diag_wrap=off --display_error_number --silicon_errata=CPU21 --silicon_errata=CPU22 --silicon_errata=CPU40 --preproc_with_compile --preproc_dependency="states.d_raw"  "../states.c"
"..\macros.h", line 148: warning #48-D: incompatible redefinition of macro "WAIT" (declared at line 17)
"..\macros.h", line 178: warning #48-D: incompatible redefinition of macro "PRESSED" (declared at line 124)
"..\macros.h", line 179: warning #48-D: incompatible redefinition of macro "RELEASED" (declared at line 125)
"..\macros.h", line 204: warning #48-D: incompatible redefinition of macro "TB0CCR0_INTERVAL" (declared at line 72)
"..\macros.h", line 205: warning #48-D: incompatible redefinition of macro "TB0CCR1_INTERVAL" (declared at line 73)
"..\macros.h", line 206: warning #48-D: incompatible redefinition of macro "TB0CCR2_INTERVAL" (declared at line 74)
"../states.c", line 35: warning #225-D: function "wait_case" declared implicitly
"../states.c", line 38: warning #225-D: function "start_case" declared implicitly
"../states.c", line 41: warning #225-D: function "run_case" declared implicitly
"../states.c", line 44: warning #225-D: function "end_case" declared implicitly
"../states.c", line 50: warning #161-D: declaration is incompatible with previous "start_case" (declared at line 38)
"../states.c", line 54: warning #225-D: function "moveforward" declared implicitly
"../states.c", line 59: warning #161-D: declaration is incompatible with previous "run_case" (declared at line 41)
"../states.c", line 74: warning #225-D: function "moveforward" declared implicitly
"../states.c", line 85: warning #225-D: function "wait_case" declared implicitly
"../states.c", line 86: warning #225-D: function "start_case_circle" declared implicitly
"../states.c", line 87: warning #225-D: function "run_case_circle" declared implicitly
"../states.c", line 88: warning #225-D: function "end_case" declared implicitly
"../states.c", line 93: warning #161-D: declaration is incompatible with previous "wait_case" (declared at line 35)
"../states.c", line 103: warning #161-D: declaration is incompatible with previous "start_case_circle" (declared at line 86)
"../states.c", line 107: warning #225-D: function "moveforward" declared implicitly
"../states.c", line 112: warning #161-D: declaration is incompatible with previous "run_case_circle" (declared at line 87)
"../states.c", line 133: warning #225-D: function "moveforward" declared implicitly
"../states.c", line 141: warning #161-D: declaration is incompatible with previous "end_case" (declared at line 44)
"../states.c", line 142: warning #225-D: function "stopall" declared implicitly
"../states.c", line 151: warning #225-D: function "start_case_triangle" declared implicitly
"../states.c", line 152: warning #225-D: function "run_case_triangle" declared implicitly
"../states.c", line 158: warning #161-D: declaration is incompatible with previous "start_case_triangle" (declared at line 151)
"../states.c", line 162: warning #225-D: function "moveforward" declared implicitly
"../states.c", line 169: warning #161-D: declaration is incompatible with previous "run_case_triangle" (declared at line 152)
"../states.c", line 192: warning #225-D: function "moveforward" declared implicitly
"../states.c", line 203: warning #188-D: pointless comparison of unsigned integer with zero
"../states.c", line 217: warning #225-D: function "moveforward" declared implicitly
"../states.c", line 238: warning #225-D: function "start_case_figure8" declared implicitly
"../states.c", line 239: warning #225-D: function "run_case_figure8" declared implicitly
"../states.c", line 246: warning #161-D: declaration is incompatible with previous "start_case_figure8" (declared at line 238)
"../states.c", line 250: warning #225-D: function "moveforward" declared implicitly
"../states.c", line 258: warning #161-D: declaration is incompatible with previous "run_case_figure8" (declared at line 239)
"../states.c", line 289: warning #225-D: function "moveforward" declared implicitly
"../states.c", line 300: warning #225-D: function "moveforward" declared implicitly
"../states.c", line 24: remark #1535-D: (ULP 8.1) variable "event" is used as a constant. Recommend declaring variable as either 'static const' or 'const'
Finished building: "../states.c"
 
Building file: "../switches.c"
Invoking: MSP430 Compiler
"D:/ccs/tools/compiler/ti-cgt-msp430_21.6.1.LTS/bin/cl430" -vmspx --use_hw_mpy=F5 --include_path="D:/ccs/ccs_base/msp430/include" --include_path="D:/ccs/Project 09/Project 09" --include_path="D:/ccs/tools/compiler/ti-cgt-msp430_21.6.1.LTS/include" --advice:power=all --advice:hw_config=all --define=__MSP430FR2355__ --define=_FRWP_ENABLE --define=_INFO_FRWP_ENABLE -g --printf_support=minimal --diag_warning=225 --diag_wrap=off --display_error_number --silicon_errata=CPU21 --silicon_errata=CPU22 --silicon_errata=CPU40 --preproc_with_compile --preproc_dependency="switches.d_raw"  "../switches.c"
"..\macros.h", line 148: warning #48-D: incompatible redefinition of macro "WAIT" (declared at line 17)
"..\macros.h", line 178: warning #48-D: incompatible redefinition of macro "PRESSED" (declared at line 124)
"..\macros.h", line 179: warning #48-D: incompatible redefinition of macro "RELEASED" (declared at line 125)
"..\macros.h", line 204: warning #48-D: incompatible redefinition of macro "TB0CCR0_INTERVAL" (declared at line 72)
"..\macros.h", line 205: warning #48-D: incompatible redefinition of macro "TB0CCR1_INTERVAL" (declared at line 73)
"..\macros.h", line 206: warning #48-D: incompatible redefinition of macro "TB0CCR2_INTERVAL" (declared at line 74)
"../switches.c", line 16: remark #1527-D: (ULP 2.1) Detected SW delay loop using __delay_cycles. Recommend using a timer module instead
"../switches.c", line 19: remark #1527-D: (ULP 2.1) Detected SW delay loop using empty loop. Recommend using a timer module instead
"../switches.c", line 25: remark #1527-D: (ULP 2.1) Detected SW delay loop using __delay_cycles. Recommend using a timer module instead
"../switches.c", line 28: remark #1527-D: (ULP 2.1) Detected SW delay loop using empty loop. Recommend using a timer module instead
Finished building: "../switches.c"
 
Building file: "../system.c"
Invoking: MSP430 Compiler
"D:/ccs/tools/compiler/ti-cgt-msp430_21.6.1.LTS/bin/cl430" -vmspx --use_hw_mpy=F5 --include_path="D:/ccs/ccs_base/msp430/include" --include_path="D:/ccs/Project 09/Project 09" --include_path="D:/ccs/tools/compiler/ti-cgt-msp430_21.6.1.LTS/include" --advice:power=all --advice:hw_config=all --define=__MSP430FR2355__ --define=_FRWP_ENABLE --define=_INFO_FRWP_ENABLE -g --printf_support=minimal --diag_warning=225 --diag_wrap=off --display_error_number --silicon_errata=CPU21 --silicon_errata=CPU22 --silicon_errata=CPU40 --preproc_with_compile --preproc_dependency="system.d_raw"  "../system.c"
"..\macros.h", line 148: warning #48-D: incompatible redefinition of macro "WAIT" (declared at line 17)
"..\macros.h", line 178: warning #48-D: incompatible redefinition of macro "PRESSED" (declared at line 124)
"..\macros.h", line 179: warning #48-D: incompatible redefinition of macro "RELEASED" (declared at line 125)
"..\macros.h", line 204: warning #48-D: incompatible redefinition of macro "TB0CCR0_INTERVAL" (declared at line 72)
"..\macros.h", line 205: warning #48-D: incompatible redefinition of macro "TB0CCR1_INTERVAL" (declared at line 73)
"..\macros.h", line 206: warning #48-D: incompatible redefinition of macro "TB0CCR2_INTERVAL" (declared at line 74)
Finished building: "../system.c"
 
Building file: "../timers.c"
Invoking: MSP430 Compiler
"D:/ccs/tools/compiler/ti-cgt-msp430_21.6.1.LTS/bin/cl430" -vmspx --use_hw_mpy=F5 --include_path="D:/ccs/ccs_base/msp430/include" --include_path="D:/ccs/Project 09/Project 09" --include_path="D:/ccs/tools/compiler/ti-cgt-msp430_21.6.1.LTS/include" --advice:power=all --advice:hw_config=all --define=__MSP430FR2355__ --define=_FRWP_ENABLE --define=_INFO_FRWP_ENABLE -g --printf_support=minimal --diag_warning=225 --diag_wrap=off --display_error_number --silicon_errata=CPU21 --silicon_errata=CPU22 --silicon_errata=CPU40 --preproc_with_compile --preproc_dependency="timers.d_raw"  "../timers.c"
"..\macros.h", line 148: warning #48-D: incompatible redefinition of macro "WAIT" (declared at line 17)
"..\macros.h", line 178: warning #48-D: incompatible redefinition of macro "PRESSED" (declared at line 124)
"..\macros.h", line 179: warning #48-D: incompatible redefinition of macro "RELEASED" (declared at line 125)
"..\macros.h", line 204: warning #48-D: incompatible redefinition of macro "TB0CCR0_INTERVAL" (declared at line 72)
"..\macros.h", line 205: warning #48-D: incompatible redefinition of macro "TB0CCR1_INTERVAL" (declared at line 73)
"..\macros.h", line 206: warning #48-D: incompatible redefinition of macro "TB0CCR2_INTERVAL" (declared at line 74)
Finished building: "../timers.c"
 
Building file: "../timers_move.c"
Invoking: MSP430 Compiler
"D:/ccs/tools/compiler/ti-cgt-msp430_21.6.1.LTS/bin/cl430" -vmspx --use_hw_mpy=F5 --include_path="D:/ccs/ccs_base/msp430/include" --include_path="D:/ccs/Project 09/Project 09" --include_path="D:/ccs/tools/compiler/ti-cgt-msp430_21.6.1.LTS/include" --advice:power=all --advice:hw_config=all --define=__MSP430FR2355__ --define=_FRWP_ENABLE --define=_INFO_FRWP_ENABLE -g --printf_support=minimal --diag_warning=225 --diag_wrap=off --display_error_number --silicon_errata=CPU21 --silicon_errata=CPU22 --silicon_errata=CPU40 --preproc_with_compile --preproc_dependency="timers_move.d_raw"  "../timers_move.c"
"..\macros.h", line 148: warning #48-D: incompatible redefinition of macro "WAIT" (declared at line 17)
"..\macros.h", line 178: warning #48-D: incompatible redefinition of macro "PRESSED" (declared at line 124)
"..\macros.h", line 179: warning #48-D: incompatible redefinition of macro "RELEASED" (declared at line 125)
"..\macros.h", line 204: warning #48-D: incompatible redefinition of macro "TB0CCR0_INTERVAL" (declared at line 72)
"..\macros.h", line 205: warning #48-D: incompatible redefinition of macro "TB0CCR1_INTERVAL" (declared at line 73)
"..\macros.h", line 206: warning #48-D: incompatible redefinition of macro "TB0CCR2_INTERVAL" (declared at line 74)
"../timers_move.c", line 57: warning #225-D: function "moveforward" declared implicitly
"../timers_move.c", line 61: warning #225-D: function "stopall" declared implicitly
"../timers_move.c", line 65: warning #225-D: function "movereverse" declared implicitly
"../timers_move.c", line 82: warning #225-D: function "spin_clockwise" declared implicitly
"../timers_move.c", line 90: warning #225-D: function "spin_counterclockwise" declared implicitly
Finished building: "../timers_move.c"
 
Building file: "../usci.c"
Invoking: MSP430 Compiler
"D:/ccs/tools/compiler/ti-cgt-msp430_21.6.1.LTS/bin/cl430" -vmspx --use_hw_mpy=F5 --include_path="D:/ccs/ccs_base/msp430/include" --include_path="D:/ccs/Project 09/Project 09" --include_path="D:/ccs/tools/compiler/ti-cgt-msp430_21.6.1.LTS/include" --advice:power=all --advice:hw_config=all --define=__MSP430FR2355__ --define=_FRWP_ENABLE --define=_INFO_FRWP_ENABLE -g --printf_support=minimal --diag_warning=225 --diag_wrap=off --display_error_number --silicon_errata=CPU21 --silicon_errata=CPU22 --silicon_errata=CPU40 --preproc_with_compile --preproc_dependency="usci.d_raw"  "../usci.c"
Finished building: "../usci.c"
 
Building file: "../wheels.c"
Invoking: MSP430 Compiler
"D:/ccs/tools/compiler/ti-cgt-msp430_21.6.1.LTS/bin/cl430" -vmspx --use_hw_mpy=F5 --include_path="D:/ccs/ccs_base/msp430/include" --include_path="D:/ccs/Project 09/Project 09" --include_path="D:/ccs/tools/compiler/ti-cgt-msp430_21.6.1.LTS/include" --advice:power=all --advice:hw_config=all --define=__MSP430FR2355__ --define=_FRWP_ENABLE --define=_INFO_FRWP_ENABLE -g --printf_support=minimal --diag_warning=225 --diag_wrap=off --display_error_number --silicon_errata=CPU21 --silicon_errata=CPU22 --silicon_errata=CPU40 --preproc_with_compile --preproc_dependency="wheels.d_raw"  "../wheels.c"
"..\macros.h", line 148: warning #48-D: incompatible redefinition of macro "WAIT" (declared at line 17)
"..\macros.h", line 178: warning #48-D: incompatible redefinition of macro "PRESSED" (declared at line 124)
"..\macros.h", line 179: warning #48-D: incompatible redefinition of macro "RELEASED" (declared at line 125)
"..\macros.h", line 204: warning #48-D: incompatible redefinition of macro "TB0CCR0_INTERVAL" (declared at line 72)
"..\macros.h", line 205: warning #48-D: incompatible redefinition of macro "TB0CCR1_INTERVAL" (declared at line 73)
"..\macros.h", line 206: warning #48-D: incompatible redefinition of macro "TB0CCR2_INTERVAL" (declared at line 74)
Finished building: "../wheels.c"
 
Building target: "Project 09.out"
Invoking: MSP430 Linker
"D:/ccs/tools/compiler/ti-cgt-msp430_21.6.1.LTS/bin/cl430" -vmspx --use_hw_mpy=F5 --advice:power=all --advice:hw_config=all --define=__MSP430FR2355__ --define=_FRWP_ENABLE --define=_INFO_FRWP_ENABLE -g --printf_support=minimal --diag_warning=225 --diag_wrap=off --display_error_number --silicon_errata=CPU21 --silicon_errata=CPU22 --silicon_errata=CPU40 -z -m"Project 09.map" --heap_size=160 --stack_size=160 --cinit_hold_wdt=on -i"D:/ccs/ccs_base/msp430/include" -i"D:/ccs/ccs_base/msp430/lib/FR2xx" -i"D:/ccs/tools/compiler/ti-cgt-msp430_21.6.1.LTS/lib" -i"D:/ccs/tools/compiler/ti-cgt-msp430_21.6.1.LTS/include" --priority --reread_libs --define=_FRWP_ENABLE --define=_INFO_FRWP_ENABLE --diag_wrap=off --display_error_number --warn_sections --xml_link_info="Project 09_linkInfo.xml" --use_hw_mpy=F5 --rom_model -o "Project 09.out" "./Display.obj" "./IOTTrans.obj" "./adc.obj" "./black_line.obj" "./clocks.obj" "./init.obj" "./led.obj" "./main.obj" "./ports.obj" "./serial.obj" "./states.obj" "./switches.obj" "./system.obj" "./timers.obj" "./timers_move.obj" "./usci.obj" "./wheels.obj" "../Compiled/LCD.obj" "../lnk_msp430fr2355.cmd"  -lfrwp_init.a -llibc.a 
<Linking>
remark #10372-D: (ULP 4.1) Detected uninitialized Port A in this project. Recommend initializing all unused ports to eliminate wasted current consumption on unused pins.
remark #10372-D: (ULP 4.1) Detected uninitialized Port B in this project. Recommend initializing all unused ports to eliminate wasted current consumption on unused pins.
remark #10372-D: (ULP 4.1) Detected uninitialized Port C in this project. Recommend initializing all unused ports to eliminate wasted current consumption on unused pins.
remark #10422-D: (ULP 6.2) Detected use of a device with available 32-bit hardware multiplier and not also using MSPMATHLIB library (libmath.a).  Recommend using MSPMATHLIB library (libmath.a) for improved performance.
Finished building target: "Project 09.out"
 

**** Build Finished ****

**** Build of configuration Debug for project Project 09 ****

"D:\\ccs\\utils\\bin\\gmake" -k -j 16 all -O 
 
gmake[1]: 'Project 09.out' is up to date.

**** Build Finished ****

**** Build of configuration Debug for project Project 09 ****

"D:\\ccs\\utils\\bin\\gmake" -k -j 16 all -O 
 
Building file: "../IOTTrans.c"
Invoking: MSP430 Compiler
"D:/ccs/tools/compiler/ti-cgt-msp430_21.6.1.LTS/bin/cl430" -vmspx --use_hw_mpy=F5 --include_path="D:/ccs/ccs_base/msp430/include" --include_path="D:/ccs/Project 09/Project 09" --include_path="D:/ccs/tools/compiler/ti-cgt-msp430_21.6.1.LTS/include" --advice:power=all --advice:hw_config=all --define=__MSP430FR2355__ --define=_FRWP_ENABLE --define=_INFO_FRWP_ENABLE -g --printf_support=minimal --diag_warning=225 --diag_wrap=off --display_error_number --silicon_errata=CPU21 --silicon_errata=CPU22 --silicon_errata=CPU40 --preproc_with_compile --preproc_dependency="IOTTrans.d_raw"  "../IOTTrans.c"
"..\macros.h", line 148: warning #48-D: incompatible redefinition of macro "WAIT" (declared at line 17)
"..\macros.h", line 178: warning #48-D: incompatible redefinition of macro "PRESSED" (declared at line 124)
"..\macros.h", line 179: warning #48-D: incompatible redefinition of macro "RELEASED" (declared at line 125)
"..\macros.h", line 204: warning #48-D: incompatible redefinition of macro "TB0CCR0_INTERVAL" (declared at line 72)
"..\macros.h", line 205: warning #48-D: incompatible redefinition of macro "TB0CCR1_INTERVAL" (declared at line 73)
"..\macros.h", line 206: warning #48-D: incompatible redefinition of macro "TB0CCR2_INTERVAL" (declared at line 74)
"../IOTTrans.c", line 76: remark #1528-D: (ULP 3.1) Detected flag polling using UCA1IFG. Recommend using an interrupt combined with enter LPMx and ISR
"../IOTTrans.c", line 81: remark #1528-D: (ULP 3.1) Detected flag polling using UCA0IFG. Recommend using an interrupt combined with enter LPMx and ISR
"../IOTTrans.c", line 97: remark #1538-D: (ULP 10.1) ISR EUSCI_A1_ISR calls function memset. Recommend moving function call away from ISR, or inlining the function, or using pragmas
"../IOTTrans.c", line 107: remark #1538-D: (ULP 10.1) ISR EUSCI_A1_ISR calls function Process_FRAM_Command. Recommend moving function call away from ISR, or inlining the function, or using pragmas
"../IOTTrans.c", line 97: remark #1538-D: (ULP 10.1) ISR EUSCI_A1_ISR calls function memset. Recommend moving function call away from ISR, or inlining the function, or using pragmas
"../IOTTrans.c", line 107: remark #1538-D: (ULP 10.1) ISR EUSCI_A1_ISR calls function Process_FRAM_Command. Recommend moving function call away from ISR, or inlining the function, or using pragmas
"../IOTTrans.c", line 156: remark #1544-D: (ULP 13.1) Detected loop counting up. Recommend loops count down as detecting zeros is easier
"../IOTTrans.c", line 156: remark #1544-D: (ULP 13.1) Detected loop counting up. Recommend loops count down as detecting zeros is easier
Finished building: "../IOTTrans.c"
 
Building target: "Project 09.out"
Invoking: MSP430 Linker
"D:/ccs/tools/compiler/ti-cgt-msp430_21.6.1.LTS/bin/cl430" -vmspx --use_hw_mpy=F5 --advice:power=all --advice:hw_config=all --define=__MSP430FR2355__ --define=_FRWP_ENABLE --define=_INFO_FRWP_ENABLE -g --printf_support=minimal --diag_warning=225 --diag_wrap=off --display_error_number --silicon_errata=CPU21 --silicon_errata=CPU22 --silicon_errata=CPU40 -z -m"Project 09.map" --heap_size=160 --stack_size=160 --cinit_hold_wdt=on -i"D:/ccs/ccs_base/msp430/include" -i"D:/ccs/ccs_base/msp430/lib/FR2xx" -i"D:/ccs/tools/compiler/ti-cgt-msp430_21.6.1.LTS/lib" -i"D:/ccs/tools/compiler/ti-cgt-msp430_21.6.1.LTS/include" --priority --reread_libs --define=_FRWP_ENABLE --define=_INFO_FRWP_ENABLE --diag_wrap=off --display_error_number --warn_sections --xml_link_info="Project 09_linkInfo.xml" --use_hw_mpy=F5 --rom_model -o "Project 09.out" "./Display.obj" "./IOTTrans.obj" "./adc.obj" "./black_line.obj" "./clocks.obj" "./init.obj" "./led.obj" "./main.obj" "./ports.obj" "./serial.obj" "./states.obj" "./switches.obj" "./system.obj" "./timers.obj" "./timers_move.obj" "./wheels.obj" "../Compiled/LCD.obj" "../lnk_msp430fr2355.cmd"  -lfrwp_init.a -llibc.a 
<Linking>
remark #10372-D: (ULP 4.1) Detected uninitialized Port A in this project. Recommend initializing all unused ports to eliminate wasted current consumption on unused pins.
remark #10372-D: (ULP 4.1) Detected uninitialized Port B in this project. Recommend initializing all unused ports to eliminate wasted current consumption on unused pins.
remark #10372-D: (ULP 4.1) Detected uninitialized Port C in this project. Recommend initializing all unused ports to eliminate wasted current consumption on unused pins.
remark #10422-D: (ULP 6.2) Detected use of a device with available 32-bit hardware multiplier and not also using MSPMATHLIB library (libmath.a).  Recommend using MSPMATHLIB library (libmath.a) for improved performance.
Finished building target: "Project 09.out"
 

**** Build Finished ****

**** Build of configuration Debug for project Project 09 ****

"D:\\ccs\\utils\\bin\\gmake" -k -j 16 all -O 
 
gmake[1]: 'Project 09.out' is up to date.

**** Build Finished ****

**** Build of configuration Debug for project Project 09 ****

"D:\\ccs\\utils\\bin\\gmake" -k -j 16 all -O 
 
Building file: "../IOTTrans.c"
Invoking: MSP430 Compiler
"D:/ccs/tools/compiler/ti-cgt-msp430_21.6.1.LTS/bin/cl430" -vmspx --use_hw_mpy=F5 --include_path="D:/ccs/ccs_base/msp430/include" --include_path="D:/ccs/Project 09/Project 09" --include_path="D:/ccs/tools/compiler/ti-cgt-msp430_21.6.1.LTS/include" --advice:power=all --advice:hw_config=all --define=__MSP430FR2355__ --define=_FRWP_ENABLE --define=_INFO_FRWP_ENABLE -g --printf_support=minimal --diag_warning=225 --diag_wrap=off --display_error_number --silicon_errata=CPU21 --silicon_errata=CPU22 --silicon_errata=CPU40 --preproc_with_compile --preproc_dependency="IOTTrans.d_raw"  "../IOTTrans.c"
"..\macros.h", line 148: warning #48-D: incompatible redefinition of macro "WAIT" (declared at line 17)
"..\macros.h", line 178: warning #48-D: incompatible redefinition of macro "PRESSED" (declared at line 124)
"..\macros.h", line 179: warning #48-D: incompatible redefinition of macro "RELEASED" (declared at line 125)
"..\macros.h", line 204: warning #48-D: incompatible redefinition of macro "TB0CCR0_INTERVAL" (declared at line 72)
"..\macros.h", line 205: warning #48-D: incompatible redefinition of macro "TB0CCR1_INTERVAL" (declared at line 73)
"..\macros.h", line 206: warning #48-D: incompatible redefinition of macro "TB0CCR2_INTERVAL" (declared at line 74)
"../IOTTrans.c", line 78: remark #1528-D: (ULP 3.1) Detected flag polling using UCA1IFG. Recommend using an interrupt combined with enter LPMx and ISR
"../IOTTrans.c", line 83: remark #1528-D: (ULP 3.1) Detected flag polling using UCA0IFG. Recommend using an interrupt combined with enter LPMx and ISR
"../IOTTrans.c", line 99: remark #1538-D: (ULP 10.1) ISR EUSCI_A1_ISR calls function memset. Recommend moving function call away from ISR, or inlining the function, or using pragmas
"../IOTTrans.c", line 109: remark #1538-D: (ULP 10.1) ISR EUSCI_A1_ISR calls function Process_FRAM_Command. Recommend moving function call away from ISR, or inlining the function, or using pragmas
"../IOTTrans.c", line 99: remark #1538-D: (ULP 10.1) ISR EUSCI_A1_ISR calls function memset. Recommend moving function call away from ISR, or inlining the function, or using pragmas
"../IOTTrans.c", line 109: remark #1538-D: (ULP 10.1) ISR EUSCI_A1_ISR calls function Process_FRAM_Command. Recommend moving function call away from ISR, or inlining the function, or using pragmas
"../IOTTrans.c", line 165: remark #1544-D: (ULP 13.1) Detected loop counting up. Recommend loops count down as detecting zeros is easier
"../IOTTrans.c", line 165: remark #1544-D: (ULP 13.1) Detected loop counting up. Recommend loops count down as detecting zeros is easier
Finished building: "../IOTTrans.c"
 
Building target: "Project 09.out"
Invoking: MSP430 Linker
"D:/ccs/tools/compiler/ti-cgt-msp430_21.6.1.LTS/bin/cl430" -vmspx --use_hw_mpy=F5 --advice:power=all --advice:hw_config=all --define=__MSP430FR2355__ --define=_FRWP_ENABLE --define=_INFO_FRWP_ENABLE -g --printf_support=minimal --diag_warning=225 --diag_wrap=off --display_error_number --silicon_errata=CPU21 --silicon_errata=CPU22 --silicon_errata=CPU40 -z -m"Project 09.map" --heap_size=160 --stack_size=160 --cinit_hold_wdt=on -i"D:/ccs/ccs_base/msp430/include" -i"D:/ccs/ccs_base/msp430/lib/FR2xx" -i"D:/ccs/tools/compiler/ti-cgt-msp430_21.6.1.LTS/lib" -i"D:/ccs/tools/compiler/ti-cgt-msp430_21.6.1.LTS/include" --priority --reread_libs --define=_FRWP_ENABLE --define=_INFO_FRWP_ENABLE --diag_wrap=off --display_error_number --warn_sections --xml_link_info="Project 09_linkInfo.xml" --use_hw_mpy=F5 --rom_model -o "Project 09.out" "./Display.obj" "./IOTTrans.obj" "./adc.obj" "./black_line.obj" "./clocks.obj" "./init.obj" "./led.obj" "./main.obj" "./ports.obj" "./serial.obj" "./states.obj" "./switches.obj" "./system.obj" "./timers.obj" "./timers_move.obj" "./wheels.obj" "../Compiled/LCD.obj" "../lnk_msp430fr2355.cmd"  -lfrwp_init.a -llibc.a 
<Linking>
remark #10372-D: (ULP 4.1) Detected uninitialized Port A in this project. Recommend initializing all unused ports to eliminate wasted current consumption on unused pins.
remark #10372-D: (ULP 4.1) Detected uninitialized Port B in this project. Recommend initializing all unused ports to eliminate wasted current consumption on unused pins.
remark #10372-D: (ULP 4.1) Detected uninitialized Port C in this project. Recommend initializing all unused ports to eliminate wasted current consumption on unused pins.
remark #10422-D: (ULP 6.2) Detected use of a device with available 32-bit hardware multiplier and not also using MSPMATHLIB library (libmath.a).  Recommend using MSPMATHLIB library (libmath.a) for improved performance.
Finished building target: "Project 09.out"
 

**** Build Finished ****

**** Build of configuration Debug for project Project 09 ****

"D:\\ccs\\utils\\bin\\gmake" -k -j 16 all -O 
 
gmake[1]: 'Project 09.out' is up to date.

**** Build Finished ****

**** Build of configuration Debug for project Project 09 ****

"D:\\ccs\\utils\\bin\\gmake" -k -j 16 all -O 
 
Building file: "../IOTTrans.c"
Invoking: MSP430 Compiler
"D:/ccs/tools/compiler/ti-cgt-msp430_21.6.1.LTS/bin/cl430" -vmspx --use_hw_mpy=F5 --include_path="D:/ccs/ccs_base/msp430/include" --include_path="D:/ccs/Project 09/Project 09" --include_path="D:/ccs/tools/compiler/ti-cgt-msp430_21.6.1.LTS/include" --advice:power=all --advice:hw_config=all --define=__MSP430FR2355__ --define=_FRWP_ENABLE --define=_INFO_FRWP_ENABLE -g --printf_support=minimal --diag_warning=225 --diag_wrap=off --display_error_number --silicon_errata=CPU21 --silicon_errata=CPU22 --silicon_errata=CPU40 --preproc_with_compile --preproc_dependency="IOTTrans.d_raw"  "../IOTTrans.c"
"..\macros.h", line 148: warning #48-D: incompatible redefinition of macro "WAIT" (declared at line 17)
"..\macros.h", line 178: warning #48-D: incompatible redefinition of macro "PRESSED" (declared at line 124)
"..\macros.h", line 179: warning #48-D: incompatible redefinition of macro "RELEASED" (declared at line 125)
"..\macros.h", line 204: warning #48-D: incompatible redefinition of macro "TB0CCR0_INTERVAL" (declared at line 72)
"..\macros.h", line 205: warning #48-D: incompatible redefinition of macro "TB0CCR1_INTERVAL" (declared at line 73)
"..\macros.h", line 206: warning #48-D: incompatible redefinition of macro "TB0CCR2_INTERVAL" (declared at line 74)
"../IOTTrans.c", line 78: remark #1528-D: (ULP 3.1) Detected flag polling using UCA1IFG. Recommend using an interrupt combined with enter LPMx and ISR
"../IOTTrans.c", line 83: remark #1528-D: (ULP 3.1) Detected flag polling using UCA0IFG. Recommend using an interrupt combined with enter LPMx and ISR
"../IOTTrans.c", line 106: remark #1538-D: (ULP 10.1) ISR EUSCI_A1_ISR calls function Process_FRAM_Command. Recommend moving function call away from ISR, or inlining the function, or using pragmas
"../IOTTrans.c", line 117: remark #1538-D: (ULP 10.1) ISR EUSCI_A1_ISR calls function memset. Recommend moving function call away from ISR, or inlining the function, or using pragmas
"../IOTTrans.c", line 106: remark #1538-D: (ULP 10.1) ISR EUSCI_A1_ISR calls function Process_FRAM_Command. Recommend moving function call away from ISR, or inlining the function, or using pragmas
"../IOTTrans.c", line 117: remark #1538-D: (ULP 10.1) ISR EUSCI_A1_ISR calls function memset. Recommend moving function call away from ISR, or inlining the function, or using pragmas
"../IOTTrans.c", line 177: remark #1544-D: (ULP 13.1) Detected loop counting up. Recommend loops count down as detecting zeros is easier
"../IOTTrans.c", line 177: remark #1544-D: (ULP 13.1) Detected loop counting up. Recommend loops count down as detecting zeros is easier
Finished building: "../IOTTrans.c"
 
Building target: "Project 09.out"
Invoking: MSP430 Linker
"D:/ccs/tools/compiler/ti-cgt-msp430_21.6.1.LTS/bin/cl430" -vmspx --use_hw_mpy=F5 --advice:power=all --advice:hw_config=all --define=__MSP430FR2355__ --define=_FRWP_ENABLE --define=_INFO_FRWP_ENABLE -g --printf_support=minimal --diag_warning=225 --diag_wrap=off --display_error_number --silicon_errata=CPU21 --silicon_errata=CPU22 --silicon_errata=CPU40 -z -m"Project 09.map" --heap_size=160 --stack_size=160 --cinit_hold_wdt=on -i"D:/ccs/ccs_base/msp430/include" -i"D:/ccs/ccs_base/msp430/lib/FR2xx" -i"D:/ccs/tools/compiler/ti-cgt-msp430_21.6.1.LTS/lib" -i"D:/ccs/tools/compiler/ti-cgt-msp430_21.6.1.LTS/include" --priority --reread_libs --define=_FRWP_ENABLE --define=_INFO_FRWP_ENABLE --diag_wrap=off --display_error_number --warn_sections --xml_link_info="Project 09_linkInfo.xml" --use_hw_mpy=F5 --rom_model -o "Project 09.out" "./Display.obj" "./IOTTrans.obj" "./adc.obj" "./black_line.obj" "./clocks.obj" "./init.obj" "./led.obj" "./main.obj" "./ports.obj" "./serial.obj" "./states.obj" "./switches.obj" "./system.obj" "./timers.obj" "./timers_move.obj" "./wheels.obj" "../Compiled/LCD.obj" "../lnk_msp430fr2355.cmd"  -lfrwp_init.a -llibc.a 
<Linking>
remark #10372-D: (ULP 4.1) Detected uninitialized Port A in this project. Recommend initializing all unused ports to eliminate wasted current consumption on unused pins.
remark #10372-D: (ULP 4.1) Detected uninitialized Port B in this project. Recommend initializing all unused ports to eliminate wasted current consumption on unused pins.
remark #10372-D: (ULP 4.1) Detected uninitialized Port C in this project. Recommend initializing all unused ports to eliminate wasted current consumption on unused pins.
remark #10422-D: (ULP 6.2) Detected use of a device with available 32-bit hardware multiplier and not also using MSPMATHLIB library (libmath.a).  Recommend using MSPMATHLIB library (libmath.a) for improved performance.
Finished building target: "Project 09.out"
 

**** Build Finished ****

**** Build of configuration Debug for project Project 09 ****

"D:\\ccs\\utils\\bin\\gmake" -k -j 16 all -O 
 
gmake[1]: 'Project 09.out' is up to date.

**** Build Finished ****

**** Build of configuration Debug for project Project 09 ****

"D:\\ccs\\utils\\bin\\gmake" -k -j 16 all -O 
 
Building file: "../command_parser.c"
Invoking: MSP430 Compiler
"D:/ccs/tools/compiler/ti-cgt-msp430_21.6.1.LTS/bin/cl430" -vmspx --use_hw_mpy=F5 --include_path="D:/ccs/ccs_base/msp430/include" --include_path="D:/ccs/Project 09/Project 09" --include_path="D:/ccs/tools/compiler/ti-cgt-msp430_21.6.1.LTS/include" --advice:power=all --advice:hw_config=all --define=__MSP430FR2355__ --define=_FRWP_ENABLE --define=_INFO_FRWP_ENABLE -g --printf_support=minimal --diag_warning=225 --diag_wrap=off --display_error_number --silicon_errata=CPU21 --silicon_errata=CPU22 --silicon_errata=CPU40 --preproc_with_compile --preproc_dependency="command_parser.d_raw"  "../command_parser.c"
 
>> Compilation failure
subdir_rules.mk:9: recipe for target 'command_parser.obj' failed
"..\macros.h", line 148: warning #48-D: incompatible redefinition of macro "WAIT" (declared at line 17)
"..\macros.h", line 178: warning #48-D: incompatible redefinition of macro "PRESSED" (declared at line 124)
"..\macros.h", line 179: warning #48-D: incompatible redefinition of macro "RELEASED" (declared at line 125)
"..\macros.h", line 204: warning #48-D: incompatible redefinition of macro "TB0CCR0_INTERVAL" (declared at line 72)
"..\macros.h", line 205: warning #48-D: incompatible redefinition of macro "TB0CCR1_INTERVAL" (declared at line 73)
"..\macros.h", line 206: warning #48-D: incompatible redefinition of macro "TB0CCR2_INTERVAL" (declared at line 74)
"../command_parser.c", line 59: error #141: too many arguments in function call
1 error detected in the compilation of "../command_parser.c".
gmake: *** [command_parser.obj] Error 1
Building file: "../movement.c"
Invoking: MSP430 Compiler
"D:/ccs/tools/compiler/ti-cgt-msp430_21.6.1.LTS/bin/cl430" -vmspx --use_hw_mpy=F5 --include_path="D:/ccs/ccs_base/msp430/include" --include_path="D:/ccs/Project 09/Project 09" --include_path="D:/ccs/tools/compiler/ti-cgt-msp430_21.6.1.LTS/include" --advice:power=all --advice:hw_config=all --define=__MSP430FR2355__ --define=_FRWP_ENABLE --define=_INFO_FRWP_ENABLE -g --printf_support=minimal --diag_warning=225 --diag_wrap=off --display_error_number --silicon_errata=CPU21 --silicon_errata=CPU22 --silicon_errata=CPU40 --preproc_with_compile --preproc_dependency="movement.d_raw"  "../movement.c"
 
>> Compilation failure
subdir_rules.mk:9: recipe for target 'movement.obj' failed
"..\macros.h", line 148: warning #48-D: incompatible redefinition of macro "WAIT" (declared at line 17)
"..\macros.h", line 178: warning #48-D: incompatible redefinition of macro "PRESSED" (declared at line 124)
"..\macros.h", line 179: warning #48-D: incompatible redefinition of macro "RELEASED" (declared at line 125)
"..\macros.h", line 204: warning #48-D: incompatible redefinition of macro "TB0CCR0_INTERVAL" (declared at line 72)
"..\macros.h", line 205: warning #48-D: incompatible redefinition of macro "TB0CCR1_INTERVAL" (declared at line 73)
"..\macros.h", line 206: warning #48-D: incompatible redefinition of macro "TB0CCR2_INTERVAL" (declared at line 74)
"../movement.c", line 19: warning #48-D: incompatible redefinition of macro "PWM_PERIOD" (declared at line 197 of "..\macros.h")
"../movement.c", line 47: remark #1530-D: (ULP 5.1) Detected modulo operation(s). Recommend moving them to RAM during run time or not using as these are processing/power intensive
"../movement.c", line 57: remark #1530-D: (ULP 5.1) Detected modulo operation(s). Recommend moving them to RAM during run time or not using as these are processing/power intensive
"../movement.c", line 65: error #20: identifier "TA1CCR0" is undefined
"../movement.c", line 68: error #20: identifier "TA1CCTL1" is undefined
"../movement.c", line 69: error #20: identifier "TA1CCR1" is undefined
"../movement.c", line 72: error #20: identifier "TA1CCTL2" is undefined
"../movement.c", line 73: error #20: identifier "TA1CCR2" is undefined
"../movement.c", line 75: error #20: identifier "TA1CTL" is undefined
"../movement.c", line 75: error #20: identifier "TASSEL__SMCLK" is undefined
"../movement.c", line 75: error #20: identifier "TACLR" is undefined
"../movement.c", line 82: error #20: identifier "TA1CCR1" is undefined
"../movement.c", line 83: error #20: identifier "TA1CCR2" is undefined
"../movement.c", line 87: error #20: identifier "TA1CCR1" is undefined
"../movement.c", line 88: error #20: identifier "TA1CCR2" is undefined
"../movement.c", line 93: error #20: identifier "TA1CCR1" is undefined
"../movement.c", line 94: error #20: identifier "TA1CCR2" is undefined
"../movement.c", line 98: error #20: identifier "TA1CCR1" is undefined
"../movement.c", line 99: error #20: identifier "TA1CCR2" is undefined
"../movement.c", line 103: error #20: identifier "TA1CCR1" is undefined
"../movement.c", line 104: error #20: identifier "TA1CCR2" is undefined
"../movement.c", line 121: warning #225-D: function "sprintf" declared implicitly
"../movement.c", line 122: error #141: too many arguments in function call
"../movement.c", line 121: remark #1532-D: (ULP 5.3) Detected sprintf() operation(s). Recommend moving them to RAM during run time or not using as these are processing/power intensive
19 errors detected in the compilation of "../movement.c".
gmake: *** [movement.obj] Error 1
Building file: "../IOTTrans.c"
Invoking: MSP430 Compiler
"D:/ccs/tools/compiler/ti-cgt-msp430_21.6.1.LTS/bin/cl430" -vmspx --use_hw_mpy=F5 --include_path="D:/ccs/ccs_base/msp430/include" --include_path="D:/ccs/Project 09/Project 09" --include_path="D:/ccs/tools/compiler/ti-cgt-msp430_21.6.1.LTS/include" --advice:power=all --advice:hw_config=all --define=__MSP430FR2355__ --define=_FRWP_ENABLE --define=_INFO_FRWP_ENABLE -g --printf_support=minimal --diag_warning=225 --diag_wrap=off --display_error_number --silicon_errata=CPU21 --silicon_errata=CPU22 --silicon_errata=CPU40 --preproc_with_compile --preproc_dependency="IOTTrans.d_raw"  "../IOTTrans.c"
"..\macros.h", line 148: warning #48-D: incompatible redefinition of macro "WAIT" (declared at line 17)
"..\macros.h", line 178: warning #48-D: incompatible redefinition of macro "PRESSED" (declared at line 124)
"..\macros.h", line 179: warning #48-D: incompatible redefinition of macro "RELEASED" (declared at line 125)
"..\macros.h", line 204: warning #48-D: incompatible redefinition of macro "TB0CCR0_INTERVAL" (declared at line 72)
"..\macros.h", line 205: warning #48-D: incompatible redefinition of macro "TB0CCR1_INTERVAL" (declared at line 73)
"..\macros.h", line 206: warning #48-D: incompatible redefinition of macro "TB0CCR2_INTERVAL" (declared at line 74)
"../IOTTrans.c", line 83: warning #174-D: external/internal linkage conflict with previous declaration
"../IOTTrans.c", line 84: remark #1528-D: (ULP 3.1) Detected flag polling using UCA1IFG. Recommend using an interrupt combined with enter LPMx and ISR
"../IOTTrans.c", line 88: warning #174-D: external/internal linkage conflict with previous declaration
"../IOTTrans.c", line 89: remark #1528-D: (ULP 3.1) Detected flag polling using UCA0IFG. Recommend using an interrupt combined with enter LPMx and ISR
"../IOTTrans.c", line 166: remark #1538-D: (ULP 10.1) ISR EUSCI_A0_ISR calls function process_wifi_message. Recommend moving function call away from ISR, or inlining the function, or using pragmas
"../IOTTrans.c", line 166: remark #1538-D: (ULP 10.1) ISR EUSCI_A0_ISR calls function process_wifi_message. Recommend moving function call away from ISR, or inlining the function, or using pragmas
"../IOTTrans.c", line 50: remark #1534-D: (ULP 7.1) Detected use of global variable "wifi_rx_index" within one function "EUSCI_A0_ISR". Recommend placing variable in the function locally
Finished building: "../IOTTrans.c"
 
Building file: "../main.c"
Invoking: MSP430 Compiler
"D:/ccs/tools/compiler/ti-cgt-msp430_21.6.1.LTS/bin/cl430" -vmspx --use_hw_mpy=F5 --include_path="D:/ccs/ccs_base/msp430/include" --include_path="D:/ccs/Project 09/Project 09" --include_path="D:/ccs/tools/compiler/ti-cgt-msp430_21.6.1.LTS/include" --advice:power=all --advice:hw_config=all --define=__MSP430FR2355__ --define=_FRWP_ENABLE --define=_INFO_FRWP_ENABLE -g --printf_support=minimal --diag_warning=225 --diag_wrap=off --display_error_number --silicon_errata=CPU21 --silicon_errata=CPU22 --silicon_errata=CPU40 --preproc_with_compile --preproc_dependency="main.d_raw"  "../main.c"
"..\macros.h", line 148: warning #48-D: incompatible redefinition of macro "WAIT" (declared at line 17)
"..\macros.h", line 178: warning #48-D: incompatible redefinition of macro "PRESSED" (declared at line 124)
"..\macros.h", line 179: warning #48-D: incompatible redefinition of macro "RELEASED" (declared at line 125)
"..\macros.h", line 204: warning #48-D: incompatible redefinition of macro "TB0CCR0_INTERVAL" (declared at line 72)
"..\macros.h", line 205: warning #48-D: incompatible redefinition of macro "TB0CCR1_INTERVAL" (declared at line 73)
"..\macros.h", line 206: warning #48-D: incompatible redefinition of macro "TB0CCR2_INTERVAL" (declared at line 74)
"../main.c", line 94: warning #225-D: function "LCD_update" declared implicitly
Finished building: "../main.c"
 
gmake: Target 'all' not remade because of errors.

**** Build Finished ****

**** Build of configuration Debug for project Project 09 ****

"D:\\ccs\\utils\\bin\\gmake" -k -j 16 all -O 
 
Building file: "../command_parser.c"
Invoking: MSP430 Compiler
"D:/ccs/tools/compiler/ti-cgt-msp430_21.6.1.LTS/bin/cl430" -vmspx --use_hw_mpy=F5 --include_path="D:/ccs/ccs_base/msp430/include" --include_path="D:/ccs/Project 09/Project 09" --include_path="D:/ccs/tools/compiler/ti-cgt-msp430_21.6.1.LTS/include" --advice:power=all --advice:hw_config=all --define=__MSP430FR2355__ --define=_FRWP_ENABLE --define=_INFO_FRWP_ENABLE -g --printf_support=minimal --diag_warning=225 --diag_wrap=off --display_error_number --silicon_errata=CPU21 --silicon_errata=CPU22 --silicon_errata=CPU40 --preproc_with_compile --preproc_dependency="command_parser.d_raw"  "../command_parser.c"
 
>> Compilation failure
subdir_rules.mk:9: recipe for target 'command_parser.obj' failed
"..\macros.h", line 148: warning #48-D: incompatible redefinition of macro "WAIT" (declared at line 17)
"..\macros.h", line 178: warning #48-D: incompatible redefinition of macro "PRESSED" (declared at line 124)
"..\macros.h", line 179: warning #48-D: incompatible redefinition of macro "RELEASED" (declared at line 125)
"..\macros.h", line 204: warning #48-D: incompatible redefinition of macro "TB0CCR0_INTERVAL" (declared at line 72)
"..\macros.h", line 205: warning #48-D: incompatible redefinition of macro "TB0CCR1_INTERVAL" (declared at line 73)
"..\macros.h", line 206: warning #48-D: incompatible redefinition of macro "TB0CCR2_INTERVAL" (declared at line 74)
"../command_parser.c", line 59: error #141: too many arguments in function call
1 error detected in the compilation of "../command_parser.c".
gmake: *** [command_parser.obj] Error 1
Building file: "../movement.c"
Invoking: MSP430 Compiler
"D:/ccs/tools/compiler/ti-cgt-msp430_21.6.1.LTS/bin/cl430" -vmspx --use_hw_mpy=F5 --include_path="D:/ccs/ccs_base/msp430/include" --include_path="D:/ccs/Project 09/Project 09" --include_path="D:/ccs/tools/compiler/ti-cgt-msp430_21.6.1.LTS/include" --advice:power=all --advice:hw_config=all --define=__MSP430FR2355__ --define=_FRWP_ENABLE --define=_INFO_FRWP_ENABLE -g --printf_support=minimal --diag_warning=225 --diag_wrap=off --display_error_number --silicon_errata=CPU21 --silicon_errata=CPU22 --silicon_errata=CPU40 --preproc_with_compile --preproc_dependency="movement.d_raw"  "../movement.c"
 
>> Compilation failure
subdir_rules.mk:9: recipe for target 'movement.obj' failed
"..\macros.h", line 148: warning #48-D: incompatible redefinition of macro "WAIT" (declared at line 17)
"..\macros.h", line 178: warning #48-D: incompatible redefinition of macro "PRESSED" (declared at line 124)
"..\macros.h", line 179: warning #48-D: incompatible redefinition of macro "RELEASED" (declared at line 125)
"..\macros.h", line 204: warning #48-D: incompatible redefinition of macro "TB0CCR0_INTERVAL" (declared at line 72)
"..\macros.h", line 205: warning #48-D: incompatible redefinition of macro "TB0CCR1_INTERVAL" (declared at line 73)
"..\macros.h", line 206: warning #48-D: incompatible redefinition of macro "TB0CCR2_INTERVAL" (declared at line 74)
"../movement.c", line 19: warning #48-D: incompatible redefinition of macro "PWM_PERIOD" (declared at line 197 of "..\macros.h")
"../movement.c", line 47: remark #1530-D: (ULP 5.1) Detected modulo operation(s). Recommend moving them to RAM during run time or not using as these are processing/power intensive
"../movement.c", line 57: remark #1530-D: (ULP 5.1) Detected modulo operation(s). Recommend moving them to RAM during run time or not using as these are processing/power intensive
"../movement.c", line 125: warning #225-D: function "sprintf" declared implicitly
"../movement.c", line 126: error #141: too many arguments in function call
"../movement.c", line 125: remark #1532-D: (ULP 5.3) Detected sprintf() operation(s). Recommend moving them to RAM during run time or not using as these are processing/power intensive
1 error detected in the compilation of "../movement.c".
gmake: *** [movement.obj] Error 1
gmake: Target 'all' not remade because of errors.

**** Build Finished ****

**** Build of configuration Debug for project Project 09 ****

"D:\\ccs\\utils\\bin\\gmake" -k -j 16 all -O 
 
Building file: "../command_parser.c"
Invoking: MSP430 Compiler
"D:/ccs/tools/compiler/ti-cgt-msp430_21.6.1.LTS/bin/cl430" -vmspx --use_hw_mpy=F5 --include_path="D:/ccs/ccs_base/msp430/include" --include_path="D:/ccs/Project 09/Project 09" --include_path="D:/ccs/tools/compiler/ti-cgt-msp430_21.6.1.LTS/include" --advice:power=all --advice:hw_config=all --define=__MSP430FR2355__ --define=_FRWP_ENABLE --define=_INFO_FRWP_ENABLE -g --printf_support=minimal --diag_warning=225 --diag_wrap=off --display_error_number --silicon_errata=CPU21 --silicon_errata=CPU22 --silicon_errata=CPU40 --preproc_with_compile --preproc_dependency="command_parser.d_raw"  "../command_parser.c"
 
>> Compilation failure
subdir_rules.mk:9: recipe for target 'command_parser.obj' failed
"..\macros.h", line 148: warning #48-D: incompatible redefinition of macro "WAIT" (declared at line 17)
"..\macros.h", line 178: warning #48-D: incompatible redefinition of macro "PRESSED" (declared at line 124)
"..\macros.h", line 179: warning #48-D: incompatible redefinition of macro "RELEASED" (declared at line 125)
"..\macros.h", line 204: warning #48-D: incompatible redefinition of macro "TB0CCR0_INTERVAL" (declared at line 72)
"..\macros.h", line 205: warning #48-D: incompatible redefinition of macro "TB0CCR1_INTERVAL" (declared at line 73)
"..\macros.h", line 206: warning #48-D: incompatible redefinition of macro "TB0CCR2_INTERVAL" (declared at line 74)
"../command_parser.c", line 59: error #141: too many arguments in function call
1 error detected in the compilation of "../command_parser.c".
gmake: *** [command_parser.obj] Error 1
Building file: "../movement.c"
Invoking: MSP430 Compiler
"D:/ccs/tools/compiler/ti-cgt-msp430_21.6.1.LTS/bin/cl430" -vmspx --use_hw_mpy=F5 --include_path="D:/ccs/ccs_base/msp430/include" --include_path="D:/ccs/Project 09/Project 09" --include_path="D:/ccs/tools/compiler/ti-cgt-msp430_21.6.1.LTS/include" --advice:power=all --advice:hw_config=all --define=__MSP430FR2355__ --define=_FRWP_ENABLE --define=_INFO_FRWP_ENABLE -g --printf_support=minimal --diag_warning=225 --diag_wrap=off --display_error_number --silicon_errata=CPU21 --silicon_errata=CPU22 --silicon_errata=CPU40 --preproc_with_compile --preproc_dependency="movement.d_raw"  "../movement.c"
 
>> Compilation failure
subdir_rules.mk:9: recipe for target 'movement.obj' failed
"..\macros.h", line 148: warning #48-D: incompatible redefinition of macro "WAIT" (declared at line 17)
"..\macros.h", line 178: warning #48-D: incompatible redefinition of macro "PRESSED" (declared at line 124)
"..\macros.h", line 179: warning #48-D: incompatible redefinition of macro "RELEASED" (declared at line 125)
"..\macros.h", line 204: warning #48-D: incompatible redefinition of macro "TB0CCR0_INTERVAL" (declared at line 72)
"..\macros.h", line 205: warning #48-D: incompatible redefinition of macro "TB0CCR1_INTERVAL" (declared at line 73)
"..\macros.h", line 206: warning #48-D: incompatible redefinition of macro "TB0CCR2_INTERVAL" (declared at line 74)
"../movement.c", line 19: warning #48-D: incompatible redefinition of macro "PWM_PERIOD" (declared at line 197 of "..\macros.h")
"../movement.c", line 47: remark #1530-D: (ULP 5.1) Detected modulo operation(s). Recommend moving them to RAM during run time or not using as these are processing/power intensive
"../movement.c", line 57: remark #1530-D: (ULP 5.1) Detected modulo operation(s). Recommend moving them to RAM during run time or not using as these are processing/power intensive
"../movement.c", line 127: warning #225-D: function "sprintf" declared implicitly
"../movement.c", line 130: error #20: identifier "display_line" is undefined
"../movement.c", line 138: error #20: identifier "display_changed" is undefined
"../movement.c", line 139: error #20: identifier "update_display" is undefined
"../movement.c", line 127: remark #1532-D: (ULP 5.3) Detected sprintf() operation(s). Recommend moving them to RAM during run time or not using as these are processing/power intensive
3 errors detected in the compilation of "../movement.c".
gmake: *** [movement.obj] Error 1
gmake: Target 'all' not remade because of errors.

**** Build Finished ****

**** Build of configuration Debug for project Project 09 ****

"D:\\ccs\\utils\\bin\\gmake" -k -j 16 all -O 
 
Building file: "../command_parser.c"
Invoking: MSP430 Compiler
"D:/ccs/tools/compiler/ti-cgt-msp430_21.6.1.LTS/bin/cl430" -vmspx --use_hw_mpy=F5 --include_path="D:/ccs/ccs_base/msp430/include" --include_path="D:/ccs/Project 09/Project 09" --include_path="D:/ccs/tools/compiler/ti-cgt-msp430_21.6.1.LTS/include" --advice:power=all --advice:hw_config=all --define=__MSP430FR2355__ --define=_FRWP_ENABLE --define=_INFO_FRWP_ENABLE -g --printf_support=minimal --diag_warning=225 --diag_wrap=off --display_error_number --silicon_errata=CPU21 --silicon_errata=CPU22 --silicon_errata=CPU40 --preproc_with_compile --preproc_dependency="command_parser.d_raw"  "../command_parser.c"
 
>> Compilation failure
subdir_rules.mk:9: recipe for target 'command_parser.obj' failed
"..\macros.h", line 148: warning #48-D: incompatible redefinition of macro "WAIT" (declared at line 17)
"..\macros.h", line 178: warning #48-D: incompatible redefinition of macro "PRESSED" (declared at line 124)
"..\macros.h", line 179: warning #48-D: incompatible redefinition of macro "RELEASED" (declared at line 125)
"..\macros.h", line 204: warning #48-D: incompatible redefinition of macro "TB0CCR0_INTERVAL" (declared at line 72)
"..\macros.h", line 205: warning #48-D: incompatible redefinition of macro "TB0CCR1_INTERVAL" (declared at line 73)
"..\macros.h", line 206: warning #48-D: incompatible redefinition of macro "TB0CCR2_INTERVAL" (declared at line 74)
"../command_parser.c", line 59: error #141: too many arguments in function call
1 error detected in the compilation of "../command_parser.c".
gmake: *** [command_parser.obj] Error 1
Building file: "../movement.c"
Invoking: MSP430 Compiler
"D:/ccs/tools/compiler/ti-cgt-msp430_21.6.1.LTS/bin/cl430" -vmspx --use_hw_mpy=F5 --include_path="D:/ccs/ccs_base/msp430/include" --include_path="D:/ccs/Project 09/Project 09" --include_path="D:/ccs/tools/compiler/ti-cgt-msp430_21.6.1.LTS/include" --advice:power=all --advice:hw_config=all --define=__MSP430FR2355__ --define=_FRWP_ENABLE --define=_INFO_FRWP_ENABLE -g --printf_support=minimal --diag_warning=225 --diag_wrap=off --display_error_number --silicon_errata=CPU21 --silicon_errata=CPU22 --silicon_errata=CPU40 --preproc_with_compile --preproc_dependency="movement.d_raw"  "../movement.c"
 
>> Compilation failure
subdir_rules.mk:9: recipe for target 'movement.obj' failed
"..\macros.h", line 148: warning #48-D: incompatible redefinition of macro "WAIT" (declared at line 17)
"..\macros.h", line 178: warning #48-D: incompatible redefinition of macro "PRESSED" (declared at line 124)
"..\macros.h", line 179: warning #48-D: incompatible redefinition of macro "RELEASED" (declared at line 125)
"..\macros.h", line 204: warning #48-D: incompatible redefinition of macro "TB0CCR0_INTERVAL" (declared at line 72)
"..\macros.h", line 205: warning #48-D: incompatible redefinition of macro "TB0CCR1_INTERVAL" (declared at line 73)
"..\macros.h", line 206: warning #48-D: incompatible redefinition of macro "TB0CCR2_INTERVAL" (declared at line 74)
"../movement.c", line 19: warning #48-D: incompatible redefinition of macro "PWM_PERIOD" (declared at line 197 of "..\macros.h")
"../movement.c", line 47: remark #1530-D: (ULP 5.1) Detected modulo operation(s). Recommend moving them to RAM during run time or not using as these are processing/power intensive
"../movement.c", line 57: remark #1530-D: (ULP 5.1) Detected modulo operation(s). Recommend moving them to RAM during run time or not using as these are processing/power intensive
"../movement.c", line 127: warning #225-D: function "sprintf" declared implicitly
"../movement.c", line 130: error #20: identifier "display_line" is undefined
"../movement.c", line 138: error #20: identifier "display_changed" is undefined
"../movement.c", line 139: error #20: identifier "update_display" is undefined
"../movement.c", line 127: remark #1532-D: (ULP 5.3) Detected sprintf() operation(s). Recommend moving them to RAM during run time or not using as these are processing/power intensive
3 errors detected in the compilation of "../movement.c".
gmake: *** [movement.obj] Error 1
gmake: Target 'all' not remade because of errors.

**** Build Finished ****

**** Build of configuration Debug for project Project 09 ****

"D:\\ccs\\utils\\bin\\gmake" -k -j 16 all -O 
 
Building file: "../Display.c"
Invoking: MSP430 Compiler
"D:/ccs/tools/compiler/ti-cgt-msp430_21.6.1.LTS/bin/cl430" -vmspx --use_hw_mpy=F5 --include_path="D:/ccs/ccs_base/msp430/include" --include_path="D:/ccs/Project 09/Project 09" --include_path="D:/ccs/tools/compiler/ti-cgt-msp430_21.6.1.LTS/include" --advice:power=all --advice:hw_config=all --define=__MSP430FR2355__ --define=_FRWP_ENABLE --define=_INFO_FRWP_ENABLE -g --printf_support=minimal --diag_warning=225 --diag_wrap=off --display_error_number --silicon_errata=CPU21 --silicon_errata=CPU22 --silicon_errata=CPU40 --preproc_with_compile --preproc_dependency="Display.d_raw"  "../Display.c"
"..\macros.h", line 148: warning #48-D: incompatible redefinition of macro "WAIT" (declared at line 17)
"..\macros.h", line 178: warning #48-D: incompatible redefinition of macro "PRESSED" (declared at line 124)
"..\macros.h", line 179: warning #48-D: incompatible redefinition of macro "RELEASED" (declared at line 125)
"..\macros.h", line 204: warning #48-D: incompatible redefinition of macro "TB0CCR0_INTERVAL" (declared at line 72)
"..\macros.h", line 205: warning #48-D: incompatible redefinition of macro "TB0CCR1_INTERVAL" (declared at line 73)
"..\macros.h", line 206: warning #48-D: incompatible redefinition of macro "TB0CCR2_INTERVAL" (declared at line 74)
"..\macros.h", line 249: warning #48-D: incompatible redefinition of macro "PWM_PERIOD" (declared at line 197)
Finished building: "../Display.c"
 
Building file: "../command_parser.c"
Invoking: MSP430 Compiler
"D:/ccs/tools/compiler/ti-cgt-msp430_21.6.1.LTS/bin/cl430" -vmspx --use_hw_mpy=F5 --include_path="D:/ccs/ccs_base/msp430/include" --include_path="D:/ccs/Project 09/Project 09" --include_path="D:/ccs/tools/compiler/ti-cgt-msp430_21.6.1.LTS/include" --advice:power=all --advice:hw_config=all --define=__MSP430FR2355__ --define=_FRWP_ENABLE --define=_INFO_FRWP_ENABLE -g --printf_support=minimal --diag_warning=225 --diag_wrap=off --display_error_number --silicon_errata=CPU21 --silicon_errata=CPU22 --silicon_errata=CPU40 --preproc_with_compile --preproc_dependency="command_parser.d_raw"  "../command_parser.c"
 
>> Compilation failure
subdir_rules.mk:9: recipe for target 'command_parser.obj' failed
"..\macros.h", line 148: warning #48-D: incompatible redefinition of macro "WAIT" (declared at line 17)
"..\macros.h", line 178: warning #48-D: incompatible redefinition of macro "PRESSED" (declared at line 124)
"..\macros.h", line 179: warning #48-D: incompatible redefinition of macro "RELEASED" (declared at line 125)
"..\macros.h", line 204: warning #48-D: incompatible redefinition of macro "TB0CCR0_INTERVAL" (declared at line 72)
"..\macros.h", line 205: warning #48-D: incompatible redefinition of macro "TB0CCR1_INTERVAL" (declared at line 73)
"..\macros.h", line 206: warning #48-D: incompatible redefinition of macro "TB0CCR2_INTERVAL" (declared at line 74)
"..\macros.h", line 249: warning #48-D: incompatible redefinition of macro "PWM_PERIOD" (declared at line 197)
"../command_parser.c", line 59: error #141: too many arguments in function call
1 error detected in the compilation of "../command_parser.c".
gmake: *** [command_parser.obj] Error 1
Building file: "../IOTTrans.c"
Invoking: MSP430 Compiler
"D:/ccs/tools/compiler/ti-cgt-msp430_21.6.1.LTS/bin/cl430" -vmspx --use_hw_mpy=F5 --include_path="D:/ccs/ccs_base/msp430/include" --include_path="D:/ccs/Project 09/Project 09" --include_path="D:/ccs/tools/compiler/ti-cgt-msp430_21.6.1.LTS/include" --advice:power=all --advice:hw_config=all --define=__MSP430FR2355__ --define=_FRWP_ENABLE --define=_INFO_FRWP_ENABLE -g --printf_support=minimal --diag_warning=225 --diag_wrap=off --display_error_number --silicon_errata=CPU21 --silicon_errata=CPU22 --silicon_errata=CPU40 --preproc_with_compile --preproc_dependency="IOTTrans.d_raw"  "../IOTTrans.c"
"..\macros.h", line 148: warning #48-D: incompatible redefinition of macro "WAIT" (declared at line 17)
"..\macros.h", line 178: warning #48-D: incompatible redefinition of macro "PRESSED" (declared at line 124)
"..\macros.h", line 179: warning #48-D: incompatible redefinition of macro "RELEASED" (declared at line 125)
"..\macros.h", line 204: warning #48-D: incompatible redefinition of macro "TB0CCR0_INTERVAL" (declared at line 72)
"..\macros.h", line 205: warning #48-D: incompatible redefinition of macro "TB0CCR1_INTERVAL" (declared at line 73)
"..\macros.h", line 206: warning #48-D: incompatible redefinition of macro "TB0CCR2_INTERVAL" (declared at line 74)
"..\macros.h", line 249: warning #48-D: incompatible redefinition of macro "PWM_PERIOD" (declared at line 197)
"../IOTTrans.c", line 83: warning #174-D: external/internal linkage conflict with previous declaration
"../IOTTrans.c", line 84: remark #1528-D: (ULP 3.1) Detected flag polling using UCA1IFG. Recommend using an interrupt combined with enter LPMx and ISR
"../IOTTrans.c", line 88: warning #174-D: external/internal linkage conflict with previous declaration
"../IOTTrans.c", line 89: remark #1528-D: (ULP 3.1) Detected flag polling using UCA0IFG. Recommend using an interrupt combined with enter LPMx and ISR
"../IOTTrans.c", line 166: remark #1538-D: (ULP 10.1) ISR EUSCI_A0_ISR calls function process_wifi_message. Recommend moving function call away from ISR, or inlining the function, or using pragmas
"../IOTTrans.c", line 166: remark #1538-D: (ULP 10.1) ISR EUSCI_A0_ISR calls function process_wifi_message. Recommend moving function call away from ISR, or inlining the function, or using pragmas
"../IOTTrans.c", line 50: remark #1534-D: (ULP 7.1) Detected use of global variable "wifi_rx_index" within one function "EUSCI_A0_ISR". Recommend placing variable in the function locally
Finished building: "../IOTTrans.c"
 
Building file: "../adc.c"
Invoking: MSP430 Compiler
"D:/ccs/tools/compiler/ti-cgt-msp430_21.6.1.LTS/bin/cl430" -vmspx --use_hw_mpy=F5 --include_path="D:/ccs/ccs_base/msp430/include" --include_path="D:/ccs/Project 09/Project 09" --include_path="D:/ccs/tools/compiler/ti-cgt-msp430_21.6.1.LTS/include" --advice:power=all --advice:hw_config=all --define=__MSP430FR2355__ --define=_FRWP_ENABLE --define=_INFO_FRWP_ENABLE -g --printf_support=minimal --diag_warning=225 --diag_wrap=off --display_error_number --silicon_errata=CPU21 --silicon_errata=CPU22 --silicon_errata=CPU40 --preproc_with_compile --preproc_dependency="adc.d_raw"  "../adc.c"
"..\macros.h", line 148: warning #48-D: incompatible redefinition of macro "WAIT" (declared at line 17)
"..\macros.h", line 178: warning #48-D: incompatible redefinition of macro "PRESSED" (declared at line 124)
"..\macros.h", line 179: warning #48-D: incompatible redefinition of macro "RELEASED" (declared at line 125)
"..\macros.h", line 204: warning #48-D: incompatible redefinition of macro "TB0CCR0_INTERVAL" (declared at line 72)
"..\macros.h", line 205: warning #48-D: incompatible redefinition of macro "TB0CCR1_INTERVAL" (declared at line 73)
"..\macros.h", line 206: warning #48-D: incompatible redefinition of macro "TB0CCR2_INTERVAL" (declared at line 74)
"..\macros.h", line 249: warning #48-D: incompatible redefinition of macro "PWM_PERIOD" (declared at line 197)
Finished building: "../adc.c"
 
Building file: "../black_line.c"
Invoking: MSP430 Compiler
"D:/ccs/tools/compiler/ti-cgt-msp430_21.6.1.LTS/bin/cl430" -vmspx --use_hw_mpy=F5 --include_path="D:/ccs/ccs_base/msp430/include" --include_path="D:/ccs/Project 09/Project 09" --include_path="D:/ccs/tools/compiler/ti-cgt-msp430_21.6.1.LTS/include" --advice:power=all --advice:hw_config=all --define=__MSP430FR2355__ --define=_FRWP_ENABLE --define=_INFO_FRWP_ENABLE -g --printf_support=minimal --diag_warning=225 --diag_wrap=off --display_error_number --silicon_errata=CPU21 --silicon_errata=CPU22 --silicon_errata=CPU40 --preproc_with_compile --preproc_dependency="black_line.d_raw"  "../black_line.c"
"..\macros.h", line 148: warning #48-D: incompatible redefinition of macro "WAIT" (declared at line 17)
"..\macros.h", line 178: warning #48-D: incompatible redefinition of macro "PRESSED" (declared at line 124)
"..\macros.h", line 179: warning #48-D: incompatible redefinition of macro "RELEASED" (declared at line 125)
"..\macros.h", line 204: warning #48-D: incompatible redefinition of macro "TB0CCR0_INTERVAL" (declared at line 72)
"..\macros.h", line 205: warning #48-D: incompatible redefinition of macro "TB0CCR1_INTERVAL" (declared at line 73)
"..\macros.h", line 206: warning #48-D: incompatible redefinition of macro "TB0CCR2_INTERVAL" (declared at line 74)
"..\macros.h", line 249: warning #48-D: incompatible redefinition of macro "PWM_PERIOD" (declared at line 197)
"../black_line.c", line 30: warning #225-D: function "search_line" declared implicitly
"../black_line.c", line 31: warning #225-D: function "stop_on_line" declared implicitly
"../black_line.c", line 32: warning #225-D: function "reverse_to_line" declared implicitly
"../black_line.c", line 34: warning #225-D: function "stopall" declared implicitly
"../black_line.c", line 35: warning #225-D: function "strcpy" declared implicitly
"../black_line.c", line 40: warning #225-D: function "adc_line" declared implicitly
"../black_line.c", line 46: warning #161-D: declaration is incompatible with previous "search_line" (declared at line 30)
"../black_line.c", line 47: warning #225-D: function "strcpy" declared implicitly
"../black_line.c", line 54: warning #225-D: function "stopall" declared implicitly
"../black_line.c", line 56: warning #225-D: function "moveforward" declared implicitly
"../black_line.c", line 60: warning #225-D: function "moveforward" declared implicitly
"../black_line.c", line 75: warning #161-D: declaration is incompatible with previous "stop_on_line" (declared at line 31)
"../black_line.c", line 76: warning #225-D: function "stopall" declared implicitly
"../black_line.c", line 77: warning #225-D: function "strcpy" declared implicitly
"../black_line.c", line 92: warning #161-D: declaration is incompatible with previous "reverse_to_line" (declared at line 32)
"../black_line.c", line 93: warning #225-D: function "strcpy" declared implicitly
"../black_line.c", line 100: warning #225-D: function "spin_clockwise" declared implicitly
"../black_line.c", line 115: remark #1544-D: (ULP 13.1) Detected loop counting up. Recommend loops count down as detecting zeros is easier
"../black_line.c", line 116: remark #2553-D: (ULP 14.1) Array index (involving "i") of type "int". Recommend using "unsigned int"
"../black_line.c", line 138: warning #161-D: declaration is incompatible with previous "adc_line" (declared at line 40)
"../black_line.c", line 142: remark #1544-D: (ULP 13.1) Detected loop counting up. Recommend loops count down as detecting zeros is easier
"../black_line.c", line 143: remark #1545-D: (ULP 14.1) Array index of type "int". Recommend using "unsigned int"
"../black_line.c", line 143: remark #2553-D: (ULP 14.1) Array index (involving "i") of type "int". Recommend using "unsigned int"
"../black_line.c", line 173: warning #225-D: function "strcpy" declared implicitly
"../black_line.c", line 179: warning #225-D: function "strcpy" declared implicitly
"../black_line.c", line 157: remark #1544-D: (ULP 13.1) Detected loop counting up. Recommend loops count down as detecting zeros is easier
"../black_line.c", line 158: remark #2553-D: (ULP 14.1) Array index (involving "j") of type "int". Recommend using "unsigned int"
"../black_line.c", line 158: remark #2553-D: (ULP 14.1) Array index (involving "j") of type "int". Recommend using "unsigned int"
"../black_line.c", line 165: remark #1544-D: (ULP 13.1) Detected loop counting up. Recommend loops count down as detecting zeros is easier
"../black_line.c", line 166: remark #2553-D: (ULP 14.1) Array index (involving "j") of type "int". Recommend using "unsigned int"
"../black_line.c", line 166: remark #2553-D: (ULP 14.1) Array index (involving "j") of type "int". Recommend using "unsigned int"
"../black_line.c", line 157: remark #1544-D: (ULP 13.1) Detected loop counting up. Recommend loops count down as detecting zeros is easier
"../black_line.c", line 158: remark #2553-D: (ULP 14.1) Array index (involving "j") of type "int". Recommend using "unsigned int"
"../black_line.c", line 158: remark #2553-D: (ULP 14.1) Array index (involving "j") of type "int". Recommend using "unsigned int"
"../black_line.c", line 165: remark #1544-D: (ULP 13.1) Detected loop counting up. Recommend loops count down as detecting zeros is easier
"../black_line.c", line 166: remark #2553-D: (ULP 14.1) Array index (involving "j") of type "int". Recommend using "unsigned int"
"../black_line.c", line 166: remark #2553-D: (ULP 14.1) Array index (involving "j") of type "int". Recommend using "unsigned int"
Finished building: "../black_line.c"
 
Building file: "../clocks.c"
Invoking: MSP430 Compiler
"D:/ccs/tools/compiler/ti-cgt-msp430_21.6.1.LTS/bin/cl430" -vmspx --use_hw_mpy=F5 --include_path="D:/ccs/ccs_base/msp430/include" --include_path="D:/ccs/Project 09/Project 09" --include_path="D:/ccs/tools/compiler/ti-cgt-msp430_21.6.1.LTS/include" --advice:power=all --advice:hw_config=all --define=__MSP430FR2355__ --define=_FRWP_ENABLE --define=_INFO_FRWP_ENABLE -g --printf_support=minimal --diag_warning=225 --diag_wrap=off --display_error_number --silicon_errata=CPU21 --silicon_errata=CPU22 --silicon_errata=CPU40 --preproc_with_compile --preproc_dependency="clocks.d_raw"  "../clocks.c"
"..\macros.h", line 148: warning #48-D: incompatible redefinition of macro "WAIT" (declared at line 17)
"..\macros.h", line 178: warning #48-D: incompatible redefinition of macro "PRESSED" (declared at line 124)
"..\macros.h", line 179: warning #48-D: incompatible redefinition of macro "RELEASED" (declared at line 125)
"..\macros.h", line 204: warning #48-D: incompatible redefinition of macro "TB0CCR0_INTERVAL" (declared at line 72)
"..\macros.h", line 205: warning #48-D: incompatible redefinition of macro "TB0CCR1_INTERVAL" (declared at line 73)
"..\macros.h", line 206: warning #48-D: incompatible redefinition of macro "TB0CCR2_INTERVAL" (declared at line 74)
"..\macros.h", line 249: warning #48-D: incompatible redefinition of macro "PWM_PERIOD" (declared at line 197)
"../clocks.c", line 86: remark #1527-D: (ULP 2.1) Detected SW delay loop using __delay_cycles. Recommend using a timer module instead
"../clocks.c", line 87: remark #1527-D: (ULP 2.1) Detected SW delay loop using empty loop. Recommend using a timer module instead
"../clocks.c", line 120: remark #1527-D: (ULP 2.1) Detected SW delay loop using empty loop. Recommend using a timer module instead
Finished building: "../clocks.c"
 
Building file: "../init.c"
Invoking: MSP430 Compiler
"D:/ccs/tools/compiler/ti-cgt-msp430_21.6.1.LTS/bin/cl430" -vmspx --use_hw_mpy=F5 --include_path="D:/ccs/ccs_base/msp430/include" --include_path="D:/ccs/Project 09/Project 09" --include_path="D:/ccs/tools/compiler/ti-cgt-msp430_21.6.1.LTS/include" --advice:power=all --advice:hw_config=all --define=__MSP430FR2355__ --define=_FRWP_ENABLE --define=_INFO_FRWP_ENABLE -g --printf_support=minimal --diag_warning=225 --diag_wrap=off --display_error_number --silicon_errata=CPU21 --silicon_errata=CPU22 --silicon_errata=CPU40 --preproc_with_compile --preproc_dependency="init.d_raw"  "../init.c"
"..\macros.h", line 148: warning #48-D: incompatible redefinition of macro "WAIT" (declared at line 17)
"..\macros.h", line 178: warning #48-D: incompatible redefinition of macro "PRESSED" (declared at line 124)
"..\macros.h", line 179: warning #48-D: incompatible redefinition of macro "RELEASED" (declared at line 125)
"..\macros.h", line 204: warning #48-D: incompatible redefinition of macro "TB0CCR0_INTERVAL" (declared at line 72)
"..\macros.h", line 205: warning #48-D: incompatible redefinition of macro "TB0CCR1_INTERVAL" (declared at line 73)
"..\macros.h", line 206: warning #48-D: incompatible redefinition of macro "TB0CCR2_INTERVAL" (declared at line 74)
"..\macros.h", line 249: warning #48-D: incompatible redefinition of macro "PWM_PERIOD" (declared at line 197)
"../init.c", line 26: remark #1544-D: (ULP 13.1) Detected loop counting up. Recommend loops count down as detecting zeros is easier
"../init.c", line 27: remark #2553-D: (ULP 14.1) Array index (involving "i") of type "int". Recommend using "unsigned int"
"../init.c", line 28: remark #2553-D: (ULP 14.1) Array index (involving "i") of type "int". Recommend using "unsigned int"
"../init.c", line 29: remark #2553-D: (ULP 14.1) Array index (involving "i") of type "int". Recommend using "unsigned int"
"../init.c", line 30: remark #2553-D: (ULP 14.1) Array index (involving "i") of type "int". Recommend using "unsigned int"
Finished building: "../init.c"
 
Building file: "../led.c"
Invoking: MSP430 Compiler
"D:/ccs/tools/compiler/ti-cgt-msp430_21.6.1.LTS/bin/cl430" -vmspx --use_hw_mpy=F5 --include_path="D:/ccs/ccs_base/msp430/include" --include_path="D:/ccs/Project 09/Project 09" --include_path="D:/ccs/tools/compiler/ti-cgt-msp430_21.6.1.LTS/include" --advice:power=all --advice:hw_config=all --define=__MSP430FR2355__ --define=_FRWP_ENABLE --define=_INFO_FRWP_ENABLE -g --printf_support=minimal --diag_warning=225 --diag_wrap=off --display_error_number --silicon_errata=CPU21 --silicon_errata=CPU22 --silicon_errata=CPU40 --preproc_with_compile --preproc_dependency="led.d_raw"  "../led.c"
"..\macros.h", line 148: warning #48-D: incompatible redefinition of macro "WAIT" (declared at line 17)
"..\macros.h", line 178: warning #48-D: incompatible redefinition of macro "PRESSED" (declared at line 124)
"..\macros.h", line 179: warning #48-D: incompatible redefinition of macro "RELEASED" (declared at line 125)
"..\macros.h", line 204: warning #48-D: incompatible redefinition of macro "TB0CCR0_INTERVAL" (declared at line 72)
"..\macros.h", line 205: warning #48-D: incompatible redefinition of macro "TB0CCR1_INTERVAL" (declared at line 73)
"..\macros.h", line 206: warning #48-D: incompatible redefinition of macro "TB0CCR2_INTERVAL" (declared at line 74)
"..\macros.h", line 249: warning #48-D: incompatible redefinition of macro "PWM_PERIOD" (declared at line 197)
Finished building: "../led.c"
 
Building file: "../main.c"
Invoking: MSP430 Compiler
"D:/ccs/tools/compiler/ti-cgt-msp430_21.6.1.LTS/bin/cl430" -vmspx --use_hw_mpy=F5 --include_path="D:/ccs/ccs_base/msp430/include" --include_path="D:/ccs/Project 09/Project 09" --include_path="D:/ccs/tools/compiler/ti-cgt-msp430_21.6.1.LTS/include" --advice:power=all --advice:hw_config=all --define=__MSP430FR2355__ --define=_FRWP_ENABLE --define=_INFO_FRWP_ENABLE -g --printf_support=minimal --diag_warning=225 --diag_wrap=off --display_error_number --silicon_errata=CPU21 --silicon_errata=CPU22 --silicon_errata=CPU40 --preproc_with_compile --preproc_dependency="main.d_raw"  "../main.c"
"..\macros.h", line 148: warning #48-D: incompatible redefinition of macro "WAIT" (declared at line 17)
"..\macros.h", line 178: warning #48-D: incompatible redefinition of macro "PRESSED" (declared at line 124)
"..\macros.h", line 179: warning #48-D: incompatible redefinition of macro "RELEASED" (declared at line 125)
"..\macros.h", line 204: warning #48-D: incompatible redefinition of macro "TB0CCR0_INTERVAL" (declared at line 72)
"..\macros.h", line 205: warning #48-D: incompatible redefinition of macro "TB0CCR1_INTERVAL" (declared at line 73)
"..\macros.h", line 206: warning #48-D: incompatible redefinition of macro "TB0CCR2_INTERVAL" (declared at line 74)
"..\macros.h", line 249: warning #48-D: incompatible redefinition of macro "PWM_PERIOD" (declared at line 197)
"../main.c", line 94: warning #225-D: function "LCD_update" declared implicitly
Finished building: "../main.c"
 
Building file: "../movement.c"
Invoking: MSP430 Compiler
"D:/ccs/tools/compiler/ti-cgt-msp430_21.6.1.LTS/bin/cl430" -vmspx --use_hw_mpy=F5 --include_path="D:/ccs/ccs_base/msp430/include" --include_path="D:/ccs/Project 09/Project 09" --include_path="D:/ccs/tools/compiler/ti-cgt-msp430_21.6.1.LTS/include" --advice:power=all --advice:hw_config=all --define=__MSP430FR2355__ --define=_FRWP_ENABLE --define=_INFO_FRWP_ENABLE -g --printf_support=minimal --diag_warning=225 --diag_wrap=off --display_error_number --silicon_errata=CPU21 --silicon_errata=CPU22 --silicon_errata=CPU40 --preproc_with_compile --preproc_dependency="movement.d_raw"  "../movement.c"
"..\macros.h", line 148: warning #48-D: incompatible redefinition of macro "WAIT" (declared at line 17)
"..\macros.h", line 178: warning #48-D: incompatible redefinition of macro "PRESSED" (declared at line 124)
"..\macros.h", line 179: warning #48-D: incompatible redefinition of macro "RELEASED" (declared at line 125)
"..\macros.h", line 204: warning #48-D: incompatible redefinition of macro "TB0CCR0_INTERVAL" (declared at line 72)
"..\macros.h", line 205: warning #48-D: incompatible redefinition of macro "TB0CCR1_INTERVAL" (declared at line 73)
"..\macros.h", line 206: warning #48-D: incompatible redefinition of macro "TB0CCR2_INTERVAL" (declared at line 74)
"..\macros.h", line 249: warning #48-D: incompatible redefinition of macro "PWM_PERIOD" (declared at line 197)
"../movement.c", line 38: remark #1530-D: (ULP 5.1) Detected modulo operation(s). Recommend moving them to RAM during run time or not using as these are processing/power intensive
"../movement.c", line 48: remark #1530-D: (ULP 5.1) Detected modulo operation(s). Recommend moving them to RAM during run time or not using as these are processing/power intensive
"../movement.c", line 118: warning #225-D: function "sprintf" declared implicitly
"../movement.c", line 118: remark #1532-D: (ULP 5.3) Detected sprintf() operation(s). Recommend moving them to RAM during run time or not using as these are processing/power intensive
Finished building: "../movement.c"
 
Building file: "../ports.c"
Invoking: MSP430 Compiler
"D:/ccs/tools/compiler/ti-cgt-msp430_21.6.1.LTS/bin/cl430" -vmspx --use_hw_mpy=F5 --include_path="D:/ccs/ccs_base/msp430/include" --include_path="D:/ccs/Project 09/Project 09" --include_path="D:/ccs/tools/compiler/ti-cgt-msp430_21.6.1.LTS/include" --advice:power=all --advice:hw_config=all --define=__MSP430FR2355__ --define=_FRWP_ENABLE --define=_INFO_FRWP_ENABLE -g --printf_support=minimal --diag_warning=225 --diag_wrap=off --display_error_number --silicon_errata=CPU21 --silicon_errata=CPU22 --silicon_errata=CPU40 --preproc_with_compile --preproc_dependency="ports.d_raw"  "../ports.c"
"..\macros.h", line 148: warning #48-D: incompatible redefinition of macro "WAIT" (declared at line 17)
"..\macros.h", line 178: warning #48-D: incompatible redefinition of macro "PRESSED" (declared at line 124)
"..\macros.h", line 179: warning #48-D: incompatible redefinition of macro "RELEASED" (declared at line 125)
"..\macros.h", line 204: warning #48-D: incompatible redefinition of macro "TB0CCR0_INTERVAL" (declared at line 72)
"..\macros.h", line 205: warning #48-D: incompatible redefinition of macro "TB0CCR1_INTERVAL" (declared at line 73)
"..\macros.h", line 206: warning #48-D: incompatible redefinition of macro "TB0CCR2_INTERVAL" (declared at line 74)
"..\macros.h", line 249: warning #48-D: incompatible redefinition of macro "PWM_PERIOD" (declared at line 197)
"../ports.c", line 21: warning #225-D: function "Init_Port_1" declared implicitly
"../ports.c", line 22: warning #225-D: function "Init_Port_2" declared implicitly
"../ports.c", line 23: warning #225-D: function "Init_Port_3" declared implicitly
"../ports.c", line 24: warning #225-D: function "Init_Port_4" declared implicitly
"../ports.c", line 25: warning #225-D: function "Init_Port_5" declared implicitly
"../ports.c", line 26: warning #225-D: function "Init_Port_6" declared implicitly
"../ports.c", line 32: warning #161-D: declaration is incompatible with previous "Init_Port_1" (declared at line 21)
"../ports.c", line 91: warning #161-D: declaration is incompatible with previous "Init_Port_2" (declared at line 22)
"../ports.c", line 147: warning #161-D: declaration is incompatible with previous "Init_Port_3" (declared at line 23)
"../ports.c", line 206: warning #161-D: declaration is incompatible with previous "Init_Port_4" (declared at line 24)
"../ports.c", line 256: warning #161-D: declaration is incompatible with previous "Init_Port_5" (declared at line 25)
"../ports.c", line 295: warning #161-D: declaration is incompatible with previous "Init_Port_6" (declared at line 26)
Finished building: "../ports.c"
 
Building file: "../serial.c"
Invoking: MSP430 Compiler
"D:/ccs/tools/compiler/ti-cgt-msp430_21.6.1.LTS/bin/cl430" -vmspx --use_hw_mpy=F5 --include_path="D:/ccs/ccs_base/msp430/include" --include_path="D:/ccs/Project 09/Project 09" --include_path="D:/ccs/tools/compiler/ti-cgt-msp430_21.6.1.LTS/include" --advice:power=all --advice:hw_config=all --define=__MSP430FR2355__ --define=_FRWP_ENABLE --define=_INFO_FRWP_ENABLE -g --printf_support=minimal --diag_warning=225 --diag_wrap=off --display_error_number --silicon_errata=CPU21 --silicon_errata=CPU22 --silicon_errata=CPU40 --preproc_with_compile --preproc_dependency="serial.d_raw"  "../serial.c"
Finished building: "../serial.c"
 
Building file: "../states.c"
Invoking: MSP430 Compiler
"D:/ccs/tools/compiler/ti-cgt-msp430_21.6.1.LTS/bin/cl430" -vmspx --use_hw_mpy=F5 --include_path="D:/ccs/ccs_base/msp430/include" --include_path="D:/ccs/Project 09/Project 09" --include_path="D:/ccs/tools/compiler/ti-cgt-msp430_21.6.1.LTS/include" --advice:power=all --advice:hw_config=all --define=__MSP430FR2355__ --define=_FRWP_ENABLE --define=_INFO_FRWP_ENABLE -g --printf_support=minimal --diag_warning=225 --diag_wrap=off --display_error_number --silicon_errata=CPU21 --silicon_errata=CPU22 --silicon_errata=CPU40 --preproc_with_compile --preproc_dependency="states.d_raw"  "../states.c"
"..\macros.h", line 148: warning #48-D: incompatible redefinition of macro "WAIT" (declared at line 17)
"..\macros.h", line 178: warning #48-D: incompatible redefinition of macro "PRESSED" (declared at line 124)
"..\macros.h", line 179: warning #48-D: incompatible redefinition of macro "RELEASED" (declared at line 125)
"..\macros.h", line 204: warning #48-D: incompatible redefinition of macro "TB0CCR0_INTERVAL" (declared at line 72)
"..\macros.h", line 205: warning #48-D: incompatible redefinition of macro "TB0CCR1_INTERVAL" (declared at line 73)
"..\macros.h", line 206: warning #48-D: incompatible redefinition of macro "TB0CCR2_INTERVAL" (declared at line 74)
"..\macros.h", line 249: warning #48-D: incompatible redefinition of macro "PWM_PERIOD" (declared at line 197)
"../states.c", line 35: warning #225-D: function "wait_case" declared implicitly
"../states.c", line 38: warning #225-D: function "start_case" declared implicitly
"../states.c", line 41: warning #225-D: function "run_case" declared implicitly
"../states.c", line 44: warning #225-D: function "end_case" declared implicitly
"../states.c", line 50: warning #161-D: declaration is incompatible with previous "start_case" (declared at line 38)
"../states.c", line 54: warning #225-D: function "moveforward" declared implicitly
"../states.c", line 59: warning #161-D: declaration is incompatible with previous "run_case" (declared at line 41)
"../states.c", line 74: warning #225-D: function "moveforward" declared implicitly
"../states.c", line 85: warning #225-D: function "wait_case" declared implicitly
"../states.c", line 86: warning #225-D: function "start_case_circle" declared implicitly
"../states.c", line 87: warning #225-D: function "run_case_circle" declared implicitly
"../states.c", line 88: warning #225-D: function "end_case" declared implicitly
"../states.c", line 93: warning #161-D: declaration is incompatible with previous "wait_case" (declared at line 35)
"../states.c", line 103: warning #161-D: declaration is incompatible with previous "start_case_circle" (declared at line 86)
"../states.c", line 107: warning #225-D: function "moveforward" declared implicitly
"../states.c", line 112: warning #161-D: declaration is incompatible with previous "run_case_circle" (declared at line 87)
"../states.c", line 133: warning #225-D: function "moveforward" declared implicitly
"../states.c", line 141: warning #161-D: declaration is incompatible with previous "end_case" (declared at line 44)
"../states.c", line 142: warning #225-D: function "stopall" declared implicitly
"../states.c", line 151: warning #225-D: function "start_case_triangle" declared implicitly
"../states.c", line 152: warning #225-D: function "run_case_triangle" declared implicitly
"../states.c", line 158: warning #161-D: declaration is incompatible with previous "start_case_triangle" (declared at line 151)
"../states.c", line 162: warning #225-D: function "moveforward" declared implicitly
"../states.c", line 169: warning #161-D: declaration is incompatible with previous "run_case_triangle" (declared at line 152)
"../states.c", line 192: warning #225-D: function "moveforward" declared implicitly
"../states.c", line 203: warning #188-D: pointless comparison of unsigned integer with zero
"../states.c", line 217: warning #225-D: function "moveforward" declared implicitly
"../states.c", line 238: warning #225-D: function "start_case_figure8" declared implicitly
"../states.c", line 239: warning #225-D: function "run_case_figure8" declared implicitly
"../states.c", line 246: warning #161-D: declaration is incompatible with previous "start_case_figure8" (declared at line 238)
"../states.c", line 250: warning #225-D: function "moveforward" declared implicitly
"../states.c", line 258: warning #161-D: declaration is incompatible with previous "run_case_figure8" (declared at line 239)
"../states.c", line 289: warning #225-D: function "moveforward" declared implicitly
"../states.c", line 300: warning #225-D: function "moveforward" declared implicitly
"../states.c", line 24: remark #1535-D: (ULP 8.1) variable "event" is used as a constant. Recommend declaring variable as either 'static const' or 'const'
Finished building: "../states.c"
 
Building file: "../switches.c"
Invoking: MSP430 Compiler
"D:/ccs/tools/compiler/ti-cgt-msp430_21.6.1.LTS/bin/cl430" -vmspx --use_hw_mpy=F5 --include_path="D:/ccs/ccs_base/msp430/include" --include_path="D:/ccs/Project 09/Project 09" --include_path="D:/ccs/tools/compiler/ti-cgt-msp430_21.6.1.LTS/include" --advice:power=all --advice:hw_config=all --define=__MSP430FR2355__ --define=_FRWP_ENABLE --define=_INFO_FRWP_ENABLE -g --printf_support=minimal --diag_warning=225 --diag_wrap=off --display_error_number --silicon_errata=CPU21 --silicon_errata=CPU22 --silicon_errata=CPU40 --preproc_with_compile --preproc_dependency="switches.d_raw"  "../switches.c"
"..\macros.h", line 148: warning #48-D: incompatible redefinition of macro "WAIT" (declared at line 17)
"..\macros.h", line 178: warning #48-D: incompatible redefinition of macro "PRESSED" (declared at line 124)
"..\macros.h", line 179: warning #48-D: incompatible redefinition of macro "RELEASED" (declared at line 125)
"..\macros.h", line 204: warning #48-D: incompatible redefinition of macro "TB0CCR0_INTERVAL" (declared at line 72)
"..\macros.h", line 205: warning #48-D: incompatible redefinition of macro "TB0CCR1_INTERVAL" (declared at line 73)
"..\macros.h", line 206: warning #48-D: incompatible redefinition of macro "TB0CCR2_INTERVAL" (declared at line 74)
"..\macros.h", line 249: warning #48-D: incompatible redefinition of macro "PWM_PERIOD" (declared at line 197)
"../switches.c", line 16: remark #1527-D: (ULP 2.1) Detected SW delay loop using __delay_cycles. Recommend using a timer module instead
"../switches.c", line 19: remark #1527-D: (ULP 2.1) Detected SW delay loop using empty loop. Recommend using a timer module instead
"../switches.c", line 25: remark #1527-D: (ULP 2.1) Detected SW delay loop using __delay_cycles. Recommend using a timer module instead
"../switches.c", line 28: remark #1527-D: (ULP 2.1) Detected SW delay loop using empty loop. Recommend using a timer module instead
Finished building: "../switches.c"
 
Building file: "../system.c"
Invoking: MSP430 Compiler
"D:/ccs/tools/compiler/ti-cgt-msp430_21.6.1.LTS/bin/cl430" -vmspx --use_hw_mpy=F5 --include_path="D:/ccs/ccs_base/msp430/include" --include_path="D:/ccs/Project 09/Project 09" --include_path="D:/ccs/tools/compiler/ti-cgt-msp430_21.6.1.LTS/include" --advice:power=all --advice:hw_config=all --define=__MSP430FR2355__ --define=_FRWP_ENABLE --define=_INFO_FRWP_ENABLE -g --printf_support=minimal --diag_warning=225 --diag_wrap=off --display_error_number --silicon_errata=CPU21 --silicon_errata=CPU22 --silicon_errata=CPU40 --preproc_with_compile --preproc_dependency="system.d_raw"  "../system.c"
"..\macros.h", line 148: warning #48-D: incompatible redefinition of macro "WAIT" (declared at line 17)
"..\macros.h", line 178: warning #48-D: incompatible redefinition of macro "PRESSED" (declared at line 124)
"..\macros.h", line 179: warning #48-D: incompatible redefinition of macro "RELEASED" (declared at line 125)
"..\macros.h", line 204: warning #48-D: incompatible redefinition of macro "TB0CCR0_INTERVAL" (declared at line 72)
"..\macros.h", line 205: warning #48-D: incompatible redefinition of macro "TB0CCR1_INTERVAL" (declared at line 73)
"..\macros.h", line 206: warning #48-D: incompatible redefinition of macro "TB0CCR2_INTERVAL" (declared at line 74)
"..\macros.h", line 249: warning #48-D: incompatible redefinition of macro "PWM_PERIOD" (declared at line 197)
Finished building: "../system.c"
 
Building file: "../timers.c"
Invoking: MSP430 Compiler
"D:/ccs/tools/compiler/ti-cgt-msp430_21.6.1.LTS/bin/cl430" -vmspx --use_hw_mpy=F5 --include_path="D:/ccs/ccs_base/msp430/include" --include_path="D:/ccs/Project 09/Project 09" --include_path="D:/ccs/tools/compiler/ti-cgt-msp430_21.6.1.LTS/include" --advice:power=all --advice:hw_config=all --define=__MSP430FR2355__ --define=_FRWP_ENABLE --define=_INFO_FRWP_ENABLE -g --printf_support=minimal --diag_warning=225 --diag_wrap=off --display_error_number --silicon_errata=CPU21 --silicon_errata=CPU22 --silicon_errata=CPU40 --preproc_with_compile --preproc_dependency="timers.d_raw"  "../timers.c"
"..\macros.h", line 148: warning #48-D: incompatible redefinition of macro "WAIT" (declared at line 17)
"..\macros.h", line 178: warning #48-D: incompatible redefinition of macro "PRESSED" (declared at line 124)
"..\macros.h", line 179: warning #48-D: incompatible redefinition of macro "RELEASED" (declared at line 125)
"..\macros.h", line 204: warning #48-D: incompatible redefinition of macro "TB0CCR0_INTERVAL" (declared at line 72)
"..\macros.h", line 205: warning #48-D: incompatible redefinition of macro "TB0CCR1_INTERVAL" (declared at line 73)
"..\macros.h", line 206: warning #48-D: incompatible redefinition of macro "TB0CCR2_INTERVAL" (declared at line 74)
"..\macros.h", line 249: warning #48-D: incompatible redefinition of macro "PWM_PERIOD" (declared at line 197)
Finished building: "../timers.c"
 
Building file: "../wheels.c"
Invoking: MSP430 Compiler
"D:/ccs/tools/compiler/ti-cgt-msp430_21.6.1.LTS/bin/cl430" -vmspx --use_hw_mpy=F5 --include_path="D:/ccs/ccs_base/msp430/include" --include_path="D:/ccs/Project 09/Project 09" --include_path="D:/ccs/tools/compiler/ti-cgt-msp430_21.6.1.LTS/include" --advice:power=all --advice:hw_config=all --define=__MSP430FR2355__ --define=_FRWP_ENABLE --define=_INFO_FRWP_ENABLE -g --printf_support=minimal --diag_warning=225 --diag_wrap=off --display_error_number --silicon_errata=CPU21 --silicon_errata=CPU22 --silicon_errata=CPU40 --preproc_with_compile --preproc_dependency="wheels.d_raw"  "../wheels.c"
"..\macros.h", line 148: warning #48-D: incompatible redefinition of macro "WAIT" (declared at line 17)
"..\macros.h", line 178: warning #48-D: incompatible redefinition of macro "PRESSED" (declared at line 124)
"..\macros.h", line 179: warning #48-D: incompatible redefinition of macro "RELEASED" (declared at line 125)
"..\macros.h", line 204: warning #48-D: incompatible redefinition of macro "TB0CCR0_INTERVAL" (declared at line 72)
"..\macros.h", line 205: warning #48-D: incompatible redefinition of macro "TB0CCR1_INTERVAL" (declared at line 73)
"..\macros.h", line 206: warning #48-D: incompatible redefinition of macro "TB0CCR2_INTERVAL" (declared at line 74)
"..\macros.h", line 249: warning #48-D: incompatible redefinition of macro "PWM_PERIOD" (declared at line 197)
Finished building: "../wheels.c"
 
Building file: "../timers_move.c"
Invoking: MSP430 Compiler
"D:/ccs/tools/compiler/ti-cgt-msp430_21.6.1.LTS/bin/cl430" -vmspx --use_hw_mpy=F5 --include_path="D:/ccs/ccs_base/msp430/include" --include_path="D:/ccs/Project 09/Project 09" --include_path="D:/ccs/tools/compiler/ti-cgt-msp430_21.6.1.LTS/include" --advice:power=all --advice:hw_config=all --define=__MSP430FR2355__ --define=_FRWP_ENABLE --define=_INFO_FRWP_ENABLE -g --printf_support=minimal --diag_warning=225 --diag_wrap=off --display_error_number --silicon_errata=CPU21 --silicon_errata=CPU22 --silicon_errata=CPU40 --preproc_with_compile --preproc_dependency="timers_move.d_raw"  "../timers_move.c"
"..\macros.h", line 148: warning #48-D: incompatible redefinition of macro "WAIT" (declared at line 17)
"..\macros.h", line 178: warning #48-D: incompatible redefinition of macro "PRESSED" (declared at line 124)
"..\macros.h", line 179: warning #48-D: incompatible redefinition of macro "RELEASED" (declared at line 125)
"..\macros.h", line 204: warning #48-D: incompatible redefinition of macro "TB0CCR0_INTERVAL" (declared at line 72)
"..\macros.h", line 205: warning #48-D: incompatible redefinition of macro "TB0CCR1_INTERVAL" (declared at line 73)
"..\macros.h", line 206: warning #48-D: incompatible redefinition of macro "TB0CCR2_INTERVAL" (declared at line 74)
"..\macros.h", line 249: warning #48-D: incompatible redefinition of macro "PWM_PERIOD" (declared at line 197)
"../timers_move.c", line 57: warning #225-D: function "moveforward" declared implicitly
"../timers_move.c", line 61: warning #225-D: function "stopall" declared implicitly
"../timers_move.c", line 65: warning #225-D: function "movereverse" declared implicitly
"../timers_move.c", line 82: warning #225-D: function "spin_clockwise" declared implicitly
"../timers_move.c", line 90: warning #225-D: function "spin_counterclockwise" declared implicitly
Finished building: "../timers_move.c"
 
gmake: Target 'all' not remade because of errors.

**** Build Finished ****

**** Build of configuration Debug for project Project 09 ****

"D:\\ccs\\utils\\bin\\gmake" -k -j 16 all -O 
 
Building file: "../command_parser.c"
Invoking: MSP430 Compiler
"D:/ccs/tools/compiler/ti-cgt-msp430_21.6.1.LTS/bin/cl430" -vmspx --use_hw_mpy=F5 --include_path="D:/ccs/ccs_base/msp430/include" --include_path="D:/ccs/Project 09/Project 09" --include_path="D:/ccs/tools/compiler/ti-cgt-msp430_21.6.1.LTS/include" --advice:power=all --advice:hw_config=all --define=__MSP430FR2355__ --define=_FRWP_ENABLE --define=_INFO_FRWP_ENABLE -g --printf_support=minimal --diag_warning=225 --diag_wrap=off --display_error_number --silicon_errata=CPU21 --silicon_errata=CPU22 --silicon_errata=CPU40 --preproc_with_compile --preproc_dependency="command_parser.d_raw"  "../command_parser.c"
"..\macros.h", line 148: warning #48-D: incompatible redefinition of macro "WAIT" (declared at line 17)
"..\macros.h", line 178: warning #48-D: incompatible redefinition of macro "PRESSED" (declared at line 124)
"..\macros.h", line 179: warning #48-D: incompatible redefinition of macro "RELEASED" (declared at line 125)
"..\macros.h", line 204: warning #48-D: incompatible redefinition of macro "TB0CCR0_INTERVAL" (declared at line 72)
"..\macros.h", line 205: warning #48-D: incompatible redefinition of macro "TB0CCR1_INTERVAL" (declared at line 73)
"..\macros.h", line 206: warning #48-D: incompatible redefinition of macro "TB0CCR2_INTERVAL" (declared at line 74)
"..\macros.h", line 249: warning #48-D: incompatible redefinition of macro "PWM_PERIOD" (declared at line 197)
Finished building: "../command_parser.c"
 
Building target: "Project 09.out"
Invoking: MSP430 Linker
"D:/ccs/tools/compiler/ti-cgt-msp430_21.6.1.LTS/bin/cl430" -vmspx --use_hw_mpy=F5 --advice:power=all --advice:hw_config=all --define=__MSP430FR2355__ --define=_FRWP_ENABLE --define=_INFO_FRWP_ENABLE -g --printf_support=minimal --diag_warning=225 --diag_wrap=off --display_error_number --silicon_errata=CPU21 --silicon_errata=CPU22 --silicon_errata=CPU40 -z -m"Project 09.map" --heap_size=160 --stack_size=160 --cinit_hold_wdt=on -i"D:/ccs/ccs_base/msp430/include" -i"D:/ccs/ccs_base/msp430/lib/FR2xx" -i"D:/ccs/tools/compiler/ti-cgt-msp430_21.6.1.LTS/lib" -i"D:/ccs/tools/compiler/ti-cgt-msp430_21.6.1.LTS/include" --priority --reread_libs --define=_FRWP_ENABLE --define=_INFO_FRWP_ENABLE --diag_wrap=off --display_error_number --warn_sections --xml_link_info="Project 09_linkInfo.xml" --use_hw_mpy=F5 --rom_model -o "Project 09.out" "./Display.obj" "./IOTTrans.obj" "./adc.obj" "./black_line.obj" "./clocks.obj" "./command_parser.obj" "./init.obj" "./led.obj" "./main.obj" "./movement.obj" "./ports.obj" "./serial.obj" "./states.obj" "./switches.obj" "./system.obj" "./timers.obj" "./timers_move.obj" "./wheels.obj" "../Compiled/LCD.obj" "../lnk_msp430fr2355.cmd"  -lfrwp_init.a -llibc.a 
<Linking>
remark #10372-D: (ULP 4.1) Detected uninitialized Port A in this project. Recommend initializing all unused ports to eliminate wasted current consumption on unused pins.
remark #10372-D: (ULP 4.1) Detected uninitialized Port B in this project. Recommend initializing all unused ports to eliminate wasted current consumption on unused pins.
remark #10372-D: (ULP 4.1) Detected uninitialized Port C in this project. Recommend initializing all unused ports to eliminate wasted current consumption on unused pins.
remark #10422-D: (ULP 6.2) Detected use of a device with available 32-bit hardware multiplier and not also using MSPMATHLIB library (libmath.a).  Recommend using MSPMATHLIB library (libmath.a) for improved performance.
Finished building target: "Project 09.out"
 

**** Build Finished ****

**** Build of configuration Debug for project Project 09 ****

"D:\\ccs\\utils\\bin\\gmake" -k -j 16 all -O 
 
gmake[1]: 'Project 09.out' is up to date.

**** Build Finished ****

**** Build of configuration Debug for project Project 09 ****

"D:\\ccs\\utils\\bin\\gmake" -k -j 16 all -O 
 
Building file: "../IOTTrans.c"
Invoking: MSP430 Compiler
"D:/ccs/tools/compiler/ti-cgt-msp430_21.6.1.LTS/bin/cl430" -vmspx --use_hw_mpy=F5 --include_path="D:/ccs/ccs_base/msp430/include" --include_path="D:/ccs/Project 09/Project 09" --include_path="D:/ccs/tools/compiler/ti-cgt-msp430_21.6.1.LTS/include" --advice:power=all --advice:hw_config=all --define=__MSP430FR2355__ --define=_FRWP_ENABLE --define=_INFO_FRWP_ENABLE -g --printf_support=minimal --diag_warning=225 --diag_wrap=off --display_error_number --silicon_errata=CPU21 --silicon_errata=CPU22 --silicon_errata=CPU40 --preproc_with_compile --preproc_dependency="IOTTrans.d_raw"  "../IOTTrans.c"
"..\macros.h", line 148: warning #48-D: incompatible redefinition of macro "WAIT" (declared at line 17)
"..\macros.h", line 178: warning #48-D: incompatible redefinition of macro "PRESSED" (declared at line 124)
"..\macros.h", line 179: warning #48-D: incompatible redefinition of macro "RELEASED" (declared at line 125)
"..\macros.h", line 204: warning #48-D: incompatible redefinition of macro "TB0CCR0_INTERVAL" (declared at line 72)
"..\macros.h", line 205: warning #48-D: incompatible redefinition of macro "TB0CCR1_INTERVAL" (declared at line 73)
"..\macros.h", line 206: warning #48-D: incompatible redefinition of macro "TB0CCR2_INTERVAL" (declared at line 74)
"..\macros.h", line 249: warning #48-D: incompatible redefinition of macro "PWM_PERIOD" (declared at line 197)
"../IOTTrans.c", line 83: warning #174-D: external/internal linkage conflict with previous declaration
"../IOTTrans.c", line 84: remark #1528-D: (ULP 3.1) Detected flag polling using UCA1IFG. Recommend using an interrupt combined with enter LPMx and ISR
"../IOTTrans.c", line 88: warning #174-D: external/internal linkage conflict with previous declaration
"../IOTTrans.c", line 89: remark #1528-D: (ULP 3.1) Detected flag polling using UCA0IFG. Recommend using an interrupt combined with enter LPMx and ISR
"../IOTTrans.c", line 166: remark #1538-D: (ULP 10.1) ISR EUSCI_A0_ISR calls function process_wifi_message. Recommend moving function call away from ISR, or inlining the function, or using pragmas
"../IOTTrans.c", line 166: remark #1538-D: (ULP 10.1) ISR EUSCI_A0_ISR calls function process_wifi_message. Recommend moving function call away from ISR, or inlining the function, or using pragmas
"../IOTTrans.c", line 50: remark #1534-D: (ULP 7.1) Detected use of global variable "wifi_rx_index" within one function "EUSCI_A0_ISR". Recommend placing variable in the function locally
Finished building: "../IOTTrans.c"
 
Building target: "Project 09.out"
Invoking: MSP430 Linker
"D:/ccs/tools/compiler/ti-cgt-msp430_21.6.1.LTS/bin/cl430" -vmspx --use_hw_mpy=F5 --advice:power=all --advice:hw_config=all --define=__MSP430FR2355__ --define=_FRWP_ENABLE --define=_INFO_FRWP_ENABLE -g --printf_support=minimal --diag_warning=225 --diag_wrap=off --display_error_number --silicon_errata=CPU21 --silicon_errata=CPU22 --silicon_errata=CPU40 -z -m"Project 09.map" --heap_size=160 --stack_size=160 --cinit_hold_wdt=on -i"D:/ccs/ccs_base/msp430/include" -i"D:/ccs/ccs_base/msp430/lib/FR2xx" -i"D:/ccs/tools/compiler/ti-cgt-msp430_21.6.1.LTS/lib" -i"D:/ccs/tools/compiler/ti-cgt-msp430_21.6.1.LTS/include" --priority --reread_libs --define=_FRWP_ENABLE --define=_INFO_FRWP_ENABLE --diag_wrap=off --display_error_number --warn_sections --xml_link_info="Project 09_linkInfo.xml" --use_hw_mpy=F5 --rom_model -o "Project 09.out" "./Display.obj" "./IOTTrans.obj" "./adc.obj" "./black_line.obj" "./clocks.obj" "./command_parser.obj" "./init.obj" "./led.obj" "./main.obj" "./movement.obj" "./ports.obj" "./serial.obj" "./states.obj" "./switches.obj" "./system.obj" "./timers.obj" "./timers_move.obj" "./wheels.obj" "../Compiled/LCD.obj" "../lnk_msp430fr2355.cmd"  -lfrwp_init.a -llibc.a 
<Linking>
remark #10372-D: (ULP 4.1) Detected uninitialized Port A in this project. Recommend initializing all unused ports to eliminate wasted current consumption on unused pins.
remark #10372-D: (ULP 4.1) Detected uninitialized Port B in this project. Recommend initializing all unused ports to eliminate wasted current consumption on unused pins.
remark #10372-D: (ULP 4.1) Detected uninitialized Port C in this project. Recommend initializing all unused ports to eliminate wasted current consumption on unused pins.
remark #10422-D: (ULP 6.2) Detected use of a device with available 32-bit hardware multiplier and not also using MSPMATHLIB library (libmath.a).  Recommend using MSPMATHLIB library (libmath.a) for improved performance.
Finished building target: "Project 09.out"
 

**** Build Finished ****

**** Build of configuration Debug for project Project 09 ****

"D:\\ccs\\utils\\bin\\gmake" -k -j 16 all -O 
 
gmake[1]: 'Project 09.out' is up to date.

**** Build Finished ****

**** Build of configuration Debug for project Project 09 ****

"D:\\ccs\\utils\\bin\\gmake" -k -j 16 all -O 
 
Building file: "../IOTTrans.c"
Invoking: MSP430 Compiler
"D:/ccs/tools/compiler/ti-cgt-msp430_21.6.1.LTS/bin/cl430" -vmspx --use_hw_mpy=F5 --include_path="D:/ccs/ccs_base/msp430/include" --include_path="D:/ccs/Project 09/Project 09" --include_path="D:/ccs/tools/compiler/ti-cgt-msp430_21.6.1.LTS/include" --advice:power=all --advice:hw_config=all --define=__MSP430FR2355__ --define=_FRWP_ENABLE --define=_INFO_FRWP_ENABLE -g --printf_support=minimal --diag_warning=225 --diag_wrap=off --display_error_number --silicon_errata=CPU21 --silicon_errata=CPU22 --silicon_errata=CPU40 --preproc_with_compile --preproc_dependency="IOTTrans.d_raw"  "../IOTTrans.c"
"..\macros.h", line 148: warning #48-D: incompatible redefinition of macro "WAIT" (declared at line 17)
"..\macros.h", line 178: warning #48-D: incompatible redefinition of macro "PRESSED" (declared at line 124)
"..\macros.h", line 179: warning #48-D: incompatible redefinition of macro "RELEASED" (declared at line 125)
"..\macros.h", line 204: warning #48-D: incompatible redefinition of macro "TB0CCR0_INTERVAL" (declared at line 72)
"..\macros.h", line 205: warning #48-D: incompatible redefinition of macro "TB0CCR1_INTERVAL" (declared at line 73)
"..\macros.h", line 206: warning #48-D: incompatible redefinition of macro "TB0CCR2_INTERVAL" (declared at line 74)
"..\macros.h", line 249: warning #48-D: incompatible redefinition of macro "PWM_PERIOD" (declared at line 197)
"../IOTTrans.c", line 83: warning #174-D: external/internal linkage conflict with previous declaration
"../IOTTrans.c", line 84: remark #1528-D: (ULP 3.1) Detected flag polling using UCA1IFG. Recommend using an interrupt combined with enter LPMx and ISR
"../IOTTrans.c", line 88: warning #174-D: external/internal linkage conflict with previous declaration
"../IOTTrans.c", line 89: remark #1528-D: (ULP 3.1) Detected flag polling using UCA0IFG. Recommend using an interrupt combined with enter LPMx and ISR
"../IOTTrans.c", line 166: remark #1538-D: (ULP 10.1) ISR EUSCI_A0_ISR calls function process_wifi_message. Recommend moving function call away from ISR, or inlining the function, or using pragmas
"../IOTTrans.c", line 166: remark #1538-D: (ULP 10.1) ISR EUSCI_A0_ISR calls function process_wifi_message. Recommend moving function call away from ISR, or inlining the function, or using pragmas
"../IOTTrans.c", line 50: remark #1534-D: (ULP 7.1) Detected use of global variable "wifi_rx_index" within one function "EUSCI_A0_ISR". Recommend placing variable in the function locally
"../IOTTrans.c", line 83: warning #179-D: function "UART_PC_TX" was declared but never referenced
Finished building: "../IOTTrans.c"
 
Building target: "Project 09.out"
Invoking: MSP430 Linker
"D:/ccs/tools/compiler/ti-cgt-msp430_21.6.1.LTS/bin/cl430" -vmspx --use_hw_mpy=F5 --advice:power=all --advice:hw_config=all --define=__MSP430FR2355__ --define=_FRWP_ENABLE --define=_INFO_FRWP_ENABLE -g --printf_support=minimal --diag_warning=225 --diag_wrap=off --display_error_number --silicon_errata=CPU21 --silicon_errata=CPU22 --silicon_errata=CPU40 -z -m"Project 09.map" --heap_size=160 --stack_size=160 --cinit_hold_wdt=on -i"D:/ccs/ccs_base/msp430/include" -i"D:/ccs/ccs_base/msp430/lib/FR2xx" -i"D:/ccs/tools/compiler/ti-cgt-msp430_21.6.1.LTS/lib" -i"D:/ccs/tools/compiler/ti-cgt-msp430_21.6.1.LTS/include" --priority --reread_libs --define=_FRWP_ENABLE --define=_INFO_FRWP_ENABLE --diag_wrap=off --display_error_number --warn_sections --xml_link_info="Project 09_linkInfo.xml" --use_hw_mpy=F5 --rom_model -o "Project 09.out" "./Display.obj" "./IOTTrans.obj" "./adc.obj" "./black_line.obj" "./clocks.obj" "./command_parser.obj" "./init.obj" "./led.obj" "./main.obj" "./movement.obj" "./ports.obj" "./serial.obj" "./states.obj" "./switches.obj" "./system.obj" "./timers.obj" "./timers_move.obj" "./wheels.obj" "../Compiled/LCD.obj" "../lnk_msp430fr2355.cmd"  -lfrwp_init.a -llibc.a 
<Linking>
remark #10372-D: (ULP 4.1) Detected uninitialized Port A in this project. Recommend initializing all unused ports to eliminate wasted current consumption on unused pins.
remark #10372-D: (ULP 4.1) Detected uninitialized Port B in this project. Recommend initializing all unused ports to eliminate wasted current consumption on unused pins.
remark #10372-D: (ULP 4.1) Detected uninitialized Port C in this project. Recommend initializing all unused ports to eliminate wasted current consumption on unused pins.
remark #10422-D: (ULP 6.2) Detected use of a device with available 32-bit hardware multiplier and not also using MSPMATHLIB library (libmath.a).  Recommend using MSPMATHLIB library (libmath.a) for improved performance.
Finished building target: "Project 09.out"
 

**** Build Finished ****

**** Build of configuration Debug for project Project 09 ****

"D:\\ccs\\utils\\bin\\gmake" -k -j 16 all -O 
 
gmake[1]: 'Project 09.out' is up to date.

**** Build Finished ****

**** Build of configuration Debug for project Project 09 ****

"D:\\ccs\\utils\\bin\\gmake" -k -j 16 all -O 
 
Building file: "../IOTTrans.c"
Invoking: MSP430 Compiler
"D:/ccs/tools/compiler/ti-cgt-msp430_21.6.1.LTS/bin/cl430" -vmspx --use_hw_mpy=F5 --include_path="D:/ccs/ccs_base/msp430/include" --include_path="D:/ccs/Project 09/Project 09" --include_path="D:/ccs/tools/compiler/ti-cgt-msp430_21.6.1.LTS/include" --advice:power=all --advice:hw_config=all --define=__MSP430FR2355__ --define=_FRWP_ENABLE --define=_INFO_FRWP_ENABLE -g --printf_support=minimal --diag_warning=225 --diag_wrap=off --display_error_number --silicon_errata=CPU21 --silicon_errata=CPU22 --silicon_errata=CPU40 --preproc_with_compile --preproc_dependency="IOTTrans.d_raw"  "../IOTTrans.c"
"..\macros.h", line 148: warning #48-D: incompatible redefinition of macro "WAIT" (declared at line 17)
"..\macros.h", line 178: warning #48-D: incompatible redefinition of macro "PRESSED" (declared at line 124)
"..\macros.h", line 179: warning #48-D: incompatible redefinition of macro "RELEASED" (declared at line 125)
"..\macros.h", line 204: warning #48-D: incompatible redefinition of macro "TB0CCR0_INTERVAL" (declared at line 72)
"..\macros.h", line 205: warning #48-D: incompatible redefinition of macro "TB0CCR1_INTERVAL" (declared at line 73)
"..\macros.h", line 206: warning #48-D: incompatible redefinition of macro "TB0CCR2_INTERVAL" (declared at line 74)
"..\macros.h", line 249: warning #48-D: incompatible redefinition of macro "PWM_PERIOD" (declared at line 197)
"../IOTTrans.c", line 83: warning #174-D: external/internal linkage conflict with previous declaration
"../IOTTrans.c", line 84: remark #1528-D: (ULP 3.1) Detected flag polling using UCA1IFG. Recommend using an interrupt combined with enter LPMx and ISR
"../IOTTrans.c", line 88: warning #174-D: external/internal linkage conflict with previous declaration
"../IOTTrans.c", line 89: remark #1528-D: (ULP 3.1) Detected flag polling using UCA0IFG. Recommend using an interrupt combined with enter LPMx and ISR
"../IOTTrans.c", line 166: remark #1538-D: (ULP 10.1) ISR EUSCI_A0_ISR calls function process_wifi_message. Recommend moving function call away from ISR, or inlining the function, or using pragmas
"../IOTTrans.c", line 166: remark #1538-D: (ULP 10.1) ISR EUSCI_A0_ISR calls function process_wifi_message. Recommend moving function call away from ISR, or inlining the function, or using pragmas
"../IOTTrans.c", line 50: remark #1534-D: (ULP 7.1) Detected use of global variable "wifi_rx_index" within one function "EUSCI_A0_ISR". Recommend placing variable in the function locally
Finished building: "../IOTTrans.c"
 
Building target: "Project 09.out"
Invoking: MSP430 Linker
"D:/ccs/tools/compiler/ti-cgt-msp430_21.6.1.LTS/bin/cl430" -vmspx --use_hw_mpy=F5 --advice:power=all --advice:hw_config=all --define=__MSP430FR2355__ --define=_FRWP_ENABLE --define=_INFO_FRWP_ENABLE -g --printf_support=minimal --diag_warning=225 --diag_wrap=off --display_error_number --silicon_errata=CPU21 --silicon_errata=CPU22 --silicon_errata=CPU40 -z -m"Project 09.map" --heap_size=160 --stack_size=160 --cinit_hold_wdt=on -i"D:/ccs/ccs_base/msp430/include" -i"D:/ccs/ccs_base/msp430/lib/FR2xx" -i"D:/ccs/tools/compiler/ti-cgt-msp430_21.6.1.LTS/lib" -i"D:/ccs/tools/compiler/ti-cgt-msp430_21.6.1.LTS/include" --priority --reread_libs --define=_FRWP_ENABLE --define=_INFO_FRWP_ENABLE --diag_wrap=off --display_error_number --warn_sections --xml_link_info="Project 09_linkInfo.xml" --use_hw_mpy=F5 --rom_model -o "Project 09.out" "./Display.obj" "./IOTTrans.obj" "./adc.obj" "./black_line.obj" "./clocks.obj" "./command_parser.obj" "./init.obj" "./led.obj" "./main.obj" "./movement.obj" "./ports.obj" "./serial.obj" "./states.obj" "./switches.obj" "./system.obj" "./timers.obj" "./timers_move.obj" "./wheels.obj" "../Compiled/LCD.obj" "../lnk_msp430fr2355.cmd"  -lfrwp_init.a -llibc.a 
<Linking>
remark #10372-D: (ULP 4.1) Detected uninitialized Port A in this project. Recommend initializing all unused ports to eliminate wasted current consumption on unused pins.
remark #10372-D: (ULP 4.1) Detected uninitialized Port B in this project. Recommend initializing all unused ports to eliminate wasted current consumption on unused pins.
remark #10372-D: (ULP 4.1) Detected uninitialized Port C in this project. Recommend initializing all unused ports to eliminate wasted current consumption on unused pins.
remark #10422-D: (ULP 6.2) Detected use of a device with available 32-bit hardware multiplier and not also using MSPMATHLIB library (libmath.a).  Recommend using MSPMATHLIB library (libmath.a) for improved performance.
Finished building target: "Project 09.out"
 

**** Build Finished ****

**** Build of configuration Debug for project Project 09 ****

"D:\\ccs\\utils\\bin\\gmake" -k -j 16 all -O 
 
gmake[1]: 'Project 09.out' is up to date.

**** Build Finished ****

**** Build of configuration Debug for project Project 09 ****

"D:\\ccs\\utils\\bin\\gmake" -k -j 16 all -O 
 
gmake[1]: 'Project 09.out' is up to date.

**** Build Finished ****

**** Build of configuration Debug for project Project 09 ****

"D:\\ccs\\utils\\bin\\gmake" -k -j 16 all -O 
 
Building file: "../main.c"
Invoking: MSP430 Compiler
"D:/ccs/tools/compiler/ti-cgt-msp430_21.6.1.LTS/bin/cl430" -vmspx --use_hw_mpy=F5 --include_path="D:/ccs/ccs_base/msp430/include" --include_path="D:/ccs/Project 09/Project 09" --include_path="D:/ccs/tools/compiler/ti-cgt-msp430_21.6.1.LTS/include" --advice:power=all --advice:hw_config=all --define=__MSP430FR2355__ --define=_FRWP_ENABLE --define=_INFO_FRWP_ENABLE -g --printf_support=minimal --diag_warning=225 --diag_wrap=off --display_error_number --silicon_errata=CPU21 --silicon_errata=CPU22 --silicon_errata=CPU40 --preproc_with_compile --preproc_dependency="main.d_raw"  "../main.c"
"..\macros.h", line 148: warning #48-D: incompatible redefinition of macro "WAIT" (declared at line 17)
"..\macros.h", line 178: warning #48-D: incompatible redefinition of macro "PRESSED" (declared at line 124)
"..\macros.h", line 179: warning #48-D: incompatible redefinition of macro "RELEASED" (declared at line 125)
"..\macros.h", line 204: warning #48-D: incompatible redefinition of macro "TB0CCR0_INTERVAL" (declared at line 72)
"..\macros.h", line 205: warning #48-D: incompatible redefinition of macro "TB0CCR1_INTERVAL" (declared at line 73)
"..\macros.h", line 206: warning #48-D: incompatible redefinition of macro "TB0CCR2_INTERVAL" (declared at line 74)
"..\macros.h", line 249: warning #48-D: incompatible redefinition of macro "PWM_PERIOD" (declared at line 197)
"../main.c", line 95: warning #225-D: function "LCD_update" declared implicitly
Finished building: "../main.c"
 
Building file: "../movement.c"
Invoking: MSP430 Compiler
"D:/ccs/tools/compiler/ti-cgt-msp430_21.6.1.LTS/bin/cl430" -vmspx --use_hw_mpy=F5 --include_path="D:/ccs/ccs_base/msp430/include" --include_path="D:/ccs/Project 09/Project 09" --include_path="D:/ccs/tools/compiler/ti-cgt-msp430_21.6.1.LTS/include" --advice:power=all --advice:hw_config=all --define=__MSP430FR2355__ --define=_FRWP_ENABLE --define=_INFO_FRWP_ENABLE -g --printf_support=minimal --diag_warning=225 --diag_wrap=off --display_error_number --silicon_errata=CPU21 --silicon_errata=CPU22 --silicon_errata=CPU40 --preproc_with_compile --preproc_dependency="movement.d_raw"  "../movement.c"
"..\macros.h", line 148: warning #48-D: incompatible redefinition of macro "WAIT" (declared at line 17)
"..\macros.h", line 178: warning #48-D: incompatible redefinition of macro "PRESSED" (declared at line 124)
"..\macros.h", line 179: warning #48-D: incompatible redefinition of macro "RELEASED" (declared at line 125)
"..\macros.h", line 204: warning #48-D: incompatible redefinition of macro "TB0CCR0_INTERVAL" (declared at line 72)
"..\macros.h", line 205: warning #48-D: incompatible redefinition of macro "TB0CCR1_INTERVAL" (declared at line 73)
"..\macros.h", line 206: warning #48-D: incompatible redefinition of macro "TB0CCR2_INTERVAL" (declared at line 74)
"..\macros.h", line 249: warning #48-D: incompatible redefinition of macro "PWM_PERIOD" (declared at line 197)
"../movement.c", line 38: remark #1530-D: (ULP 5.1) Detected modulo operation(s). Recommend moving them to RAM during run time or not using as these are processing/power intensive
"../movement.c", line 48: remark #1530-D: (ULP 5.1) Detected modulo operation(s). Recommend moving them to RAM during run time or not using as these are processing/power intensive
"../movement.c", line 118: warning #225-D: function "sprintf" declared implicitly
"../movement.c", line 118: remark #1532-D: (ULP 5.3) Detected sprintf() operation(s). Recommend moving them to RAM during run time or not using as these are processing/power intensive
Finished building: "../movement.c"
 
Building target: "Project 09.out"
Invoking: MSP430 Linker
"D:/ccs/tools/compiler/ti-cgt-msp430_21.6.1.LTS/bin/cl430" -vmspx --use_hw_mpy=F5 --advice:power=all --advice:hw_config=all --define=__MSP430FR2355__ --define=_FRWP_ENABLE --define=_INFO_FRWP_ENABLE -g --printf_support=minimal --diag_warning=225 --diag_wrap=off --display_error_number --silicon_errata=CPU21 --silicon_errata=CPU22 --silicon_errata=CPU40 -z -m"Project 09.map" --heap_size=160 --stack_size=160 --cinit_hold_wdt=on -i"D:/ccs/ccs_base/msp430/include" -i"D:/ccs/ccs_base/msp430/lib/FR2xx" -i"D:/ccs/tools/compiler/ti-cgt-msp430_21.6.1.LTS/lib" -i"D:/ccs/tools/compiler/ti-cgt-msp430_21.6.1.LTS/include" --priority --reread_libs --define=_FRWP_ENABLE --define=_INFO_FRWP_ENABLE --diag_wrap=off --display_error_number --warn_sections --xml_link_info="Project 09_linkInfo.xml" --use_hw_mpy=F5 --rom_model -o "Project 09.out" "./Display.obj" "./IOTTrans.obj" "./adc.obj" "./black_line.obj" "./clocks.obj" "./command_parser.obj" "./init.obj" "./led.obj" "./main.obj" "./movement.obj" "./ports.obj" "./serial.obj" "./states.obj" "./switches.obj" "./system.obj" "./timers.obj" "./timers_move.obj" "./wheels.obj" "../Compiled/LCD.obj" "../lnk_msp430fr2355.cmd"  -lfrwp_init.a -llibc.a 
<Linking>
remark #10372-D: (ULP 4.1) Detected uninitialized Port A in this project. Recommend initializing all unused ports to eliminate wasted current consumption on unused pins.
remark #10372-D: (ULP 4.1) Detected uninitialized Port B in this project. Recommend initializing all unused ports to eliminate wasted current consumption on unused pins.
remark #10372-D: (ULP 4.1) Detected uninitialized Port C in this project. Recommend initializing all unused ports to eliminate wasted current consumption on unused pins.
remark #10422-D: (ULP 6.2) Detected use of a device with available 32-bit hardware multiplier and not also using MSPMATHLIB library (libmath.a).  Recommend using MSPMATHLIB library (libmath.a) for improved performance.
Finished building target: "Project 09.out"
 

**** Build Finished ****

**** Build of configuration Debug for project Project 09 ****

"D:\\ccs\\utils\\bin\\gmake" -k -j 16 all -O 
 
gmake[1]: 'Project 09.out' is up to date.

**** Build Finished ****

**** Build of configuration Debug for project Project 09 ****

"D:\\ccs\\utils\\bin\\gmake" -k -j 16 all -O 
 
Building file: "../command_parser.c"
Invoking: MSP430 Compiler
"D:/ccs/tools/compiler/ti-cgt-msp430_21.6.1.LTS/bin/cl430" -vmspx --use_hw_mpy=F5 --include_path="D:/ccs/ccs_base/msp430/include" --include_path="D:/ccs/Project 09/Project 09" --include_path="D:/ccs/tools/compiler/ti-cgt-msp430_21.6.1.LTS/include" --advice:power=all --advice:hw_config=all --define=__MSP430FR2355__ --define=_FRWP_ENABLE --define=_INFO_FRWP_ENABLE -g --printf_support=minimal --diag_warning=225 --diag_wrap=off --display_error_number --silicon_errata=CPU21 --silicon_errata=CPU22 --silicon_errata=CPU40 --preproc_with_compile --preproc_dependency="command_parser.d_raw"  "../command_parser.c"
"..\macros.h", line 148: warning #48-D: incompatible redefinition of macro "WAIT" (declared at line 17)
"..\macros.h", line 178: warning #48-D: incompatible redefinition of macro "PRESSED" (declared at line 124)
"..\macros.h", line 179: warning #48-D: incompatible redefinition of macro "RELEASED" (declared at line 125)
"..\macros.h", line 204: warning #48-D: incompatible redefinition of macro "TB0CCR0_INTERVAL" (declared at line 72)
"..\macros.h", line 205: warning #48-D: incompatible redefinition of macro "TB0CCR1_INTERVAL" (declared at line 73)
"..\macros.h", line 206: warning #48-D: incompatible redefinition of macro "TB0CCR2_INTERVAL" (declared at line 74)
"..\macros.h", line 249: warning #48-D: incompatible redefinition of macro "PWM_PERIOD" (declared at line 197)
Finished building: "../command_parser.c"
 
Building file: "../main.c"
Invoking: MSP430 Compiler
"D:/ccs/tools/compiler/ti-cgt-msp430_21.6.1.LTS/bin/cl430" -vmspx --use_hw_mpy=F5 --include_path="D:/ccs/ccs_base/msp430/include" --include_path="D:/ccs/Project 09/Project 09" --include_path="D:/ccs/tools/compiler/ti-cgt-msp430_21.6.1.LTS/include" --advice:power=all --advice:hw_config=all --define=__MSP430FR2355__ --define=_FRWP_ENABLE --define=_INFO_FRWP_ENABLE -g --printf_support=minimal --diag_warning=225 --diag_wrap=off --display_error_number --silicon_errata=CPU21 --silicon_errata=CPU22 --silicon_errata=CPU40 --preproc_with_compile --preproc_dependency="main.d_raw"  "../main.c"
"..\macros.h", line 148: warning #48-D: incompatible redefinition of macro "WAIT" (declared at line 17)
"..\macros.h", line 178: warning #48-D: incompatible redefinition of macro "PRESSED" (declared at line 124)
"..\macros.h", line 179: warning #48-D: incompatible redefinition of macro "RELEASED" (declared at line 125)
"..\macros.h", line 204: warning #48-D: incompatible redefinition of macro "TB0CCR0_INTERVAL" (declared at line 72)
"..\macros.h", line 205: warning #48-D: incompatible redefinition of macro "TB0CCR1_INTERVAL" (declared at line 73)
"..\macros.h", line 206: warning #48-D: incompatible redefinition of macro "TB0CCR2_INTERVAL" (declared at line 74)
"..\macros.h", line 249: warning #48-D: incompatible redefinition of macro "PWM_PERIOD" (declared at line 197)
"../main.c", line 60: warning #225-D: function "movement_pwm_init" declared implicitly
"../main.c", line 96: warning #225-D: function "LCD_update" declared implicitly
Finished building: "../main.c"
 
Building file: "../movement.c"
Invoking: MSP430 Compiler
"D:/ccs/tools/compiler/ti-cgt-msp430_21.6.1.LTS/bin/cl430" -vmspx --use_hw_mpy=F5 --include_path="D:/ccs/ccs_base/msp430/include" --include_path="D:/ccs/Project 09/Project 09" --include_path="D:/ccs/tools/compiler/ti-cgt-msp430_21.6.1.LTS/include" --advice:power=all --advice:hw_config=all --define=__MSP430FR2355__ --define=_FRWP_ENABLE --define=_INFO_FRWP_ENABLE -g --printf_support=minimal --diag_warning=225 --diag_wrap=off --display_error_number --silicon_errata=CPU21 --silicon_errata=CPU22 --silicon_errata=CPU40 --preproc_with_compile --preproc_dependency="movement.d_raw"  "../movement.c"
"..\macros.h", line 148: warning #48-D: incompatible redefinition of macro "WAIT" (declared at line 17)
"..\macros.h", line 178: warning #48-D: incompatible redefinition of macro "PRESSED" (declared at line 124)
"..\macros.h", line 179: warning #48-D: incompatible redefinition of macro "RELEASED" (declared at line 125)
"..\macros.h", line 204: warning #48-D: incompatible redefinition of macro "TB0CCR0_INTERVAL" (declared at line 72)
"..\macros.h", line 205: warning #48-D: incompatible redefinition of macro "TB0CCR1_INTERVAL" (declared at line 73)
"..\macros.h", line 206: warning #48-D: incompatible redefinition of macro "TB0CCR2_INTERVAL" (declared at line 74)
"..\macros.h", line 249: warning #48-D: incompatible redefinition of macro "PWM_PERIOD" (declared at line 197)
"../movement.c", line 38: remark #1530-D: (ULP 5.1) Detected modulo operation(s). Recommend moving them to RAM during run time or not using as these are processing/power intensive
"../movement.c", line 48: remark #1530-D: (ULP 5.1) Detected modulo operation(s). Recommend moving them to RAM during run time or not using as these are processing/power intensive
"../movement.c", line 118: warning #225-D: function "sprintf" declared implicitly
"../movement.c", line 118: remark #1532-D: (ULP 5.3) Detected sprintf() operation(s). Recommend moving them to RAM during run time or not using as these are processing/power intensive
Finished building: "../movement.c"
 
Building file: "../ports.c"
Invoking: MSP430 Compiler
"D:/ccs/tools/compiler/ti-cgt-msp430_21.6.1.LTS/bin/cl430" -vmspx --use_hw_mpy=F5 --include_path="D:/ccs/ccs_base/msp430/include" --include_path="D:/ccs/Project 09/Project 09" --include_path="D:/ccs/tools/compiler/ti-cgt-msp430_21.6.1.LTS/include" --advice:power=all --advice:hw_config=all --define=__MSP430FR2355__ --define=_FRWP_ENABLE --define=_INFO_FRWP_ENABLE -g --printf_support=minimal --diag_warning=225 --diag_wrap=off --display_error_number --silicon_errata=CPU21 --silicon_errata=CPU22 --silicon_errata=CPU40 --preproc_with_compile --preproc_dependency="ports.d_raw"  "../ports.c"
"..\macros.h", line 148: warning #48-D: incompatible redefinition of macro "WAIT" (declared at line 17)
"..\macros.h", line 178: warning #48-D: incompatible redefinition of macro "PRESSED" (declared at line 124)
"..\macros.h", line 179: warning #48-D: incompatible redefinition of macro "RELEASED" (declared at line 125)
"..\macros.h", line 204: warning #48-D: incompatible redefinition of macro "TB0CCR0_INTERVAL" (declared at line 72)
"..\macros.h", line 205: warning #48-D: incompatible redefinition of macro "TB0CCR1_INTERVAL" (declared at line 73)
"..\macros.h", line 206: warning #48-D: incompatible redefinition of macro "TB0CCR2_INTERVAL" (declared at line 74)
"..\macros.h", line 249: warning #48-D: incompatible redefinition of macro "PWM_PERIOD" (declared at line 197)
"../ports.c", line 21: warning #225-D: function "Init_Port_1" declared implicitly
"../ports.c", line 22: warning #225-D: function "Init_Port_2" declared implicitly
"../ports.c", line 23: warning #225-D: function "Init_Port_3" declared implicitly
"../ports.c", line 24: warning #225-D: function "Init_Port_4" declared implicitly
"../ports.c", line 25: warning #225-D: function "Init_Port_5" declared implicitly
"../ports.c", line 26: warning #225-D: function "Init_Port_6" declared implicitly
"../ports.c", line 32: warning #161-D: declaration is incompatible with previous "Init_Port_1" (declared at line 21)
"../ports.c", line 91: warning #161-D: declaration is incompatible with previous "Init_Port_2" (declared at line 22)
"../ports.c", line 147: warning #161-D: declaration is incompatible with previous "Init_Port_3" (declared at line 23)
"../ports.c", line 206: warning #161-D: declaration is incompatible with previous "Init_Port_4" (declared at line 24)
"../ports.c", line 256: warning #161-D: declaration is incompatible with previous "Init_Port_5" (declared at line 25)
"../ports.c", line 295: warning #161-D: declaration is incompatible with previous "Init_Port_6" (declared at line 26)
Finished building: "../ports.c"
 
Building target: "Project 09.out"
Invoking: MSP430 Linker
"D:/ccs/tools/compiler/ti-cgt-msp430_21.6.1.LTS/bin/cl430" -vmspx --use_hw_mpy=F5 --advice:power=all --advice:hw_config=all --define=__MSP430FR2355__ --define=_FRWP_ENABLE --define=_INFO_FRWP_ENABLE -g --printf_support=minimal --diag_warning=225 --diag_wrap=off --display_error_number --silicon_errata=CPU21 --silicon_errata=CPU22 --silicon_errata=CPU40 -z -m"Project 09.map" --heap_size=160 --stack_size=160 --cinit_hold_wdt=on -i"D:/ccs/ccs_base/msp430/include" -i"D:/ccs/ccs_base/msp430/lib/FR2xx" -i"D:/ccs/tools/compiler/ti-cgt-msp430_21.6.1.LTS/lib" -i"D:/ccs/tools/compiler/ti-cgt-msp430_21.6.1.LTS/include" --priority --reread_libs --define=_FRWP_ENABLE --define=_INFO_FRWP_ENABLE --diag_wrap=off --display_error_number --warn_sections --xml_link_info="Project 09_linkInfo.xml" --use_hw_mpy=F5 --rom_model -o "Project 09.out" "./Display.obj" "./IOTTrans.obj" "./adc.obj" "./black_line.obj" "./clocks.obj" "./command_parser.obj" "./init.obj" "./led.obj" "./main.obj" "./movement.obj" "./ports.obj" "./serial.obj" "./states.obj" "./switches.obj" "./system.obj" "./timers.obj" "./timers_move.obj" "./wheels.obj" "../Compiled/LCD.obj" "../lnk_msp430fr2355.cmd"  -lfrwp_init.a -llibc.a 
<Linking>
remark #10372-D: (ULP 4.1) Detected uninitialized Port A in this project. Recommend initializing all unused ports to eliminate wasted current consumption on unused pins.
remark #10372-D: (ULP 4.1) Detected uninitialized Port B in this project. Recommend initializing all unused ports to eliminate wasted current consumption on unused pins.
remark #10372-D: (ULP 4.1) Detected uninitialized Port C in this project. Recommend initializing all unused ports to eliminate wasted current consumption on unused pins.
remark #10422-D: (ULP 6.2) Detected use of a device with available 32-bit hardware multiplier and not also using MSPMATHLIB library (libmath.a).  Recommend using MSPMATHLIB library (libmath.a) for improved performance.
Finished building target: "Project 09.out"
 

**** Build Finished ****

**** Build of configuration Debug for project Project 09 ****

"D:\\ccs\\utils\\bin\\gmake" -k -j 16 all -O 
 
gmake[1]: 'Project 09.out' is up to date.

**** Build Finished ****

**** Build of configuration Debug for project Project 09 ****

"D:\\ccs\\utils\\bin\\gmake" -k -j 16 all -O 
 
gmake[1]: 'Project 09.out' is up to date.

**** Build Finished ****

**** Build of configuration Debug for project Project 09 ****

"D:\\ccs\\utils\\bin\\gmake" -k -j 16 all -O 
 
Building file: "../Display.c"
Invoking: MSP430 Compiler
"D:/ccs/tools/compiler/ti-cgt-msp430_21.6.1.LTS/bin/cl430" -vmspx --use_hw_mpy=F5 --include_path="D:/ccs/ccs_base/msp430/include" --include_path="D:/ccs/Project 09/Project 09" --include_path="D:/ccs/tools/compiler/ti-cgt-msp430_21.6.1.LTS/include" --advice:power=all --advice:hw_config=all --define=__MSP430FR2355__ --define=_FRWP_ENABLE --define=_INFO_FRWP_ENABLE -g --printf_support=minimal --diag_warning=225 --diag_wrap=off --display_error_number --silicon_errata=CPU21 --silicon_errata=CPU22 --silicon_errata=CPU40 --preproc_with_compile --preproc_dependency="Display.d_raw"  "../Display.c"
 
>> Compilation failure
subdir_rules.mk:9: recipe for target 'Display.obj' failed
"..\macros.h", line 211: error #20: identifier "uint16_t" is undefined
"..\macros.h", line 220: error #20: identifier "uint8_t" is undefined
"..\macros.h", line 221: error #20: identifier "uint8_t" is undefined
"..\macros.h", line 251: error #20: identifier "uint16_t" is undefined
"..\macros.h", line 252: error #20: identifier "uint16_t" is undefined
"..\macros.h", line 253: error #20: identifier "uint16_t" is undefined
"..\macros.h", line 254: error #20: identifier "uint16_t" is undefined
"..\macros.h", line 258: error #20: identifier "uint16_t" is undefined
8 errors detected in the compilation of "../Display.c".
gmake: *** [Display.obj] Error 1
Building file: "../IOTTrans.c"
Invoking: MSP430 Compiler
"D:/ccs/tools/compiler/ti-cgt-msp430_21.6.1.LTS/bin/cl430" -vmspx --use_hw_mpy=F5 --include_path="D:/ccs/ccs_base/msp430/include" --include_path="D:/ccs/Project 09/Project 09" --include_path="D:/ccs/tools/compiler/ti-cgt-msp430_21.6.1.LTS/include" --advice:power=all --advice:hw_config=all --define=__MSP430FR2355__ --define=_FRWP_ENABLE --define=_INFO_FRWP_ENABLE -g --printf_support=minimal --diag_warning=225 --diag_wrap=off --display_error_number --silicon_errata=CPU21 --silicon_errata=CPU22 --silicon_errata=CPU40 --preproc_with_compile --preproc_dependency="IOTTrans.d_raw"  "../IOTTrans.c"
 
>> Compilation failure
subdir_rules.mk:9: recipe for target 'IOTTrans.obj' failed
"..\macros.h", line 212: error #258: invalid redeclaration of type name "MoveCmd" (declared at line 39 of "..\movement.h")
"..\macros.h", line 219: error #148: declaration is incompatible with "MoveCmd move_queue[8]" (declared at line 41 of "..\movement.h")
"../IOTTrans.c", line 49: warning #174-D: external/internal linkage conflict with previous declaration
"../IOTTrans.c", line 50: warning #174-D: external/internal linkage conflict with previous declaration
"../IOTTrans.c", line 83: warning #174-D: external/internal linkage conflict with previous declaration
"../IOTTrans.c", line 84: remark #1528-D: (ULP 3.1) Detected flag polling using UCA1IFG. Recommend using an interrupt combined with enter LPMx and ISR
"../IOTTrans.c", line 88: warning #174-D: external/internal linkage conflict with previous declaration
"../IOTTrans.c", line 89: remark #1528-D: (ULP 3.1) Detected flag polling using UCA0IFG. Recommend using an interrupt combined with enter LPMx and ISR
"../IOTTrans.c", line 166: remark #1538-D: (ULP 10.1) ISR EUSCI_A0_ISR calls function process_wifi_message. Recommend moving function call away from ISR, or inlining the function, or using pragmas
"../IOTTrans.c", line 166: remark #1538-D: (ULP 10.1) ISR EUSCI_A0_ISR calls function process_wifi_message. Recommend moving function call away from ISR, or inlining the function, or using pragmas
"../IOTTrans.c", line 50: remark #1534-D: (ULP 7.1) Detected use of global variable "wifi_rx_index" within one function "EUSCI_A0_ISR". Recommend placing variable in the function locally
2 errors detected in the compilation of "../IOTTrans.c".
gmake: *** [IOTTrans.obj] Error 1
Building file: "../adc.c"
Invoking: MSP430 Compiler
"D:/ccs/tools/compiler/ti-cgt-msp430_21.6.1.LTS/bin/cl430" -vmspx --use_hw_mpy=F5 --include_path="D:/ccs/ccs_base/msp430/include" --include_path="D:/ccs/Project 09/Project 09" --include_path="D:/ccs/tools/compiler/ti-cgt-msp430_21.6.1.LTS/include" --advice:power=all --advice:hw_config=all --define=__MSP430FR2355__ --define=_FRWP_ENABLE --define=_INFO_FRWP_ENABLE -g --printf_support=minimal --diag_warning=225 --diag_wrap=off --display_error_number --silicon_errata=CPU21 --silicon_errata=CPU22 --silicon_errata=CPU40 --preproc_with_compile --preproc_dependency="adc.d_raw"  "../adc.c"
 
>> Compilation failure
subdir_rules.mk:9: recipe for target 'adc.obj' failed
"..\macros.h", line 211: error #20: identifier "uint16_t" is undefined
"..\macros.h", line 220: error #20: identifier "uint8_t" is undefined
"..\macros.h", line 221: error #20: identifier "uint8_t" is undefined
"..\macros.h", line 251: error #20: identifier "uint16_t" is undefined
"..\macros.h", line 252: error #20: identifier "uint16_t" is undefined
"..\macros.h", line 253: error #20: identifier "uint16_t" is undefined
"..\macros.h", line 254: error #20: identifier "uint16_t" is undefined
"..\macros.h", line 258: error #20: identifier "uint16_t" is undefined
8 errors detected in the compilation of "../adc.c".
gmake: *** [adc.obj] Error 1
Building file: "../black_line.c"
Invoking: MSP430 Compiler
"D:/ccs/tools/compiler/ti-cgt-msp430_21.6.1.LTS/bin/cl430" -vmspx --use_hw_mpy=F5 --include_path="D:/ccs/ccs_base/msp430/include" --include_path="D:/ccs/Project 09/Project 09" --include_path="D:/ccs/tools/compiler/ti-cgt-msp430_21.6.1.LTS/include" --advice:power=all --advice:hw_config=all --define=__MSP430FR2355__ --define=_FRWP_ENABLE --define=_INFO_FRWP_ENABLE -g --printf_support=minimal --diag_warning=225 --diag_wrap=off --display_error_number --silicon_errata=CPU21 --silicon_errata=CPU22 --silicon_errata=CPU40 --preproc_with_compile --preproc_dependency="black_line.d_raw"  "../black_line.c"
 
>> Compilation failure
subdir_rules.mk:9: recipe for target 'black_line.obj' failed
"..\macros.h", line 211: error #20: identifier "uint16_t" is undefined
"..\macros.h", line 220: error #20: identifier "uint8_t" is undefined
"..\macros.h", line 221: error #20: identifier "uint8_t" is undefined
"..\macros.h", line 251: error #20: identifier "uint16_t" is undefined
"..\macros.h", line 252: error #20: identifier "uint16_t" is undefined
"..\macros.h", line 253: error #20: identifier "uint16_t" is undefined
"..\macros.h", line 254: error #20: identifier "uint16_t" is undefined
"..\macros.h", line 258: error #20: identifier "uint16_t" is undefined
"../black_line.c", line 30: warning #225-D: function "search_line" declared implicitly
"../black_line.c", line 31: warning #225-D: function "stop_on_line" declared implicitly
"../black_line.c", line 32: warning #225-D: function "reverse_to_line" declared implicitly
"../black_line.c", line 34: warning #225-D: function "stopall" declared implicitly
"../black_line.c", line 35: warning #225-D: function "strcpy" declared implicitly
"../black_line.c", line 40: warning #225-D: function "adc_line" declared implicitly
"../black_line.c", line 46: warning #161-D: declaration is incompatible with previous "search_line" (declared at line 30)
"../black_line.c", line 47: warning #225-D: function "strcpy" declared implicitly
"../black_line.c", line 54: warning #225-D: function "stopall" declared implicitly
"../black_line.c", line 56: warning #225-D: function "moveforward" declared implicitly
"../black_line.c", line 60: warning #225-D: function "moveforward" declared implicitly
"../black_line.c", line 68: error #20: identifier "LEFT_BLACK_THRESH" is undefined
"../black_line.c", line 68: error #20: identifier "RIGHT_BLACK_THRESH" is undefined
"../black_line.c", line 75: warning #161-D: declaration is incompatible with previous "stop_on_line" (declared at line 31)
"../black_line.c", line 76: warning #225-D: function "stopall" declared implicitly
"../black_line.c", line 77: warning #225-D: function "strcpy" declared implicitly
"../black_line.c", line 92: warning #161-D: declaration is incompatible with previous "reverse_to_line" (declared at line 32)
"../black_line.c", line 93: warning #225-D: function "strcpy" declared implicitly
"../black_line.c", line 100: warning #225-D: function "spin_clockwise" declared implicitly
"../black_line.c", line 108: error #20: identifier "LEFT_BLACK_THRESH" is undefined
"../black_line.c", line 108: error #20: identifier "RIGHT_BLACK_THRESH" is undefined
"../black_line.c", line 115: remark #1544-D: (ULP 13.1) Detected loop counting up. Recommend loops count down as detecting zeros is easier
"../black_line.c", line 116: remark #2553-D: (ULP 14.1) Array index (involving "i") of type "int". Recommend using "unsigned int"
"../black_line.c", line 138: warning #161-D: declaration is incompatible with previous "adc_line" (declared at line 40)
"../black_line.c", line 142: remark #1544-D: (ULP 13.1) Detected loop counting up. Recommend loops count down as detecting zeros is easier
"../black_line.c", line 143: remark #1545-D: (ULP 14.1) Array index of type "int". Recommend using "unsigned int"
"../black_line.c", line 143: remark #2553-D: (ULP 14.1) Array index (involving "i") of type "int". Recommend using "unsigned int"
"../black_line.c", line 173: warning #225-D: function "strcpy" declared implicitly
"../black_line.c", line 179: warning #225-D: function "strcpy" declared implicitly
"../black_line.c", line 157: remark #1544-D: (ULP 13.1) Detected loop counting up. Recommend loops count down as detecting zeros is easier
"../black_line.c", line 158: remark #2553-D: (ULP 14.1) Array index (involving "j") of type "int". Recommend using "unsigned int"
"../black_line.c", line 158: remark #2553-D: (ULP 14.1) Array index (involving "j") of type "int". Recommend using "unsigned int"
"../black_line.c", line 165: remark #1544-D: (ULP 13.1) Detected loop counting up. Recommend loops count down as detecting zeros is easier
"../black_line.c", line 166: remark #2553-D: (ULP 14.1) Array index (involving "j") of type "int". Recommend using "unsigned int"
"../black_line.c", line 166: remark #2553-D: (ULP 14.1) Array index (involving "j") of type "int". Recommend using "unsigned int"
"../black_line.c", line 157: remark #1544-D: (ULP 13.1) Detected loop counting up. Recommend loops count down as detecting zeros is easier
"../black_line.c", line 158: remark #2553-D: (ULP 14.1) Array index (involving "j") of type "int". Recommend using "unsigned int"
"../black_line.c", line 158: remark #2553-D: (ULP 14.1) Array index (involving "j") of type "int". Recommend using "unsigned int"
"../black_line.c", line 165: remark #1544-D: (ULP 13.1) Detected loop counting up. Recommend loops count down as detecting zeros is easier
"../black_line.c", line 166: remark #2553-D: (ULP 14.1) Array index (involving "j") of type "int". Recommend using "unsigned int"
"../black_line.c", line 166: remark #2553-D: (ULP 14.1) Array index (involving "j") of type "int". Recommend using "unsigned int"
12 errors detected in the compilation of "../black_line.c".
gmake: *** [black_line.obj] Error 1
Building file: "../clocks.c"
Invoking: MSP430 Compiler
"D:/ccs/tools/compiler/ti-cgt-msp430_21.6.1.LTS/bin/cl430" -vmspx --use_hw_mpy=F5 --include_path="D:/ccs/ccs_base/msp430/include" --include_path="D:/ccs/Project 09/Project 09" --include_path="D:/ccs/tools/compiler/ti-cgt-msp430_21.6.1.LTS/include" --advice:power=all --advice:hw_config=all --define=__MSP430FR2355__ --define=_FRWP_ENABLE --define=_INFO_FRWP_ENABLE -g --printf_support=minimal --diag_warning=225 --diag_wrap=off --display_error_number --silicon_errata=CPU21 --silicon_errata=CPU22 --silicon_errata=CPU40 --preproc_with_compile --preproc_dependency="clocks.d_raw"  "../clocks.c"
 
>> Compilation failure
subdir_rules.mk:9: recipe for target 'clocks.obj' failed
"..\macros.h", line 211: error #20: identifier "uint16_t" is undefined
"..\macros.h", line 220: error #20: identifier "uint8_t" is undefined
"..\macros.h", line 221: error #20: identifier "uint8_t" is undefined
"..\macros.h", line 251: error #20: identifier "uint16_t" is undefined
"..\macros.h", line 252: error #20: identifier "uint16_t" is undefined
"..\macros.h", line 253: error #20: identifier "uint16_t" is undefined
"..\macros.h", line 254: error #20: identifier "uint16_t" is undefined
"..\macros.h", line 258: error #20: identifier "uint16_t" is undefined
"../clocks.c", line 86: error #20: identifier "MCLK_FREQ_MHZ" is undefined
"../clocks.c", line 87: remark #1527-D: (ULP 2.1) Detected SW delay loop using empty loop. Recommend using a timer module instead
"../clocks.c", line 120: remark #1527-D: (ULP 2.1) Detected SW delay loop using empty loop. Recommend using a timer module instead
9 errors detected in the compilation of "../clocks.c".
gmake: *** [clocks.obj] Error 1
Building file: "../command_parser.c"
Invoking: MSP430 Compiler
"D:/ccs/tools/compiler/ti-cgt-msp430_21.6.1.LTS/bin/cl430" -vmspx --use_hw_mpy=F5 --include_path="D:/ccs/ccs_base/msp430/include" --include_path="D:/ccs/Project 09/Project 09" --include_path="D:/ccs/tools/compiler/ti-cgt-msp430_21.6.1.LTS/include" --advice:power=all --advice:hw_config=all --define=__MSP430FR2355__ --define=_FRWP_ENABLE --define=_INFO_FRWP_ENABLE -g --printf_support=minimal --diag_warning=225 --diag_wrap=off --display_error_number --silicon_errata=CPU21 --silicon_errata=CPU22 --silicon_errata=CPU40 --preproc_with_compile --preproc_dependency="command_parser.d_raw"  "../command_parser.c"
 
>> Compilation failure
subdir_rules.mk:9: recipe for target 'command_parser.obj' failed
"..\macros.h", line 212: error #258: invalid redeclaration of type name "MoveCmd" (declared at line 39 of "..\movement.h")
"..\macros.h", line 219: error #148: declaration is incompatible with "MoveCmd move_queue[8]" (declared at line 41 of "..\movement.h")
2 errors detected in the compilation of "../command_parser.c".
gmake: *** [command_parser.obj] Error 1
Building file: "../init.c"
Invoking: MSP430 Compiler
"D:/ccs/tools/compiler/ti-cgt-msp430_21.6.1.LTS/bin/cl430" -vmspx --use_hw_mpy=F5 --include_path="D:/ccs/ccs_base/msp430/include" --include_path="D:/ccs/Project 09/Project 09" --include_path="D:/ccs/tools/compiler/ti-cgt-msp430_21.6.1.LTS/include" --advice:power=all --advice:hw_config=all --define=__MSP430FR2355__ --define=_FRWP_ENABLE --define=_INFO_FRWP_ENABLE -g --printf_support=minimal --diag_warning=225 --diag_wrap=off --display_error_number --silicon_errata=CPU21 --silicon_errata=CPU22 --silicon_errata=CPU40 --preproc_with_compile --preproc_dependency="init.d_raw"  "../init.c"
 
>> Compilation failure
subdir_rules.mk:9: recipe for target 'init.obj' failed
"..\macros.h", line 211: error #20: identifier "uint16_t" is undefined
"..\macros.h", line 220: error #20: identifier "uint8_t" is undefined
"..\macros.h", line 221: error #20: identifier "uint8_t" is undefined
"..\macros.h", line 251: error #20: identifier "uint16_t" is undefined
"..\macros.h", line 252: error #20: identifier "uint16_t" is undefined
"..\macros.h", line 253: error #20: identifier "uint16_t" is undefined
"..\macros.h", line 254: error #20: identifier "uint16_t" is undefined
"..\macros.h", line 258: error #20: identifier "uint16_t" is undefined
"../init.c", line 26: remark #1544-D: (ULP 13.1) Detected loop counting up. Recommend loops count down as detecting zeros is easier
"../init.c", line 27: remark #2553-D: (ULP 14.1) Array index (involving "i") of type "int". Recommend using "unsigned int"
"../init.c", line 28: remark #2553-D: (ULP 14.1) Array index (involving "i") of type "int". Recommend using "unsigned int"
"../init.c", line 29: remark #2553-D: (ULP 14.1) Array index (involving "i") of type "int". Recommend using "unsigned int"
"../init.c", line 30: remark #2553-D: (ULP 14.1) Array index (involving "i") of type "int". Recommend using "unsigned int"
"../init.c", line 59: error #20: identifier "RED_LED" is undefined
"../init.c", line 60: error #20: identifier "GRN_LED" is undefined
10 errors detected in the compilation of "../init.c".
gmake: *** [init.obj] Error 1
Building file: "../led.c"
Invoking: MSP430 Compiler
"D:/ccs/tools/compiler/ti-cgt-msp430_21.6.1.LTS/bin/cl430" -vmspx --use_hw_mpy=F5 --include_path="D:/ccs/ccs_base/msp430/include" --include_path="D:/ccs/Project 09/Project 09" --include_path="D:/ccs/tools/compiler/ti-cgt-msp430_21.6.1.LTS/include" --advice:power=all --advice:hw_config=all --define=__MSP430FR2355__ --define=_FRWP_ENABLE --define=_INFO_FRWP_ENABLE -g --printf_support=minimal --diag_warning=225 --diag_wrap=off --display_error_number --silicon_errata=CPU21 --silicon_errata=CPU22 --silicon_errata=CPU40 --preproc_with_compile --preproc_dependency="led.d_raw"  "../led.c"
 
>> Compilation failure
subdir_rules.mk:9: recipe for target 'led.obj' failed
"..\macros.h", line 211: error #20: identifier "uint16_t" is undefined
"..\macros.h", line 220: error #20: identifier "uint8_t" is undefined
"..\macros.h", line 221: error #20: identifier "uint8_t" is undefined
"..\macros.h", line 251: error #20: identifier "uint16_t" is undefined
"..\macros.h", line 252: error #20: identifier "uint16_t" is undefined
"..\macros.h", line 253: error #20: identifier "uint16_t" is undefined
"..\macros.h", line 254: error #20: identifier "uint16_t" is undefined
"..\macros.h", line 258: error #20: identifier "uint16_t" is undefined
"../led.c", line 43: error #20: identifier "GRN_LED" is undefined
"../led.c", line 49: error #20: identifier "RED_LED" is undefined
"../led.c", line 50: error #20: identifier "GRN_LED" is undefined
"../led.c", line 60: error #20: identifier "GRN_LED" is undefined
12 errors detected in the compilation of "../led.c".
gmake: *** [led.obj] Error 1
Building file: "../main.c"
Invoking: MSP430 Compiler
"D:/ccs/tools/compiler/ti-cgt-msp430_21.6.1.LTS/bin/cl430" -vmspx --use_hw_mpy=F5 --include_path="D:/ccs/ccs_base/msp430/include" --include_path="D:/ccs/Project 09/Project 09" --include_path="D:/ccs/tools/compiler/ti-cgt-msp430_21.6.1.LTS/include" --advice:power=all --advice:hw_config=all --define=__MSP430FR2355__ --define=_FRWP_ENABLE --define=_INFO_FRWP_ENABLE -g --printf_support=minimal --diag_warning=225 --diag_wrap=off --display_error_number --silicon_errata=CPU21 --silicon_errata=CPU22 --silicon_errata=CPU40 --preproc_with_compile --preproc_dependency="main.d_raw"  "../main.c"
 
>> Compilation failure
subdir_rules.mk:9: recipe for target 'main.obj' failed
"..\macros.h", line 211: error #20: identifier "uint16_t" is undefined
"..\macros.h", line 220: error #20: identifier "uint8_t" is undefined
"..\macros.h", line 221: error #20: identifier "uint8_t" is undefined
"..\macros.h", line 251: error #20: identifier "uint16_t" is undefined
"..\macros.h", line 252: error #20: identifier "uint16_t" is undefined
"..\macros.h", line 253: error #20: identifier "uint16_t" is undefined
"..\macros.h", line 254: error #20: identifier "uint16_t" is undefined
"..\macros.h", line 258: error #20: identifier "uint16_t" is undefined
"..\movement.h", line 39: error #258: invalid redeclaration of type name "MoveCmd" (declared at line 212 of "..\macros.h")
"..\movement.h", line 41: error #148: declaration is incompatible with "MoveCmd move_queue[8]" (declared at line 219 of "..\macros.h")
"../main.c", line 60: warning #225-D: function "movement_pwm_init" declared implicitly
"../main.c", line 96: warning #225-D: function "LCD_update" declared implicitly
10 errors detected in the compilation of "../main.c".
gmake: *** [main.obj] Error 1
Building file: "../movement.c"
Invoking: MSP430 Compiler
"D:/ccs/tools/compiler/ti-cgt-msp430_21.6.1.LTS/bin/cl430" -vmspx --use_hw_mpy=F5 --include_path="D:/ccs/ccs_base/msp430/include" --include_path="D:/ccs/Project 09/Project 09" --include_path="D:/ccs/tools/compiler/ti-cgt-msp430_21.6.1.LTS/include" --advice:power=all --advice:hw_config=all --define=__MSP430FR2355__ --define=_FRWP_ENABLE --define=_INFO_FRWP_ENABLE -g --printf_support=minimal --diag_warning=225 --diag_wrap=off --display_error_number --silicon_errata=CPU21 --silicon_errata=CPU22 --silicon_errata=CPU40 --preproc_with_compile --preproc_dependency="movement.d_raw"  "../movement.c"
 
>> Compilation failure
subdir_rules.mk:9: recipe for target 'movement.obj' failed
"..\macros.h", line 212: error #258: invalid redeclaration of type name "MoveCmd" (declared at line 39 of "..\movement.h")
"..\macros.h", line 219: error #148: declaration is incompatible with "MoveCmd move_queue[8]" (declared at line 41 of "..\movement.h")
"../movement.c", line 33: error #148: declaration is incompatible with "MoveCmd move_queue[8]" (declared at line 41 of "..\movement.h")
"../movement.c", line 38: remark #1530-D: (ULP 5.1) Detected modulo operation(s). Recommend moving them to RAM during run time or not using as these are processing/power intensive
"../movement.c", line 45: error #148: declaration is incompatible with "uint8_t movement_queue_pop(MoveCmd *)" (declared at line 46 of "..\movement.h")
"../movement.c", line 48: remark #1530-D: (ULP 5.1) Detected modulo operation(s). Recommend moving them to RAM during run time or not using as these are processing/power intensive
"../movement.c", line 118: warning #225-D: function "sprintf" declared implicitly
"../movement.c", line 118: remark #1532-D: (ULP 5.3) Detected sprintf() operation(s). Recommend moving them to RAM during run time or not using as these are processing/power intensive
4 errors detected in the compilation of "../movement.c".
gmake: *** [movement.obj] Error 1
Building file: "../ports.c"
Invoking: MSP430 Compiler
"D:/ccs/tools/compiler/ti-cgt-msp430_21.6.1.LTS/bin/cl430" -vmspx --use_hw_mpy=F5 --include_path="D:/ccs/ccs_base/msp430/include" --include_path="D:/ccs/Project 09/Project 09" --include_path="D:/ccs/tools/compiler/ti-cgt-msp430_21.6.1.LTS/include" --advice:power=all --advice:hw_config=all --define=__MSP430FR2355__ --define=_FRWP_ENABLE --define=_INFO_FRWP_ENABLE -g --printf_support=minimal --diag_warning=225 --diag_wrap=off --display_error_number --silicon_errata=CPU21 --silicon_errata=CPU22 --silicon_errata=CPU40 --preproc_with_compile --preproc_dependency="ports.d_raw"  "../ports.c"
 
>> Compilation failure
subdir_rules.mk:9: recipe for target 'ports.obj' failed
"..\macros.h", line 211: error #20: identifier "uint16_t" is undefined
"..\macros.h", line 220: error #20: identifier "uint8_t" is undefined
"..\macros.h", line 221: error #20: identifier "uint8_t" is undefined
"..\macros.h", line 251: error #20: identifier "uint16_t" is undefined
"..\macros.h", line 252: error #20: identifier "uint16_t" is undefined
"..\macros.h", line 253: error #20: identifier "uint16_t" is undefined
"..\macros.h", line 254: error #20: identifier "uint16_t" is undefined
"..\macros.h", line 258: error #20: identifier "uint16_t" is undefined
"../ports.c", line 21: warning #225-D: function "Init_Port_1" declared implicitly
"../ports.c", line 22: warning #225-D: function "Init_Port_2" declared implicitly
"../ports.c", line 23: warning #225-D: function "Init_Port_3" declared implicitly
"../ports.c", line 24: warning #225-D: function "Init_Port_4" declared implicitly
"../ports.c", line 25: warning #225-D: function "Init_Port_5" declared implicitly
"../ports.c", line 26: warning #225-D: function "Init_Port_6" declared implicitly
"../ports.c", line 32: warning #161-D: declaration is incompatible with previous "Init_Port_1" (declared at line 21)
"../ports.c", line 91: warning #161-D: declaration is incompatible with previous "Init_Port_2" (declared at line 22)
"../ports.c", line 147: warning #161-D: declaration is incompatible with previous "Init_Port_3" (declared at line 23)
"../ports.c", line 206: warning #161-D: declaration is incompatible with previous "Init_Port_4" (declared at line 24)
"../ports.c", line 256: warning #161-D: declaration is incompatible with previous "Init_Port_5" (declared at line 25)
"../ports.c", line 295: warning #161-D: declaration is incompatible with previous "Init_Port_6" (declared at line 26)
8 errors detected in the compilation of "../ports.c".
gmake: *** [ports.obj] Error 1
Building file: "../states.c"
Invoking: MSP430 Compiler
"D:/ccs/tools/compiler/ti-cgt-msp430_21.6.1.LTS/bin/cl430" -vmspx --use_hw_mpy=F5 --include_path="D:/ccs/ccs_base/msp430/include" --include_path="D:/ccs/Project 09/Project 09" --include_path="D:/ccs/tools/compiler/ti-cgt-msp430_21.6.1.LTS/include" --advice:power=all --advice:hw_config=all --define=__MSP430FR2355__ --define=_FRWP_ENABLE --define=_INFO_FRWP_ENABLE -g --printf_support=minimal --diag_warning=225 --diag_wrap=off --display_error_number --silicon_errata=CPU21 --silicon_errata=CPU22 --silicon_errata=CPU40 --preproc_with_compile --preproc_dependency="states.d_raw"  "../states.c"
 
>> Compilation failure
subdir_rules.mk:9: recipe for target 'states.obj' failed
"..\macros.h", line 211: error #20: identifier "uint16_t" is undefined
"..\macros.h", line 220: error #20: identifier "uint8_t" is undefined
"..\macros.h", line 221: error #20: identifier "uint8_t" is undefined
"..\macros.h", line 251: error #20: identifier "uint16_t" is undefined
"..\macros.h", line 252: error #20: identifier "uint16_t" is undefined
"..\macros.h", line 253: error #20: identifier "uint16_t" is undefined
"..\macros.h", line 254: error #20: identifier "uint16_t" is undefined
"..\macros.h", line 258: error #20: identifier "uint16_t" is undefined
"../states.c", line 35: warning #225-D: function "wait_case" declared implicitly
"../states.c", line 38: warning #225-D: function "start_case" declared implicitly
"../states.c", line 41: warning #225-D: function "run_case" declared implicitly
"../states.c", line 44: warning #225-D: function "end_case" declared implicitly
"../states.c", line 50: warning #161-D: declaration is incompatible with previous "start_case" (declared at line 38)
"../states.c", line 54: warning #225-D: function "moveforward" declared implicitly
"../states.c", line 59: warning #161-D: declaration is incompatible with previous "run_case" (declared at line 41)
"../states.c", line 74: warning #225-D: function "moveforward" declared implicitly
"../states.c", line 85: warning #225-D: function "wait_case" declared implicitly
"../states.c", line 86: warning #225-D: function "start_case_circle" declared implicitly
"../states.c", line 87: warning #225-D: function "run_case_circle" declared implicitly
"../states.c", line 88: warning #225-D: function "end_case" declared implicitly
"../states.c", line 93: warning #161-D: declaration is incompatible with previous "wait_case" (declared at line 35)
"../states.c", line 103: warning #161-D: declaration is incompatible with previous "start_case_circle" (declared at line 86)
"../states.c", line 107: warning #225-D: function "moveforward" declared implicitly
"../states.c", line 112: warning #161-D: declaration is incompatible with previous "run_case_circle" (declared at line 87)
"../states.c", line 133: warning #225-D: function "moveforward" declared implicitly
"../states.c", line 141: warning #161-D: declaration is incompatible with previous "end_case" (declared at line 44)
"../states.c", line 142: warning #225-D: function "stopall" declared implicitly
"../states.c", line 151: warning #225-D: function "start_case_triangle" declared implicitly
"../states.c", line 152: warning #225-D: function "run_case_triangle" declared implicitly
"../states.c", line 158: warning #161-D: declaration is incompatible with previous "start_case_triangle" (declared at line 151)
"../states.c", line 162: warning #225-D: function "moveforward" declared implicitly
"../states.c", line 169: warning #161-D: declaration is incompatible with previous "run_case_triangle" (declared at line 152)
"../states.c", line 192: warning #225-D: function "moveforward" declared implicitly
"../states.c", line 203: warning #188-D: pointless comparison of unsigned integer with zero
"../states.c", line 217: warning #225-D: function "moveforward" declared implicitly
"../states.c", line 238: warning #225-D: function "start_case_figure8" declared implicitly
"../states.c", line 239: warning #225-D: function "run_case_figure8" declared implicitly
"../states.c", line 246: warning #161-D: declaration is incompatible with previous "start_case_figure8" (declared at line 238)
"../states.c", line 250: warning #225-D: function "moveforward" declared implicitly
"../states.c", line 258: warning #161-D: declaration is incompatible with previous "run_case_figure8" (declared at line 239)
"../states.c", line 289: warning #225-D: function "moveforward" declared implicitly
"../states.c", line 300: warning #225-D: function "moveforward" declared implicitly
"../states.c", line 24: remark #1535-D: (ULP 8.1) variable "event" is used as a constant. Recommend declaring variable as either 'static const' or 'const'
8 errors detected in the compilation of "../states.c".
gmake: *** [states.obj] Error 1
Building file: "../switches.c"
Invoking: MSP430 Compiler
"D:/ccs/tools/compiler/ti-cgt-msp430_21.6.1.LTS/bin/cl430" -vmspx --use_hw_mpy=F5 --include_path="D:/ccs/ccs_base/msp430/include" --include_path="D:/ccs/Project 09/Project 09" --include_path="D:/ccs/tools/compiler/ti-cgt-msp430_21.6.1.LTS/include" --advice:power=all --advice:hw_config=all --define=__MSP430FR2355__ --define=_FRWP_ENABLE --define=_INFO_FRWP_ENABLE -g --printf_support=minimal --diag_warning=225 --diag_wrap=off --display_error_number --silicon_errata=CPU21 --silicon_errata=CPU22 --silicon_errata=CPU40 --preproc_with_compile --preproc_dependency="switches.d_raw"  "../switches.c"
 
>> Compilation failure
subdir_rules.mk:9: recipe for target 'switches.obj' failed
"..\macros.h", line 211: error #20: identifier "uint16_t" is undefined
"..\macros.h", line 220: error #20: identifier "uint8_t" is undefined
"..\macros.h", line 221: error #20: identifier "uint8_t" is undefined
"..\macros.h", line 251: error #20: identifier "uint16_t" is undefined
"..\macros.h", line 252: error #20: identifier "uint16_t" is undefined
"..\macros.h", line 253: error #20: identifier "uint16_t" is undefined
"..\macros.h", line 254: error #20: identifier "uint16_t" is undefined
"..\macros.h", line 258: error #20: identifier "uint16_t" is undefined
"../switches.c", line 16: remark #1527-D: (ULP 2.1) Detected SW delay loop using __delay_cycles. Recommend using a timer module instead
"../switches.c", line 19: remark #1527-D: (ULP 2.1) Detected SW delay loop using empty loop. Recommend using a timer module instead
"../switches.c", line 25: remark #1527-D: (ULP 2.1) Detected SW delay loop using __delay_cycles. Recommend using a timer module instead
"../switches.c", line 28: remark #1527-D: (ULP 2.1) Detected SW delay loop using empty loop. Recommend using a timer module instead
8 errors detected in the compilation of "../switches.c".
gmake: *** [switches.obj] Error 1
Building file: "../serial.c"
Invoking: MSP430 Compiler
"D:/ccs/tools/compiler/ti-cgt-msp430_21.6.1.LTS/bin/cl430" -vmspx --use_hw_mpy=F5 --include_path="D:/ccs/ccs_base/msp430/include" --include_path="D:/ccs/Project 09/Project 09" --include_path="D:/ccs/tools/compiler/ti-cgt-msp430_21.6.1.LTS/include" --advice:power=all --advice:hw_config=all --define=__MSP430FR2355__ --define=_FRWP_ENABLE --define=_INFO_FRWP_ENABLE -g --printf_support=minimal --diag_warning=225 --diag_wrap=off --display_error_number --silicon_errata=CPU21 --silicon_errata=CPU22 --silicon_errata=CPU40 --preproc_with_compile --preproc_dependency="serial.d_raw"  "../serial.c"
Finished building: "../serial.c"
 
Building file: "../system.c"
Invoking: MSP430 Compiler
"D:/ccs/tools/compiler/ti-cgt-msp430_21.6.1.LTS/bin/cl430" -vmspx --use_hw_mpy=F5 --include_path="D:/ccs/ccs_base/msp430/include" --include_path="D:/ccs/Project 09/Project 09" --include_path="D:/ccs/tools/compiler/ti-cgt-msp430_21.6.1.LTS/include" --advice:power=all --advice:hw_config=all --define=__MSP430FR2355__ --define=_FRWP_ENABLE --define=_INFO_FRWP_ENABLE -g --printf_support=minimal --diag_warning=225 --diag_wrap=off --display_error_number --silicon_errata=CPU21 --silicon_errata=CPU22 --silicon_errata=CPU40 --preproc_with_compile --preproc_dependency="system.d_raw"  "../system.c"
 
>> Compilation failure
subdir_rules.mk:9: recipe for target 'system.obj' failed
"..\macros.h", line 211: error #20: identifier "uint16_t" is undefined
"..\macros.h", line 220: error #20: identifier "uint8_t" is undefined
"..\macros.h", line 221: error #20: identifier "uint8_t" is undefined
"..\macros.h", line 251: error #20: identifier "uint16_t" is undefined
"..\macros.h", line 252: error #20: identifier "uint16_t" is undefined
"..\macros.h", line 253: error #20: identifier "uint16_t" is undefined
"..\macros.h", line 254: error #20: identifier "uint16_t" is undefined
"..\macros.h", line 258: error #20: identifier "uint16_t" is undefined
8 errors detected in the compilation of "../system.c".
gmake: *** [system.obj] Error 1
Building file: "../timers.c"
Invoking: MSP430 Compiler
"D:/ccs/tools/compiler/ti-cgt-msp430_21.6.1.LTS/bin/cl430" -vmspx --use_hw_mpy=F5 --include_path="D:/ccs/ccs_base/msp430/include" --include_path="D:/ccs/Project 09/Project 09" --include_path="D:/ccs/tools/compiler/ti-cgt-msp430_21.6.1.LTS/include" --advice:power=all --advice:hw_config=all --define=__MSP430FR2355__ --define=_FRWP_ENABLE --define=_INFO_FRWP_ENABLE -g --printf_support=minimal --diag_warning=225 --diag_wrap=off --display_error_number --silicon_errata=CPU21 --silicon_errata=CPU22 --silicon_errata=CPU40 --preproc_with_compile --preproc_dependency="timers.d_raw"  "../timers.c"
 
>> Compilation failure
subdir_rules.mk:9: recipe for target 'timers.obj' failed
"..\macros.h", line 211: error #20: identifier "uint16_t" is undefined
"..\macros.h", line 220: error #20: identifier "uint8_t" is undefined
"..\macros.h", line 221: error #20: identifier "uint8_t" is undefined
"..\macros.h", line 251: error #20: identifier "uint16_t" is undefined
"..\macros.h", line 252: error #20: identifier "uint16_t" is undefined
"..\macros.h", line 253: error #20: identifier "uint16_t" is undefined
"..\macros.h", line 254: error #20: identifier "uint16_t" is undefined
"..\macros.h", line 258: error #20: identifier "uint16_t" is undefined
8 errors detected in the compilation of "../timers.c".
gmake: *** [timers.obj] Error 1
Building file: "../timers_move.c"
Invoking: MSP430 Compiler
"D:/ccs/tools/compiler/ti-cgt-msp430_21.6.1.LTS/bin/cl430" -vmspx --use_hw_mpy=F5 --include_path="D:/ccs/ccs_base/msp430/include" --include_path="D:/ccs/Project 09/Project 09" --include_path="D:/ccs/tools/compiler/ti-cgt-msp430_21.6.1.LTS/include" --advice:power=all --advice:hw_config=all --define=__MSP430FR2355__ --define=_FRWP_ENABLE --define=_INFO_FRWP_ENABLE -g --printf_support=minimal --diag_warning=225 --diag_wrap=off --display_error_number --silicon_errata=CPU21 --silicon_errata=CPU22 --silicon_errata=CPU40 --preproc_with_compile --preproc_dependency="timers_move.d_raw"  "../timers_move.c"
 
>> Compilation failure
subdir_rules.mk:9: recipe for target 'timers_move.obj' failed
"..\macros.h", line 211: error #20: identifier "uint16_t" is undefined
"..\macros.h", line 220: error #20: identifier "uint8_t" is undefined
"..\macros.h", line 221: error #20: identifier "uint8_t" is undefined
"..\macros.h", line 251: error #20: identifier "uint16_t" is undefined
"..\macros.h", line 252: error #20: identifier "uint16_t" is undefined
"..\macros.h", line 253: error #20: identifier "uint16_t" is undefined
"..\macros.h", line 254: error #20: identifier "uint16_t" is undefined
"..\macros.h", line 258: error #20: identifier "uint16_t" is undefined
"../timers_move.c", line 57: warning #225-D: function "moveforward" declared implicitly
"../timers_move.c", line 61: warning #225-D: function "stopall" declared implicitly
"../timers_move.c", line 65: warning #225-D: function "movereverse" declared implicitly
"../timers_move.c", line 82: warning #225-D: function "spin_clockwise" declared implicitly
"../timers_move.c", line 90: warning #225-D: function "spin_counterclockwise" declared implicitly
8 errors detected in the compilation of "../timers_move.c".
gmake: *** [timers_move.obj] Error 1
Building file: "../wheels.c"
Invoking: MSP430 Compiler
"D:/ccs/tools/compiler/ti-cgt-msp430_21.6.1.LTS/bin/cl430" -vmspx --use_hw_mpy=F5 --include_path="D:/ccs/ccs_base/msp430/include" --include_path="D:/ccs/Project 09/Project 09" --include_path="D:/ccs/tools/compiler/ti-cgt-msp430_21.6.1.LTS/include" --advice:power=all --advice:hw_config=all --define=__MSP430FR2355__ --define=_FRWP_ENABLE --define=_INFO_FRWP_ENABLE -g --printf_support=minimal --diag_warning=225 --diag_wrap=off --display_error_number --silicon_errata=CPU21 --silicon_errata=CPU22 --silicon_errata=CPU40 --preproc_with_compile --preproc_dependency="wheels.d_raw"  "../wheels.c"
 
>> Compilation failure
subdir_rules.mk:9: recipe for target 'wheels.obj' failed
"..\macros.h", line 211: error #20: identifier "uint16_t" is undefined
"..\macros.h", line 220: error #20: identifier "uint8_t" is undefined
"..\macros.h", line 221: error #20: identifier "uint8_t" is undefined
"..\macros.h", line 251: error #20: identifier "uint16_t" is undefined
"..\macros.h", line 252: error #20: identifier "uint16_t" is undefined
"..\macros.h", line 253: error #20: identifier "uint16_t" is undefined
"..\macros.h", line 254: error #20: identifier "uint16_t" is undefined
"..\macros.h", line 258: error #20: identifier "uint16_t" is undefined
8 errors detected in the compilation of "../wheels.c".
gmake: *** [wheels.obj] Error 1
gmake: Target 'all' not remade because of errors.

**** Build Finished ****

**** Build of configuration Debug for project Project 09 ****

"D:\\ccs\\utils\\bin\\gmake" -k -j 16 all -O 
 
Building file: "../Display.c"
Invoking: MSP430 Compiler
"D:/ccs/tools/compiler/ti-cgt-msp430_21.6.1.LTS/bin/cl430" -vmspx --use_hw_mpy=F5 --include_path="D:/ccs/ccs_base/msp430/include" --include_path="D:/ccs/Project 09/Project 09" --include_path="D:/ccs/tools/compiler/ti-cgt-msp430_21.6.1.LTS/include" --advice:power=all --advice:hw_config=all --define=__MSP430FR2355__ --define=_FRWP_ENABLE --define=_INFO_FRWP_ENABLE -g --printf_support=minimal --diag_warning=225 --diag_wrap=off --display_error_number --silicon_errata=CPU21 --silicon_errata=CPU22 --silicon_errata=CPU40 --preproc_with_compile --preproc_dependency="Display.d_raw"  "../Display.c"
 
>> Compilation failure
subdir_rules.mk:9: recipe for target 'Display.obj' failed
"..\macros.h", line 211: error #20: identifier "uint16_t" is undefined
"..\macros.h", line 220: error #20: identifier "uint8_t" is undefined
"..\macros.h", line 221: error #20: identifier "uint8_t" is undefined
"..\macros.h", line 251: error #20: identifier "uint16_t" is undefined
"..\macros.h", line 252: error #20: identifier "uint16_t" is undefined
"..\macros.h", line 253: error #20: identifier "uint16_t" is undefined
"..\macros.h", line 254: error #20: identifier "uint16_t" is undefined
"..\macros.h", line 258: error #20: identifier "uint16_t" is undefined
8 errors detected in the compilation of "../Display.c".
gmake: *** [Display.obj] Error 1
Building file: "../IOTTrans.c"
Invoking: MSP430 Compiler
"D:/ccs/tools/compiler/ti-cgt-msp430_21.6.1.LTS/bin/cl430" -vmspx --use_hw_mpy=F5 --include_path="D:/ccs/ccs_base/msp430/include" --include_path="D:/ccs/Project 09/Project 09" --include_path="D:/ccs/tools/compiler/ti-cgt-msp430_21.6.1.LTS/include" --advice:power=all --advice:hw_config=all --define=__MSP430FR2355__ --define=_FRWP_ENABLE --define=_INFO_FRWP_ENABLE -g --printf_support=minimal --diag_warning=225 --diag_wrap=off --display_error_number --silicon_errata=CPU21 --silicon_errata=CPU22 --silicon_errata=CPU40 --preproc_with_compile --preproc_dependency="IOTTrans.d_raw"  "../IOTTrans.c"
 
>> Compilation failure
subdir_rules.mk:9: recipe for target 'IOTTrans.obj' failed
"..\macros.h", line 212: error #258: invalid redeclaration of type name "MoveCmd" (declared at line 39 of "..\movement.h")
"..\macros.h", line 219: error #148: declaration is incompatible with "MoveCmd move_queue[8]" (declared at line 41 of "..\movement.h")
"../IOTTrans.c", line 49: warning #174-D: external/internal linkage conflict with previous declaration
"../IOTTrans.c", line 50: warning #174-D: external/internal linkage conflict with previous declaration
"../IOTTrans.c", line 83: warning #174-D: external/internal linkage conflict with previous declaration
"../IOTTrans.c", line 84: remark #1528-D: (ULP 3.1) Detected flag polling using UCA1IFG. Recommend using an interrupt combined with enter LPMx and ISR
"../IOTTrans.c", line 88: warning #174-D: external/internal linkage conflict with previous declaration
"../IOTTrans.c", line 89: remark #1528-D: (ULP 3.1) Detected flag polling using UCA0IFG. Recommend using an interrupt combined with enter LPMx and ISR
"../IOTTrans.c", line 166: remark #1538-D: (ULP 10.1) ISR EUSCI_A0_ISR calls function process_wifi_message. Recommend moving function call away from ISR, or inlining the function, or using pragmas
"../IOTTrans.c", line 166: remark #1538-D: (ULP 10.1) ISR EUSCI_A0_ISR calls function process_wifi_message. Recommend moving function call away from ISR, or inlining the function, or using pragmas
"../IOTTrans.c", line 50: remark #1534-D: (ULP 7.1) Detected use of global variable "wifi_rx_index" within one function "EUSCI_A0_ISR". Recommend placing variable in the function locally
2 errors detected in the compilation of "../IOTTrans.c".
gmake: *** [IOTTrans.obj] Error 1
Building file: "../adc.c"
Invoking: MSP430 Compiler
"D:/ccs/tools/compiler/ti-cgt-msp430_21.6.1.LTS/bin/cl430" -vmspx --use_hw_mpy=F5 --include_path="D:/ccs/ccs_base/msp430/include" --include_path="D:/ccs/Project 09/Project 09" --include_path="D:/ccs/tools/compiler/ti-cgt-msp430_21.6.1.LTS/include" --advice:power=all --advice:hw_config=all --define=__MSP430FR2355__ --define=_FRWP_ENABLE --define=_INFO_FRWP_ENABLE -g --printf_support=minimal --diag_warning=225 --diag_wrap=off --display_error_number --silicon_errata=CPU21 --silicon_errata=CPU22 --silicon_errata=CPU40 --preproc_with_compile --preproc_dependency="adc.d_raw"  "../adc.c"
 
>> Compilation failure
subdir_rules.mk:9: recipe for target 'adc.obj' failed
"..\macros.h", line 211: error #20: identifier "uint16_t" is undefined
"..\macros.h", line 220: error #20: identifier "uint8_t" is undefined
"..\macros.h", line 221: error #20: identifier "uint8_t" is undefined
"..\macros.h", line 251: error #20: identifier "uint16_t" is undefined
"..\macros.h", line 252: error #20: identifier "uint16_t" is undefined
"..\macros.h", line 253: error #20: identifier "uint16_t" is undefined
"..\macros.h", line 254: error #20: identifier "uint16_t" is undefined
"..\macros.h", line 258: error #20: identifier "uint16_t" is undefined
8 errors detected in the compilation of "../adc.c".
gmake: *** [adc.obj] Error 1
Building file: "../black_line.c"
Invoking: MSP430 Compiler
"D:/ccs/tools/compiler/ti-cgt-msp430_21.6.1.LTS/bin/cl430" -vmspx --use_hw_mpy=F5 --include_path="D:/ccs/ccs_base/msp430/include" --include_path="D:/ccs/Project 09/Project 09" --include_path="D:/ccs/tools/compiler/ti-cgt-msp430_21.6.1.LTS/include" --advice:power=all --advice:hw_config=all --define=__MSP430FR2355__ --define=_FRWP_ENABLE --define=_INFO_FRWP_ENABLE -g --printf_support=minimal --diag_warning=225 --diag_wrap=off --display_error_number --silicon_errata=CPU21 --silicon_errata=CPU22 --silicon_errata=CPU40 --preproc_with_compile --preproc_dependency="black_line.d_raw"  "../black_line.c"
 
>> Compilation failure
subdir_rules.mk:9: recipe for target 'black_line.obj' failed
"..\macros.h", line 211: error #20: identifier "uint16_t" is undefined
"..\macros.h", line 220: error #20: identifier "uint8_t" is undefined
"..\macros.h", line 221: error #20: identifier "uint8_t" is undefined
"..\macros.h", line 251: error #20: identifier "uint16_t" is undefined
"..\macros.h", line 252: error #20: identifier "uint16_t" is undefined
"..\macros.h", line 253: error #20: identifier "uint16_t" is undefined
"..\macros.h", line 254: error #20: identifier "uint16_t" is undefined
"..\macros.h", line 258: error #20: identifier "uint16_t" is undefined
"../black_line.c", line 30: warning #225-D: function "search_line" declared implicitly
"../black_line.c", line 31: warning #225-D: function "stop_on_line" declared implicitly
"../black_line.c", line 32: warning #225-D: function "reverse_to_line" declared implicitly
"../black_line.c", line 34: warning #225-D: function "stopall" declared implicitly
"../black_line.c", line 35: warning #225-D: function "strcpy" declared implicitly
"../black_line.c", line 40: warning #225-D: function "adc_line" declared implicitly
"../black_line.c", line 46: warning #161-D: declaration is incompatible with previous "search_line" (declared at line 30)
"../black_line.c", line 47: warning #225-D: function "strcpy" declared implicitly
"../black_line.c", line 54: warning #225-D: function "stopall" declared implicitly
"../black_line.c", line 56: warning #225-D: function "moveforward" declared implicitly
"../black_line.c", line 60: warning #225-D: function "moveforward" declared implicitly
"../black_line.c", line 68: error #20: identifier "LEFT_BLACK_THRESH" is undefined
"../black_line.c", line 68: error #20: identifier "RIGHT_BLACK_THRESH" is undefined
"../black_line.c", line 75: warning #161-D: declaration is incompatible with previous "stop_on_line" (declared at line 31)
"../black_line.c", line 76: warning #225-D: function "stopall" declared implicitly
"../black_line.c", line 77: warning #225-D: function "strcpy" declared implicitly
"../black_line.c", line 92: warning #161-D: declaration is incompatible with previous "reverse_to_line" (declared at line 32)
"../black_line.c", line 93: warning #225-D: function "strcpy" declared implicitly
"../black_line.c", line 100: warning #225-D: function "spin_clockwise" declared implicitly
"../black_line.c", line 108: error #20: identifier "LEFT_BLACK_THRESH" is undefined
"../black_line.c", line 108: error #20: identifier "RIGHT_BLACK_THRESH" is undefined
"../black_line.c", line 115: remark #1544-D: (ULP 13.1) Detected loop counting up. Recommend loops count down as detecting zeros is easier
"../black_line.c", line 116: remark #2553-D: (ULP 14.1) Array index (involving "i") of type "int". Recommend using "unsigned int"
"../black_line.c", line 138: warning #161-D: declaration is incompatible with previous "adc_line" (declared at line 40)
"../black_line.c", line 142: remark #1544-D: (ULP 13.1) Detected loop counting up. Recommend loops count down as detecting zeros is easier
"../black_line.c", line 143: remark #1545-D: (ULP 14.1) Array index of type "int". Recommend using "unsigned int"
"../black_line.c", line 143: remark #2553-D: (ULP 14.1) Array index (involving "i") of type "int". Recommend using "unsigned int"
"../black_line.c", line 173: warning #225-D: function "strcpy" declared implicitly
"../black_line.c", line 179: warning #225-D: function "strcpy" declared implicitly
"../black_line.c", line 157: remark #1544-D: (ULP 13.1) Detected loop counting up. Recommend loops count down as detecting zeros is easier
"../black_line.c", line 158: remark #2553-D: (ULP 14.1) Array index (involving "j") of type "int". Recommend using "unsigned int"
"../black_line.c", line 158: remark #2553-D: (ULP 14.1) Array index (involving "j") of type "int". Recommend using "unsigned int"
"../black_line.c", line 165: remark #1544-D: (ULP 13.1) Detected loop counting up. Recommend loops count down as detecting zeros is easier
"../black_line.c", line 166: remark #2553-D: (ULP 14.1) Array index (involving "j") of type "int". Recommend using "unsigned int"
"../black_line.c", line 166: remark #2553-D: (ULP 14.1) Array index (involving "j") of type "int". Recommend using "unsigned int"
"../black_line.c", line 157: remark #1544-D: (ULP 13.1) Detected loop counting up. Recommend loops count down as detecting zeros is easier
"../black_line.c", line 158: remark #2553-D: (ULP 14.1) Array index (involving "j") of type "int". Recommend using "unsigned int"
"../black_line.c", line 158: remark #2553-D: (ULP 14.1) Array index (involving "j") of type "int". Recommend using "unsigned int"
"../black_line.c", line 165: remark #1544-D: (ULP 13.1) Detected loop counting up. Recommend loops count down as detecting zeros is easier
"../black_line.c", line 166: remark #2553-D: (ULP 14.1) Array index (involving "j") of type "int". Recommend using "unsigned int"
"../black_line.c", line 166: remark #2553-D: (ULP 14.1) Array index (involving "j") of type "int". Recommend using "unsigned int"
12 errors detected in the compilation of "../black_line.c".
gmake: *** [black_line.obj] Error 1
Building file: "../clocks.c"
Invoking: MSP430 Compiler
"D:/ccs/tools/compiler/ti-cgt-msp430_21.6.1.LTS/bin/cl430" -vmspx --use_hw_mpy=F5 --include_path="D:/ccs/ccs_base/msp430/include" --include_path="D:/ccs/Project 09/Project 09" --include_path="D:/ccs/tools/compiler/ti-cgt-msp430_21.6.1.LTS/include" --advice:power=all --advice:hw_config=all --define=__MSP430FR2355__ --define=_FRWP_ENABLE --define=_INFO_FRWP_ENABLE -g --printf_support=minimal --diag_warning=225 --diag_wrap=off --display_error_number --silicon_errata=CPU21 --silicon_errata=CPU22 --silicon_errata=CPU40 --preproc_with_compile --preproc_dependency="clocks.d_raw"  "../clocks.c"
 
>> Compilation failure
subdir_rules.mk:9: recipe for target 'clocks.obj' failed
"..\macros.h", line 211: error #20: identifier "uint16_t" is undefined
"..\macros.h", line 220: error #20: identifier "uint8_t" is undefined
"..\macros.h", line 221: error #20: identifier "uint8_t" is undefined
"..\macros.h", line 251: error #20: identifier "uint16_t" is undefined
"..\macros.h", line 252: error #20: identifier "uint16_t" is undefined
"..\macros.h", line 253: error #20: identifier "uint16_t" is undefined
"..\macros.h", line 254: error #20: identifier "uint16_t" is undefined
"..\macros.h", line 258: error #20: identifier "uint16_t" is undefined
"../clocks.c", line 86: error #20: identifier "MCLK_FREQ_MHZ" is undefined
"../clocks.c", line 87: remark #1527-D: (ULP 2.1) Detected SW delay loop using empty loop. Recommend using a timer module instead
"../clocks.c", line 120: remark #1527-D: (ULP 2.1) Detected SW delay loop using empty loop. Recommend using a timer module instead
9 errors detected in the compilation of "../clocks.c".
gmake: *** [clocks.obj] Error 1
Building file: "../command_parser.c"
Invoking: MSP430 Compiler
"D:/ccs/tools/compiler/ti-cgt-msp430_21.6.1.LTS/bin/cl430" -vmspx --use_hw_mpy=F5 --include_path="D:/ccs/ccs_base/msp430/include" --include_path="D:/ccs/Project 09/Project 09" --include_path="D:/ccs/tools/compiler/ti-cgt-msp430_21.6.1.LTS/include" --advice:power=all --advice:hw_config=all --define=__MSP430FR2355__ --define=_FRWP_ENABLE --define=_INFO_FRWP_ENABLE -g --printf_support=minimal --diag_warning=225 --diag_wrap=off --display_error_number --silicon_errata=CPU21 --silicon_errata=CPU22 --silicon_errata=CPU40 --preproc_with_compile --preproc_dependency="command_parser.d_raw"  "../command_parser.c"
 
>> Compilation failure
subdir_rules.mk:9: recipe for target 'command_parser.obj' failed
"..\macros.h", line 212: error #258: invalid redeclaration of type name "MoveCmd" (declared at line 39 of "..\movement.h")
"..\macros.h", line 219: error #148: declaration is incompatible with "MoveCmd move_queue[8]" (declared at line 41 of "..\movement.h")
2 errors detected in the compilation of "../command_parser.c".
gmake: *** [command_parser.obj] Error 1
Building file: "../init.c"
Invoking: MSP430 Compiler
"D:/ccs/tools/compiler/ti-cgt-msp430_21.6.1.LTS/bin/cl430" -vmspx --use_hw_mpy=F5 --include_path="D:/ccs/ccs_base/msp430/include" --include_path="D:/ccs/Project 09/Project 09" --include_path="D:/ccs/tools/compiler/ti-cgt-msp430_21.6.1.LTS/include" --advice:power=all --advice:hw_config=all --define=__MSP430FR2355__ --define=_FRWP_ENABLE --define=_INFO_FRWP_ENABLE -g --printf_support=minimal --diag_warning=225 --diag_wrap=off --display_error_number --silicon_errata=CPU21 --silicon_errata=CPU22 --silicon_errata=CPU40 --preproc_with_compile --preproc_dependency="init.d_raw"  "../init.c"
 
>> Compilation failure
subdir_rules.mk:9: recipe for target 'init.obj' failed
"..\macros.h", line 211: error #20: identifier "uint16_t" is undefined
"..\macros.h", line 220: error #20: identifier "uint8_t" is undefined
"..\macros.h", line 221: error #20: identifier "uint8_t" is undefined
"..\macros.h", line 251: error #20: identifier "uint16_t" is undefined
"..\macros.h", line 252: error #20: identifier "uint16_t" is undefined
"..\macros.h", line 253: error #20: identifier "uint16_t" is undefined
"..\macros.h", line 254: error #20: identifier "uint16_t" is undefined
"..\macros.h", line 258: error #20: identifier "uint16_t" is undefined
"../init.c", line 28: remark #1544-D: (ULP 13.1) Detected loop counting up. Recommend loops count down as detecting zeros is easier
"../init.c", line 29: remark #2553-D: (ULP 14.1) Array index (involving "i") of type "int". Recommend using "unsigned int"
"../init.c", line 30: remark #2553-D: (ULP 14.1) Array index (involving "i") of type "int". Recommend using "unsigned int"
"../init.c", line 31: remark #2553-D: (ULP 14.1) Array index (involving "i") of type "int". Recommend using "unsigned int"
"../init.c", line 32: remark #2553-D: (ULP 14.1) Array index (involving "i") of type "int". Recommend using "unsigned int"
8 errors detected in the compilation of "../init.c".
gmake: *** [init.obj] Error 1
Building file: "../led.c"
Invoking: MSP430 Compiler
"D:/ccs/tools/compiler/ti-cgt-msp430_21.6.1.LTS/bin/cl430" -vmspx --use_hw_mpy=F5 --include_path="D:/ccs/ccs_base/msp430/include" --include_path="D:/ccs/Project 09/Project 09" --include_path="D:/ccs/tools/compiler/ti-cgt-msp430_21.6.1.LTS/include" --advice:power=all --advice:hw_config=all --define=__MSP430FR2355__ --define=_FRWP_ENABLE --define=_INFO_FRWP_ENABLE -g --printf_support=minimal --diag_warning=225 --diag_wrap=off --display_error_number --silicon_errata=CPU21 --silicon_errata=CPU22 --silicon_errata=CPU40 --preproc_with_compile --preproc_dependency="led.d_raw"  "../led.c"
 
>> Compilation failure
subdir_rules.mk:9: recipe for target 'led.obj' failed
"..\macros.h", line 211: error #20: identifier "uint16_t" is undefined
"..\macros.h", line 220: error #20: identifier "uint8_t" is undefined
"..\macros.h", line 221: error #20: identifier "uint8_t" is undefined
"..\macros.h", line 251: error #20: identifier "uint16_t" is undefined
"..\macros.h", line 252: error #20: identifier "uint16_t" is undefined
"..\macros.h", line 253: error #20: identifier "uint16_t" is undefined
"..\macros.h", line 254: error #20: identifier "uint16_t" is undefined
"..\macros.h", line 258: error #20: identifier "uint16_t" is undefined
"../led.c", line 43: error #20: identifier "GRN_LED" is undefined
"../led.c", line 49: error #20: identifier "RED_LED" is undefined
"../led.c", line 50: error #20: identifier "GRN_LED" is undefined
"../led.c", line 60: error #20: identifier "GRN_LED" is undefined
12 errors detected in the compilation of "../led.c".
gmake: *** [led.obj] Error 1
Building file: "../main.c"
Invoking: MSP430 Compiler
"D:/ccs/tools/compiler/ti-cgt-msp430_21.6.1.LTS/bin/cl430" -vmspx --use_hw_mpy=F5 --include_path="D:/ccs/ccs_base/msp430/include" --include_path="D:/ccs/Project 09/Project 09" --include_path="D:/ccs/tools/compiler/ti-cgt-msp430_21.6.1.LTS/include" --advice:power=all --advice:hw_config=all --define=__MSP430FR2355__ --define=_FRWP_ENABLE --define=_INFO_FRWP_ENABLE -g --printf_support=minimal --diag_warning=225 --diag_wrap=off --display_error_number --silicon_errata=CPU21 --silicon_errata=CPU22 --silicon_errata=CPU40 --preproc_with_compile --preproc_dependency="main.d_raw"  "../main.c"
 
>> Compilation failure
subdir_rules.mk:9: recipe for target 'main.obj' failed
"..\macros.h", line 211: error #20: identifier "uint16_t" is undefined
"..\macros.h", line 220: error #20: identifier "uint8_t" is undefined
"..\macros.h", line 221: error #20: identifier "uint8_t" is undefined
"..\macros.h", line 251: error #20: identifier "uint16_t" is undefined
"..\macros.h", line 252: error #20: identifier "uint16_t" is undefined
"..\macros.h", line 253: error #20: identifier "uint16_t" is undefined
"..\macros.h", line 254: error #20: identifier "uint16_t" is undefined
"..\macros.h", line 258: error #20: identifier "uint16_t" is undefined
"..\movement.h", line 39: error #258: invalid redeclaration of type name "MoveCmd" (declared at line 212 of "..\macros.h")
"..\movement.h", line 41: error #148: declaration is incompatible with "MoveCmd move_queue[8]" (declared at line 219 of "..\macros.h")
"../main.c", line 60: warning #225-D: function "movement_pwm_init" declared implicitly
"../main.c", line 96: warning #225-D: function "LCD_update" declared implicitly
10 errors detected in the compilation of "../main.c".
gmake: *** [main.obj] Error 1
"..\macros.h", line 212: error #258: invalid redeclaration of type name "MoveCmd" (declared at line 39 of "..\movement.h")
"..\macros.h", line 219: error #148: declaration is incompatible with "MoveCmd move_queue[8]" (declared at line 41 of "..\movement.h")
"../movement.c", line 33: error #148: declaration is incompatible with "MoveCmd move_queue[8]" (declared at line 41 of "..\movement.h")
"../movement.c", line 38: remark #1530-D: (ULP 5.1) Detected modulo operation(s). Recommend moving them to RAM during run time or not using as these are processing/power intensive
"../movement.c", line 45: error #148: declaration is incompatible with "uint8_t movement_queue_pop(MoveCmd *)" (declared at line 46 of "..\movement.h")
"../movement.c", line 48: remark #1530-D: (ULP 5.1) Detected modulo operation(s). Recommend moving them to RAM during run time or not using as these are processing/power intensive
"../movement.c", line 118: warning #225-D: function "sprintf" declared implicitly
"../movement.c", line 118: remark #1532-D: (ULP 5.3) Detected sprintf() operation(s). Recommend moving them to RAM during run time or not using as these are processing/power intensive
4 errors detected in the compilation of "../movement.c".
gmake: *** [movement.obj] Error 1
Building file: "../movement.c"
Invoking: MSP430 Compiler
"D:/ccs/tools/compiler/ti-cgt-msp430_21.6.1.LTS/bin/cl430" -vmspx --use_hw_mpy=F5 --include_path="D:/ccs/ccs_base/msp430/include" --include_path="D:/ccs/Project 09/Project 09" --include_path="D:/ccs/tools/compiler/ti-cgt-msp430_21.6.1.LTS/include" --advice:power=all --advice:hw_config=all --define=__MSP430FR2355__ --define=_FRWP_ENABLE --define=_INFO_FRWP_ENABLE -g --printf_support=minimal --diag_warning=225 --diag_wrap=off --display_error_number --silicon_errata=CPU21 --silicon_errata=CPU22 --silicon_errata=CPU40 --preproc_with_compile --preproc_dependency="movement.d_raw"  "../movement.c"
 
>> Compilation failure
subdir_rules.mk:9: recipe for target 'movement.obj' failed
Building file: "../ports.c"
Invoking: MSP430 Compiler
"D:/ccs/tools/compiler/ti-cgt-msp430_21.6.1.LTS/bin/cl430" -vmspx --use_hw_mpy=F5 --include_path="D:/ccs/ccs_base/msp430/include" --include_path="D:/ccs/Project 09/Project 09" --include_path="D:/ccs/tools/compiler/ti-cgt-msp430_21.6.1.LTS/include" --advice:power=all --advice:hw_config=all --define=__MSP430FR2355__ --define=_FRWP_ENABLE --define=_INFO_FRWP_ENABLE -g --printf_support=minimal --diag_warning=225 --diag_wrap=off --display_error_number --silicon_errata=CPU21 --silicon_errata=CPU22 --silicon_errata=CPU40 --preproc_with_compile --preproc_dependency="ports.d_raw"  "../ports.c"
 
>> Compilation failure
subdir_rules.mk:9: recipe for target 'ports.obj' failed
"..\macros.h", line 211: error #20: identifier "uint16_t" is undefined
"..\macros.h", line 220: error #20: identifier "uint8_t" is undefined
"..\macros.h", line 221: error #20: identifier "uint8_t" is undefined
"..\macros.h", line 251: error #20: identifier "uint16_t" is undefined
"..\macros.h", line 252: error #20: identifier "uint16_t" is undefined
"..\macros.h", line 253: error #20: identifier "uint16_t" is undefined
"..\macros.h", line 254: error #20: identifier "uint16_t" is undefined
"..\macros.h", line 258: error #20: identifier "uint16_t" is undefined
"../ports.c", line 21: warning #225-D: function "Init_Port_1" declared implicitly
"../ports.c", line 22: warning #225-D: function "Init_Port_2" declared implicitly
"../ports.c", line 23: warning #225-D: function "Init_Port_3" declared implicitly
"../ports.c", line 24: warning #225-D: function "Init_Port_4" declared implicitly
"../ports.c", line 25: warning #225-D: function "Init_Port_5" declared implicitly
"../ports.c", line 26: warning #225-D: function "Init_Port_6" declared implicitly
"../ports.c", line 32: warning #161-D: declaration is incompatible with previous "Init_Port_1" (declared at line 21)
"../ports.c", line 91: warning #161-D: declaration is incompatible with previous "Init_Port_2" (declared at line 22)
"../ports.c", line 147: warning #161-D: declaration is incompatible with previous "Init_Port_3" (declared at line 23)
"../ports.c", line 206: warning #161-D: declaration is incompatible with previous "Init_Port_4" (declared at line 24)
"../ports.c", line 256: warning #161-D: declaration is incompatible with previous "Init_Port_5" (declared at line 25)
"../ports.c", line 295: warning #161-D: declaration is incompatible with previous "Init_Port_6" (declared at line 26)
8 errors detected in the compilation of "../ports.c".
gmake: *** [ports.obj] Error 1
Building file: "../states.c"
Invoking: MSP430 Compiler
"D:/ccs/tools/compiler/ti-cgt-msp430_21.6.1.LTS/bin/cl430" -vmspx --use_hw_mpy=F5 --include_path="D:/ccs/ccs_base/msp430/include" --include_path="D:/ccs/Project 09/Project 09" --include_path="D:/ccs/tools/compiler/ti-cgt-msp430_21.6.1.LTS/include" --advice:power=all --advice:hw_config=all --define=__MSP430FR2355__ --define=_FRWP_ENABLE --define=_INFO_FRWP_ENABLE -g --printf_support=minimal --diag_warning=225 --diag_wrap=off --display_error_number --silicon_errata=CPU21 --silicon_errata=CPU22 --silicon_errata=CPU40 --preproc_with_compile --preproc_dependency="states.d_raw"  "../states.c"
 
>> Compilation failure
subdir_rules.mk:9: recipe for target 'states.obj' failed
"..\macros.h", line 211: error #20: identifier "uint16_t" is undefined
"..\macros.h", line 220: error #20: identifier "uint8_t" is undefined
"..\macros.h", line 221: error #20: identifier "uint8_t" is undefined
"..\macros.h", line 251: error #20: identifier "uint16_t" is undefined
"..\macros.h", line 252: error #20: identifier "uint16_t" is undefined
"..\macros.h", line 253: error #20: identifier "uint16_t" is undefined
"..\macros.h", line 254: error #20: identifier "uint16_t" is undefined
"..\macros.h", line 258: error #20: identifier "uint16_t" is undefined
"../states.c", line 35: warning #225-D: function "wait_case" declared implicitly
"../states.c", line 38: warning #225-D: function "start_case" declared implicitly
"../states.c", line 41: warning #225-D: function "run_case" declared implicitly
"../states.c", line 44: warning #225-D: function "end_case" declared implicitly
"../states.c", line 50: warning #161-D: declaration is incompatible with previous "start_case" (declared at line 38)
"../states.c", line 54: warning #225-D: function "moveforward" declared implicitly
"../states.c", line 59: warning #161-D: declaration is incompatible with previous "run_case" (declared at line 41)
"../states.c", line 74: warning #225-D: function "moveforward" declared implicitly
"../states.c", line 85: warning #225-D: function "wait_case" declared implicitly
"../states.c", line 86: warning #225-D: function "start_case_circle" declared implicitly
"../states.c", line 87: warning #225-D: function "run_case_circle" declared implicitly
"../states.c", line 88: warning #225-D: function "end_case" declared implicitly
"../states.c", line 93: warning #161-D: declaration is incompatible with previous "wait_case" (declared at line 35)
"../states.c", line 103: warning #161-D: declaration is incompatible with previous "start_case_circle" (declared at line 86)
"../states.c", line 107: warning #225-D: function "moveforward" declared implicitly
"../states.c", line 112: warning #161-D: declaration is incompatible with previous "run_case_circle" (declared at line 87)
"../states.c", line 133: warning #225-D: function "moveforward" declared implicitly
"../states.c", line 141: warning #161-D: declaration is incompatible with previous "end_case" (declared at line 44)
"../states.c", line 142: warning #225-D: function "stopall" declared implicitly
"../states.c", line 151: warning #225-D: function "start_case_triangle" declared implicitly
"../states.c", line 152: warning #225-D: function "run_case_triangle" declared implicitly
"../states.c", line 158: warning #161-D: declaration is incompatible with previous "start_case_triangle" (declared at line 151)
"../states.c", line 162: warning #225-D: function "moveforward" declared implicitly
"../states.c", line 169: warning #161-D: declaration is incompatible with previous "run_case_triangle" (declared at line 152)
"../states.c", line 192: warning #225-D: function "moveforward" declared implicitly
"../states.c", line 203: warning #188-D: pointless comparison of unsigned integer with zero
"../states.c", line 217: warning #225-D: function "moveforward" declared implicitly
"../states.c", line 238: warning #225-D: function "start_case_figure8" declared implicitly
"../states.c", line 239: warning #225-D: function "run_case_figure8" declared implicitly
"../states.c", line 246: warning #161-D: declaration is incompatible with previous "start_case_figure8" (declared at line 238)
"../states.c", line 250: warning #225-D: function "moveforward" declared implicitly
"../states.c", line 258: warning #161-D: declaration is incompatible with previous "run_case_figure8" (declared at line 239)
"../states.c", line 289: warning #225-D: function "moveforward" declared implicitly
"../states.c", line 300: warning #225-D: function "moveforward" declared implicitly
"../states.c", line 24: remark #1535-D: (ULP 8.1) variable "event" is used as a constant. Recommend declaring variable as either 'static const' or 'const'
8 errors detected in the compilation of "../states.c".
gmake: *** [states.obj] Error 1
Building file: "../switches.c"
Invoking: MSP430 Compiler
"D:/ccs/tools/compiler/ti-cgt-msp430_21.6.1.LTS/bin/cl430" -vmspx --use_hw_mpy=F5 --include_path="D:/ccs/ccs_base/msp430/include" --include_path="D:/ccs/Project 09/Project 09" --include_path="D:/ccs/tools/compiler/ti-cgt-msp430_21.6.1.LTS/include" --advice:power=all --advice:hw_config=all --define=__MSP430FR2355__ --define=_FRWP_ENABLE --define=_INFO_FRWP_ENABLE -g --printf_support=minimal --diag_warning=225 --diag_wrap=off --display_error_number --silicon_errata=CPU21 --silicon_errata=CPU22 --silicon_errata=CPU40 --preproc_with_compile --preproc_dependency="switches.d_raw"  "../switches.c"
 
>> Compilation failure
subdir_rules.mk:9: recipe for target 'switches.obj' failed
"..\macros.h", line 211: error #20: identifier "uint16_t" is undefined
"..\macros.h", line 220: error #20: identifier "uint8_t" is undefined
"..\macros.h", line 221: error #20: identifier "uint8_t" is undefined
"..\macros.h", line 251: error #20: identifier "uint16_t" is undefined
"..\macros.h", line 252: error #20: identifier "uint16_t" is undefined
"..\macros.h", line 253: error #20: identifier "uint16_t" is undefined
"..\macros.h", line 254: error #20: identifier "uint16_t" is undefined
"..\macros.h", line 258: error #20: identifier "uint16_t" is undefined
"../switches.c", line 16: remark #1527-D: (ULP 2.1) Detected SW delay loop using __delay_cycles. Recommend using a timer module instead
"../switches.c", line 19: remark #1527-D: (ULP 2.1) Detected SW delay loop using empty loop. Recommend using a timer module instead
"../switches.c", line 25: remark #1527-D: (ULP 2.1) Detected SW delay loop using __delay_cycles. Recommend using a timer module instead
"../switches.c", line 28: remark #1527-D: (ULP 2.1) Detected SW delay loop using empty loop. Recommend using a timer module instead
8 errors detected in the compilation of "../switches.c".
gmake: *** [switches.obj] Error 1
Building file: "../system.c"
Invoking: MSP430 Compiler
"D:/ccs/tools/compiler/ti-cgt-msp430_21.6.1.LTS/bin/cl430" -vmspx --use_hw_mpy=F5 --include_path="D:/ccs/ccs_base/msp430/include" --include_path="D:/ccs/Project 09/Project 09" --include_path="D:/ccs/tools/compiler/ti-cgt-msp430_21.6.1.LTS/include" --advice:power=all --advice:hw_config=all --define=__MSP430FR2355__ --define=_FRWP_ENABLE --define=_INFO_FRWP_ENABLE -g --printf_support=minimal --diag_warning=225 --diag_wrap=off --display_error_number --silicon_errata=CPU21 --silicon_errata=CPU22 --silicon_errata=CPU40 --preproc_with_compile --preproc_dependency="system.d_raw"  "../system.c"
 
>> Compilation failure
subdir_rules.mk:9: recipe for target 'system.obj' failed
"..\macros.h", line 211: error #20: identifier "uint16_t" is undefined
"..\macros.h", line 220: error #20: identifier "uint8_t" is undefined
"..\macros.h", line 221: error #20: identifier "uint8_t" is undefined
"..\macros.h", line 251: error #20: identifier "uint16_t" is undefined
"..\macros.h", line 252: error #20: identifier "uint16_t" is undefined
"..\macros.h", line 253: error #20: identifier "uint16_t" is undefined
"..\macros.h", line 254: error #20: identifier "uint16_t" is undefined
"..\macros.h", line 258: error #20: identifier "uint16_t" is undefined
8 errors detected in the compilation of "../system.c".
gmake: *** [system.obj] Error 1
Building file: "../timers.c"
Invoking: MSP430 Compiler
"D:/ccs/tools/compiler/ti-cgt-msp430_21.6.1.LTS/bin/cl430" -vmspx --use_hw_mpy=F5 --include_path="D:/ccs/ccs_base/msp430/include" --include_path="D:/ccs/Project 09/Project 09" --include_path="D:/ccs/tools/compiler/ti-cgt-msp430_21.6.1.LTS/include" --advice:power=all --advice:hw_config=all --define=__MSP430FR2355__ --define=_FRWP_ENABLE --define=_INFO_FRWP_ENABLE -g --printf_support=minimal --diag_warning=225 --diag_wrap=off --display_error_number --silicon_errata=CPU21 --silicon_errata=CPU22 --silicon_errata=CPU40 --preproc_with_compile --preproc_dependency="timers.d_raw"  "../timers.c"
 
>> Compilation failure
subdir_rules.mk:9: recipe for target 'timers.obj' failed
"..\macros.h", line 211: error #20: identifier "uint16_t" is undefined
"..\macros.h", line 220: error #20: identifier "uint8_t" is undefined
"..\macros.h", line 221: error #20: identifier "uint8_t" is undefined
"..\macros.h", line 251: error #20: identifier "uint16_t" is undefined
"..\macros.h", line 252: error #20: identifier "uint16_t" is undefined
"..\macros.h", line 253: error #20: identifier "uint16_t" is undefined
"..\macros.h", line 254: error #20: identifier "uint16_t" is undefined
"..\macros.h", line 258: error #20: identifier "uint16_t" is undefined
8 errors detected in the compilation of "../timers.c".
gmake: *** [timers.obj] Error 1
Building file: "../timers_move.c"
Invoking: MSP430 Compiler
"D:/ccs/tools/compiler/ti-cgt-msp430_21.6.1.LTS/bin/cl430" -vmspx --use_hw_mpy=F5 --include_path="D:/ccs/ccs_base/msp430/include" --include_path="D:/ccs/Project 09/Project 09" --include_path="D:/ccs/tools/compiler/ti-cgt-msp430_21.6.1.LTS/include" --advice:power=all --advice:hw_config=all --define=__MSP430FR2355__ --define=_FRWP_ENABLE --define=_INFO_FRWP_ENABLE -g --printf_support=minimal --diag_warning=225 --diag_wrap=off --display_error_number --silicon_errata=CPU21 --silicon_errata=CPU22 --silicon_errata=CPU40 --preproc_with_compile --preproc_dependency="timers_move.d_raw"  "../timers_move.c"
 
>> Compilation failure
subdir_rules.mk:9: recipe for target 'timers_move.obj' failed
"..\macros.h", line 211: error #20: identifier "uint16_t" is undefined
"..\macros.h", line 220: error #20: identifier "uint8_t" is undefined
"..\macros.h", line 221: error #20: identifier "uint8_t" is undefined
"..\macros.h", line 251: error #20: identifier "uint16_t" is undefined
"..\macros.h", line 252: error #20: identifier "uint16_t" is undefined
"..\macros.h", line 253: error #20: identifier "uint16_t" is undefined
"..\macros.h", line 254: error #20: identifier "uint16_t" is undefined
"..\macros.h", line 258: error #20: identifier "uint16_t" is undefined
"../timers_move.c", line 57: warning #225-D: function "moveforward" declared implicitly
"../timers_move.c", line 61: warning #225-D: function "stopall" declared implicitly
"../timers_move.c", line 65: warning #225-D: function "movereverse" declared implicitly
"../timers_move.c", line 82: warning #225-D: function "spin_clockwise" declared implicitly
"../timers_move.c", line 90: warning #225-D: function "spin_counterclockwise" declared implicitly
8 errors detected in the compilation of "../timers_move.c".
gmake: *** [timers_move.obj] Error 1
Building file: "../wheels.c"
Invoking: MSP430 Compiler
"D:/ccs/tools/compiler/ti-cgt-msp430_21.6.1.LTS/bin/cl430" -vmspx --use_hw_mpy=F5 --include_path="D:/ccs/ccs_base/msp430/include" --include_path="D:/ccs/Project 09/Project 09" --include_path="D:/ccs/tools/compiler/ti-cgt-msp430_21.6.1.LTS/include" --advice:power=all --advice:hw_config=all --define=__MSP430FR2355__ --define=_FRWP_ENABLE --define=_INFO_FRWP_ENABLE -g --printf_support=minimal --diag_warning=225 --diag_wrap=off --display_error_number --silicon_errata=CPU21 --silicon_errata=CPU22 --silicon_errata=CPU40 --preproc_with_compile --preproc_dependency="wheels.d_raw"  "../wheels.c"
 
>> Compilation failure
subdir_rules.mk:9: recipe for target 'wheels.obj' failed
"..\macros.h", line 211: error #20: identifier "uint16_t" is undefined
"..\macros.h", line 220: error #20: identifier "uint8_t" is undefined
"..\macros.h", line 221: error #20: identifier "uint8_t" is undefined
"..\macros.h", line 251: error #20: identifier "uint16_t" is undefined
"..\macros.h", line 252: error #20: identifier "uint16_t" is undefined
"..\macros.h", line 253: error #20: identifier "uint16_t" is undefined
"..\macros.h", line 254: error #20: identifier "uint16_t" is undefined
"..\macros.h", line 258: error #20: identifier "uint16_t" is undefined
8 errors detected in the compilation of "../wheels.c".
gmake: *** [wheels.obj] Error 1
gmake: Target 'all' not remade because of errors.

**** Build Finished ****

**** Build of configuration Debug for project Project 09 ****

"D:\\ccs\\utils\\bin\\gmake" -k -j 16 all -O 
 
Building file: "../Display.c"
Invoking: MSP430 Compiler
"D:/ccs/tools/compiler/ti-cgt-msp430_21.6.1.LTS/bin/cl430" -vmspx --use_hw_mpy=F5 --include_path="D:/ccs/ccs_base/msp430/include" --include_path="D:/ccs/Project 09/Project 09" --include_path="D:/ccs/tools/compiler/ti-cgt-msp430_21.6.1.LTS/include" --advice:power=all --advice:hw_config=all --define=__MSP430FR2355__ --define=_FRWP_ENABLE --define=_INFO_FRWP_ENABLE -g --printf_support=minimal --diag_warning=225 --diag_wrap=off --display_error_number --silicon_errata=CPU21 --silicon_errata=CPU22 --silicon_errata=CPU40 --preproc_with_compile --preproc_dependency="Display.d_raw"  "../Display.c"
 
>> Compilation failure
subdir_rules.mk:9: recipe for target 'Display.obj' failed
"..\macros.h", line 211: error #20: identifier "uint16_t" is undefined
"..\macros.h", line 220: error #20: identifier "uint8_t" is undefined
"..\macros.h", line 221: error #20: identifier "uint8_t" is undefined
"..\macros.h", line 251: error #20: identifier "uint16_t" is undefined
"..\macros.h", line 252: error #20: identifier "uint16_t" is undefined
"..\macros.h", line 253: error #20: identifier "uint16_t" is undefined
"..\macros.h", line 254: error #20: identifier "uint16_t" is undefined
"..\macros.h", line 258: error #20: identifier "uint16_t" is undefined
8 errors detected in the compilation of "../Display.c".
gmake: *** [Display.obj] Error 1
Building file: "../IOTTrans.c"
Invoking: MSP430 Compiler
"D:/ccs/tools/compiler/ti-cgt-msp430_21.6.1.LTS/bin/cl430" -vmspx --use_hw_mpy=F5 --include_path="D:/ccs/ccs_base/msp430/include" --include_path="D:/ccs/Project 09/Project 09" --include_path="D:/ccs/tools/compiler/ti-cgt-msp430_21.6.1.LTS/include" --advice:power=all --advice:hw_config=all --define=__MSP430FR2355__ --define=_FRWP_ENABLE --define=_INFO_FRWP_ENABLE -g --printf_support=minimal --diag_warning=225 --diag_wrap=off --display_error_number --silicon_errata=CPU21 --silicon_errata=CPU22 --silicon_errata=CPU40 --preproc_with_compile --preproc_dependency="IOTTrans.d_raw"  "../IOTTrans.c"
 
>> Compilation failure
subdir_rules.mk:9: recipe for target 'IOTTrans.obj' failed
"..\macros.h", line 212: error #258: invalid redeclaration of type name "MoveCmd" (declared at line 39 of "..\movement.h")
"..\macros.h", line 219: error #148: declaration is incompatible with "MoveCmd move_queue[8]" (declared at line 41 of "..\movement.h")
"../IOTTrans.c", line 49: warning #174-D: external/internal linkage conflict with previous declaration
"../IOTTrans.c", line 50: warning #174-D: external/internal linkage conflict with previous declaration
"../IOTTrans.c", line 83: warning #174-D: external/internal linkage conflict with previous declaration
"../IOTTrans.c", line 84: remark #1528-D: (ULP 3.1) Detected flag polling using UCA1IFG. Recommend using an interrupt combined with enter LPMx and ISR
"../IOTTrans.c", line 88: warning #174-D: external/internal linkage conflict with previous declaration
"../IOTTrans.c", line 89: remark #1528-D: (ULP 3.1) Detected flag polling using UCA0IFG. Recommend using an interrupt combined with enter LPMx and ISR
"../IOTTrans.c", line 166: remark #1538-D: (ULP 10.1) ISR EUSCI_A0_ISR calls function process_wifi_message. Recommend moving function call away from ISR, or inlining the function, or using pragmas
"../IOTTrans.c", line 166: remark #1538-D: (ULP 10.1) ISR EUSCI_A0_ISR calls function process_wifi_message. Recommend moving function call away from ISR, or inlining the function, or using pragmas
"../IOTTrans.c", line 50: remark #1534-D: (ULP 7.1) Detected use of global variable "wifi_rx_index" within one function "EUSCI_A0_ISR". Recommend placing variable in the function locally
2 errors detected in the compilation of "../IOTTrans.c".
gmake: *** [IOTTrans.obj] Error 1
Building file: "../adc.c"
Invoking: MSP430 Compiler
"D:/ccs/tools/compiler/ti-cgt-msp430_21.6.1.LTS/bin/cl430" -vmspx --use_hw_mpy=F5 --include_path="D:/ccs/ccs_base/msp430/include" --include_path="D:/ccs/Project 09/Project 09" --include_path="D:/ccs/tools/compiler/ti-cgt-msp430_21.6.1.LTS/include" --advice:power=all --advice:hw_config=all --define=__MSP430FR2355__ --define=_FRWP_ENABLE --define=_INFO_FRWP_ENABLE -g --printf_support=minimal --diag_warning=225 --diag_wrap=off --display_error_number --silicon_errata=CPU21 --silicon_errata=CPU22 --silicon_errata=CPU40 --preproc_with_compile --preproc_dependency="adc.d_raw"  "../adc.c"
 
>> Compilation failure
subdir_rules.mk:9: recipe for target 'adc.obj' failed
"..\macros.h", line 211: error #20: identifier "uint16_t" is undefined
"..\macros.h", line 220: error #20: identifier "uint8_t" is undefined
"..\macros.h", line 221: error #20: identifier "uint8_t" is undefined
"..\macros.h", line 251: error #20: identifier "uint16_t" is undefined
"..\macros.h", line 252: error #20: identifier "uint16_t" is undefined
"..\macros.h", line 253: error #20: identifier "uint16_t" is undefined
"..\macros.h", line 254: error #20: identifier "uint16_t" is undefined
"..\macros.h", line 258: error #20: identifier "uint16_t" is undefined
8 errors detected in the compilation of "../adc.c".
gmake: *** [adc.obj] Error 1
Building file: "../black_line.c"
Invoking: MSP430 Compiler
"D:/ccs/tools/compiler/ti-cgt-msp430_21.6.1.LTS/bin/cl430" -vmspx --use_hw_mpy=F5 --include_path="D:/ccs/ccs_base/msp430/include" --include_path="D:/ccs/Project 09/Project 09" --include_path="D:/ccs/tools/compiler/ti-cgt-msp430_21.6.1.LTS/include" --advice:power=all --advice:hw_config=all --define=__MSP430FR2355__ --define=_FRWP_ENABLE --define=_INFO_FRWP_ENABLE -g --printf_support=minimal --diag_warning=225 --diag_wrap=off --display_error_number --silicon_errata=CPU21 --silicon_errata=CPU22 --silicon_errata=CPU40 --preproc_with_compile --preproc_dependency="black_line.d_raw"  "../black_line.c"
 
>> Compilation failure
subdir_rules.mk:9: recipe for target 'black_line.obj' failed
"..\macros.h", line 211: error #20: identifier "uint16_t" is undefined
"..\macros.h", line 220: error #20: identifier "uint8_t" is undefined
"..\macros.h", line 221: error #20: identifier "uint8_t" is undefined
"..\macros.h", line 251: error #20: identifier "uint16_t" is undefined
"..\macros.h", line 252: error #20: identifier "uint16_t" is undefined
"..\macros.h", line 253: error #20: identifier "uint16_t" is undefined
"..\macros.h", line 254: error #20: identifier "uint16_t" is undefined
"..\macros.h", line 258: error #20: identifier "uint16_t" is undefined
"../black_line.c", line 30: warning #225-D: function "search_line" declared implicitly
"../black_line.c", line 31: warning #225-D: function "stop_on_line" declared implicitly
"../black_line.c", line 32: warning #225-D: function "reverse_to_line" declared implicitly
"../black_line.c", line 34: warning #225-D: function "stopall" declared implicitly
"../black_line.c", line 35: warning #225-D: function "strcpy" declared implicitly
"../black_line.c", line 40: warning #225-D: function "adc_line" declared implicitly
"../black_line.c", line 46: warning #161-D: declaration is incompatible with previous "search_line" (declared at line 30)
"../black_line.c", line 47: warning #225-D: function "strcpy" declared implicitly
"../black_line.c", line 54: warning #225-D: function "stopall" declared implicitly
"../black_line.c", line 56: warning #225-D: function "moveforward" declared implicitly
"../black_line.c", line 60: warning #225-D: function "moveforward" declared implicitly
"../black_line.c", line 68: error #20: identifier "LEFT_BLACK_THRESH" is undefined
"../black_line.c", line 68: error #20: identifier "RIGHT_BLACK_THRESH" is undefined
"../black_line.c", line 75: warning #161-D: declaration is incompatible with previous "stop_on_line" (declared at line 31)
"../black_line.c", line 76: warning #225-D: function "stopall" declared implicitly
"../black_line.c", line 77: warning #225-D: function "strcpy" declared implicitly
"../black_line.c", line 92: warning #161-D: declaration is incompatible with previous "reverse_to_line" (declared at line 32)
"../black_line.c", line 93: warning #225-D: function "strcpy" declared implicitly
"../black_line.c", line 100: warning #225-D: function "spin_clockwise" declared implicitly
"../black_line.c", line 108: error #20: identifier "LEFT_BLACK_THRESH" is undefined
"../black_line.c", line 108: error #20: identifier "RIGHT_BLACK_THRESH" is undefined
"../black_line.c", line 115: remark #1544-D: (ULP 13.1) Detected loop counting up. Recommend loops count down as detecting zeros is easier
"../black_line.c", line 116: remark #2553-D: (ULP 14.1) Array index (involving "i") of type "int". Recommend using "unsigned int"
"../black_line.c", line 138: warning #161-D: declaration is incompatible with previous "adc_line" (declared at line 40)
"../black_line.c", line 142: remark #1544-D: (ULP 13.1) Detected loop counting up. Recommend loops count down as detecting zeros is easier
"../black_line.c", line 143: remark #1545-D: (ULP 14.1) Array index of type "int". Recommend using "unsigned int"
"../black_line.c", line 143: remark #2553-D: (ULP 14.1) Array index (involving "i") of type "int". Recommend using "unsigned int"
"../black_line.c", line 173: warning #225-D: function "strcpy" declared implicitly
"../black_line.c", line 179: warning #225-D: function "strcpy" declared implicitly
"../black_line.c", line 157: remark #1544-D: (ULP 13.1) Detected loop counting up. Recommend loops count down as detecting zeros is easier
"../black_line.c", line 158: remark #2553-D: (ULP 14.1) Array index (involving "j") of type "int". Recommend using "unsigned int"
"../black_line.c", line 158: remark #2553-D: (ULP 14.1) Array index (involving "j") of type "int". Recommend using "unsigned int"
"../black_line.c", line 165: remark #1544-D: (ULP 13.1) Detected loop counting up. Recommend loops count down as detecting zeros is easier
"../black_line.c", line 166: remark #2553-D: (ULP 14.1) Array index (involving "j") of type "int". Recommend using "unsigned int"
"../black_line.c", line 166: remark #2553-D: (ULP 14.1) Array index (involving "j") of type "int". Recommend using "unsigned int"
"../black_line.c", line 157: remark #1544-D: (ULP 13.1) Detected loop counting up. Recommend loops count down as detecting zeros is easier
"../black_line.c", line 158: remark #2553-D: (ULP 14.1) Array index (involving "j") of type "int". Recommend using "unsigned int"
"../black_line.c", line 158: remark #2553-D: (ULP 14.1) Array index (involving "j") of type "int". Recommend using "unsigned int"
"../black_line.c", line 165: remark #1544-D: (ULP 13.1) Detected loop counting up. Recommend loops count down as detecting zeros is easier
"../black_line.c", line 166: remark #2553-D: (ULP 14.1) Array index (involving "j") of type "int". Recommend using "unsigned int"
"../black_line.c", line 166: remark #2553-D: (ULP 14.1) Array index (involving "j") of type "int". Recommend using "unsigned int"
12 errors detected in the compilation of "../black_line.c".
gmake: *** [black_line.obj] Error 1
Building file: "../clocks.c"
Invoking: MSP430 Compiler
"D:/ccs/tools/compiler/ti-cgt-msp430_21.6.1.LTS/bin/cl430" -vmspx --use_hw_mpy=F5 --include_path="D:/ccs/ccs_base/msp430/include" --include_path="D:/ccs/Project 09/Project 09" --include_path="D:/ccs/tools/compiler/ti-cgt-msp430_21.6.1.LTS/include" --advice:power=all --advice:hw_config=all --define=__MSP430FR2355__ --define=_FRWP_ENABLE --define=_INFO_FRWP_ENABLE -g --printf_support=minimal --diag_warning=225 --diag_wrap=off --display_error_number --silicon_errata=CPU21 --silicon_errata=CPU22 --silicon_errata=CPU40 --preproc_with_compile --preproc_dependency="clocks.d_raw"  "../clocks.c"
 
>> Compilation failure
subdir_rules.mk:9: recipe for target 'clocks.obj' failed
"..\macros.h", line 211: error #20: identifier "uint16_t" is undefined
"..\macros.h", line 220: error #20: identifier "uint8_t" is undefined
"..\macros.h", line 221: error #20: identifier "uint8_t" is undefined
"..\macros.h", line 251: error #20: identifier "uint16_t" is undefined
"..\macros.h", line 252: error #20: identifier "uint16_t" is undefined
"..\macros.h", line 253: error #20: identifier "uint16_t" is undefined
"..\macros.h", line 254: error #20: identifier "uint16_t" is undefined
"..\macros.h", line 258: error #20: identifier "uint16_t" is undefined
"../clocks.c", line 86: error #20: identifier "MCLK_FREQ_MHZ" is undefined
"../clocks.c", line 87: remark #1527-D: (ULP 2.1) Detected SW delay loop using empty loop. Recommend using a timer module instead
"../clocks.c", line 120: remark #1527-D: (ULP 2.1) Detected SW delay loop using empty loop. Recommend using a timer module instead
9 errors detected in the compilation of "../clocks.c".
gmake: *** [clocks.obj] Error 1
Building file: "../command_parser.c"
Invoking: MSP430 Compiler
"D:/ccs/tools/compiler/ti-cgt-msp430_21.6.1.LTS/bin/cl430" -vmspx --use_hw_mpy=F5 --include_path="D:/ccs/ccs_base/msp430/include" --include_path="D:/ccs/Project 09/Project 09" --include_path="D:/ccs/tools/compiler/ti-cgt-msp430_21.6.1.LTS/include" --advice:power=all --advice:hw_config=all --define=__MSP430FR2355__ --define=_FRWP_ENABLE --define=_INFO_FRWP_ENABLE -g --printf_support=minimal --diag_warning=225 --diag_wrap=off --display_error_number --silicon_errata=CPU21 --silicon_errata=CPU22 --silicon_errata=CPU40 --preproc_with_compile --preproc_dependency="command_parser.d_raw"  "../command_parser.c"
 
>> Compilation failure
subdir_rules.mk:9: recipe for target 'command_parser.obj' failed
"..\macros.h", line 212: error #258: invalid redeclaration of type name "MoveCmd" (declared at line 39 of "..\movement.h")
"..\macros.h", line 219: error #148: declaration is incompatible with "MoveCmd move_queue[8]" (declared at line 41 of "..\movement.h")
2 errors detected in the compilation of "../command_parser.c".
gmake: *** [command_parser.obj] Error 1
Building file: "../init.c"
Invoking: MSP430 Compiler
"D:/ccs/tools/compiler/ti-cgt-msp430_21.6.1.LTS/bin/cl430" -vmspx --use_hw_mpy=F5 --include_path="D:/ccs/ccs_base/msp430/include" --include_path="D:/ccs/Project 09/Project 09" --include_path="D:/ccs/tools/compiler/ti-cgt-msp430_21.6.1.LTS/include" --advice:power=all --advice:hw_config=all --define=__MSP430FR2355__ --define=_FRWP_ENABLE --define=_INFO_FRWP_ENABLE -g --printf_support=minimal --diag_warning=225 --diag_wrap=off --display_error_number --silicon_errata=CPU21 --silicon_errata=CPU22 --silicon_errata=CPU40 --preproc_with_compile --preproc_dependency="init.d_raw"  "../init.c"
 
>> Compilation failure
subdir_rules.mk:9: recipe for target 'init.obj' failed
"..\macros.h", line 211: error #20: identifier "uint16_t" is undefined
"..\macros.h", line 220: error #20: identifier "uint8_t" is undefined
"..\macros.h", line 221: error #20: identifier "uint8_t" is undefined
"..\macros.h", line 251: error #20: identifier "uint16_t" is undefined
"..\macros.h", line 252: error #20: identifier "uint16_t" is undefined
"..\macros.h", line 253: error #20: identifier "uint16_t" is undefined
"..\macros.h", line 254: error #20: identifier "uint16_t" is undefined
"..\macros.h", line 258: error #20: identifier "uint16_t" is undefined
"../init.c", line 28: remark #1544-D: (ULP 13.1) Detected loop counting up. Recommend loops count down as detecting zeros is easier
"../init.c", line 29: remark #2553-D: (ULP 14.1) Array index (involving "i") of type "int". Recommend using "unsigned int"
"../init.c", line 30: remark #2553-D: (ULP 14.1) Array index (involving "i") of type "int". Recommend using "unsigned int"
"../init.c", line 31: remark #2553-D: (ULP 14.1) Array index (involving "i") of type "int". Recommend using "unsigned int"
"../init.c", line 32: remark #2553-D: (ULP 14.1) Array index (involving "i") of type "int". Recommend using "unsigned int"
8 errors detected in the compilation of "../init.c".
gmake: *** [init.obj] Error 1
Building file: "../led.c"
Invoking: MSP430 Compiler
"D:/ccs/tools/compiler/ti-cgt-msp430_21.6.1.LTS/bin/cl430" -vmspx --use_hw_mpy=F5 --include_path="D:/ccs/ccs_base/msp430/include" --include_path="D:/ccs/Project 09/Project 09" --include_path="D:/ccs/tools/compiler/ti-cgt-msp430_21.6.1.LTS/include" --advice:power=all --advice:hw_config=all --define=__MSP430FR2355__ --define=_FRWP_ENABLE --define=_INFO_FRWP_ENABLE -g --printf_support=minimal --diag_warning=225 --diag_wrap=off --display_error_number --silicon_errata=CPU21 --silicon_errata=CPU22 --silicon_errata=CPU40 --preproc_with_compile --preproc_dependency="led.d_raw"  "../led.c"
 
>> Compilation failure
subdir_rules.mk:9: recipe for target 'led.obj' failed
"..\macros.h", line 211: error #20: identifier "uint16_t" is undefined
"..\macros.h", line 220: error #20: identifier "uint8_t" is undefined
"..\macros.h", line 221: error #20: identifier "uint8_t" is undefined
"..\macros.h", line 251: error #20: identifier "uint16_t" is undefined
"..\macros.h", line 252: error #20: identifier "uint16_t" is undefined
"..\macros.h", line 253: error #20: identifier "uint16_t" is undefined
"..\macros.h", line 254: error #20: identifier "uint16_t" is undefined
"..\macros.h", line 258: error #20: identifier "uint16_t" is undefined
8 errors detected in the compilation of "../led.c".
gmake: *** [led.obj] Error 1
Building file: "../main.c"
Invoking: MSP430 Compiler
"D:/ccs/tools/compiler/ti-cgt-msp430_21.6.1.LTS/bin/cl430" -vmspx --use_hw_mpy=F5 --include_path="D:/ccs/ccs_base/msp430/include" --include_path="D:/ccs/Project 09/Project 09" --include_path="D:/ccs/tools/compiler/ti-cgt-msp430_21.6.1.LTS/include" --advice:power=all --advice:hw_config=all --define=__MSP430FR2355__ --define=_FRWP_ENABLE --define=_INFO_FRWP_ENABLE -g --printf_support=minimal --diag_warning=225 --diag_wrap=off --display_error_number --silicon_errata=CPU21 --silicon_errata=CPU22 --silicon_errata=CPU40 --preproc_with_compile --preproc_dependency="main.d_raw"  "../main.c"
 
>> Compilation failure
subdir_rules.mk:9: recipe for target 'main.obj' failed
"..\macros.h", line 211: error #20: identifier "uint16_t" is undefined
"..\macros.h", line 220: error #20: identifier "uint8_t" is undefined
"..\macros.h", line 221: error #20: identifier "uint8_t" is undefined
"..\macros.h", line 251: error #20: identifier "uint16_t" is undefined
"..\macros.h", line 252: error #20: identifier "uint16_t" is undefined
"..\macros.h", line 253: error #20: identifier "uint16_t" is undefined
"..\macros.h", line 254: error #20: identifier "uint16_t" is undefined
"..\macros.h", line 258: error #20: identifier "uint16_t" is undefined
"..\movement.h", line 39: error #258: invalid redeclaration of type name "MoveCmd" (declared at line 212 of "..\macros.h")
"..\movement.h", line 41: error #148: declaration is incompatible with "MoveCmd move_queue[8]" (declared at line 219 of "..\macros.h")
"../main.c", line 60: warning #225-D: function "movement_pwm_init" declared implicitly
"../main.c", line 96: warning #225-D: function "LCD_update" declared implicitly
10 errors detected in the compilation of "../main.c".
gmake: *** [main.obj] Error 1
Building file: "../movement.c"
Invoking: MSP430 Compiler
"D:/ccs/tools/compiler/ti-cgt-msp430_21.6.1.LTS/bin/cl430" -vmspx --use_hw_mpy=F5 --include_path="D:/ccs/ccs_base/msp430/include" --include_path="D:/ccs/Project 09/Project 09" --include_path="D:/ccs/tools/compiler/ti-cgt-msp430_21.6.1.LTS/include" --advice:power=all --advice:hw_config=all --define=__MSP430FR2355__ --define=_FRWP_ENABLE --define=_INFO_FRWP_ENABLE -g --printf_support=minimal --diag_warning=225 --diag_wrap=off --display_error_number --silicon_errata=CPU21 --silicon_errata=CPU22 --silicon_errata=CPU40 --preproc_with_compile --preproc_dependency="movement.d_raw"  "../movement.c"
 
>> Compilation failure
subdir_rules.mk:9: recipe for target 'movement.obj' failed
"..\macros.h", line 212: error #258: invalid redeclaration of type name "MoveCmd" (declared at line 39 of "..\movement.h")
"..\macros.h", line 219: error #148: declaration is incompatible with "MoveCmd move_queue[8]" (declared at line 41 of "..\movement.h")
"../movement.c", line 33: error #148: declaration is incompatible with "MoveCmd move_queue[8]" (declared at line 41 of "..\movement.h")
"../movement.c", line 38: remark #1530-D: (ULP 5.1) Detected modulo operation(s). Recommend moving them to RAM during run time or not using as these are processing/power intensive
"../movement.c", line 45: error #148: declaration is incompatible with "uint8_t movement_queue_pop(MoveCmd *)" (declared at line 46 of "..\movement.h")
"../movement.c", line 48: remark #1530-D: (ULP 5.1) Detected modulo operation(s). Recommend moving them to RAM during run time or not using as these are processing/power intensive
"../movement.c", line 118: warning #225-D: function "sprintf" declared implicitly
"../movement.c", line 118: remark #1532-D: (ULP 5.3) Detected sprintf() operation(s). Recommend moving them to RAM during run time or not using as these are processing/power intensive
4 errors detected in the compilation of "../movement.c".
gmake: *** [movement.obj] Error 1
Building file: "../ports.c"
Invoking: MSP430 Compiler
"D:/ccs/tools/compiler/ti-cgt-msp430_21.6.1.LTS/bin/cl430" -vmspx --use_hw_mpy=F5 --include_path="D:/ccs/ccs_base/msp430/include" --include_path="D:/ccs/Project 09/Project 09" --include_path="D:/ccs/tools/compiler/ti-cgt-msp430_21.6.1.LTS/include" --advice:power=all --advice:hw_config=all --define=__MSP430FR2355__ --define=_FRWP_ENABLE --define=_INFO_FRWP_ENABLE -g --printf_support=minimal --diag_warning=225 --diag_wrap=off --display_error_number --silicon_errata=CPU21 --silicon_errata=CPU22 --silicon_errata=CPU40 --preproc_with_compile --preproc_dependency="ports.d_raw"  "../ports.c"
 
>> Compilation failure
subdir_rules.mk:9: recipe for target 'ports.obj' failed
"..\macros.h", line 211: error #20: identifier "uint16_t" is undefined
"..\macros.h", line 220: error #20: identifier "uint8_t" is undefined
"..\macros.h", line 221: error #20: identifier "uint8_t" is undefined
"..\macros.h", line 251: error #20: identifier "uint16_t" is undefined
"..\macros.h", line 252: error #20: identifier "uint16_t" is undefined
"..\macros.h", line 253: error #20: identifier "uint16_t" is undefined
"..\macros.h", line 254: error #20: identifier "uint16_t" is undefined
"..\macros.h", line 258: error #20: identifier "uint16_t" is undefined
"../ports.c", line 21: warning #225-D: function "Init_Port_1" declared implicitly
"../ports.c", line 22: warning #225-D: function "Init_Port_2" declared implicitly
"../ports.c", line 23: warning #225-D: function "Init_Port_3" declared implicitly
"../ports.c", line 24: warning #225-D: function "Init_Port_4" declared implicitly
"../ports.c", line 25: warning #225-D: function "Init_Port_5" declared implicitly
"../ports.c", line 26: warning #225-D: function "Init_Port_6" declared implicitly
"../ports.c", line 32: warning #161-D: declaration is incompatible with previous "Init_Port_1" (declared at line 21)
"../ports.c", line 91: warning #161-D: declaration is incompatible with previous "Init_Port_2" (declared at line 22)
"../ports.c", line 147: warning #161-D: declaration is incompatible with previous "Init_Port_3" (declared at line 23)
"../ports.c", line 206: warning #161-D: declaration is incompatible with previous "Init_Port_4" (declared at line 24)
"../ports.c", line 256: warning #161-D: declaration is incompatible with previous "Init_Port_5" (declared at line 25)
"../ports.c", line 295: warning #161-D: declaration is incompatible with previous "Init_Port_6" (declared at line 26)
8 errors detected in the compilation of "../ports.c".
gmake: *** [ports.obj] Error 1
Building file: "../states.c"
Invoking: MSP430 Compiler
"D:/ccs/tools/compiler/ti-cgt-msp430_21.6.1.LTS/bin/cl430" -vmspx --use_hw_mpy=F5 --include_path="D:/ccs/ccs_base/msp430/include" --include_path="D:/ccs/Project 09/Project 09" --include_path="D:/ccs/tools/compiler/ti-cgt-msp430_21.6.1.LTS/include" --advice:power=all --advice:hw_config=all --define=__MSP430FR2355__ --define=_FRWP_ENABLE --define=_INFO_FRWP_ENABLE -g --printf_support=minimal --diag_warning=225 --diag_wrap=off --display_error_number --silicon_errata=CPU21 --silicon_errata=CPU22 --silicon_errata=CPU40 --preproc_with_compile --preproc_dependency="states.d_raw"  "../states.c"
 
>> Compilation failure
subdir_rules.mk:9: recipe for target 'states.obj' failed
"..\macros.h", line 211: error #20: identifier "uint16_t" is undefined
"..\macros.h", line 220: error #20: identifier "uint8_t" is undefined
"..\macros.h", line 221: error #20: identifier "uint8_t" is undefined
"..\macros.h", line 251: error #20: identifier "uint16_t" is undefined
"..\macros.h", line 252: error #20: identifier "uint16_t" is undefined
"..\macros.h", line 253: error #20: identifier "uint16_t" is undefined
"..\macros.h", line 254: error #20: identifier "uint16_t" is undefined
"..\macros.h", line 258: error #20: identifier "uint16_t" is undefined
"../states.c", line 35: warning #225-D: function "wait_case" declared implicitly
"../states.c", line 38: warning #225-D: function "start_case" declared implicitly
"../states.c", line 41: warning #225-D: function "run_case" declared implicitly
"../states.c", line 44: warning #225-D: function "end_case" declared implicitly
"../states.c", line 50: warning #161-D: declaration is incompatible with previous "start_case" (declared at line 38)
"../states.c", line 54: warning #225-D: function "moveforward" declared implicitly
"../states.c", line 59: warning #161-D: declaration is incompatible with previous "run_case" (declared at line 41)
"../states.c", line 74: warning #225-D: function "moveforward" declared implicitly
"../states.c", line 85: warning #225-D: function "wait_case" declared implicitly
"../states.c", line 86: warning #225-D: function "start_case_circle" declared implicitly
"../states.c", line 87: warning #225-D: function "run_case_circle" declared implicitly
"../states.c", line 88: warning #225-D: function "end_case" declared implicitly
"../states.c", line 93: warning #161-D: declaration is incompatible with previous "wait_case" (declared at line 35)
"../states.c", line 103: warning #161-D: declaration is incompatible with previous "start_case_circle" (declared at line 86)
"../states.c", line 107: warning #225-D: function "moveforward" declared implicitly
"../states.c", line 112: warning #161-D: declaration is incompatible with previous "run_case_circle" (declared at line 87)
"../states.c", line 133: warning #225-D: function "moveforward" declared implicitly
"../states.c", line 141: warning #161-D: declaration is incompatible with previous "end_case" (declared at line 44)
"../states.c", line 142: warning #225-D: function "stopall" declared implicitly
"../states.c", line 151: warning #225-D: function "start_case_triangle" declared implicitly
"../states.c", line 152: warning #225-D: function "run_case_triangle" declared implicitly
"../states.c", line 158: warning #161-D: declaration is incompatible with previous "start_case_triangle" (declared at line 151)
"../states.c", line 162: warning #225-D: function "moveforward" declared implicitly
"../states.c", line 169: warning #161-D: declaration is incompatible with previous "run_case_triangle" (declared at line 152)
"../states.c", line 192: warning #225-D: function "moveforward" declared implicitly
"../states.c", line 203: warning #188-D: pointless comparison of unsigned integer with zero
"../states.c", line 217: warning #225-D: function "moveforward" declared implicitly
"../states.c", line 238: warning #225-D: function "start_case_figure8" declared implicitly
"../states.c", line 239: warning #225-D: function "run_case_figure8" declared implicitly
"../states.c", line 246: warning #161-D: declaration is incompatible with previous "start_case_figure8" (declared at line 238)
"../states.c", line 250: warning #225-D: function "moveforward" declared implicitly
"../states.c", line 258: warning #161-D: declaration is incompatible with previous "run_case_figure8" (declared at line 239)
"../states.c", line 289: warning #225-D: function "moveforward" declared implicitly
"../states.c", line 300: warning #225-D: function "moveforward" declared implicitly
"../states.c", line 24: remark #1535-D: (ULP 8.1) variable "event" is used as a constant. Recommend declaring variable as either 'static const' or 'const'
8 errors detected in the compilation of "../states.c".
gmake: *** [states.obj] Error 1
Building file: "../switches.c"
Invoking: MSP430 Compiler
"D:/ccs/tools/compiler/ti-cgt-msp430_21.6.1.LTS/bin/cl430" -vmspx --use_hw_mpy=F5 --include_path="D:/ccs/ccs_base/msp430/include" --include_path="D:/ccs/Project 09/Project 09" --include_path="D:/ccs/tools/compiler/ti-cgt-msp430_21.6.1.LTS/include" --advice:power=all --advice:hw_config=all --define=__MSP430FR2355__ --define=_FRWP_ENABLE --define=_INFO_FRWP_ENABLE -g --printf_support=minimal --diag_warning=225 --diag_wrap=off --display_error_number --silicon_errata=CPU21 --silicon_errata=CPU22 --silicon_errata=CPU40 --preproc_with_compile --preproc_dependency="switches.d_raw"  "../switches.c"
 
>> Compilation failure
subdir_rules.mk:9: recipe for target 'switches.obj' failed
"..\macros.h", line 211: error #20: identifier "uint16_t" is undefined
"..\macros.h", line 220: error #20: identifier "uint8_t" is undefined
"..\macros.h", line 221: error #20: identifier "uint8_t" is undefined
"..\macros.h", line 251: error #20: identifier "uint16_t" is undefined
"..\macros.h", line 252: error #20: identifier "uint16_t" is undefined
"..\macros.h", line 253: error #20: identifier "uint16_t" is undefined
"..\macros.h", line 254: error #20: identifier "uint16_t" is undefined
"..\macros.h", line 258: error #20: identifier "uint16_t" is undefined
"../switches.c", line 16: remark #1527-D: (ULP 2.1) Detected SW delay loop using __delay_cycles. Recommend using a timer module instead
"../switches.c", line 19: remark #1527-D: (ULP 2.1) Detected SW delay loop using empty loop. Recommend using a timer module instead
"../switches.c", line 25: remark #1527-D: (ULP 2.1) Detected SW delay loop using __delay_cycles. Recommend using a timer module instead
"../switches.c", line 28: remark #1527-D: (ULP 2.1) Detected SW delay loop using empty loop. Recommend using a timer module instead
8 errors detected in the compilation of "../switches.c".
gmake: *** [switches.obj] Error 1
Building file: "../system.c"
Invoking: MSP430 Compiler
"D:/ccs/tools/compiler/ti-cgt-msp430_21.6.1.LTS/bin/cl430" -vmspx --use_hw_mpy=F5 --include_path="D:/ccs/ccs_base/msp430/include" --include_path="D:/ccs/Project 09/Project 09" --include_path="D:/ccs/tools/compiler/ti-cgt-msp430_21.6.1.LTS/include" --advice:power=all --advice:hw_config=all --define=__MSP430FR2355__ --define=_FRWP_ENABLE --define=_INFO_FRWP_ENABLE -g --printf_support=minimal --diag_warning=225 --diag_wrap=off --display_error_number --silicon_errata=CPU21 --silicon_errata=CPU22 --silicon_errata=CPU40 --preproc_with_compile --preproc_dependency="system.d_raw"  "../system.c"
 
>> Compilation failure
subdir_rules.mk:9: recipe for target 'system.obj' failed
"..\macros.h", line 211: error #20: identifier "uint16_t" is undefined
"..\macros.h", line 220: error #20: identifier "uint8_t" is undefined
"..\macros.h", line 221: error #20: identifier "uint8_t" is undefined
"..\macros.h", line 251: error #20: identifier "uint16_t" is undefined
"..\macros.h", line 252: error #20: identifier "uint16_t" is undefined
"..\macros.h", line 253: error #20: identifier "uint16_t" is undefined
"..\macros.h", line 254: error #20: identifier "uint16_t" is undefined
"..\macros.h", line 258: error #20: identifier "uint16_t" is undefined
8 errors detected in the compilation of "../system.c".
gmake: *** [system.obj] Error 1
Building file: "../timers.c"
Invoking: MSP430 Compiler
"D:/ccs/tools/compiler/ti-cgt-msp430_21.6.1.LTS/bin/cl430" -vmspx --use_hw_mpy=F5 --include_path="D:/ccs/ccs_base/msp430/include" --include_path="D:/ccs/Project 09/Project 09" --include_path="D:/ccs/tools/compiler/ti-cgt-msp430_21.6.1.LTS/include" --advice:power=all --advice:hw_config=all --define=__MSP430FR2355__ --define=_FRWP_ENABLE --define=_INFO_FRWP_ENABLE -g --printf_support=minimal --diag_warning=225 --diag_wrap=off --display_error_number --silicon_errata=CPU21 --silicon_errata=CPU22 --silicon_errata=CPU40 --preproc_with_compile --preproc_dependency="timers.d_raw"  "../timers.c"
 
>> Compilation failure
subdir_rules.mk:9: recipe for target 'timers.obj' failed
"..\macros.h", line 211: error #20: identifier "uint16_t" is undefined
"..\macros.h", line 220: error #20: identifier "uint8_t" is undefined
"..\macros.h", line 221: error #20: identifier "uint8_t" is undefined
"..\macros.h", line 251: error #20: identifier "uint16_t" is undefined
"..\macros.h", line 252: error #20: identifier "uint16_t" is undefined
"..\macros.h", line 253: error #20: identifier "uint16_t" is undefined
"..\macros.h", line 254: error #20: identifier "uint16_t" is undefined
"..\macros.h", line 258: error #20: identifier "uint16_t" is undefined
8 errors detected in the compilation of "../timers.c".
gmake: *** [timers.obj] Error 1
Building file: "../timers_move.c"
Invoking: MSP430 Compiler
"D:/ccs/tools/compiler/ti-cgt-msp430_21.6.1.LTS/bin/cl430" -vmspx --use_hw_mpy=F5 --include_path="D:/ccs/ccs_base/msp430/include" --include_path="D:/ccs/Project 09/Project 09" --include_path="D:/ccs/tools/compiler/ti-cgt-msp430_21.6.1.LTS/include" --advice:power=all --advice:hw_config=all --define=__MSP430FR2355__ --define=_FRWP_ENABLE --define=_INFO_FRWP_ENABLE -g --printf_support=minimal --diag_warning=225 --diag_wrap=off --display_error_number --silicon_errata=CPU21 --silicon_errata=CPU22 --silicon_errata=CPU40 --preproc_with_compile --preproc_dependency="timers_move.d_raw"  "../timers_move.c"
 
>> Compilation failure
subdir_rules.mk:9: recipe for target 'timers_move.obj' failed
"..\macros.h", line 211: error #20: identifier "uint16_t" is undefined
"..\macros.h", line 220: error #20: identifier "uint8_t" is undefined
"..\macros.h", line 221: error #20: identifier "uint8_t" is undefined
"..\macros.h", line 251: error #20: identifier "uint16_t" is undefined
"..\macros.h", line 252: error #20: identifier "uint16_t" is undefined
"..\macros.h", line 253: error #20: identifier "uint16_t" is undefined
"..\macros.h", line 254: error #20: identifier "uint16_t" is undefined
"..\macros.h", line 258: error #20: identifier "uint16_t" is undefined
"../timers_move.c", line 57: warning #225-D: function "moveforward" declared implicitly
"../timers_move.c", line 61: warning #225-D: function "stopall" declared implicitly
"../timers_move.c", line 65: warning #225-D: function "movereverse" declared implicitly
"../timers_move.c", line 82: warning #225-D: function "spin_clockwise" declared implicitly
"../timers_move.c", line 90: warning #225-D: function "spin_counterclockwise" declared implicitly
8 errors detected in the compilation of "../timers_move.c".
gmake: *** [timers_move.obj] Error 1
Building file: "../wheels.c"
Invoking: MSP430 Compiler
"D:/ccs/tools/compiler/ti-cgt-msp430_21.6.1.LTS/bin/cl430" -vmspx --use_hw_mpy=F5 --include_path="D:/ccs/ccs_base/msp430/include" --include_path="D:/ccs/Project 09/Project 09" --include_path="D:/ccs/tools/compiler/ti-cgt-msp430_21.6.1.LTS/include" --advice:power=all --advice:hw_config=all --define=__MSP430FR2355__ --define=_FRWP_ENABLE --define=_INFO_FRWP_ENABLE -g --printf_support=minimal --diag_warning=225 --diag_wrap=off --display_error_number --silicon_errata=CPU21 --silicon_errata=CPU22 --silicon_errata=CPU40 --preproc_with_compile --preproc_dependency="wheels.d_raw"  "../wheels.c"
 
>> Compilation failure
subdir_rules.mk:9: recipe for target 'wheels.obj' failed
"..\macros.h", line 211: error #20: identifier "uint16_t" is undefined
"..\macros.h", line 220: error #20: identifier "uint8_t" is undefined
"..\macros.h", line 221: error #20: identifier "uint8_t" is undefined
"..\macros.h", line 251: error #20: identifier "uint16_t" is undefined
"..\macros.h", line 252: error #20: identifier "uint16_t" is undefined
"..\macros.h", line 253: error #20: identifier "uint16_t" is undefined
"..\macros.h", line 254: error #20: identifier "uint16_t" is undefined
"..\macros.h", line 258: error #20: identifier "uint16_t" is undefined
8 errors detected in the compilation of "../wheels.c".
gmake: *** [wheels.obj] Error 1
gmake: Target 'all' not remade because of errors.

**** Build Finished ****

**** Build of configuration Debug for project Project 09 ****

"D:\\ccs\\utils\\bin\\gmake" -k -j 16 all -O 
 
Building file: "../Display.c"
Invoking: MSP430 Compiler
"D:/ccs/tools/compiler/ti-cgt-msp430_21.6.1.LTS/bin/cl430" -vmspx --use_hw_mpy=F5 --include_path="D:/ccs/ccs_base/msp430/include" --include_path="D:/ccs/Project 09/Project 09" --include_path="D:/ccs/tools/compiler/ti-cgt-msp430_21.6.1.LTS/include" --advice:power=all --advice:hw_config=all --define=__MSP430FR2355__ --define=_FRWP_ENABLE --define=_INFO_FRWP_ENABLE -g --printf_support=minimal --diag_warning=225 --diag_wrap=off --display_error_number --silicon_errata=CPU21 --silicon_errata=CPU22 --silicon_errata=CPU40 --preproc_with_compile --preproc_dependency="Display.d_raw"  "../Display.c"
 
>> Compilation failure
subdir_rules.mk:9: recipe for target 'Display.obj' failed
"..\LCD.h", line 39: error #148: declaration is incompatible with "void Display_Update(int, int, int, int)" (declared at line 113 of "..\functions.h")
1 error detected in the compilation of "../Display.c".
gmake: *** [Display.obj] Error 1
Building file: "../IOTTrans.c"
Invoking: MSP430 Compiler
"D:/ccs/tools/compiler/ti-cgt-msp430_21.6.1.LTS/bin/cl430" -vmspx --use_hw_mpy=F5 --include_path="D:/ccs/ccs_base/msp430/include" --include_path="D:/ccs/Project 09/Project 09" --include_path="D:/ccs/tools/compiler/ti-cgt-msp430_21.6.1.LTS/include" --advice:power=all --advice:hw_config=all --define=__MSP430FR2355__ --define=_FRWP_ENABLE --define=_INFO_FRWP_ENABLE -g --printf_support=minimal --diag_warning=225 --diag_wrap=off --display_error_number --silicon_errata=CPU21 --silicon_errata=CPU22 --silicon_errata=CPU40 --preproc_with_compile --preproc_dependency="IOTTrans.d_raw"  "../IOTTrans.c"
 
>> Compilation failure
subdir_rules.mk:9: recipe for target 'IOTTrans.obj' failed
"..\LCD.h", line 39: error #148: declaration is incompatible with "void Display_Update(int, int, int, int)" (declared at line 113 of "..\functions.h")
"..\macros.h", line 212: error #258: invalid redeclaration of type name "MoveCmd" (declared at line 39 of "..\movement.h")
"..\macros.h", line 219: error #148: declaration is incompatible with "MoveCmd move_queue[8]" (declared at line 41 of "..\movement.h")
"../IOTTrans.c", line 49: warning #174-D: external/internal linkage conflict with previous declaration
"../IOTTrans.c", line 50: warning #174-D: external/internal linkage conflict with previous declaration
"../IOTTrans.c", line 83: warning #174-D: external/internal linkage conflict with previous declaration
"../IOTTrans.c", line 84: remark #1528-D: (ULP 3.1) Detected flag polling using UCA1IFG. Recommend using an interrupt combined with enter LPMx and ISR
"../IOTTrans.c", line 88: warning #174-D: external/internal linkage conflict with previous declaration
"../IOTTrans.c", line 89: remark #1528-D: (ULP 3.1) Detected flag polling using UCA0IFG. Recommend using an interrupt combined with enter LPMx and ISR
"../IOTTrans.c", line 166: remark #1538-D: (ULP 10.1) ISR EUSCI_A0_ISR calls function process_wifi_message. Recommend moving function call away from ISR, or inlining the function, or using pragmas
"../IOTTrans.c", line 166: remark #1538-D: (ULP 10.1) ISR EUSCI_A0_ISR calls function process_wifi_message. Recommend moving function call away from ISR, or inlining the function, or using pragmas
"../IOTTrans.c", line 50: remark #1534-D: (ULP 7.1) Detected use of global variable "wifi_rx_index" within one function "EUSCI_A0_ISR". Recommend placing variable in the function locally
3 errors detected in the compilation of "../IOTTrans.c".
gmake: *** [IOTTrans.obj] Error 1
Building file: "../adc.c"
Invoking: MSP430 Compiler
"D:/ccs/tools/compiler/ti-cgt-msp430_21.6.1.LTS/bin/cl430" -vmspx --use_hw_mpy=F5 --include_path="D:/ccs/ccs_base/msp430/include" --include_path="D:/ccs/Project 09/Project 09" --include_path="D:/ccs/tools/compiler/ti-cgt-msp430_21.6.1.LTS/include" --advice:power=all --advice:hw_config=all --define=__MSP430FR2355__ --define=_FRWP_ENABLE --define=_INFO_FRWP_ENABLE -g --printf_support=minimal --diag_warning=225 --diag_wrap=off --display_error_number --silicon_errata=CPU21 --silicon_errata=CPU22 --silicon_errata=CPU40 --preproc_with_compile --preproc_dependency="adc.d_raw"  "../adc.c"
 
>> Compilation failure
subdir_rules.mk:9: recipe for target 'adc.obj' failed
"..\LCD.h", line 39: error #148: declaration is incompatible with "void Display_Update(int, int, int, int)" (declared at line 113 of "..\functions.h")
1 error detected in the compilation of "../adc.c".
gmake: *** [adc.obj] Error 1
Building file: "../black_line.c"
Invoking: MSP430 Compiler
"D:/ccs/tools/compiler/ti-cgt-msp430_21.6.1.LTS/bin/cl430" -vmspx --use_hw_mpy=F5 --include_path="D:/ccs/ccs_base/msp430/include" --include_path="D:/ccs/Project 09/Project 09" --include_path="D:/ccs/tools/compiler/ti-cgt-msp430_21.6.1.LTS/include" --advice:power=all --advice:hw_config=all --define=__MSP430FR2355__ --define=_FRWP_ENABLE --define=_INFO_FRWP_ENABLE -g --printf_support=minimal --diag_warning=225 --diag_wrap=off --display_error_number --silicon_errata=CPU21 --silicon_errata=CPU22 --silicon_errata=CPU40 --preproc_with_compile --preproc_dependency="black_line.d_raw"  "../black_line.c"
 
>> Compilation failure
subdir_rules.mk:9: recipe for target 'black_line.obj' failed
"..\LCD.h", line 39: error #148: declaration is incompatible with "void Display_Update(int, int, int, int)" (declared at line 113 of "..\functions.h")
"../black_line.c", line 30: warning #225-D: function "search_line" declared implicitly
"../black_line.c", line 31: warning #225-D: function "stop_on_line" declared implicitly
"../black_line.c", line 32: warning #225-D: function "reverse_to_line" declared implicitly
"../black_line.c", line 35: warning #225-D: function "strcpy" declared implicitly
"../black_line.c", line 40: warning #225-D: function "adc_line" declared implicitly
"../black_line.c", line 46: warning #161-D: declaration is incompatible with previous "search_line" (declared at line 30)
"../black_line.c", line 47: warning #225-D: function "strcpy" declared implicitly
"../black_line.c", line 68: error #20: identifier "LEFT_BLACK_THRESH" is undefined
"../black_line.c", line 68: error #20: identifier "RIGHT_BLACK_THRESH" is undefined
"../black_line.c", line 75: warning #161-D: declaration is incompatible with previous "stop_on_line" (declared at line 31)
"../black_line.c", line 77: warning #225-D: function "strcpy" declared implicitly
"../black_line.c", line 92: warning #161-D: declaration is incompatible with previous "reverse_to_line" (declared at line 32)
"../black_line.c", line 93: warning #225-D: function "strcpy" declared implicitly
"../black_line.c", line 108: error #20: identifier "LEFT_BLACK_THRESH" is undefined
"../black_line.c", line 108: error #20: identifier "RIGHT_BLACK_THRESH" is undefined
"../black_line.c", line 115: remark #1544-D: (ULP 13.1) Detected loop counting up. Recommend loops count down as detecting zeros is easier
"../black_line.c", line 116: remark #2553-D: (ULP 14.1) Array index (involving "i") of type "int". Recommend using "unsigned int"
"../black_line.c", line 138: warning #161-D: declaration is incompatible with previous "adc_line" (declared at line 40)
"../black_line.c", line 142: remark #1544-D: (ULP 13.1) Detected loop counting up. Recommend loops count down as detecting zeros is easier
"../black_line.c", line 143: remark #1545-D: (ULP 14.1) Array index of type "int". Recommend using "unsigned int"
"../black_line.c", line 143: remark #2553-D: (ULP 14.1) Array index (involving "i") of type "int". Recommend using "unsigned int"
"../black_line.c", line 173: warning #225-D: function "strcpy" declared implicitly
"../black_line.c", line 179: warning #225-D: function "strcpy" declared implicitly
"../black_line.c", line 157: remark #1544-D: (ULP 13.1) Detected loop counting up. Recommend loops count down as detecting zeros is easier
"../black_line.c", line 158: remark #2553-D: (ULP 14.1) Array index (involving "j") of type "int". Recommend using "unsigned int"
"../black_line.c", line 158: remark #2553-D: (ULP 14.1) Array index (involving "j") of type "int". Recommend using "unsigned int"
"../black_line.c", line 165: remark #1544-D: (ULP 13.1) Detected loop counting up. Recommend loops count down as detecting zeros is easier
"../black_line.c", line 166: remark #2553-D: (ULP 14.1) Array index (involving "j") of type "int". Recommend using "unsigned int"
"../black_line.c", line 166: remark #2553-D: (ULP 14.1) Array index (involving "j") of type "int". Recommend using "unsigned int"
"../black_line.c", line 157: remark #1544-D: (ULP 13.1) Detected loop counting up. Recommend loops count down as detecting zeros is easier
"../black_line.c", line 158: remark #2553-D: (ULP 14.1) Array index (involving "j") of type "int". Recommend using "unsigned int"
"../black_line.c", line 158: remark #2553-D: (ULP 14.1) Array index (involving "j") of type "int". Recommend using "unsigned int"
"../black_line.c", line 165: remark #1544-D: (ULP 13.1) Detected loop counting up. Recommend loops count down as detecting zeros is easier
"../black_line.c", line 166: remark #2553-D: (ULP 14.1) Array index (involving "j") of type "int". Recommend using "unsigned int"
"../black_line.c", line 166: remark #2553-D: (ULP 14.1) Array index (involving "j") of type "int". Recommend using "unsigned int"
5 errors detected in the compilation of "../black_line.c".
gmake: *** [black_line.obj] Error 1
Building file: "../clocks.c"
Invoking: MSP430 Compiler
"D:/ccs/tools/compiler/ti-cgt-msp430_21.6.1.LTS/bin/cl430" -vmspx --use_hw_mpy=F5 --include_path="D:/ccs/ccs_base/msp430/include" --include_path="D:/ccs/Project 09/Project 09" --include_path="D:/ccs/tools/compiler/ti-cgt-msp430_21.6.1.LTS/include" --advice:power=all --advice:hw_config=all --define=__MSP430FR2355__ --define=_FRWP_ENABLE --define=_INFO_FRWP_ENABLE -g --printf_support=minimal --diag_warning=225 --diag_wrap=off --display_error_number --silicon_errata=CPU21 --silicon_errata=CPU22 --silicon_errata=CPU40 --preproc_with_compile --preproc_dependency="clocks.d_raw"  "../clocks.c"
 
>> Compilation failure
subdir_rules.mk:9: recipe for target 'clocks.obj' failed
"../clocks.c", line 86: error #20: identifier "MCLK_FREQ_MHZ" is undefined
"../clocks.c", line 87: remark #1527-D: (ULP 2.1) Detected SW delay loop using empty loop. Recommend using a timer module instead
"../clocks.c", line 120: remark #1527-D: (ULP 2.1) Detected SW delay loop using empty loop. Recommend using a timer module instead
1 error detected in the compilation of "../clocks.c".
gmake: *** [clocks.obj] Error 1
Building file: "../command_parser.c"
Invoking: MSP430 Compiler
"D:/ccs/tools/compiler/ti-cgt-msp430_21.6.1.LTS/bin/cl430" -vmspx --use_hw_mpy=F5 --include_path="D:/ccs/ccs_base/msp430/include" --include_path="D:/ccs/Project 09/Project 09" --include_path="D:/ccs/tools/compiler/ti-cgt-msp430_21.6.1.LTS/include" --advice:power=all --advice:hw_config=all --define=__MSP430FR2355__ --define=_FRWP_ENABLE --define=_INFO_FRWP_ENABLE -g --printf_support=minimal --diag_warning=225 --diag_wrap=off --display_error_number --silicon_errata=CPU21 --silicon_errata=CPU22 --silicon_errata=CPU40 --preproc_with_compile --preproc_dependency="command_parser.d_raw"  "../command_parser.c"
 
>> Compilation failure
subdir_rules.mk:9: recipe for target 'command_parser.obj' failed
"..\macros.h", line 212: error #258: invalid redeclaration of type name "MoveCmd" (declared at line 39 of "..\movement.h")
"..\macros.h", line 219: error #148: declaration is incompatible with "MoveCmd move_queue[8]" (declared at line 41 of "..\movement.h")
2 errors detected in the compilation of "../command_parser.c".
gmake: *** [command_parser.obj] Error 1
Building file: "../init.c"
Invoking: MSP430 Compiler
"D:/ccs/tools/compiler/ti-cgt-msp430_21.6.1.LTS/bin/cl430" -vmspx --use_hw_mpy=F5 --include_path="D:/ccs/ccs_base/msp430/include" --include_path="D:/ccs/Project 09/Project 09" --include_path="D:/ccs/tools/compiler/ti-cgt-msp430_21.6.1.LTS/include" --advice:power=all --advice:hw_config=all --define=__MSP430FR2355__ --define=_FRWP_ENABLE --define=_INFO_FRWP_ENABLE -g --printf_support=minimal --diag_warning=225 --diag_wrap=off --display_error_number --silicon_errata=CPU21 --silicon_errata=CPU22 --silicon_errata=CPU40 --preproc_with_compile --preproc_dependency="init.d_raw"  "../init.c"
 
>> Compilation failure
subdir_rules.mk:9: recipe for target 'init.obj' failed
"..\LCD.h", line 39: error #148: declaration is incompatible with "void Display_Update(int, int, int, int)" (declared at line 113 of "..\functions.h")
"../init.c", line 28: remark #1544-D: (ULP 13.1) Detected loop counting up. Recommend loops count down as detecting zeros is easier
"../init.c", line 29: remark #2553-D: (ULP 14.1) Array index (involving "i") of type "int". Recommend using "unsigned int"
"../init.c", line 30: remark #2553-D: (ULP 14.1) Array index (involving "i") of type "int". Recommend using "unsigned int"
"../init.c", line 31: remark #2553-D: (ULP 14.1) Array index (involving "i") of type "int". Recommend using "unsigned int"
"../init.c", line 32: remark #2553-D: (ULP 14.1) Array index (involving "i") of type "int". Recommend using "unsigned int"
1 error detected in the compilation of "../init.c".
gmake: *** [init.obj] Error 1
Building file: "../led.c"
Invoking: MSP430 Compiler
"D:/ccs/tools/compiler/ti-cgt-msp430_21.6.1.LTS/bin/cl430" -vmspx --use_hw_mpy=F5 --include_path="D:/ccs/ccs_base/msp430/include" --include_path="D:/ccs/Project 09/Project 09" --include_path="D:/ccs/tools/compiler/ti-cgt-msp430_21.6.1.LTS/include" --advice:power=all --advice:hw_config=all --define=__MSP430FR2355__ --define=_FRWP_ENABLE --define=_INFO_FRWP_ENABLE -g --printf_support=minimal --diag_warning=225 --diag_wrap=off --display_error_number --silicon_errata=CPU21 --silicon_errata=CPU22 --silicon_errata=CPU40 --preproc_with_compile --preproc_dependency="led.d_raw"  "../led.c"
 
>> Compilation failure
subdir_rules.mk:9: recipe for target 'led.obj' failed
"..\LCD.h", line 39: error #148: declaration is incompatible with "void Display_Update(int, int, int, int)" (declared at line 113 of "..\functions.h")
"../led.c", line 32: warning #225-D: function "Init_LEDs" declared implicitly
1 error detected in the compilation of "../led.c".
gmake: *** [led.obj] Error 1
Building file: "../main.c"
Invoking: MSP430 Compiler
"D:/ccs/tools/compiler/ti-cgt-msp430_21.6.1.LTS/bin/cl430" -vmspx --use_hw_mpy=F5 --include_path="D:/ccs/ccs_base/msp430/include" --include_path="D:/ccs/Project 09/Project 09" --include_path="D:/ccs/tools/compiler/ti-cgt-msp430_21.6.1.LTS/include" --advice:power=all --advice:hw_config=all --define=__MSP430FR2355__ --define=_FRWP_ENABLE --define=_INFO_FRWP_ENABLE -g --printf_support=minimal --diag_warning=225 --diag_wrap=off --display_error_number --silicon_errata=CPU21 --silicon_errata=CPU22 --silicon_errata=CPU40 --preproc_with_compile --preproc_dependency="main.d_raw"  "../main.c"
 
>> Compilation failure
subdir_rules.mk:9: recipe for target 'main.obj' failed
"..\LCD.h", line 39: error #148: declaration is incompatible with "void Display_Update(int, int, int, int)" (declared at line 113 of "..\functions.h")
1 error detected in the compilation of "../main.c".
gmake: *** [main.obj] Error 1
Building file: "../movement.c"
Invoking: MSP430 Compiler
"D:/ccs/tools/compiler/ti-cgt-msp430_21.6.1.LTS/bin/cl430" -vmspx --use_hw_mpy=F5 --include_path="D:/ccs/ccs_base/msp430/include" --include_path="D:/ccs/Project 09/Project 09" --include_path="D:/ccs/tools/compiler/ti-cgt-msp430_21.6.1.LTS/include" --advice:power=all --advice:hw_config=all --define=__MSP430FR2355__ --define=_FRWP_ENABLE --define=_INFO_FRWP_ENABLE -g --printf_support=minimal --diag_warning=225 --diag_wrap=off --display_error_number --silicon_errata=CPU21 --silicon_errata=CPU22 --silicon_errata=CPU40 --preproc_with_compile --preproc_dependency="movement.d_raw"  "../movement.c"
 
>> Compilation failure
subdir_rules.mk:9: recipe for target 'movement.obj' failed
"..\macros.h", line 212: error #258: invalid redeclaration of type name "MoveCmd" (declared at line 39 of "..\movement.h")
"..\macros.h", line 219: error #148: declaration is incompatible with "MoveCmd move_queue[8]" (declared at line 41 of "..\movement.h")
"../movement.c", line 33: error #148: declaration is incompatible with "MoveCmd move_queue[8]" (declared at line 41 of "..\movement.h")
"../movement.c", line 38: remark #1530-D: (ULP 5.1) Detected modulo operation(s). Recommend moving them to RAM during run time or not using as these are processing/power intensive
"../movement.c", line 45: error #148: declaration is incompatible with "uint8_t movement_queue_pop(MoveCmd *)" (declared at line 46 of "..\movement.h")
"../movement.c", line 48: remark #1530-D: (ULP 5.1) Detected modulo operation(s). Recommend moving them to RAM during run time or not using as these are processing/power intensive
"../movement.c", line 118: warning #225-D: function "sprintf" declared implicitly
"../movement.c", line 118: remark #1532-D: (ULP 5.3) Detected sprintf() operation(s). Recommend moving them to RAM during run time or not using as these are processing/power intensive
4 errors detected in the compilation of "../movement.c".
gmake: *** [movement.obj] Error 1
Building file: "../ports.c"
Invoking: MSP430 Compiler
"D:/ccs/tools/compiler/ti-cgt-msp430_21.6.1.LTS/bin/cl430" -vmspx --use_hw_mpy=F5 --include_path="D:/ccs/ccs_base/msp430/include" --include_path="D:/ccs/Project 09/Project 09" --include_path="D:/ccs/tools/compiler/ti-cgt-msp430_21.6.1.LTS/include" --advice:power=all --advice:hw_config=all --define=__MSP430FR2355__ --define=_FRWP_ENABLE --define=_INFO_FRWP_ENABLE -g --printf_support=minimal --diag_warning=225 --diag_wrap=off --display_error_number --silicon_errata=CPU21 --silicon_errata=CPU22 --silicon_errata=CPU40 --preproc_with_compile --preproc_dependency="ports.d_raw"  "../ports.c"
 
>> Compilation failure
subdir_rules.mk:9: recipe for target 'ports.obj' failed
"..\LCD.h", line 39: error #148: declaration is incompatible with "void Display_Update(int, int, int, int)" (declared at line 113 of "..\functions.h")
"../ports.c", line 21: warning #225-D: function "Init_Port_1" declared implicitly
"../ports.c", line 22: warning #225-D: function "Init_Port_2" declared implicitly
"../ports.c", line 23: warning #225-D: function "Init_Port_3" declared implicitly
"../ports.c", line 24: warning #225-D: function "Init_Port_4" declared implicitly
"../ports.c", line 25: warning #225-D: function "Init_Port_5" declared implicitly
"../ports.c", line 26: warning #225-D: function "Init_Port_6" declared implicitly
"../ports.c", line 32: warning #161-D: declaration is incompatible with previous "Init_Port_1" (declared at line 21)
"../ports.c", line 91: warning #161-D: declaration is incompatible with previous "Init_Port_2" (declared at line 22)
"../ports.c", line 147: warning #161-D: declaration is incompatible with previous "Init_Port_3" (declared at line 23)
"../ports.c", line 206: warning #161-D: declaration is incompatible with previous "Init_Port_4" (declared at line 24)
"../ports.c", line 256: warning #161-D: declaration is incompatible with previous "Init_Port_5" (declared at line 25)
"../ports.c", line 295: warning #161-D: declaration is incompatible with previous "Init_Port_6" (declared at line 26)
1 error detected in the compilation of "../ports.c".
gmake: *** [ports.obj] Error 1
Building file: "../states.c"
Invoking: MSP430 Compiler
"D:/ccs/tools/compiler/ti-cgt-msp430_21.6.1.LTS/bin/cl430" -vmspx --use_hw_mpy=F5 --include_path="D:/ccs/ccs_base/msp430/include" --include_path="D:/ccs/Project 09/Project 09" --include_path="D:/ccs/tools/compiler/ti-cgt-msp430_21.6.1.LTS/include" --advice:power=all --advice:hw_config=all --define=__MSP430FR2355__ --define=_FRWP_ENABLE --define=_INFO_FRWP_ENABLE -g --printf_support=minimal --diag_warning=225 --diag_wrap=off --display_error_number --silicon_errata=CPU21 --silicon_errata=CPU22 --silicon_errata=CPU40 --preproc_with_compile --preproc_dependency="states.d_raw"  "../states.c"
 
>> Compilation failure
subdir_rules.mk:9: recipe for target 'states.obj' failed
"..\LCD.h", line 39: error #148: declaration is incompatible with "void Display_Update(int, int, int, int)" (declared at line 113 of "..\functions.h")
"../states.c", line 203: warning #188-D: pointless comparison of unsigned integer with zero
"../states.c", line 24: remark #1535-D: (ULP 8.1) variable "event" is used as a constant. Recommend declaring variable as either 'static const' or 'const'
1 error detected in the compilation of "../states.c".
gmake: *** [states.obj] Error 1
Building file: "../switches.c"
Invoking: MSP430 Compiler
"D:/ccs/tools/compiler/ti-cgt-msp430_21.6.1.LTS/bin/cl430" -vmspx --use_hw_mpy=F5 --include_path="D:/ccs/ccs_base/msp430/include" --include_path="D:/ccs/Project 09/Project 09" --include_path="D:/ccs/tools/compiler/ti-cgt-msp430_21.6.1.LTS/include" --advice:power=all --advice:hw_config=all --define=__MSP430FR2355__ --define=_FRWP_ENABLE --define=_INFO_FRWP_ENABLE -g --printf_support=minimal --diag_warning=225 --diag_wrap=off --display_error_number --silicon_errata=CPU21 --silicon_errata=CPU22 --silicon_errata=CPU40 --preproc_with_compile --preproc_dependency="switches.d_raw"  "../switches.c"
 
>> Compilation failure
subdir_rules.mk:9: recipe for target 'switches.obj' failed
"..\functions.h", line 113: error #148: declaration is incompatible with "void Display_Update(char, char, char, char)" (declared at line 39 of "..\LCD.h")
"../switches.c", line 16: remark #1527-D: (ULP 2.1) Detected SW delay loop using __delay_cycles. Recommend using a timer module instead
"../switches.c", line 19: remark #1527-D: (ULP 2.1) Detected SW delay loop using empty loop. Recommend using a timer module instead
"../switches.c", line 25: remark #1527-D: (ULP 2.1) Detected SW delay loop using __delay_cycles. Recommend using a timer module instead
"../switches.c", line 28: remark #1527-D: (ULP 2.1) Detected SW delay loop using empty loop. Recommend using a timer module instead
1 error detected in the compilation of "../switches.c".
gmake: *** [switches.obj] Error 1
Building file: "../serial.c"
Invoking: MSP430 Compiler
"D:/ccs/tools/compiler/ti-cgt-msp430_21.6.1.LTS/bin/cl430" -vmspx --use_hw_mpy=F5 --include_path="D:/ccs/ccs_base/msp430/include" --include_path="D:/ccs/Project 09/Project 09" --include_path="D:/ccs/tools/compiler/ti-cgt-msp430_21.6.1.LTS/include" --advice:power=all --advice:hw_config=all --define=__MSP430FR2355__ --define=_FRWP_ENABLE --define=_INFO_FRWP_ENABLE -g --printf_support=minimal --diag_warning=225 --diag_wrap=off --display_error_number --silicon_errata=CPU21 --silicon_errata=CPU22 --silicon_errata=CPU40 --preproc_with_compile --preproc_dependency="serial.d_raw"  "../serial.c"
Finished building: "../serial.c"
 
Building file: "../timers.c"
Invoking: MSP430 Compiler
"D:/ccs/tools/compiler/ti-cgt-msp430_21.6.1.LTS/bin/cl430" -vmspx --use_hw_mpy=F5 --include_path="D:/ccs/ccs_base/msp430/include" --include_path="D:/ccs/Project 09/Project 09" --include_path="D:/ccs/tools/compiler/ti-cgt-msp430_21.6.1.LTS/include" --advice:power=all --advice:hw_config=all --define=__MSP430FR2355__ --define=_FRWP_ENABLE --define=_INFO_FRWP_ENABLE -g --printf_support=minimal --diag_warning=225 --diag_wrap=off --display_error_number --silicon_errata=CPU21 --silicon_errata=CPU22 --silicon_errata=CPU40 --preproc_with_compile --preproc_dependency="timers.d_raw"  "../timers.c"
 
>> Compilation failure
subdir_rules.mk:9: recipe for target 'timers.obj' failed
"..\LCD.h", line 39: error #148: declaration is incompatible with "void Display_Update(int, int, int, int)" (declared at line 113 of "..\functions.h")
"../timers.c", line 23: warning #225-D: function "Init_Timer_B0" declared implicitly
"../timers.c", line 27: warning #161-D: declaration is incompatible with previous "Init_Timer_B0" (declared at line 23)
1 error detected in the compilation of "../timers.c".
gmake: *** [timers.obj] Error 1
Building file: "../timers_move.c"
Invoking: MSP430 Compiler
"D:/ccs/tools/compiler/ti-cgt-msp430_21.6.1.LTS/bin/cl430" -vmspx --use_hw_mpy=F5 --include_path="D:/ccs/ccs_base/msp430/include" --include_path="D:/ccs/Project 09/Project 09" --include_path="D:/ccs/tools/compiler/ti-cgt-msp430_21.6.1.LTS/include" --advice:power=all --advice:hw_config=all --define=__MSP430FR2355__ --define=_FRWP_ENABLE --define=_INFO_FRWP_ENABLE -g --printf_support=minimal --diag_warning=225 --diag_wrap=off --display_error_number --silicon_errata=CPU21 --silicon_errata=CPU22 --silicon_errata=CPU40 --preproc_with_compile --preproc_dependency="timers_move.d_raw"  "../timers_move.c"
 
>> Compilation failure
subdir_rules.mk:9: recipe for target 'timers_move.obj' failed
"..\LCD.h", line 39: error #148: declaration is incompatible with "void Display_Update(int, int, int, int)" (declared at line 113 of "..\functions.h")
1 error detected in the compilation of "../timers_move.c".
gmake: *** [timers_move.obj] Error 1
Building file: "../system.c"
Invoking: MSP430 Compiler
"D:/ccs/tools/compiler/ti-cgt-msp430_21.6.1.LTS/bin/cl430" -vmspx --use_hw_mpy=F5 --include_path="D:/ccs/ccs_base/msp430/include" --include_path="D:/ccs/Project 09/Project 09" --include_path="D:/ccs/tools/compiler/ti-cgt-msp430_21.6.1.LTS/include" --advice:power=all --advice:hw_config=all --define=__MSP430FR2355__ --define=_FRWP_ENABLE --define=_INFO_FRWP_ENABLE -g --printf_support=minimal --diag_warning=225 --diag_wrap=off --display_error_number --silicon_errata=CPU21 --silicon_errata=CPU22 --silicon_errata=CPU40 --preproc_with_compile --preproc_dependency="system.d_raw"  "../system.c"
Finished building: "../system.c"
 
Building file: "../wheels.c"
Invoking: MSP430 Compiler
"D:/ccs/tools/compiler/ti-cgt-msp430_21.6.1.LTS/bin/cl430" -vmspx --use_hw_mpy=F5 --include_path="D:/ccs/ccs_base/msp430/include" --include_path="D:/ccs/Project 09/Project 09" --include_path="D:/ccs/tools/compiler/ti-cgt-msp430_21.6.1.LTS/include" --advice:power=all --advice:hw_config=all --define=__MSP430FR2355__ --define=_FRWP_ENABLE --define=_INFO_FRWP_ENABLE -g --printf_support=minimal --diag_warning=225 --diag_wrap=off --display_error_number --silicon_errata=CPU21 --silicon_errata=CPU22 --silicon_errata=CPU40 --preproc_with_compile --preproc_dependency="wheels.d_raw"  "../wheels.c"
 
>> Compilation failure
subdir_rules.mk:9: recipe for target 'wheels.obj' failed
"..\LCD.h", line 39: error #148: declaration is incompatible with "void Display_Update(int, int, int, int)" (declared at line 113 of "..\functions.h")
1 error detected in the compilation of "../wheels.c".
gmake: *** [wheels.obj] Error 1
gmake: Target 'all' not remade because of errors.

**** Build Finished ****

**** Build of configuration Debug for project Project 09 ****

"D:\\ccs\\utils\\bin\\gmake" -k -j 16 all -O 
 
Building file: "../Display.c"
Invoking: MSP430 Compiler
"D:/ccs/tools/compiler/ti-cgt-msp430_21.6.1.LTS/bin/cl430" -vmspx --use_hw_mpy=F5 --include_path="D:/ccs/ccs_base/msp430/include" --include_path="D:/ccs/Project 09/Project 09" --include_path="D:/ccs/tools/compiler/ti-cgt-msp430_21.6.1.LTS/include" --advice:power=all --advice:hw_config=all --define=__MSP430FR2355__ --define=_FRWP_ENABLE --define=_INFO_FRWP_ENABLE -g --printf_support=minimal --diag_warning=225 --diag_wrap=off --display_error_number --silicon_errata=CPU21 --silicon_errata=CPU22 --silicon_errata=CPU40 --preproc_with_compile --preproc_dependency="Display.d_raw"  "../Display.c"
 
>> Compilation failure
subdir_rules.mk:9: recipe for target 'Display.obj' failed
"..\LCD.h", line 39: error #148: declaration is incompatible with "void Display_Update(int, int, int, int)" (declared at line 113 of "..\functions.h")
1 error detected in the compilation of "../Display.c".
gmake: *** [Display.obj] Error 1
Building file: "../adc.c"
Invoking: MSP430 Compiler
"D:/ccs/tools/compiler/ti-cgt-msp430_21.6.1.LTS/bin/cl430" -vmspx --use_hw_mpy=F5 --include_path="D:/ccs/ccs_base/msp430/include" --include_path="D:/ccs/Project 09/Project 09" --include_path="D:/ccs/tools/compiler/ti-cgt-msp430_21.6.1.LTS/include" --advice:power=all --advice:hw_config=all --define=__MSP430FR2355__ --define=_FRWP_ENABLE --define=_INFO_FRWP_ENABLE -g --printf_support=minimal --diag_warning=225 --diag_wrap=off --display_error_number --silicon_errata=CPU21 --silicon_errata=CPU22 --silicon_errata=CPU40 --preproc_with_compile --preproc_dependency="adc.d_raw"  "../adc.c"
 
>> Compilation failure
subdir_rules.mk:9: recipe for target 'adc.obj' failed
"..\LCD.h", line 39: error #148: declaration is incompatible with "void Display_Update(int, int, int, int)" (declared at line 113 of "..\functions.h")
1 error detected in the compilation of "../adc.c".
gmake: *** [adc.obj] Error 1
Building file: "../black_line.c"
Invoking: MSP430 Compiler
"D:/ccs/tools/compiler/ti-cgt-msp430_21.6.1.LTS/bin/cl430" -vmspx --use_hw_mpy=F5 --include_path="D:/ccs/ccs_base/msp430/include" --include_path="D:/ccs/Project 09/Project 09" --include_path="D:/ccs/tools/compiler/ti-cgt-msp430_21.6.1.LTS/include" --advice:power=all --advice:hw_config=all --define=__MSP430FR2355__ --define=_FRWP_ENABLE --define=_INFO_FRWP_ENABLE -g --printf_support=minimal --diag_warning=225 --diag_wrap=off --display_error_number --silicon_errata=CPU21 --silicon_errata=CPU22 --silicon_errata=CPU40 --preproc_with_compile --preproc_dependency="black_line.d_raw"  "../black_line.c"
 
>> Compilation failure
subdir_rules.mk:9: recipe for target 'black_line.obj' failed
"..\LCD.h", line 39: error #148: declaration is incompatible with "void Display_Update(int, int, int, int)" (declared at line 113 of "..\functions.h")
"../black_line.c", line 30: warning #225-D: function "search_line" declared implicitly
"../black_line.c", line 31: warning #225-D: function "stop_on_line" declared implicitly
"../black_line.c", line 32: warning #225-D: function "reverse_to_line" declared implicitly
"../black_line.c", line 35: warning #225-D: function "strcpy" declared implicitly
"../black_line.c", line 40: warning #225-D: function "adc_line" declared implicitly
"../black_line.c", line 46: warning #161-D: declaration is incompatible with previous "search_line" (declared at line 30)
"../black_line.c", line 47: warning #225-D: function "strcpy" declared implicitly
"../black_line.c", line 68: error #20: identifier "LEFT_BLACK_THRESH" is undefined
"../black_line.c", line 68: error #20: identifier "RIGHT_BLACK_THRESH" is undefined
"../black_line.c", line 75: warning #161-D: declaration is incompatible with previous "stop_on_line" (declared at line 31)
"../black_line.c", line 77: warning #225-D: function "strcpy" declared implicitly
"../black_line.c", line 92: warning #161-D: declaration is incompatible with previous "reverse_to_line" (declared at line 32)
"../black_line.c", line 93: warning #225-D: function "strcpy" declared implicitly
"../black_line.c", line 108: error #20: identifier "LEFT_BLACK_THRESH" is undefined
"../black_line.c", line 108: error #20: identifier "RIGHT_BLACK_THRESH" is undefined
"../black_line.c", line 115: remark #1544-D: (ULP 13.1) Detected loop counting up. Recommend loops count down as detecting zeros is easier
"../black_line.c", line 116: remark #2553-D: (ULP 14.1) Array index (involving "i") of type "int". Recommend using "unsigned int"
"../black_line.c", line 138: warning #161-D: declaration is incompatible with previous "adc_line" (declared at line 40)
"../black_line.c", line 142: remark #1544-D: (ULP 13.1) Detected loop counting up. Recommend loops count down as detecting zeros is easier
"../black_line.c", line 143: remark #1545-D: (ULP 14.1) Array index of type "int". Recommend using "unsigned int"
"../black_line.c", line 143: remark #2553-D: (ULP 14.1) Array index (involving "i") of type "int". Recommend using "unsigned int"
"../black_line.c", line 173: warning #225-D: function "strcpy" declared implicitly
"../black_line.c", line 179: warning #225-D: function "strcpy" declared implicitly
"../black_line.c", line 157: remark #1544-D: (ULP 13.1) Detected loop counting up. Recommend loops count down as detecting zeros is easier
"../black_line.c", line 158: remark #2553-D: (ULP 14.1) Array index (involving "j") of type "int". Recommend using "unsigned int"
"../black_line.c", line 158: remark #2553-D: (ULP 14.1) Array index (involving "j") of type "int". Recommend using "unsigned int"
"../black_line.c", line 165: remark #1544-D: (ULP 13.1) Detected loop counting up. Recommend loops count down as detecting zeros is easier
"../black_line.c", line 166: remark #2553-D: (ULP 14.1) Array index (involving "j") of type "int". Recommend using "unsigned int"
"../black_line.c", line 166: remark #2553-D: (ULP 14.1) Array index (involving "j") of type "int". Recommend using "unsigned int"
"../black_line.c", line 157: remark #1544-D: (ULP 13.1) Detected loop counting up. Recommend loops count down as detecting zeros is easier
"../black_line.c", line 158: remark #2553-D: (ULP 14.1) Array index (involving "j") of type "int". Recommend using "unsigned int"
"../black_line.c", line 158: remark #2553-D: (ULP 14.1) Array index (involving "j") of type "int". Recommend using "unsigned int"
"../black_line.c", line 165: remark #1544-D: (ULP 13.1) Detected loop counting up. Recommend loops count down as detecting zeros is easier
"../black_line.c", line 166: remark #2553-D: (ULP 14.1) Array index (involving "j") of type "int". Recommend using "unsigned int"
"../black_line.c", line 166: remark #2553-D: (ULP 14.1) Array index (involving "j") of type "int". Recommend using "unsigned int"
5 errors detected in the compilation of "../black_line.c".
gmake: *** [black_line.obj] Error 1
Building file: "../clocks.c"
Invoking: MSP430 Compiler
"D:/ccs/tools/compiler/ti-cgt-msp430_21.6.1.LTS/bin/cl430" -vmspx --use_hw_mpy=F5 --include_path="D:/ccs/ccs_base/msp430/include" --include_path="D:/ccs/Project 09/Project 09" --include_path="D:/ccs/tools/compiler/ti-cgt-msp430_21.6.1.LTS/include" --advice:power=all --advice:hw_config=all --define=__MSP430FR2355__ --define=_FRWP_ENABLE --define=_INFO_FRWP_ENABLE -g --printf_support=minimal --diag_warning=225 --diag_wrap=off --display_error_number --silicon_errata=CPU21 --silicon_errata=CPU22 --silicon_errata=CPU40 --preproc_with_compile --preproc_dependency="clocks.d_raw"  "../clocks.c"
 
>> Compilation failure
subdir_rules.mk:9: recipe for target 'clocks.obj' failed
"../clocks.c", line 86: error #20: identifier "MCLK_FREQ_MHZ" is undefined
"../clocks.c", line 87: remark #1527-D: (ULP 2.1) Detected SW delay loop using empty loop. Recommend using a timer module instead
"../clocks.c", line 120: remark #1527-D: (ULP 2.1) Detected SW delay loop using empty loop. Recommend using a timer module instead
1 error detected in the compilation of "../clocks.c".
gmake: *** [clocks.obj] Error 1
Building file: "../command_parser.c"
Invoking: MSP430 Compiler
"D:/ccs/tools/compiler/ti-cgt-msp430_21.6.1.LTS/bin/cl430" -vmspx --use_hw_mpy=F5 --include_path="D:/ccs/ccs_base/msp430/include" --include_path="D:/ccs/Project 09/Project 09" --include_path="D:/ccs/tools/compiler/ti-cgt-msp430_21.6.1.LTS/include" --advice:power=all --advice:hw_config=all --define=__MSP430FR2355__ --define=_FRWP_ENABLE --define=_INFO_FRWP_ENABLE -g --printf_support=minimal --diag_warning=225 --diag_wrap=off --display_error_number --silicon_errata=CPU21 --silicon_errata=CPU22 --silicon_errata=CPU40 --preproc_with_compile --preproc_dependency="command_parser.d_raw"  "../command_parser.c"
 
>> Compilation failure
subdir_rules.mk:9: recipe for target 'command_parser.obj' failed
"..\macros.h", line 212: error #258: invalid redeclaration of type name "MoveCmd" (declared at line 39 of "..\movement.h")
"..\macros.h", line 219: error #148: declaration is incompatible with "MoveCmd move_queue[8]" (declared at line 41 of "..\movement.h")
2 errors detected in the compilation of "../command_parser.c".
gmake: *** [command_parser.obj] Error 1
Building file: "../init.c"
Invoking: MSP430 Compiler
"D:/ccs/tools/compiler/ti-cgt-msp430_21.6.1.LTS/bin/cl430" -vmspx --use_hw_mpy=F5 --include_path="D:/ccs/ccs_base/msp430/include" --include_path="D:/ccs/Project 09/Project 09" --include_path="D:/ccs/tools/compiler/ti-cgt-msp430_21.6.1.LTS/include" --advice:power=all --advice:hw_config=all --define=__MSP430FR2355__ --define=_FRWP_ENABLE --define=_INFO_FRWP_ENABLE -g --printf_support=minimal --diag_warning=225 --diag_wrap=off --display_error_number --silicon_errata=CPU21 --silicon_errata=CPU22 --silicon_errata=CPU40 --preproc_with_compile --preproc_dependency="init.d_raw"  "../init.c"
 
>> Compilation failure
subdir_rules.mk:9: recipe for target 'init.obj' failed
"..\LCD.h", line 39: error #148: declaration is incompatible with "void Display_Update(int, int, int, int)" (declared at line 113 of "..\functions.h")
"../init.c", line 28: remark #1544-D: (ULP 13.1) Detected loop counting up. Recommend loops count down as detecting zeros is easier
"../init.c", line 29: remark #2553-D: (ULP 14.1) Array index (involving "i") of type "int". Recommend using "unsigned int"
"../init.c", line 30: remark #2553-D: (ULP 14.1) Array index (involving "i") of type "int". Recommend using "unsigned int"
"../init.c", line 31: remark #2553-D: (ULP 14.1) Array index (involving "i") of type "int". Recommend using "unsigned int"
"../init.c", line 32: remark #2553-D: (ULP 14.1) Array index (involving "i") of type "int". Recommend using "unsigned int"
1 error detected in the compilation of "../init.c".
gmake: *** [init.obj] Error 1
Building file: "../led.c"
Invoking: MSP430 Compiler
"D:/ccs/tools/compiler/ti-cgt-msp430_21.6.1.LTS/bin/cl430" -vmspx --use_hw_mpy=F5 --include_path="D:/ccs/ccs_base/msp430/include" --include_path="D:/ccs/Project 09/Project 09" --include_path="D:/ccs/tools/compiler/ti-cgt-msp430_21.6.1.LTS/include" --advice:power=all --advice:hw_config=all --define=__MSP430FR2355__ --define=_FRWP_ENABLE --define=_INFO_FRWP_ENABLE -g --printf_support=minimal --diag_warning=225 --diag_wrap=off --display_error_number --silicon_errata=CPU21 --silicon_errata=CPU22 --silicon_errata=CPU40 --preproc_with_compile --preproc_dependency="led.d_raw"  "../led.c"
 
>> Compilation failure
subdir_rules.mk:9: recipe for target 'led.obj' failed
"..\LCD.h", line 39: error #148: declaration is incompatible with "void Display_Update(int, int, int, int)" (declared at line 113 of "..\functions.h")
"../led.c", line 32: warning #225-D: function "Init_LEDs" declared implicitly
1 error detected in the compilation of "../led.c".
gmake: *** [led.obj] Error 1
Building file: "../main.c"
Invoking: MSP430 Compiler
"D:/ccs/tools/compiler/ti-cgt-msp430_21.6.1.LTS/bin/cl430" -vmspx --use_hw_mpy=F5 --include_path="D:/ccs/ccs_base/msp430/include" --include_path="D:/ccs/Project 09/Project 09" --include_path="D:/ccs/tools/compiler/ti-cgt-msp430_21.6.1.LTS/include" --advice:power=all --advice:hw_config=all --define=__MSP430FR2355__ --define=_FRWP_ENABLE --define=_INFO_FRWP_ENABLE -g --printf_support=minimal --diag_warning=225 --diag_wrap=off --display_error_number --silicon_errata=CPU21 --silicon_errata=CPU22 --silicon_errata=CPU40 --preproc_with_compile --preproc_dependency="main.d_raw"  "../main.c"
 
>> Compilation failure
subdir_rules.mk:9: recipe for target 'main.obj' failed
"..\LCD.h", line 39: error #148: declaration is incompatible with "void Display_Update(int, int, int, int)" (declared at line 113 of "..\functions.h")
1 error detected in the compilation of "../main.c".
gmake: *** [main.obj] Error 1
Building file: "../movement.c"
Invoking: MSP430 Compiler
"D:/ccs/tools/compiler/ti-cgt-msp430_21.6.1.LTS/bin/cl430" -vmspx --use_hw_mpy=F5 --include_path="D:/ccs/ccs_base/msp430/include" --include_path="D:/ccs/Project 09/Project 09" --include_path="D:/ccs/tools/compiler/ti-cgt-msp430_21.6.1.LTS/include" --advice:power=all --advice:hw_config=all --define=__MSP430FR2355__ --define=_FRWP_ENABLE --define=_INFO_FRWP_ENABLE -g --printf_support=minimal --diag_warning=225 --diag_wrap=off --display_error_number --silicon_errata=CPU21 --silicon_errata=CPU22 --silicon_errata=CPU40 --preproc_with_compile --preproc_dependency="movement.d_raw"  "../movement.c"
 
>> Compilation failure
subdir_rules.mk:9: recipe for target 'movement.obj' failed
"..\macros.h", line 212: error #258: invalid redeclaration of type name "MoveCmd" (declared at line 39 of "..\movement.h")
"..\macros.h", line 219: error #148: declaration is incompatible with "MoveCmd move_queue[8]" (declared at line 41 of "..\movement.h")
"../movement.c", line 33: error #148: declaration is incompatible with "MoveCmd move_queue[8]" (declared at line 41 of "..\movement.h")
"../movement.c", line 38: remark #1530-D: (ULP 5.1) Detected modulo operation(s). Recommend moving them to RAM during run time or not using as these are processing/power intensive
"../movement.c", line 45: error #148: declaration is incompatible with "uint8_t movement_queue_pop(MoveCmd *)" (declared at line 46 of "..\movement.h")
"../movement.c", line 48: remark #1530-D: (ULP 5.1) Detected modulo operation(s). Recommend moving them to RAM during run time or not using as these are processing/power intensive
"../movement.c", line 118: warning #225-D: function "sprintf" declared implicitly
"../movement.c", line 118: remark #1532-D: (ULP 5.3) Detected sprintf() operation(s). Recommend moving them to RAM during run time or not using as these are processing/power intensive
4 errors detected in the compilation of "../movement.c".
gmake: *** [movement.obj] Error 1
Building file: "../comm_system.c"
Invoking: MSP430 Compiler
"D:/ccs/tools/compiler/ti-cgt-msp430_21.6.1.LTS/bin/cl430" -vmspx --use_hw_mpy=F5 --include_path="D:/ccs/ccs_base/msp430/include" --include_path="D:/ccs/Project 09/Project 09" --include_path="D:/ccs/tools/compiler/ti-cgt-msp430_21.6.1.LTS/include" --advice:power=all --advice:hw_config=all --define=__MSP430FR2355__ --define=_FRWP_ENABLE --define=_INFO_FRWP_ENABLE -g --printf_support=minimal --diag_warning=225 --diag_wrap=off --display_error_number --silicon_errata=CPU21 --silicon_errata=CPU22 --silicon_errata=CPU40 --preproc_with_compile --preproc_dependency="comm_system.d_raw"  "../comm_system.c"
"../comm_system.c", line 82: remark #1528-D: (ULP 3.1) Detected flag polling using UCA1IFG. Recommend using an interrupt combined with enter LPMx and ISR
"../comm_system.c", line 87: remark #1528-D: (ULP 3.1) Detected flag polling using UCA0IFG. Recommend using an interrupt combined with enter LPMx and ISR
"../comm_system.c", line 163: warning #225-D: function "atoi" declared implicitly
"../comm_system.c", line 138: remark #1534-D: (ULP 7.1) Detected use of global variable "SECRET_PIN" within one function "command_secure". Recommend placing variable in the function locally
Finished building: "../comm_system.c"
 
Building file: "../ports.c"
Invoking: MSP430 Compiler
"D:/ccs/tools/compiler/ti-cgt-msp430_21.6.1.LTS/bin/cl430" -vmspx --use_hw_mpy=F5 --include_path="D:/ccs/ccs_base/msp430/include" --include_path="D:/ccs/Project 09/Project 09" --include_path="D:/ccs/tools/compiler/ti-cgt-msp430_21.6.1.LTS/include" --advice:power=all --advice:hw_config=all --define=__MSP430FR2355__ --define=_FRWP_ENABLE --define=_INFO_FRWP_ENABLE -g --printf_support=minimal --diag_warning=225 --diag_wrap=off --display_error_number --silicon_errata=CPU21 --silicon_errata=CPU22 --silicon_errata=CPU40 --preproc_with_compile --preproc_dependency="ports.d_raw"  "../ports.c"
 
>> Compilation failure
subdir_rules.mk:9: recipe for target 'ports.obj' failed
"..\LCD.h", line 39: error #148: declaration is incompatible with "void Display_Update(int, int, int, int)" (declared at line 113 of "..\functions.h")
"../ports.c", line 21: warning #225-D: function "Init_Port_1" declared implicitly
"../ports.c", line 22: warning #225-D: function "Init_Port_2" declared implicitly
"../ports.c", line 23: warning #225-D: function "Init_Port_3" declared implicitly
"../ports.c", line 24: warning #225-D: function "Init_Port_4" declared implicitly
"../ports.c", line 25: warning #225-D: function "Init_Port_5" declared implicitly
"../ports.c", line 26: warning #225-D: function "Init_Port_6" declared implicitly
"../ports.c", line 32: warning #161-D: declaration is incompatible with previous "Init_Port_1" (declared at line 21)
"../ports.c", line 91: warning #161-D: declaration is incompatible with previous "Init_Port_2" (declared at line 22)
"../ports.c", line 147: warning #161-D: declaration is incompatible with previous "Init_Port_3" (declared at line 23)
"../ports.c", line 206: warning #161-D: declaration is incompatible with previous "Init_Port_4" (declared at line 24)
"../ports.c", line 256: warning #161-D: declaration is incompatible with previous "Init_Port_5" (declared at line 25)
"../ports.c", line 295: warning #161-D: declaration is incompatible with previous "Init_Port_6" (declared at line 26)
1 error detected in the compilation of "../ports.c".
gmake: *** [ports.obj] Error 1
Building file: "../states.c"
Invoking: MSP430 Compiler
"D:/ccs/tools/compiler/ti-cgt-msp430_21.6.1.LTS/bin/cl430" -vmspx --use_hw_mpy=F5 --include_path="D:/ccs/ccs_base/msp430/include" --include_path="D:/ccs/Project 09/Project 09" --include_path="D:/ccs/tools/compiler/ti-cgt-msp430_21.6.1.LTS/include" --advice:power=all --advice:hw_config=all --define=__MSP430FR2355__ --define=_FRWP_ENABLE --define=_INFO_FRWP_ENABLE -g --printf_support=minimal --diag_warning=225 --diag_wrap=off --display_error_number --silicon_errata=CPU21 --silicon_errata=CPU22 --silicon_errata=CPU40 --preproc_with_compile --preproc_dependency="states.d_raw"  "../states.c"
 
>> Compilation failure
subdir_rules.mk:9: recipe for target 'states.obj' failed
"..\LCD.h", line 39: error #148: declaration is incompatible with "void Display_Update(int, int, int, int)" (declared at line 113 of "..\functions.h")
"../states.c", line 203: warning #188-D: pointless comparison of unsigned integer with zero
"../states.c", line 24: remark #1535-D: (ULP 8.1) variable "event" is used as a constant. Recommend declaring variable as either 'static const' or 'const'
1 error detected in the compilation of "../states.c".
gmake: *** [states.obj] Error 1
Building file: "../switches.c"
Invoking: MSP430 Compiler
"D:/ccs/tools/compiler/ti-cgt-msp430_21.6.1.LTS/bin/cl430" -vmspx --use_hw_mpy=F5 --include_path="D:/ccs/ccs_base/msp430/include" --include_path="D:/ccs/Project 09/Project 09" --include_path="D:/ccs/tools/compiler/ti-cgt-msp430_21.6.1.LTS/include" --advice:power=all --advice:hw_config=all --define=__MSP430FR2355__ --define=_FRWP_ENABLE --define=_INFO_FRWP_ENABLE -g --printf_support=minimal --diag_warning=225 --diag_wrap=off --display_error_number --silicon_errata=CPU21 --silicon_errata=CPU22 --silicon_errata=CPU40 --preproc_with_compile --preproc_dependency="switches.d_raw"  "../switches.c"
 
>> Compilation failure
subdir_rules.mk:9: recipe for target 'switches.obj' failed
"..\functions.h", line 113: error #148: declaration is incompatible with "void Display_Update(char, char, char, char)" (declared at line 39 of "..\LCD.h")
"../switches.c", line 16: remark #1527-D: (ULP 2.1) Detected SW delay loop using __delay_cycles. Recommend using a timer module instead
"../switches.c", line 19: remark #1527-D: (ULP 2.1) Detected SW delay loop using empty loop. Recommend using a timer module instead
"../switches.c", line 25: remark #1527-D: (ULP 2.1) Detected SW delay loop using __delay_cycles. Recommend using a timer module instead
"../switches.c", line 28: remark #1527-D: (ULP 2.1) Detected SW delay loop using empty loop. Recommend using a timer module instead
1 error detected in the compilation of "../switches.c".
gmake: *** [switches.obj] Error 1
Building file: "../timers.c"
Invoking: MSP430 Compiler
"D:/ccs/tools/compiler/ti-cgt-msp430_21.6.1.LTS/bin/cl430" -vmspx --use_hw_mpy=F5 --include_path="D:/ccs/ccs_base/msp430/include" --include_path="D:/ccs/Project 09/Project 09" --include_path="D:/ccs/tools/compiler/ti-cgt-msp430_21.6.1.LTS/include" --advice:power=all --advice:hw_config=all --define=__MSP430FR2355__ --define=_FRWP_ENABLE --define=_INFO_FRWP_ENABLE -g --printf_support=minimal --diag_warning=225 --diag_wrap=off --display_error_number --silicon_errata=CPU21 --silicon_errata=CPU22 --silicon_errata=CPU40 --preproc_with_compile --preproc_dependency="timers.d_raw"  "../timers.c"
 
>> Compilation failure
subdir_rules.mk:9: recipe for target 'timers.obj' failed
"..\LCD.h", line 39: error #148: declaration is incompatible with "void Display_Update(int, int, int, int)" (declared at line 113 of "..\functions.h")
"../timers.c", line 23: warning #225-D: function "Init_Timer_B0" declared implicitly
"../timers.c", line 27: warning #161-D: declaration is incompatible with previous "Init_Timer_B0" (declared at line 23)
1 error detected in the compilation of "../timers.c".
gmake: *** [timers.obj] Error 1
Building file: "../timers_move.c"
Invoking: MSP430 Compiler
"D:/ccs/tools/compiler/ti-cgt-msp430_21.6.1.LTS/bin/cl430" -vmspx --use_hw_mpy=F5 --include_path="D:/ccs/ccs_base/msp430/include" --include_path="D:/ccs/Project 09/Project 09" --include_path="D:/ccs/tools/compiler/ti-cgt-msp430_21.6.1.LTS/include" --advice:power=all --advice:hw_config=all --define=__MSP430FR2355__ --define=_FRWP_ENABLE --define=_INFO_FRWP_ENABLE -g --printf_support=minimal --diag_warning=225 --diag_wrap=off --display_error_number --silicon_errata=CPU21 --silicon_errata=CPU22 --silicon_errata=CPU40 --preproc_with_compile --preproc_dependency="timers_move.d_raw"  "../timers_move.c"
 
>> Compilation failure
subdir_rules.mk:9: recipe for target 'timers_move.obj' failed
"..\LCD.h", line 39: error #148: declaration is incompatible with "void Display_Update(int, int, int, int)" (declared at line 113 of "..\functions.h")
1 error detected in the compilation of "../timers_move.c".
gmake: *** [timers_move.obj] Error 1
Building file: "../wheels.c"
Invoking: MSP430 Compiler
"D:/ccs/tools/compiler/ti-cgt-msp430_21.6.1.LTS/bin/cl430" -vmspx --use_hw_mpy=F5 --include_path="D:/ccs/ccs_base/msp430/include" --include_path="D:/ccs/Project 09/Project 09" --include_path="D:/ccs/tools/compiler/ti-cgt-msp430_21.6.1.LTS/include" --advice:power=all --advice:hw_config=all --define=__MSP430FR2355__ --define=_FRWP_ENABLE --define=_INFO_FRWP_ENABLE -g --printf_support=minimal --diag_warning=225 --diag_wrap=off --display_error_number --silicon_errata=CPU21 --silicon_errata=CPU22 --silicon_errata=CPU40 --preproc_with_compile --preproc_dependency="wheels.d_raw"  "../wheels.c"
 
>> Compilation failure
subdir_rules.mk:9: recipe for target 'wheels.obj' failed
"..\LCD.h", line 39: error #148: declaration is incompatible with "void Display_Update(int, int, int, int)" (declared at line 113 of "..\functions.h")
1 error detected in the compilation of "../wheels.c".
gmake: *** [wheels.obj] Error 1
gmake: Target 'all' not remade because of errors.

**** Build Finished ****

**** Build of configuration Debug for project Project 09 ****

"D:\\ccs\\utils\\bin\\gmake" -k -j 16 all -O 
 
Building file: "../Display.c"
Invoking: MSP430 Compiler
"D:/ccs/tools/compiler/ti-cgt-msp430_21.6.1.LTS/bin/cl430" -vmspx --use_hw_mpy=F5 --include_path="D:/ccs/ccs_base/msp430/include" --include_path="D:/ccs/Project 09/Project 09" --include_path="D:/ccs/tools/compiler/ti-cgt-msp430_21.6.1.LTS/include" --advice:power=all --advice:hw_config=all --define=__MSP430FR2355__ --define=_FRWP_ENABLE --define=_INFO_FRWP_ENABLE -g --printf_support=minimal --diag_warning=225 --diag_wrap=off --display_error_number --silicon_errata=CPU21 --silicon_errata=CPU22 --silicon_errata=CPU40 --preproc_with_compile --preproc_dependency="Display.d_raw"  "../Display.c"
 
>> Compilation failure
subdir_rules.mk:9: recipe for target 'Display.obj' failed
"..\LCD.h", line 39: error #148: declaration is incompatible with "void Display_Update(int, int, int, int)" (declared at line 113 of "..\functions.h")
1 error detected in the compilation of "../Display.c".
gmake: *** [Display.obj] Error 1
Building file: "../adc.c"
Invoking: MSP430 Compiler
"D:/ccs/tools/compiler/ti-cgt-msp430_21.6.1.LTS/bin/cl430" -vmspx --use_hw_mpy=F5 --include_path="D:/ccs/ccs_base/msp430/include" --include_path="D:/ccs/Project 09/Project 09" --include_path="D:/ccs/tools/compiler/ti-cgt-msp430_21.6.1.LTS/include" --advice:power=all --advice:hw_config=all --define=__MSP430FR2355__ --define=_FRWP_ENABLE --define=_INFO_FRWP_ENABLE -g --printf_support=minimal --diag_warning=225 --diag_wrap=off --display_error_number --silicon_errata=CPU21 --silicon_errata=CPU22 --silicon_errata=CPU40 --preproc_with_compile --preproc_dependency="adc.d_raw"  "../adc.c"
 
>> Compilation failure
subdir_rules.mk:9: recipe for target 'adc.obj' failed
"..\LCD.h", line 39: error #148: declaration is incompatible with "void Display_Update(int, int, int, int)" (declared at line 113 of "..\functions.h")
1 error detected in the compilation of "../adc.c".
gmake: *** [adc.obj] Error 1
Building file: "../black_line.c"
Invoking: MSP430 Compiler
"D:/ccs/tools/compiler/ti-cgt-msp430_21.6.1.LTS/bin/cl430" -vmspx --use_hw_mpy=F5 --include_path="D:/ccs/ccs_base/msp430/include" --include_path="D:/ccs/Project 09/Project 09" --include_path="D:/ccs/tools/compiler/ti-cgt-msp430_21.6.1.LTS/include" --advice:power=all --advice:hw_config=all --define=__MSP430FR2355__ --define=_FRWP_ENABLE --define=_INFO_FRWP_ENABLE -g --printf_support=minimal --diag_warning=225 --diag_wrap=off --display_error_number --silicon_errata=CPU21 --silicon_errata=CPU22 --silicon_errata=CPU40 --preproc_with_compile --preproc_dependency="black_line.d_raw"  "../black_line.c"
 
>> Compilation failure
subdir_rules.mk:9: recipe for target 'black_line.obj' failed
"..\LCD.h", line 39: error #148: declaration is incompatible with "void Display_Update(int, int, int, int)" (declared at line 113 of "..\functions.h")
"../black_line.c", line 30: warning #225-D: function "search_line" declared implicitly
"../black_line.c", line 31: warning #225-D: function "stop_on_line" declared implicitly
"../black_line.c", line 32: warning #225-D: function "reverse_to_line" declared implicitly
"../black_line.c", line 35: warning #225-D: function "strcpy" declared implicitly
"../black_line.c", line 40: warning #225-D: function "adc_line" declared implicitly
"../black_line.c", line 46: warning #161-D: declaration is incompatible with previous "search_line" (declared at line 30)
"../black_line.c", line 47: warning #225-D: function "strcpy" declared implicitly
"../black_line.c", line 68: error #20: identifier "LEFT_BLACK_THRESH" is undefined
"../black_line.c", line 68: error #20: identifier "RIGHT_BLACK_THRESH" is undefined
"../black_line.c", line 75: warning #161-D: declaration is incompatible with previous "stop_on_line" (declared at line 31)
"../black_line.c", line 77: warning #225-D: function "strcpy" declared implicitly
"../black_line.c", line 92: warning #161-D: declaration is incompatible with previous "reverse_to_line" (declared at line 32)
"../black_line.c", line 93: warning #225-D: function "strcpy" declared implicitly
"../black_line.c", line 108: error #20: identifier "LEFT_BLACK_THRESH" is undefined
"../black_line.c", line 108: error #20: identifier "RIGHT_BLACK_THRESH" is undefined
"../black_line.c", line 115: remark #1544-D: (ULP 13.1) Detected loop counting up. Recommend loops count down as detecting zeros is easier
"../black_line.c", line 116: remark #2553-D: (ULP 14.1) Array index (involving "i") of type "int". Recommend using "unsigned int"
"../black_line.c", line 138: warning #161-D: declaration is incompatible with previous "adc_line" (declared at line 40)
"../black_line.c", line 142: remark #1544-D: (ULP 13.1) Detected loop counting up. Recommend loops count down as detecting zeros is easier
"../black_line.c", line 143: remark #1545-D: (ULP 14.1) Array index of type "int". Recommend using "unsigned int"
"../black_line.c", line 143: remark #2553-D: (ULP 14.1) Array index (involving "i") of type "int". Recommend using "unsigned int"
"../black_line.c", line 173: warning #225-D: function "strcpy" declared implicitly
"../black_line.c", line 179: warning #225-D: function "strcpy" declared implicitly
"../black_line.c", line 157: remark #1544-D: (ULP 13.1) Detected loop counting up. Recommend loops count down as detecting zeros is easier
"../black_line.c", line 158: remark #2553-D: (ULP 14.1) Array index (involving "j") of type "int". Recommend using "unsigned int"
"../black_line.c", line 158: remark #2553-D: (ULP 14.1) Array index (involving "j") of type "int". Recommend using "unsigned int"
"../black_line.c", line 165: remark #1544-D: (ULP 13.1) Detected loop counting up. Recommend loops count down as detecting zeros is easier
"../black_line.c", line 166: remark #2553-D: (ULP 14.1) Array index (involving "j") of type "int". Recommend using "unsigned int"
"../black_line.c", line 166: remark #2553-D: (ULP 14.1) Array index (involving "j") of type "int". Recommend using "unsigned int"
"../black_line.c", line 157: remark #1544-D: (ULP 13.1) Detected loop counting up. Recommend loops count down as detecting zeros is easier
"../black_line.c", line 158: remark #2553-D: (ULP 14.1) Array index (involving "j") of type "int". Recommend using "unsigned int"
"../black_line.c", line 158: remark #2553-D: (ULP 14.1) Array index (involving "j") of type "int". Recommend using "unsigned int"
"../black_line.c", line 165: remark #1544-D: (ULP 13.1) Detected loop counting up. Recommend loops count down as detecting zeros is easier
"../black_line.c", line 166: remark #2553-D: (ULP 14.1) Array index (involving "j") of type "int". Recommend using "unsigned int"
"../black_line.c", line 166: remark #2553-D: (ULP 14.1) Array index (involving "j") of type "int". Recommend using "unsigned int"
5 errors detected in the compilation of "../black_line.c".
gmake: *** [black_line.obj] Error 1
Building file: "../clocks.c"
Invoking: MSP430 Compiler
"D:/ccs/tools/compiler/ti-cgt-msp430_21.6.1.LTS/bin/cl430" -vmspx --use_hw_mpy=F5 --include_path="D:/ccs/ccs_base/msp430/include" --include_path="D:/ccs/Project 09/Project 09" --include_path="D:/ccs/tools/compiler/ti-cgt-msp430_21.6.1.LTS/include" --advice:power=all --advice:hw_config=all --define=__MSP430FR2355__ --define=_FRWP_ENABLE --define=_INFO_FRWP_ENABLE -g --printf_support=minimal --diag_warning=225 --diag_wrap=off --display_error_number --silicon_errata=CPU21 --silicon_errata=CPU22 --silicon_errata=CPU40 --preproc_with_compile --preproc_dependency="clocks.d_raw"  "../clocks.c"
 
>> Compilation failure
subdir_rules.mk:9: recipe for target 'clocks.obj' failed
"../clocks.c", line 86: error #20: identifier "MCLK_FREQ_MHZ" is undefined
"../clocks.c", line 87: remark #1527-D: (ULP 2.1) Detected SW delay loop using empty loop. Recommend using a timer module instead
"../clocks.c", line 120: remark #1527-D: (ULP 2.1) Detected SW delay loop using empty loop. Recommend using a timer module instead
1 error detected in the compilation of "../clocks.c".
gmake: *** [clocks.obj] Error 1
Building file: "../init.c"
Invoking: MSP430 Compiler
"D:/ccs/tools/compiler/ti-cgt-msp430_21.6.1.LTS/bin/cl430" -vmspx --use_hw_mpy=F5 --include_path="D:/ccs/ccs_base/msp430/include" --include_path="D:/ccs/Project 09/Project 09" --include_path="D:/ccs/tools/compiler/ti-cgt-msp430_21.6.1.LTS/include" --advice:power=all --advice:hw_config=all --define=__MSP430FR2355__ --define=_FRWP_ENABLE --define=_INFO_FRWP_ENABLE -g --printf_support=minimal --diag_warning=225 --diag_wrap=off --display_error_number --silicon_errata=CPU21 --silicon_errata=CPU22 --silicon_errata=CPU40 --preproc_with_compile --preproc_dependency="init.d_raw"  "../init.c"
 
>> Compilation failure
subdir_rules.mk:9: recipe for target 'init.obj' failed
"..\LCD.h", line 39: error #148: declaration is incompatible with "void Display_Update(int, int, int, int)" (declared at line 113 of "..\functions.h")
"../init.c", line 28: remark #1544-D: (ULP 13.1) Detected loop counting up. Recommend loops count down as detecting zeros is easier
"../init.c", line 29: remark #2553-D: (ULP 14.1) Array index (involving "i") of type "int". Recommend using "unsigned int"
"../init.c", line 30: remark #2553-D: (ULP 14.1) Array index (involving "i") of type "int". Recommend using "unsigned int"
"../init.c", line 31: remark #2553-D: (ULP 14.1) Array index (involving "i") of type "int". Recommend using "unsigned int"
"../init.c", line 32: remark #2553-D: (ULP 14.1) Array index (involving "i") of type "int". Recommend using "unsigned int"
1 error detected in the compilation of "../init.c".
gmake: *** [init.obj] Error 1
Building file: "../led.c"
Invoking: MSP430 Compiler
"D:/ccs/tools/compiler/ti-cgt-msp430_21.6.1.LTS/bin/cl430" -vmspx --use_hw_mpy=F5 --include_path="D:/ccs/ccs_base/msp430/include" --include_path="D:/ccs/Project 09/Project 09" --include_path="D:/ccs/tools/compiler/ti-cgt-msp430_21.6.1.LTS/include" --advice:power=all --advice:hw_config=all --define=__MSP430FR2355__ --define=_FRWP_ENABLE --define=_INFO_FRWP_ENABLE -g --printf_support=minimal --diag_warning=225 --diag_wrap=off --display_error_number --silicon_errata=CPU21 --silicon_errata=CPU22 --silicon_errata=CPU40 --preproc_with_compile --preproc_dependency="led.d_raw"  "../led.c"
 
>> Compilation failure
subdir_rules.mk:9: recipe for target 'led.obj' failed
"..\LCD.h", line 39: error #148: declaration is incompatible with "void Display_Update(int, int, int, int)" (declared at line 113 of "..\functions.h")
"../led.c", line 32: warning #225-D: function "Init_LEDs" declared implicitly
1 error detected in the compilation of "../led.c".
gmake: *** [led.obj] Error 1
Building file: "../main.c"
Invoking: MSP430 Compiler
"D:/ccs/tools/compiler/ti-cgt-msp430_21.6.1.LTS/bin/cl430" -vmspx --use_hw_mpy=F5 --include_path="D:/ccs/ccs_base/msp430/include" --include_path="D:/ccs/Project 09/Project 09" --include_path="D:/ccs/tools/compiler/ti-cgt-msp430_21.6.1.LTS/include" --advice:power=all --advice:hw_config=all --define=__MSP430FR2355__ --define=_FRWP_ENABLE --define=_INFO_FRWP_ENABLE -g --printf_support=minimal --diag_warning=225 --diag_wrap=off --display_error_number --silicon_errata=CPU21 --silicon_errata=CPU22 --silicon_errata=CPU40 --preproc_with_compile --preproc_dependency="main.d_raw"  "../main.c"
 
>> Compilation failure
subdir_rules.mk:9: recipe for target 'main.obj' failed
"..\LCD.h", line 39: error #148: declaration is incompatible with "void Display_Update(int, int, int, int)" (declared at line 113 of "..\functions.h")
1 error detected in the compilation of "../main.c".
gmake: *** [main.obj] Error 1
Building file: "../movement.c"
Invoking: MSP430 Compiler
"D:/ccs/tools/compiler/ti-cgt-msp430_21.6.1.LTS/bin/cl430" -vmspx --use_hw_mpy=F5 --include_path="D:/ccs/ccs_base/msp430/include" --include_path="D:/ccs/Project 09/Project 09" --include_path="D:/ccs/tools/compiler/ti-cgt-msp430_21.6.1.LTS/include" --advice:power=all --advice:hw_config=all --define=__MSP430FR2355__ --define=_FRWP_ENABLE --define=_INFO_FRWP_ENABLE -g --printf_support=minimal --diag_warning=225 --diag_wrap=off --display_error_number --silicon_errata=CPU21 --silicon_errata=CPU22 --silicon_errata=CPU40 --preproc_with_compile --preproc_dependency="movement.d_raw"  "../movement.c"
 
>> Compilation failure
subdir_rules.mk:9: recipe for target 'movement.obj' failed
"..\LCD.h", line 39: error #148: declaration is incompatible with "void Display_Update(int, int, int, int)" (declared at line 113 of "..\functions.h")
"../movement.c", line 25: remark #1530-D: (ULP 5.1) Detected modulo operation(s). Recommend moving them to RAM during run time or not using as these are processing/power intensive
"../movement.c", line 64: error #20: identifier "LEFT_FORWARD_SPEED" is undefined
"../movement.c", line 65: error #20: identifier "RIGHT_FORWARD_SPEED" is undefined
"../movement.c", line 66: error #20: identifier "LEFT_REVERSE_SPEED" is undefined
"../movement.c", line 67: error #20: identifier "RIGHT_REVERSE_SPEED" is undefined
"../movement.c", line 71: error #20: identifier "LEFT_FORWARD_SPEED" is undefined
"../movement.c", line 72: error #20: identifier "RIGHT_FORWARD_SPEED" is undefined
"../movement.c", line 73: error #20: identifier "LEFT_REVERSE_SPEED" is undefined
"../movement.c", line 74: error #20: identifier "RIGHT_REVERSE_SPEED" is undefined
"../movement.c", line 78: error #20: identifier "LEFT_FORWARD_SPEED" is undefined
"../movement.c", line 79: error #20: identifier "RIGHT_FORWARD_SPEED" is undefined
"../movement.c", line 80: error #20: identifier "LEFT_REVERSE_SPEED" is undefined
"../movement.c", line 81: error #20: identifier "RIGHT_REVERSE_SPEED" is undefined
"../movement.c", line 85: error #20: identifier "LEFT_FORWARD_SPEED" is undefined
"../movement.c", line 86: error #20: identifier "RIGHT_FORWARD_SPEED" is undefined
"../movement.c", line 87: error #20: identifier "LEFT_REVERSE_SPEED" is undefined
"../movement.c", line 88: error #20: identifier "RIGHT_REVERSE_SPEED" is undefined
"../movement.c", line 92: error #20: identifier "LEFT_FORWARD_SPEED" is undefined
"../movement.c", line 93: error #20: identifier "RIGHT_FORWARD_SPEED" is undefined
"../movement.c", line 94: error #20: identifier "LEFT_REVERSE_SPEED" is undefined
"../movement.c", line 95: error #20: identifier "RIGHT_REVERSE_SPEED" is undefined
"../movement.c", line 156: warning #225-D: function "atoi" declared implicitly
"../movement.c", line 169: warning #225-D: function "snprintf" declared implicitly
"../movement.c", line 170: warning #225-D: function "strcpy" declared implicitly
"../movement.c", line 170: error #20: identifier "display_line" is undefined
"../movement.c", line 169: remark #1532-D: (ULP 5.3) Detected snprintf() operation(s). Recommend moving them to RAM during run time or not using as these are processing/power intensive
"../movement.c", line 173: remark #1532-D: (ULP 5.3) Detected snprintf() operation(s). Recommend moving them to RAM during run time or not using as these are processing/power intensive
"../movement.c", line 19: remark #1535-D: (ULP 8.1) variable "move_q_tail" is used as a constant. Recommend declaring variable as either 'static const' or 'const'
"../movement.c", line 24: warning #179-D: function "movement_queue_push" was declared but never referenced
22 errors detected in the compilation of "../movement.c".
gmake: *** [movement.obj] Error 1
Building file: "../movement_state.c"
Invoking: MSP430 Compiler
"D:/ccs/tools/compiler/ti-cgt-msp430_21.6.1.LTS/bin/cl430" -vmspx --use_hw_mpy=F5 --include_path="D:/ccs/ccs_base/msp430/include" --include_path="D:/ccs/Project 09/Project 09" --include_path="D:/ccs/tools/compiler/ti-cgt-msp430_21.6.1.LTS/include" --advice:power=all --advice:hw_config=all --define=__MSP430FR2355__ --define=_FRWP_ENABLE --define=_INFO_FRWP_ENABLE -g --printf_support=minimal --diag_warning=225 --diag_wrap=off --display_error_number --silicon_errata=CPU21 --silicon_errata=CPU22 --silicon_errata=CPU40 --preproc_with_compile --preproc_dependency="movement_state.d_raw"  "../movement_state.c"
 
>> Compilation failure
subdir_rules.mk:9: recipe for target 'movement_state.obj' failed
"..\LCD.h", line 39: error #148: declaration is incompatible with "void Display_Update(int, int, int, int)" (declared at line 113 of "..\functions.h")
"../movement_state.c", line 33: warning #225-D: function "strcpy" declared implicitly
"../movement_state.c", line 33: error #20: identifier "display_line" is undefined
"../movement_state.c", line 48: warning #225-D: function "strcpy" declared implicitly
"../movement_state.c", line 48: error #20: identifier "display_line" is undefined
3 errors detected in the compilation of "../movement_state.c".
gmake: *** [movement_state.obj] Error 1
Building file: "../comm_system.c"
Invoking: MSP430 Compiler
"D:/ccs/tools/compiler/ti-cgt-msp430_21.6.1.LTS/bin/cl430" -vmspx --use_hw_mpy=F5 --include_path="D:/ccs/ccs_base/msp430/include" --include_path="D:/ccs/Project 09/Project 09" --include_path="D:/ccs/tools/compiler/ti-cgt-msp430_21.6.1.LTS/include" --advice:power=all --advice:hw_config=all --define=__MSP430FR2355__ --define=_FRWP_ENABLE --define=_INFO_FRWP_ENABLE -g --printf_support=minimal --diag_warning=225 --diag_wrap=off --display_error_number --silicon_errata=CPU21 --silicon_errata=CPU22 --silicon_errata=CPU40 --preproc_with_compile --preproc_dependency="comm_system.d_raw"  "../comm_system.c"
"../comm_system.c", line 82: remark #1528-D: (ULP 3.1) Detected flag polling using UCA1IFG. Recommend using an interrupt combined with enter LPMx and ISR
"../comm_system.c", line 87: remark #1528-D: (ULP 3.1) Detected flag polling using UCA0IFG. Recommend using an interrupt combined with enter LPMx and ISR
"../comm_system.c", line 163: warning #225-D: function "atoi" declared implicitly
"../comm_system.c", line 138: remark #1534-D: (ULP 7.1) Detected use of global variable "SECRET_PIN" within one function "command_secure". Recommend placing variable in the function locally
Finished building: "../comm_system.c"
 
Building file: "../ports.c"
Invoking: MSP430 Compiler
"D:/ccs/tools/compiler/ti-cgt-msp430_21.6.1.LTS/bin/cl430" -vmspx --use_hw_mpy=F5 --include_path="D:/ccs/ccs_base/msp430/include" --include_path="D:/ccs/Project 09/Project 09" --include_path="D:/ccs/tools/compiler/ti-cgt-msp430_21.6.1.LTS/include" --advice:power=all --advice:hw_config=all --define=__MSP430FR2355__ --define=_FRWP_ENABLE --define=_INFO_FRWP_ENABLE -g --printf_support=minimal --diag_warning=225 --diag_wrap=off --display_error_number --silicon_errata=CPU21 --silicon_errata=CPU22 --silicon_errata=CPU40 --preproc_with_compile --preproc_dependency="ports.d_raw"  "../ports.c"
 
>> Compilation failure
subdir_rules.mk:9: recipe for target 'ports.obj' failed
"..\LCD.h", line 39: error #148: declaration is incompatible with "void Display_Update(int, int, int, int)" (declared at line 113 of "..\functions.h")
"../ports.c", line 21: warning #225-D: function "Init_Port_1" declared implicitly
"../ports.c", line 22: warning #225-D: function "Init_Port_2" declared implicitly
"../ports.c", line 23: warning #225-D: function "Init_Port_3" declared implicitly
"../ports.c", line 24: warning #225-D: function "Init_Port_4" declared implicitly
"../ports.c", line 25: warning #225-D: function "Init_Port_5" declared implicitly
"../ports.c", line 26: warning #225-D: function "Init_Port_6" declared implicitly
"../ports.c", line 32: warning #161-D: declaration is incompatible with previous "Init_Port_1" (declared at line 21)
"../ports.c", line 91: warning #161-D: declaration is incompatible with previous "Init_Port_2" (declared at line 22)
"../ports.c", line 147: warning #161-D: declaration is incompatible with previous "Init_Port_3" (declared at line 23)
"../ports.c", line 206: warning #161-D: declaration is incompatible with previous "Init_Port_4" (declared at line 24)
"../ports.c", line 256: warning #161-D: declaration is incompatible with previous "Init_Port_5" (declared at line 25)
"../ports.c", line 295: warning #161-D: declaration is incompatible with previous "Init_Port_6" (declared at line 26)
1 error detected in the compilation of "../ports.c".
gmake: *** [ports.obj] Error 1
Building file: "../switches.c"
Invoking: MSP430 Compiler
"D:/ccs/tools/compiler/ti-cgt-msp430_21.6.1.LTS/bin/cl430" -vmspx --use_hw_mpy=F5 --include_path="D:/ccs/ccs_base/msp430/include" --include_path="D:/ccs/Project 09/Project 09" --include_path="D:/ccs/tools/compiler/ti-cgt-msp430_21.6.1.LTS/include" --advice:power=all --advice:hw_config=all --define=__MSP430FR2355__ --define=_FRWP_ENABLE --define=_INFO_FRWP_ENABLE -g --printf_support=minimal --diag_warning=225 --diag_wrap=off --display_error_number --silicon_errata=CPU21 --silicon_errata=CPU22 --silicon_errata=CPU40 --preproc_with_compile --preproc_dependency="switches.d_raw"  "../switches.c"
 
>> Compilation failure
subdir_rules.mk:9: recipe for target 'switches.obj' failed
"../switches.c", line 2: fatal error #1965: cannot open source file "serial.h"
1 catastrophic error detected in the compilation of "../switches.c".
Compilation terminated.
gmake: *** [switches.obj] Error 1
Building file: "../timers.c"
Invoking: MSP430 Compiler
"D:/ccs/tools/compiler/ti-cgt-msp430_21.6.1.LTS/bin/cl430" -vmspx --use_hw_mpy=F5 --include_path="D:/ccs/ccs_base/msp430/include" --include_path="D:/ccs/Project 09/Project 09" --include_path="D:/ccs/tools/compiler/ti-cgt-msp430_21.6.1.LTS/include" --advice:power=all --advice:hw_config=all --define=__MSP430FR2355__ --define=_FRWP_ENABLE --define=_INFO_FRWP_ENABLE -g --printf_support=minimal --diag_warning=225 --diag_wrap=off --display_error_number --silicon_errata=CPU21 --silicon_errata=CPU22 --silicon_errata=CPU40 --preproc_with_compile --preproc_dependency="timers.d_raw"  "../timers.c"
 
>> Compilation failure
subdir_rules.mk:9: recipe for target 'timers.obj' failed
"..\LCD.h", line 39: error #148: declaration is incompatible with "void Display_Update(int, int, int, int)" (declared at line 113 of "..\functions.h")
"../timers.c", line 23: warning #225-D: function "Init_Timer_B0" declared implicitly
"../timers.c", line 27: warning #161-D: declaration is incompatible with previous "Init_Timer_B0" (declared at line 23)
1 error detected in the compilation of "../timers.c".
gmake: *** [timers.obj] Error 1
Building file: "../system.c"
Invoking: MSP430 Compiler
"D:/ccs/tools/compiler/ti-cgt-msp430_21.6.1.LTS/bin/cl430" -vmspx --use_hw_mpy=F5 --include_path="D:/ccs/ccs_base/msp430/include" --include_path="D:/ccs/Project 09/Project 09" --include_path="D:/ccs/tools/compiler/ti-cgt-msp430_21.6.1.LTS/include" --advice:power=all --advice:hw_config=all --define=__MSP430FR2355__ --define=_FRWP_ENABLE --define=_INFO_FRWP_ENABLE -g --printf_support=minimal --diag_warning=225 --diag_wrap=off --display_error_number --silicon_errata=CPU21 --silicon_errata=CPU22 --silicon_errata=CPU40 --preproc_with_compile --preproc_dependency="system.d_raw"  "../system.c"
Finished building: "../system.c"
 
gmake: Target 'all' not remade because of errors.

**** Build Finished ****

**** Build of configuration Debug for project Project 09 ****

"D:\\ccs\\utils\\bin\\gmake" -k -j 16 all -O 
 
Building file: "../Display.c"
Invoking: MSP430 Compiler
"D:/ccs/tools/compiler/ti-cgt-msp430_21.6.1.LTS/bin/cl430" -vmspx --use_hw_mpy=F5 --include_path="D:/ccs/ccs_base/msp430/include" --include_path="D:/ccs/Project 09/Project 09" --include_path="D:/ccs/tools/compiler/ti-cgt-msp430_21.6.1.LTS/include" --advice:power=all --advice:hw_config=all --define=__MSP430FR2355__ --define=_FRWP_ENABLE --define=_INFO_FRWP_ENABLE -g --printf_support=minimal --diag_warning=225 --diag_wrap=off --display_error_number --silicon_errata=CPU21 --silicon_errata=CPU22 --silicon_errata=CPU40 --preproc_with_compile --preproc_dependency="Display.d_raw"  "../Display.c"
 
>> Compilation failure
subdir_rules.mk:9: recipe for target 'Display.obj' failed
"..\LCD.h", line 39: error #148: declaration is incompatible with "void Display_Update(int, int, int, int)" (declared at line 113 of "..\functions.h")
"../Display.c", line 33: error #141: too many arguments in function call
2 errors detected in the compilation of "../Display.c".
gmake: *** [Display.obj] Error 1
Building file: "../adc.c"
Invoking: MSP430 Compiler
"D:/ccs/tools/compiler/ti-cgt-msp430_21.6.1.LTS/bin/cl430" -vmspx --use_hw_mpy=F5 --include_path="D:/ccs/ccs_base/msp430/include" --include_path="D:/ccs/Project 09/Project 09" --include_path="D:/ccs/tools/compiler/ti-cgt-msp430_21.6.1.LTS/include" --advice:power=all --advice:hw_config=all --define=__MSP430FR2355__ --define=_FRWP_ENABLE --define=_INFO_FRWP_ENABLE -g --printf_support=minimal --diag_warning=225 --diag_wrap=off --display_error_number --silicon_errata=CPU21 --silicon_errata=CPU22 --silicon_errata=CPU40 --preproc_with_compile --preproc_dependency="adc.d_raw"  "../adc.c"
 
>> Compilation failure
subdir_rules.mk:9: recipe for target 'adc.obj' failed
"..\LCD.h", line 39: error #148: declaration is incompatible with "void Display_Update(int, int, int, int)" (declared at line 113 of "..\functions.h")
1 error detected in the compilation of "../adc.c".
gmake: *** [adc.obj] Error 1
Building file: "../black_line.c"
Invoking: MSP430 Compiler
"D:/ccs/tools/compiler/ti-cgt-msp430_21.6.1.LTS/bin/cl430" -vmspx --use_hw_mpy=F5 --include_path="D:/ccs/ccs_base/msp430/include" --include_path="D:/ccs/Project 09/Project 09" --include_path="D:/ccs/tools/compiler/ti-cgt-msp430_21.6.1.LTS/include" --advice:power=all --advice:hw_config=all --define=__MSP430FR2355__ --define=_FRWP_ENABLE --define=_INFO_FRWP_ENABLE -g --printf_support=minimal --diag_warning=225 --diag_wrap=off --display_error_number --silicon_errata=CPU21 --silicon_errata=CPU22 --silicon_errata=CPU40 --preproc_with_compile --preproc_dependency="black_line.d_raw"  "../black_line.c"
 
>> Compilation failure
subdir_rules.mk:9: recipe for target 'black_line.obj' failed
"..\LCD.h", line 39: error #148: declaration is incompatible with "void Display_Update(int, int, int, int)" (declared at line 113 of "..\functions.h")
"../black_line.c", line 31: warning #225-D: function "search_line" declared implicitly
"../black_line.c", line 32: warning #225-D: function "stop_on_line" declared implicitly
"../black_line.c", line 33: warning #225-D: function "reverse_to_line" declared implicitly
"../black_line.c", line 36: warning #225-D: function "strcpy" declared implicitly
"../black_line.c", line 41: warning #225-D: function "adc_line" declared implicitly
"../black_line.c", line 47: warning #161-D: declaration is incompatible with previous "search_line" (declared at line 31)
"../black_line.c", line 48: warning #225-D: function "strcpy" declared implicitly
"../black_line.c", line 69: error #20: identifier "LEFT_BLACK_THRESH" is undefined
"../black_line.c", line 69: error #20: identifier "RIGHT_BLACK_THRESH" is undefined
"../black_line.c", line 76: warning #161-D: declaration is incompatible with previous "stop_on_line" (declared at line 32)
"../black_line.c", line 78: warning #225-D: function "strcpy" declared implicitly
"../black_line.c", line 93: warning #161-D: declaration is incompatible with previous "reverse_to_line" (declared at line 33)
"../black_line.c", line 94: warning #225-D: function "strcpy" declared implicitly
"../black_line.c", line 109: error #20: identifier "LEFT_BLACK_THRESH" is undefined
"../black_line.c", line 109: error #20: identifier "RIGHT_BLACK_THRESH" is undefined
"../black_line.c", line 116: remark #1544-D: (ULP 13.1) Detected loop counting up. Recommend loops count down as detecting zeros is easier
"../black_line.c", line 117: remark #2553-D: (ULP 14.1) Array index (involving "i") of type "int". Recommend using "unsigned int"
"../black_line.c", line 139: warning #161-D: declaration is incompatible with previous "adc_line" (declared at line 41)
"../black_line.c", line 143: remark #1544-D: (ULP 13.1) Detected loop counting up. Recommend loops count down as detecting zeros is easier
"../black_line.c", line 144: remark #1545-D: (ULP 14.1) Array index of type "int". Recommend using "unsigned int"
"../black_line.c", line 144: remark #2553-D: (ULP 14.1) Array index (involving "i") of type "int". Recommend using "unsigned int"
"../black_line.c", line 174: warning #225-D: function "strcpy" declared implicitly
"../black_line.c", line 180: warning #225-D: function "strcpy" declared implicitly
"../black_line.c", line 158: remark #1544-D: (ULP 13.1) Detected loop counting up. Recommend loops count down as detecting zeros is easier
"../black_line.c", line 159: remark #2553-D: (ULP 14.1) Array index (involving "j") of type "int". Recommend using "unsigned int"
"../black_line.c", line 159: remark #2553-D: (ULP 14.1) Array index (involving "j") of type "int". Recommend using "unsigned int"
"../black_line.c", line 166: remark #1544-D: (ULP 13.1) Detected loop counting up. Recommend loops count down as detecting zeros is easier
"../black_line.c", line 167: remark #2553-D: (ULP 14.1) Array index (involving "j") of type "int". Recommend using "unsigned int"
"../black_line.c", line 167: remark #2553-D: (ULP 14.1) Array index (involving "j") of type "int". Recommend using "unsigned int"
"../black_line.c", line 158: remark #1544-D: (ULP 13.1) Detected loop counting up. Recommend loops count down as detecting zeros is easier
"../black_line.c", line 159: remark #2553-D: (ULP 14.1) Array index (involving "j") of type "int". Recommend using "unsigned int"
"../black_line.c", line 159: remark #2553-D: (ULP 14.1) Array index (involving "j") of type "int". Recommend using "unsigned int"
"../black_line.c", line 166: remark #1544-D: (ULP 13.1) Detected loop counting up. Recommend loops count down as detecting zeros is easier
"../black_line.c", line 167: remark #2553-D: (ULP 14.1) Array index (involving "j") of type "int". Recommend using "unsigned int"
"../black_line.c", line 167: remark #2553-D: (ULP 14.1) Array index (involving "j") of type "int". Recommend using "unsigned int"
5 errors detected in the compilation of "../black_line.c".
gmake: *** [black_line.obj] Error 1
Building file: "../clocks.c"
Invoking: MSP430 Compiler
"D:/ccs/tools/compiler/ti-cgt-msp430_21.6.1.LTS/bin/cl430" -vmspx --use_hw_mpy=F5 --include_path="D:/ccs/ccs_base/msp430/include" --include_path="D:/ccs/Project 09/Project 09" --include_path="D:/ccs/tools/compiler/ti-cgt-msp430_21.6.1.LTS/include" --advice:power=all --advice:hw_config=all --define=__MSP430FR2355__ --define=_FRWP_ENABLE --define=_INFO_FRWP_ENABLE -g --printf_support=minimal --diag_warning=225 --diag_wrap=off --display_error_number --silicon_errata=CPU21 --silicon_errata=CPU22 --silicon_errata=CPU40 --preproc_with_compile --preproc_dependency="clocks.d_raw"  "../clocks.c"
 
>> Compilation failure
subdir_rules.mk:9: recipe for target 'clocks.obj' failed
"..\LCD.h", line 39: error #148: declaration is incompatible with "void Display_Update(int, int, int, int)" (declared at line 113 of "..\functions.h")
"../clocks.c", line 89: error #20: identifier "MCLK_FREQ_MHZ" is undefined
"../clocks.c", line 90: remark #1527-D: (ULP 2.1) Detected SW delay loop using empty loop. Recommend using a timer module instead
"../clocks.c", line 123: remark #1527-D: (ULP 2.1) Detected SW delay loop using empty loop. Recommend using a timer module instead
2 errors detected in the compilation of "../clocks.c".
gmake: *** [clocks.obj] Error 1
Building file: "../init.c"
Invoking: MSP430 Compiler
"D:/ccs/tools/compiler/ti-cgt-msp430_21.6.1.LTS/bin/cl430" -vmspx --use_hw_mpy=F5 --include_path="D:/ccs/ccs_base/msp430/include" --include_path="D:/ccs/Project 09/Project 09" --include_path="D:/ccs/tools/compiler/ti-cgt-msp430_21.6.1.LTS/include" --advice:power=all --advice:hw_config=all --define=__MSP430FR2355__ --define=_FRWP_ENABLE --define=_INFO_FRWP_ENABLE -g --printf_support=minimal --diag_warning=225 --diag_wrap=off --display_error_number --silicon_errata=CPU21 --silicon_errata=CPU22 --silicon_errata=CPU40 --preproc_with_compile --preproc_dependency="init.d_raw"  "../init.c"
 
>> Compilation failure
subdir_rules.mk:9: recipe for target 'init.obj' failed
"..\LCD.h", line 39: error #148: declaration is incompatible with "void Display_Update(int, int, int, int)" (declared at line 113 of "..\functions.h")
"../init.c", line 29: remark #1544-D: (ULP 13.1) Detected loop counting up. Recommend loops count down as detecting zeros is easier
"../init.c", line 30: remark #2553-D: (ULP 14.1) Array index (involving "i") of type "int". Recommend using "unsigned int"
"../init.c", line 31: remark #2553-D: (ULP 14.1) Array index (involving "i") of type "int". Recommend using "unsigned int"
"../init.c", line 32: remark #2553-D: (ULP 14.1) Array index (involving "i") of type "int". Recommend using "unsigned int"
"../init.c", line 33: remark #2553-D: (ULP 14.1) Array index (involving "i") of type "int". Recommend using "unsigned int"
1 error detected in the compilation of "../init.c".
gmake: *** [init.obj] Error 1
Building file: "../led.c"
Invoking: MSP430 Compiler
"D:/ccs/tools/compiler/ti-cgt-msp430_21.6.1.LTS/bin/cl430" -vmspx --use_hw_mpy=F5 --include_path="D:/ccs/ccs_base/msp430/include" --include_path="D:/ccs/Project 09/Project 09" --include_path="D:/ccs/tools/compiler/ti-cgt-msp430_21.6.1.LTS/include" --advice:power=all --advice:hw_config=all --define=__MSP430FR2355__ --define=_FRWP_ENABLE --define=_INFO_FRWP_ENABLE -g --printf_support=minimal --diag_warning=225 --diag_wrap=off --display_error_number --silicon_errata=CPU21 --silicon_errata=CPU22 --silicon_errata=CPU40 --preproc_with_compile --preproc_dependency="led.d_raw"  "../led.c"
 
>> Compilation failure
subdir_rules.mk:9: recipe for target 'led.obj' failed
"..\LCD.h", line 39: error #148: declaration is incompatible with "void Display_Update(int, int, int, int)" (declared at line 113 of "..\functions.h")
"../led.c", line 33: warning #225-D: function "Init_LEDs" declared implicitly
1 error detected in the compilation of "../led.c".
gmake: *** [led.obj] Error 1
Building file: "../main.c"
Invoking: MSP430 Compiler
"D:/ccs/tools/compiler/ti-cgt-msp430_21.6.1.LTS/bin/cl430" -vmspx --use_hw_mpy=F5 --include_path="D:/ccs/ccs_base/msp430/include" --include_path="D:/ccs/Project 09/Project 09" --include_path="D:/ccs/tools/compiler/ti-cgt-msp430_21.6.1.LTS/include" --advice:power=all --advice:hw_config=all --define=__MSP430FR2355__ --define=_FRWP_ENABLE --define=_INFO_FRWP_ENABLE -g --printf_support=minimal --diag_warning=225 --diag_wrap=off --display_error_number --silicon_errata=CPU21 --silicon_errata=CPU22 --silicon_errata=CPU40 --preproc_with_compile --preproc_dependency="main.d_raw"  "../main.c"
 
>> Compilation failure
subdir_rules.mk:9: recipe for target 'main.obj' failed
"..\LCD.h", line 39: error #148: declaration is incompatible with "void Display_Update(int, int, int, int)" (declared at line 113 of "..\functions.h")
1 error detected in the compilation of "../main.c".
gmake: *** [main.obj] Error 1
Building file: "../movement.c"
Invoking: MSP430 Compiler
"D:/ccs/tools/compiler/ti-cgt-msp430_21.6.1.LTS/bin/cl430" -vmspx --use_hw_mpy=F5 --include_path="D:/ccs/ccs_base/msp430/include" --include_path="D:/ccs/Project 09/Project 09" --include_path="D:/ccs/tools/compiler/ti-cgt-msp430_21.6.1.LTS/include" --advice:power=all --advice:hw_config=all --define=__MSP430FR2355__ --define=_FRWP_ENABLE --define=_INFO_FRWP_ENABLE -g --printf_support=minimal --diag_warning=225 --diag_wrap=off --display_error_number --silicon_errata=CPU21 --silicon_errata=CPU22 --silicon_errata=CPU40 --preproc_with_compile --preproc_dependency="movement.d_raw"  "../movement.c"
 
>> Compilation failure
subdir_rules.mk:9: recipe for target 'movement.obj' failed
"..\LCD.h", line 39: error #148: declaration is incompatible with "void Display_Update(int, int, int, int)" (declared at line 113 of "..\functions.h")
"../movement.c", line 25: remark #1530-D: (ULP 5.1) Detected modulo operation(s). Recommend moving them to RAM during run time or not using as these are processing/power intensive
"../movement.c", line 64: error #20: identifier "LEFT_FORWARD_SPEED" is undefined
"../movement.c", line 65: error #20: identifier "RIGHT_FORWARD_SPEED" is undefined
"../movement.c", line 66: error #20: identifier "LEFT_REVERSE_SPEED" is undefined
"../movement.c", line 67: error #20: identifier "RIGHT_REVERSE_SPEED" is undefined
"../movement.c", line 71: error #20: identifier "LEFT_FORWARD_SPEED" is undefined
"../movement.c", line 72: error #20: identifier "RIGHT_FORWARD_SPEED" is undefined
"../movement.c", line 73: error #20: identifier "LEFT_REVERSE_SPEED" is undefined
"../movement.c", line 74: error #20: identifier "RIGHT_REVERSE_SPEED" is undefined
"../movement.c", line 78: error #20: identifier "LEFT_FORWARD_SPEED" is undefined
"../movement.c", line 79: error #20: identifier "RIGHT_FORWARD_SPEED" is undefined
"../movement.c", line 80: error #20: identifier "LEFT_REVERSE_SPEED" is undefined
"../movement.c", line 81: error #20: identifier "RIGHT_REVERSE_SPEED" is undefined
"../movement.c", line 85: error #20: identifier "LEFT_FORWARD_SPEED" is undefined
"../movement.c", line 86: error #20: identifier "RIGHT_FORWARD_SPEED" is undefined
"../movement.c", line 87: error #20: identifier "LEFT_REVERSE_SPEED" is undefined
"../movement.c", line 88: error #20: identifier "RIGHT_REVERSE_SPEED" is undefined
"../movement.c", line 92: error #20: identifier "LEFT_FORWARD_SPEED" is undefined
"../movement.c", line 93: error #20: identifier "RIGHT_FORWARD_SPEED" is undefined
"../movement.c", line 94: error #20: identifier "LEFT_REVERSE_SPEED" is undefined
"../movement.c", line 95: error #20: identifier "RIGHT_REVERSE_SPEED" is undefined
"../movement.c", line 156: warning #225-D: function "atoi" declared implicitly
"../movement.c", line 169: warning #225-D: function "snprintf" declared implicitly
"../movement.c", line 170: warning #225-D: function "strcpy" declared implicitly
"../movement.c", line 170: error #20: identifier "display_line" is undefined
"../movement.c", line 169: remark #1532-D: (ULP 5.3) Detected snprintf() operation(s). Recommend moving them to RAM during run time or not using as these are processing/power intensive
"../movement.c", line 173: remark #1532-D: (ULP 5.3) Detected snprintf() operation(s). Recommend moving them to RAM during run time or not using as these are processing/power intensive
"../movement.c", line 19: remark #1535-D: (ULP 8.1) variable "move_q_tail" is used as a constant. Recommend declaring variable as either 'static const' or 'const'
"../movement.c", line 24: warning #179-D: function "movement_queue_push" was declared but never referenced
22 errors detected in the compilation of "../movement.c".
gmake: *** [movement.obj] Error 1
Building file: "../movement_state.c"
Invoking: MSP430 Compiler
"D:/ccs/tools/compiler/ti-cgt-msp430_21.6.1.LTS/bin/cl430" -vmspx --use_hw_mpy=F5 --include_path="D:/ccs/ccs_base/msp430/include" --include_path="D:/ccs/Project 09/Project 09" --include_path="D:/ccs/tools/compiler/ti-cgt-msp430_21.6.1.LTS/include" --advice:power=all --advice:hw_config=all --define=__MSP430FR2355__ --define=_FRWP_ENABLE --define=_INFO_FRWP_ENABLE -g --printf_support=minimal --diag_warning=225 --diag_wrap=off --display_error_number --silicon_errata=CPU21 --silicon_errata=CPU22 --silicon_errata=CPU40 --preproc_with_compile --preproc_dependency="movement_state.d_raw"  "../movement_state.c"
 
>> Compilation failure
subdir_rules.mk:9: recipe for target 'movement_state.obj' failed
"..\LCD.h", line 39: error #148: declaration is incompatible with "void Display_Update(int, int, int, int)" (declared at line 113 of "..\functions.h")
"../movement_state.c", line 33: warning #225-D: function "strcpy" declared implicitly
"../movement_state.c", line 33: error #20: identifier "display_line" is undefined
"../movement_state.c", line 48: warning #225-D: function "strcpy" declared implicitly
"../movement_state.c", line 48: error #20: identifier "display_line" is undefined
3 errors detected in the compilation of "../movement_state.c".
gmake: *** [movement_state.obj] Error 1
Building file: "../ports.c"
Invoking: MSP430 Compiler
"D:/ccs/tools/compiler/ti-cgt-msp430_21.6.1.LTS/bin/cl430" -vmspx --use_hw_mpy=F5 --include_path="D:/ccs/ccs_base/msp430/include" --include_path="D:/ccs/Project 09/Project 09" --include_path="D:/ccs/tools/compiler/ti-cgt-msp430_21.6.1.LTS/include" --advice:power=all --advice:hw_config=all --define=__MSP430FR2355__ --define=_FRWP_ENABLE --define=_INFO_FRWP_ENABLE -g --printf_support=minimal --diag_warning=225 --diag_wrap=off --display_error_number --silicon_errata=CPU21 --silicon_errata=CPU22 --silicon_errata=CPU40 --preproc_with_compile --preproc_dependency="ports.d_raw"  "../ports.c"
 
>> Compilation failure
subdir_rules.mk:9: recipe for target 'ports.obj' failed
"..\LCD.h", line 39: error #148: declaration is incompatible with "void Display_Update(int, int, int, int)" (declared at line 113 of "..\functions.h")
"../ports.c", line 21: warning #225-D: function "Init_Port_1" declared implicitly
"../ports.c", line 22: warning #225-D: function "Init_Port_2" declared implicitly
"../ports.c", line 23: warning #225-D: function "Init_Port_3" declared implicitly
"../ports.c", line 24: warning #225-D: function "Init_Port_4" declared implicitly
"../ports.c", line 25: warning #225-D: function "Init_Port_5" declared implicitly
"../ports.c", line 26: warning #225-D: function "Init_Port_6" declared implicitly
"../ports.c", line 32: warning #161-D: declaration is incompatible with previous "Init_Port_1" (declared at line 21)
"../ports.c", line 91: warning #161-D: declaration is incompatible with previous "Init_Port_2" (declared at line 22)
"../ports.c", line 147: warning #161-D: declaration is incompatible with previous "Init_Port_3" (declared at line 23)
"../ports.c", line 206: warning #161-D: declaration is incompatible with previous "Init_Port_4" (declared at line 24)
"../ports.c", line 256: warning #161-D: declaration is incompatible with previous "Init_Port_5" (declared at line 25)
"../ports.c", line 295: warning #161-D: declaration is incompatible with previous "Init_Port_6" (declared at line 26)
1 error detected in the compilation of "../ports.c".
gmake: *** [ports.obj] Error 1
Building file: "../switches.c"
Invoking: MSP430 Compiler
"D:/ccs/tools/compiler/ti-cgt-msp430_21.6.1.LTS/bin/cl430" -vmspx --use_hw_mpy=F5 --include_path="D:/ccs/ccs_base/msp430/include" --include_path="D:/ccs/Project 09/Project 09" --include_path="D:/ccs/tools/compiler/ti-cgt-msp430_21.6.1.LTS/include" --advice:power=all --advice:hw_config=all --define=__MSP430FR2355__ --define=_FRWP_ENABLE --define=_INFO_FRWP_ENABLE -g --printf_support=minimal --diag_warning=225 --diag_wrap=off --display_error_number --silicon_errata=CPU21 --silicon_errata=CPU22 --silicon_errata=CPU40 --preproc_with_compile --preproc_dependency="switches.d_raw"  "../switches.c"
 
>> Compilation failure
subdir_rules.mk:9: recipe for target 'switches.obj' failed
"..\LCD.h", line 39: error #148: declaration is incompatible with "void Display_Update(int, int, int, int)" (declared at line 113 of "..\functions.h")
"../switches.c", line 17: remark #1527-D: (ULP 2.1) Detected SW delay loop using __delay_cycles. Recommend using a timer module instead
"../switches.c", line 20: remark #1527-D: (ULP 2.1) Detected SW delay loop using empty loop. Recommend using a timer module instead
"../switches.c", line 26: remark #1527-D: (ULP 2.1) Detected SW delay loop using __delay_cycles. Recommend using a timer module instead
"../switches.c", line 29: remark #1527-D: (ULP 2.1) Detected SW delay loop using empty loop. Recommend using a timer module instead
1 error detected in the compilation of "../switches.c".
gmake: *** [switches.obj] Error 1
Building file: "../system.c"
Invoking: MSP430 Compiler
"D:/ccs/tools/compiler/ti-cgt-msp430_21.6.1.LTS/bin/cl430" -vmspx --use_hw_mpy=F5 --include_path="D:/ccs/ccs_base/msp430/include" --include_path="D:/ccs/Project 09/Project 09" --include_path="D:/ccs/tools/compiler/ti-cgt-msp430_21.6.1.LTS/include" --advice:power=all --advice:hw_config=all --define=__MSP430FR2355__ --define=_FRWP_ENABLE --define=_INFO_FRWP_ENABLE -g --printf_support=minimal --diag_warning=225 --diag_wrap=off --display_error_number --silicon_errata=CPU21 --silicon_errata=CPU22 --silicon_errata=CPU40 --preproc_with_compile --preproc_dependency="system.d_raw"  "../system.c"
 
>> Compilation failure
subdir_rules.mk:9: recipe for target 'system.obj' failed
"..\LCD.h", line 39: error #148: declaration is incompatible with "void Display_Update(int, int, int, int)" (declared at line 113 of "..\functions.h")
1 error detected in the compilation of "../system.c".
gmake: *** [system.obj] Error 1
Building file: "../timers.c"
Invoking: MSP430 Compiler
"D:/ccs/tools/compiler/ti-cgt-msp430_21.6.1.LTS/bin/cl430" -vmspx --use_hw_mpy=F5 --include_path="D:/ccs/ccs_base/msp430/include" --include_path="D:/ccs/Project 09/Project 09" --include_path="D:/ccs/tools/compiler/ti-cgt-msp430_21.6.1.LTS/include" --advice:power=all --advice:hw_config=all --define=__MSP430FR2355__ --define=_FRWP_ENABLE --define=_INFO_FRWP_ENABLE -g --printf_support=minimal --diag_warning=225 --diag_wrap=off --display_error_number --silicon_errata=CPU21 --silicon_errata=CPU22 --silicon_errata=CPU40 --preproc_with_compile --preproc_dependency="timers.d_raw"  "../timers.c"
 
>> Compilation failure
subdir_rules.mk:9: recipe for target 'timers.obj' failed
"..\LCD.h", line 39: error #148: declaration is incompatible with "void Display_Update(int, int, int, int)" (declared at line 113 of "..\functions.h")
"../timers.c", line 24: warning #225-D: function "Init_Timer_B0" declared implicitly
"../timers.c", line 28: warning #161-D: declaration is incompatible with previous "Init_Timer_B0" (declared at line 24)
1 error detected in the compilation of "../timers.c".
gmake: *** [timers.obj] Error 1
gmake: Target 'all' not remade because of errors.

**** Build Finished ****

**** Build of configuration Debug for project Project 09 ****

"D:\\ccs\\utils\\bin\\gmake" -k -j 16 all -O 
 
Building file: "../black_line.c"
Invoking: MSP430 Compiler
"D:/ccs/tools/compiler/ti-cgt-msp430_21.6.1.LTS/bin/cl430" -vmspx --use_hw_mpy=F5 --include_path="D:/ccs/ccs_base/msp430/include" --include_path="D:/ccs/Project 09/Project 09" --include_path="D:/ccs/tools/compiler/ti-cgt-msp430_21.6.1.LTS/include" --advice:power=all --advice:hw_config=all --define=__MSP430FR2355__ --define=_FRWP_ENABLE --define=_INFO_FRWP_ENABLE -g --printf_support=minimal --diag_warning=225 --diag_wrap=off --display_error_number --silicon_errata=CPU21 --silicon_errata=CPU22 --silicon_errata=CPU40 --preproc_with_compile --preproc_dependency="black_line.d_raw"  "../black_line.c"
 
>> Compilation failure
subdir_rules.mk:9: recipe for target 'black_line.obj' failed
"../black_line.c", line 31: warning #225-D: function "search_line" declared implicitly
"../black_line.c", line 32: warning #225-D: function "stop_on_line" declared implicitly
"../black_line.c", line 33: warning #225-D: function "reverse_to_line" declared implicitly
"../black_line.c", line 36: warning #225-D: function "strcpy" declared implicitly
"../black_line.c", line 41: warning #225-D: function "adc_line" declared implicitly
"../black_line.c", line 47: warning #161-D: declaration is incompatible with previous "search_line" (declared at line 31)
"../black_line.c", line 48: warning #225-D: function "strcpy" declared implicitly
"../black_line.c", line 69: error #20: identifier "LEFT_BLACK_THRESH" is undefined
"../black_line.c", line 69: error #20: identifier "RIGHT_BLACK_THRESH" is undefined
"../black_line.c", line 76: warning #161-D: declaration is incompatible with previous "stop_on_line" (declared at line 32)
"../black_line.c", line 78: warning #225-D: function "strcpy" declared implicitly
"../black_line.c", line 93: warning #161-D: declaration is incompatible with previous "reverse_to_line" (declared at line 33)
"../black_line.c", line 94: warning #225-D: function "strcpy" declared implicitly
"../black_line.c", line 109: error #20: identifier "LEFT_BLACK_THRESH" is undefined
"../black_line.c", line 109: error #20: identifier "RIGHT_BLACK_THRESH" is undefined
"../black_line.c", line 116: remark #1544-D: (ULP 13.1) Detected loop counting up. Recommend loops count down as detecting zeros is easier
"../black_line.c", line 117: remark #2553-D: (ULP 14.1) Array index (involving "i") of type "int". Recommend using "unsigned int"
"../black_line.c", line 139: warning #161-D: declaration is incompatible with previous "adc_line" (declared at line 41)
"../black_line.c", line 143: remark #1544-D: (ULP 13.1) Detected loop counting up. Recommend loops count down as detecting zeros is easier
"../black_line.c", line 144: remark #1545-D: (ULP 14.1) Array index of type "int". Recommend using "unsigned int"
"../black_line.c", line 144: remark #2553-D: (ULP 14.1) Array index (involving "i") of type "int". Recommend using "unsigned int"
"../black_line.c", line 174: warning #225-D: function "strcpy" declared implicitly
"../black_line.c", line 180: warning #225-D: function "strcpy" declared implicitly
"../black_line.c", line 158: remark #1544-D: (ULP 13.1) Detected loop counting up. Recommend loops count down as detecting zeros is easier
"../black_line.c", line 159: remark #2553-D: (ULP 14.1) Array index (involving "j") of type "int". Recommend using "unsigned int"
"../black_line.c", line 159: remark #2553-D: (ULP 14.1) Array index (involving "j") of type "int". Recommend using "unsigned int"
"../black_line.c", line 166: remark #1544-D: (ULP 13.1) Detected loop counting up. Recommend loops count down as detecting zeros is easier
"../black_line.c", line 167: remark #2553-D: (ULP 14.1) Array index (involving "j") of type "int". Recommend using "unsigned int"
"../black_line.c", line 167: remark #2553-D: (ULP 14.1) Array index (involving "j") of type "int". Recommend using "unsigned int"
"../black_line.c", line 158: remark #1544-D: (ULP 13.1) Detected loop counting up. Recommend loops count down as detecting zeros is easier
"../black_line.c", line 159: remark #2553-D: (ULP 14.1) Array index (involving "j") of type "int". Recommend using "unsigned int"
"../black_line.c", line 159: remark #2553-D: (ULP 14.1) Array index (involving "j") of type "int". Recommend using "unsigned int"
"../black_line.c", line 166: remark #1544-D: (ULP 13.1) Detected loop counting up. Recommend loops count down as detecting zeros is easier
"../black_line.c", line 167: remark #2553-D: (ULP 14.1) Array index (involving "j") of type "int". Recommend using "unsigned int"
"../black_line.c", line 167: remark #2553-D: (ULP 14.1) Array index (involving "j") of type "int". Recommend using "unsigned int"
4 errors detected in the compilation of "../black_line.c".
gmake: *** [black_line.obj] Error 1
Building file: "../clocks.c"
Invoking: MSP430 Compiler
"D:/ccs/tools/compiler/ti-cgt-msp430_21.6.1.LTS/bin/cl430" -vmspx --use_hw_mpy=F5 --include_path="D:/ccs/ccs_base/msp430/include" --include_path="D:/ccs/Project 09/Project 09" --include_path="D:/ccs/tools/compiler/ti-cgt-msp430_21.6.1.LTS/include" --advice:power=all --advice:hw_config=all --define=__MSP430FR2355__ --define=_FRWP_ENABLE --define=_INFO_FRWP_ENABLE -g --printf_support=minimal --diag_warning=225 --diag_wrap=off --display_error_number --silicon_errata=CPU21 --silicon_errata=CPU22 --silicon_errata=CPU40 --preproc_with_compile --preproc_dependency="clocks.d_raw"  "../clocks.c"
 
>> Compilation failure
subdir_rules.mk:9: recipe for target 'clocks.obj' failed
"../clocks.c", line 89: error #20: identifier "MCLK_FREQ_MHZ" is undefined
"../clocks.c", line 90: remark #1527-D: (ULP 2.1) Detected SW delay loop using empty loop. Recommend using a timer module instead
"../clocks.c", line 123: remark #1527-D: (ULP 2.1) Detected SW delay loop using empty loop. Recommend using a timer module instead
1 error detected in the compilation of "../clocks.c".
gmake: *** [clocks.obj] Error 1
Building file: "../Display.c"
Invoking: MSP430 Compiler
"D:/ccs/tools/compiler/ti-cgt-msp430_21.6.1.LTS/bin/cl430" -vmspx --use_hw_mpy=F5 --include_path="D:/ccs/ccs_base/msp430/include" --include_path="D:/ccs/Project 09/Project 09" --include_path="D:/ccs/tools/compiler/ti-cgt-msp430_21.6.1.LTS/include" --advice:power=all --advice:hw_config=all --define=__MSP430FR2355__ --define=_FRWP_ENABLE --define=_INFO_FRWP_ENABLE -g --printf_support=minimal --diag_warning=225 --diag_wrap=off --display_error_number --silicon_errata=CPU21 --silicon_errata=CPU22 --silicon_errata=CPU40 --preproc_with_compile --preproc_dependency="Display.d_raw"  "../Display.c"
Finished building: "../Display.c"
 
Building file: "../adc.c"
Invoking: MSP430 Compiler
"D:/ccs/tools/compiler/ti-cgt-msp430_21.6.1.LTS/bin/cl430" -vmspx --use_hw_mpy=F5 --include_path="D:/ccs/ccs_base/msp430/include" --include_path="D:/ccs/Project 09/Project 09" --include_path="D:/ccs/tools/compiler/ti-cgt-msp430_21.6.1.LTS/include" --advice:power=all --advice:hw_config=all --define=__MSP430FR2355__ --define=_FRWP_ENABLE --define=_INFO_FRWP_ENABLE -g --printf_support=minimal --diag_warning=225 --diag_wrap=off --display_error_number --silicon_errata=CPU21 --silicon_errata=CPU22 --silicon_errata=CPU40 --preproc_with_compile --preproc_dependency="adc.d_raw"  "../adc.c"
Finished building: "../adc.c"
 
Building file: "../init.c"
Invoking: MSP430 Compiler
"D:/ccs/tools/compiler/ti-cgt-msp430_21.6.1.LTS/bin/cl430" -vmspx --use_hw_mpy=F5 --include_path="D:/ccs/ccs_base/msp430/include" --include_path="D:/ccs/Project 09/Project 09" --include_path="D:/ccs/tools/compiler/ti-cgt-msp430_21.6.1.LTS/include" --advice:power=all --advice:hw_config=all --define=__MSP430FR2355__ --define=_FRWP_ENABLE --define=_INFO_FRWP_ENABLE -g --printf_support=minimal --diag_warning=225 --diag_wrap=off --display_error_number --silicon_errata=CPU21 --silicon_errata=CPU22 --silicon_errata=CPU40 --preproc_with_compile --preproc_dependency="init.d_raw"  "../init.c"
"../init.c", line 29: remark #1544-D: (ULP 13.1) Detected loop counting up. Recommend loops count down as detecting zeros is easier
"../init.c", line 30: remark #2553-D: (ULP 14.1) Array index (involving "i") of type "int". Recommend using "unsigned int"
"../init.c", line 31: remark #2553-D: (ULP 14.1) Array index (involving "i") of type "int". Recommend using "unsigned int"
"../init.c", line 32: remark #2553-D: (ULP 14.1) Array index (involving "i") of type "int". Recommend using "unsigned int"
"../init.c", line 33: remark #2553-D: (ULP 14.1) Array index (involving "i") of type "int". Recommend using "unsigned int"
Finished building: "../init.c"
 
Building file: "../movement.c"
Invoking: MSP430 Compiler
"D:/ccs/tools/compiler/ti-cgt-msp430_21.6.1.LTS/bin/cl430" -vmspx --use_hw_mpy=F5 --include_path="D:/ccs/ccs_base/msp430/include" --include_path="D:/ccs/Project 09/Project 09" --include_path="D:/ccs/tools/compiler/ti-cgt-msp430_21.6.1.LTS/include" --advice:power=all --advice:hw_config=all --define=__MSP430FR2355__ --define=_FRWP_ENABLE --define=_INFO_FRWP_ENABLE -g --printf_support=minimal --diag_warning=225 --diag_wrap=off --display_error_number --silicon_errata=CPU21 --silicon_errata=CPU22 --silicon_errata=CPU40 --preproc_with_compile --preproc_dependency="movement.d_raw"  "../movement.c"
 
>> Compilation failure
subdir_rules.mk:9: recipe for target 'movement.obj' failed
"../movement.c", line 25: remark #1530-D: (ULP 5.1) Detected modulo operation(s). Recommend moving them to RAM during run time or not using as these are processing/power intensive
"../movement.c", line 64: error #20: identifier "LEFT_FORWARD_SPEED" is undefined
"../movement.c", line 65: error #20: identifier "RIGHT_FORWARD_SPEED" is undefined
"../movement.c", line 66: error #20: identifier "LEFT_REVERSE_SPEED" is undefined
"../movement.c", line 67: error #20: identifier "RIGHT_REVERSE_SPEED" is undefined
"../movement.c", line 71: error #20: identifier "LEFT_FORWARD_SPEED" is undefined
"../movement.c", line 72: error #20: identifier "RIGHT_FORWARD_SPEED" is undefined
"../movement.c", line 73: error #20: identifier "LEFT_REVERSE_SPEED" is undefined
"../movement.c", line 74: error #20: identifier "RIGHT_REVERSE_SPEED" is undefined
"../movement.c", line 78: error #20: identifier "LEFT_FORWARD_SPEED" is undefined
"../movement.c", line 79: error #20: identifier "RIGHT_FORWARD_SPEED" is undefined
"../movement.c", line 80: error #20: identifier "LEFT_REVERSE_SPEED" is undefined
"../movement.c", line 81: error #20: identifier "RIGHT_REVERSE_SPEED" is undefined
"../movement.c", line 85: error #20: identifier "LEFT_FORWARD_SPEED" is undefined
"../movement.c", line 86: error #20: identifier "RIGHT_FORWARD_SPEED" is undefined
"../movement.c", line 87: error #20: identifier "LEFT_REVERSE_SPEED" is undefined
"../movement.c", line 88: error #20: identifier "RIGHT_REVERSE_SPEED" is undefined
"../movement.c", line 92: error #20: identifier "LEFT_FORWARD_SPEED" is undefined
"../movement.c", line 93: error #20: identifier "RIGHT_FORWARD_SPEED" is undefined
"../movement.c", line 94: error #20: identifier "LEFT_REVERSE_SPEED" is undefined
"../movement.c", line 95: error #20: identifier "RIGHT_REVERSE_SPEED" is undefined
"../movement.c", line 156: warning #225-D: function "atoi" declared implicitly
"../movement.c", line 169: warning #225-D: function "snprintf" declared implicitly
"../movement.c", line 170: warning #225-D: function "strcpy" declared implicitly
"../movement.c", line 170: error #20: identifier "display_line" is undefined
"../movement.c", line 169: remark #1532-D: (ULP 5.3) Detected snprintf() operation(s). Recommend moving them to RAM during run time or not using as these are processing/power intensive
"../movement.c", line 173: remark #1532-D: (ULP 5.3) Detected snprintf() operation(s). Recommend moving them to RAM during run time or not using as these are processing/power intensive
"../movement.c", line 19: remark #1535-D: (ULP 8.1) variable "move_q_tail" is used as a constant. Recommend declaring variable as either 'static const' or 'const'
"../movement.c", line 24: warning #179-D: function "movement_queue_push" was declared but never referenced
21 errors detected in the compilation of "../movement.c".
gmake: *** [movement.obj] Error 1
Building file: "../movement_state.c"
Invoking: MSP430 Compiler
"D:/ccs/tools/compiler/ti-cgt-msp430_21.6.1.LTS/bin/cl430" -vmspx --use_hw_mpy=F5 --include_path="D:/ccs/ccs_base/msp430/include" --include_path="D:/ccs/Project 09/Project 09" --include_path="D:/ccs/tools/compiler/ti-cgt-msp430_21.6.1.LTS/include" --advice:power=all --advice:hw_config=all --define=__MSP430FR2355__ --define=_FRWP_ENABLE --define=_INFO_FRWP_ENABLE -g --printf_support=minimal --diag_warning=225 --diag_wrap=off --display_error_number --silicon_errata=CPU21 --silicon_errata=CPU22 --silicon_errata=CPU40 --preproc_with_compile --preproc_dependency="movement_state.d_raw"  "../movement_state.c"
 
>> Compilation failure
subdir_rules.mk:9: recipe for target 'movement_state.obj' failed
"../movement_state.c", line 33: warning #225-D: function "strcpy" declared implicitly
"../movement_state.c", line 33: error #20: identifier "display_line" is undefined
"../movement_state.c", line 48: warning #225-D: function "strcpy" declared implicitly
"../movement_state.c", line 48: error #20: identifier "display_line" is undefined
2 errors detected in the compilation of "../movement_state.c".
gmake: *** [movement_state.obj] Error 1
Building file: "../comm_system.c"
Invoking: MSP430 Compiler
"D:/ccs/tools/compiler/ti-cgt-msp430_21.6.1.LTS/bin/cl430" -vmspx --use_hw_mpy=F5 --include_path="D:/ccs/ccs_base/msp430/include" --include_path="D:/ccs/Project 09/Project 09" --include_path="D:/ccs/tools/compiler/ti-cgt-msp430_21.6.1.LTS/include" --advice:power=all --advice:hw_config=all --define=__MSP430FR2355__ --define=_FRWP_ENABLE --define=_INFO_FRWP_ENABLE -g --printf_support=minimal --diag_warning=225 --diag_wrap=off --display_error_number --silicon_errata=CPU21 --silicon_errata=CPU22 --silicon_errata=CPU40 --preproc_with_compile --preproc_dependency="comm_system.d_raw"  "../comm_system.c"
"../comm_system.c", line 82: remark #1528-D: (ULP 3.1) Detected flag polling using UCA1IFG. Recommend using an interrupt combined with enter LPMx and ISR
"../comm_system.c", line 87: remark #1528-D: (ULP 3.1) Detected flag polling using UCA0IFG. Recommend using an interrupt combined with enter LPMx and ISR
"../comm_system.c", line 163: warning #225-D: function "atoi" declared implicitly
"../comm_system.c", line 138: remark #1534-D: (ULP 7.1) Detected use of global variable "SECRET_PIN" within one function "command_secure". Recommend placing variable in the function locally
Finished building: "../comm_system.c"
 
Building file: "../led.c"
Invoking: MSP430 Compiler
"D:/ccs/tools/compiler/ti-cgt-msp430_21.6.1.LTS/bin/cl430" -vmspx --use_hw_mpy=F5 --include_path="D:/ccs/ccs_base/msp430/include" --include_path="D:/ccs/Project 09/Project 09" --include_path="D:/ccs/tools/compiler/ti-cgt-msp430_21.6.1.LTS/include" --advice:power=all --advice:hw_config=all --define=__MSP430FR2355__ --define=_FRWP_ENABLE --define=_INFO_FRWP_ENABLE -g --printf_support=minimal --diag_warning=225 --diag_wrap=off --display_error_number --silicon_errata=CPU21 --silicon_errata=CPU22 --silicon_errata=CPU40 --preproc_with_compile --preproc_dependency="led.d_raw"  "../led.c"
"../led.c", line 33: warning #225-D: function "Init_LEDs" declared implicitly
Finished building: "../led.c"
 
Building file: "../main.c"
Invoking: MSP430 Compiler
"D:/ccs/tools/compiler/ti-cgt-msp430_21.6.1.LTS/bin/cl430" -vmspx --use_hw_mpy=F5 --include_path="D:/ccs/ccs_base/msp430/include" --include_path="D:/ccs/Project 09/Project 09" --include_path="D:/ccs/tools/compiler/ti-cgt-msp430_21.6.1.LTS/include" --advice:power=all --advice:hw_config=all --define=__MSP430FR2355__ --define=_FRWP_ENABLE --define=_INFO_FRWP_ENABLE -g --printf_support=minimal --diag_warning=225 --diag_wrap=off --display_error_number --silicon_errata=CPU21 --silicon_errata=CPU22 --silicon_errata=CPU40 --preproc_with_compile --preproc_dependency="main.d_raw"  "../main.c"
Finished building: "../main.c"
 
Building file: "../switches.c"
Invoking: MSP430 Compiler
"D:/ccs/tools/compiler/ti-cgt-msp430_21.6.1.LTS/bin/cl430" -vmspx --use_hw_mpy=F5 --include_path="D:/ccs/ccs_base/msp430/include" --include_path="D:/ccs/Project 09/Project 09" --include_path="D:/ccs/tools/compiler/ti-cgt-msp430_21.6.1.LTS/include" --advice:power=all --advice:hw_config=all --define=__MSP430FR2355__ --define=_FRWP_ENABLE --define=_INFO_FRWP_ENABLE -g --printf_support=minimal --diag_warning=225 --diag_wrap=off --display_error_number --silicon_errata=CPU21 --silicon_errata=CPU22 --silicon_errata=CPU40 --preproc_with_compile --preproc_dependency="switches.d_raw"  "../switches.c"
"../switches.c", line 17: remark #1527-D: (ULP 2.1) Detected SW delay loop using __delay_cycles. Recommend using a timer module instead
"../switches.c", line 20: remark #1527-D: (ULP 2.1) Detected SW delay loop using empty loop. Recommend using a timer module instead
"../switches.c", line 26: remark #1527-D: (ULP 2.1) Detected SW delay loop using __delay_cycles. Recommend using a timer module instead
"../switches.c", line 29: remark #1527-D: (ULP 2.1) Detected SW delay loop using empty loop. Recommend using a timer module instead
Finished building: "../switches.c"
 
Building file: "../system.c"
Invoking: MSP430 Compiler
"D:/ccs/tools/compiler/ti-cgt-msp430_21.6.1.LTS/bin/cl430" -vmspx --use_hw_mpy=F5 --include_path="D:/ccs/ccs_base/msp430/include" --include_path="D:/ccs/Project 09/Project 09" --include_path="D:/ccs/tools/compiler/ti-cgt-msp430_21.6.1.LTS/include" --advice:power=all --advice:hw_config=all --define=__MSP430FR2355__ --define=_FRWP_ENABLE --define=_INFO_FRWP_ENABLE -g --printf_support=minimal --diag_warning=225 --diag_wrap=off --display_error_number --silicon_errata=CPU21 --silicon_errata=CPU22 --silicon_errata=CPU40 --preproc_with_compile --preproc_dependency="system.d_raw"  "../system.c"
Finished building: "../system.c"
 
Building file: "../ports.c"
Invoking: MSP430 Compiler
"D:/ccs/tools/compiler/ti-cgt-msp430_21.6.1.LTS/bin/cl430" -vmspx --use_hw_mpy=F5 --include_path="D:/ccs/ccs_base/msp430/include" --include_path="D:/ccs/Project 09/Project 09" --include_path="D:/ccs/tools/compiler/ti-cgt-msp430_21.6.1.LTS/include" --advice:power=all --advice:hw_config=all --define=__MSP430FR2355__ --define=_FRWP_ENABLE --define=_INFO_FRWP_ENABLE -g --printf_support=minimal --diag_warning=225 --diag_wrap=off --display_error_number --silicon_errata=CPU21 --silicon_errata=CPU22 --silicon_errata=CPU40 --preproc_with_compile --preproc_dependency="ports.d_raw"  "../ports.c"
"../ports.c", line 21: warning #225-D: function "Init_Port_1" declared implicitly
"../ports.c", line 22: warning #225-D: function "Init_Port_2" declared implicitly
"../ports.c", line 23: warning #225-D: function "Init_Port_3" declared implicitly
"../ports.c", line 24: warning #225-D: function "Init_Port_4" declared implicitly
"../ports.c", line 25: warning #225-D: function "Init_Port_5" declared implicitly
"../ports.c", line 26: warning #225-D: function "Init_Port_6" declared implicitly
"../ports.c", line 32: warning #161-D: declaration is incompatible with previous "Init_Port_1" (declared at line 21)
"../ports.c", line 91: warning #161-D: declaration is incompatible with previous "Init_Port_2" (declared at line 22)
"../ports.c", line 147: warning #161-D: declaration is incompatible with previous "Init_Port_3" (declared at line 23)
"../ports.c", line 206: warning #161-D: declaration is incompatible with previous "Init_Port_4" (declared at line 24)
"../ports.c", line 256: warning #161-D: declaration is incompatible with previous "Init_Port_5" (declared at line 25)
"../ports.c", line 295: warning #161-D: declaration is incompatible with previous "Init_Port_6" (declared at line 26)
Finished building: "../ports.c"
 
Building file: "../timers.c"
Invoking: MSP430 Compiler
"D:/ccs/tools/compiler/ti-cgt-msp430_21.6.1.LTS/bin/cl430" -vmspx --use_hw_mpy=F5 --include_path="D:/ccs/ccs_base/msp430/include" --include_path="D:/ccs/Project 09/Project 09" --include_path="D:/ccs/tools/compiler/ti-cgt-msp430_21.6.1.LTS/include" --advice:power=all --advice:hw_config=all --define=__MSP430FR2355__ --define=_FRWP_ENABLE --define=_INFO_FRWP_ENABLE -g --printf_support=minimal --diag_warning=225 --diag_wrap=off --display_error_number --silicon_errata=CPU21 --silicon_errata=CPU22 --silicon_errata=CPU40 --preproc_with_compile --preproc_dependency="timers.d_raw"  "../timers.c"
"../timers.c", line 24: warning #225-D: function "Init_Timer_B0" declared implicitly
"../timers.c", line 28: warning #161-D: declaration is incompatible with previous "Init_Timer_B0" (declared at line 24)
Finished building: "../timers.c"
 
gmake: Target 'all' not remade because of errors.

**** Build Finished ****

**** Build of configuration Debug for project Project 09 ****

"D:\\ccs\\utils\\bin\\gmake" -k -j 16 all -O 
 
Building file: "../Display.c"
Invoking: MSP430 Compiler
"D:/ccs/tools/compiler/ti-cgt-msp430_21.6.1.LTS/bin/cl430" -vmspx --use_hw_mpy=F5 --include_path="D:/ccs/ccs_base/msp430/include" --include_path="D:/ccs/Project 09/Project 09" --include_path="D:/ccs/tools/compiler/ti-cgt-msp430_21.6.1.LTS/include" --advice:power=all --advice:hw_config=all --define=__MSP430FR2355__ --define=_FRWP_ENABLE --define=_INFO_FRWP_ENABLE -g --printf_support=minimal --diag_warning=225 --diag_wrap=off --display_error_number --silicon_errata=CPU21 --silicon_errata=CPU22 --silicon_errata=CPU40 --preproc_with_compile --preproc_dependency="Display.d_raw"  "../Display.c"
Finished building: "../Display.c"
 
Building file: "../adc.c"
Invoking: MSP430 Compiler
"D:/ccs/tools/compiler/ti-cgt-msp430_21.6.1.LTS/bin/cl430" -vmspx --use_hw_mpy=F5 --include_path="D:/ccs/ccs_base/msp430/include" --include_path="D:/ccs/Project 09/Project 09" --include_path="D:/ccs/tools/compiler/ti-cgt-msp430_21.6.1.LTS/include" --advice:power=all --advice:hw_config=all --define=__MSP430FR2355__ --define=_FRWP_ENABLE --define=_INFO_FRWP_ENABLE -g --printf_support=minimal --diag_warning=225 --diag_wrap=off --display_error_number --silicon_errata=CPU21 --silicon_errata=CPU22 --silicon_errata=CPU40 --preproc_with_compile --preproc_dependency="adc.d_raw"  "../adc.c"
Finished building: "../adc.c"
 
Building file: "../clocks.c"
Invoking: MSP430 Compiler
"D:/ccs/tools/compiler/ti-cgt-msp430_21.6.1.LTS/bin/cl430" -vmspx --use_hw_mpy=F5 --include_path="D:/ccs/ccs_base/msp430/include" --include_path="D:/ccs/Project 09/Project 09" --include_path="D:/ccs/tools/compiler/ti-cgt-msp430_21.6.1.LTS/include" --advice:power=all --advice:hw_config=all --define=__MSP430FR2355__ --define=_FRWP_ENABLE --define=_INFO_FRWP_ENABLE -g --printf_support=minimal --diag_warning=225 --diag_wrap=off --display_error_number --silicon_errata=CPU21 --silicon_errata=CPU22 --silicon_errata=CPU40 --preproc_with_compile --preproc_dependency="clocks.d_raw"  "../clocks.c"
"../clocks.c", line 89: remark #1527-D: (ULP 2.1) Detected SW delay loop using __delay_cycles. Recommend using a timer module instead
"../clocks.c", line 90: remark #1527-D: (ULP 2.1) Detected SW delay loop using empty loop. Recommend using a timer module instead
"../clocks.c", line 123: remark #1527-D: (ULP 2.1) Detected SW delay loop using empty loop. Recommend using a timer module instead
Finished building: "../clocks.c"
 
Building file: "../black_line.c"
Invoking: MSP430 Compiler
"D:/ccs/tools/compiler/ti-cgt-msp430_21.6.1.LTS/bin/cl430" -vmspx --use_hw_mpy=F5 --include_path="D:/ccs/ccs_base/msp430/include" --include_path="D:/ccs/Project 09/Project 09" --include_path="D:/ccs/tools/compiler/ti-cgt-msp430_21.6.1.LTS/include" --advice:power=all --advice:hw_config=all --define=__MSP430FR2355__ --define=_FRWP_ENABLE --define=_INFO_FRWP_ENABLE -g --printf_support=minimal --diag_warning=225 --diag_wrap=off --display_error_number --silicon_errata=CPU21 --silicon_errata=CPU22 --silicon_errata=CPU40 --preproc_with_compile --preproc_dependency="black_line.d_raw"  "../black_line.c"
"../black_line.c", line 31: warning #225-D: function "search_line" declared implicitly
"../black_line.c", line 32: warning #225-D: function "stop_on_line" declared implicitly
"../black_line.c", line 33: warning #225-D: function "reverse_to_line" declared implicitly
"../black_line.c", line 36: warning #225-D: function "strcpy" declared implicitly
"../black_line.c", line 41: warning #225-D: function "adc_line" declared implicitly
"../black_line.c", line 47: warning #161-D: declaration is incompatible with previous "search_line" (declared at line 31)
"../black_line.c", line 48: warning #225-D: function "strcpy" declared implicitly
"../black_line.c", line 76: warning #161-D: declaration is incompatible with previous "stop_on_line" (declared at line 32)
"../black_line.c", line 78: warning #225-D: function "strcpy" declared implicitly
"../black_line.c", line 93: warning #161-D: declaration is incompatible with previous "reverse_to_line" (declared at line 33)
"../black_line.c", line 94: warning #225-D: function "strcpy" declared implicitly
"../black_line.c", line 116: remark #1544-D: (ULP 13.1) Detected loop counting up. Recommend loops count down as detecting zeros is easier
"../black_line.c", line 117: remark #2553-D: (ULP 14.1) Array index (involving "i") of type "int". Recommend using "unsigned int"
"../black_line.c", line 139: warning #161-D: declaration is incompatible with previous "adc_line" (declared at line 41)
"../black_line.c", line 143: remark #1544-D: (ULP 13.1) Detected loop counting up. Recommend loops count down as detecting zeros is easier
"../black_line.c", line 144: remark #1545-D: (ULP 14.1) Array index of type "int". Recommend using "unsigned int"
"../black_line.c", line 144: remark #2553-D: (ULP 14.1) Array index (involving "i") of type "int". Recommend using "unsigned int"
"../black_line.c", line 174: warning #225-D: function "strcpy" declared implicitly
"../black_line.c", line 180: warning #225-D: function "strcpy" declared implicitly
"../black_line.c", line 158: remark #1544-D: (ULP 13.1) Detected loop counting up. Recommend loops count down as detecting zeros is easier
"../black_line.c", line 159: remark #2553-D: (ULP 14.1) Array index (involving "j") of type "int". Recommend using "unsigned int"
"../black_line.c", line 159: remark #2553-D: (ULP 14.1) Array index (involving "j") of type "int". Recommend using "unsigned int"
"../black_line.c", line 166: remark #1544-D: (ULP 13.1) Detected loop counting up. Recommend loops count down as detecting zeros is easier
"../black_line.c", line 167: remark #2553-D: (ULP 14.1) Array index (involving "j") of type "int". Recommend using "unsigned int"
"../black_line.c", line 167: remark #2553-D: (ULP 14.1) Array index (involving "j") of type "int". Recommend using "unsigned int"
"../black_line.c", line 158: remark #1544-D: (ULP 13.1) Detected loop counting up. Recommend loops count down as detecting zeros is easier
"../black_line.c", line 159: remark #2553-D: (ULP 14.1) Array index (involving "j") of type "int". Recommend using "unsigned int"
"../black_line.c", line 159: remark #2553-D: (ULP 14.1) Array index (involving "j") of type "int". Recommend using "unsigned int"
"../black_line.c", line 166: remark #1544-D: (ULP 13.1) Detected loop counting up. Recommend loops count down as detecting zeros is easier
"../black_line.c", line 167: remark #2553-D: (ULP 14.1) Array index (involving "j") of type "int". Recommend using "unsigned int"
"../black_line.c", line 167: remark #2553-D: (ULP 14.1) Array index (involving "j") of type "int". Recommend using "unsigned int"
Finished building: "../black_line.c"
 
Building file: "../comm_system.c"
Invoking: MSP430 Compiler
"D:/ccs/tools/compiler/ti-cgt-msp430_21.6.1.LTS/bin/cl430" -vmspx --use_hw_mpy=F5 --include_path="D:/ccs/ccs_base/msp430/include" --include_path="D:/ccs/Project 09/Project 09" --include_path="D:/ccs/tools/compiler/ti-cgt-msp430_21.6.1.LTS/include" --advice:power=all --advice:hw_config=all --define=__MSP430FR2355__ --define=_FRWP_ENABLE --define=_INFO_FRWP_ENABLE -g --printf_support=minimal --diag_warning=225 --diag_wrap=off --display_error_number --silicon_errata=CPU21 --silicon_errata=CPU22 --silicon_errata=CPU40 --preproc_with_compile --preproc_dependency="comm_system.d_raw"  "../comm_system.c"
"../comm_system.c", line 82: remark #1528-D: (ULP 3.1) Detected flag polling using UCA1IFG. Recommend using an interrupt combined with enter LPMx and ISR
"../comm_system.c", line 87: remark #1528-D: (ULP 3.1) Detected flag polling using UCA0IFG. Recommend using an interrupt combined with enter LPMx and ISR
"../comm_system.c", line 163: warning #225-D: function "atoi" declared implicitly
"../comm_system.c", line 138: remark #1534-D: (ULP 7.1) Detected use of global variable "SECRET_PIN" within one function "command_secure". Recommend placing variable in the function locally
Finished building: "../comm_system.c"
 
Building file: "../init.c"
Invoking: MSP430 Compiler
"D:/ccs/tools/compiler/ti-cgt-msp430_21.6.1.LTS/bin/cl430" -vmspx --use_hw_mpy=F5 --include_path="D:/ccs/ccs_base/msp430/include" --include_path="D:/ccs/Project 09/Project 09" --include_path="D:/ccs/tools/compiler/ti-cgt-msp430_21.6.1.LTS/include" --advice:power=all --advice:hw_config=all --define=__MSP430FR2355__ --define=_FRWP_ENABLE --define=_INFO_FRWP_ENABLE -g --printf_support=minimal --diag_warning=225 --diag_wrap=off --display_error_number --silicon_errata=CPU21 --silicon_errata=CPU22 --silicon_errata=CPU40 --preproc_with_compile --preproc_dependency="init.d_raw"  "../init.c"
"../init.c", line 29: remark #1544-D: (ULP 13.1) Detected loop counting up. Recommend loops count down as detecting zeros is easier
"../init.c", line 30: remark #2553-D: (ULP 14.1) Array index (involving "i") of type "int". Recommend using "unsigned int"
"../init.c", line 31: remark #2553-D: (ULP 14.1) Array index (involving "i") of type "int". Recommend using "unsigned int"
"../init.c", line 32: remark #2553-D: (ULP 14.1) Array index (involving "i") of type "int". Recommend using "unsigned int"
"../init.c", line 33: remark #2553-D: (ULP 14.1) Array index (involving "i") of type "int". Recommend using "unsigned int"
Finished building: "../init.c"
 
Building file: "../led.c"
Invoking: MSP430 Compiler
"D:/ccs/tools/compiler/ti-cgt-msp430_21.6.1.LTS/bin/cl430" -vmspx --use_hw_mpy=F5 --include_path="D:/ccs/ccs_base/msp430/include" --include_path="D:/ccs/Project 09/Project 09" --include_path="D:/ccs/tools/compiler/ti-cgt-msp430_21.6.1.LTS/include" --advice:power=all --advice:hw_config=all --define=__MSP430FR2355__ --define=_FRWP_ENABLE --define=_INFO_FRWP_ENABLE -g --printf_support=minimal --diag_warning=225 --diag_wrap=off --display_error_number --silicon_errata=CPU21 --silicon_errata=CPU22 --silicon_errata=CPU40 --preproc_with_compile --preproc_dependency="led.d_raw"  "../led.c"
"../led.c", line 33: warning #225-D: function "Init_LEDs" declared implicitly
Finished building: "../led.c"
 
Building file: "../main.c"
Invoking: MSP430 Compiler
"D:/ccs/tools/compiler/ti-cgt-msp430_21.6.1.LTS/bin/cl430" -vmspx --use_hw_mpy=F5 --include_path="D:/ccs/ccs_base/msp430/include" --include_path="D:/ccs/Project 09/Project 09" --include_path="D:/ccs/tools/compiler/ti-cgt-msp430_21.6.1.LTS/include" --advice:power=all --advice:hw_config=all --define=__MSP430FR2355__ --define=_FRWP_ENABLE --define=_INFO_FRWP_ENABLE -g --printf_support=minimal --diag_warning=225 --diag_wrap=off --display_error_number --silicon_errata=CPU21 --silicon_errata=CPU22 --silicon_errata=CPU40 --preproc_with_compile --preproc_dependency="main.d_raw"  "../main.c"
Finished building: "../main.c"
 
Building file: "../movement.c"
Invoking: MSP430 Compiler
"D:/ccs/tools/compiler/ti-cgt-msp430_21.6.1.LTS/bin/cl430" -vmspx --use_hw_mpy=F5 --include_path="D:/ccs/ccs_base/msp430/include" --include_path="D:/ccs/Project 09/Project 09" --include_path="D:/ccs/tools/compiler/ti-cgt-msp430_21.6.1.LTS/include" --advice:power=all --advice:hw_config=all --define=__MSP430FR2355__ --define=_FRWP_ENABLE --define=_INFO_FRWP_ENABLE -g --printf_support=minimal --diag_warning=225 --diag_wrap=off --display_error_number --silicon_errata=CPU21 --silicon_errata=CPU22 --silicon_errata=CPU40 --preproc_with_compile --preproc_dependency="movement.d_raw"  "../movement.c"
"../movement.c", line 25: remark #1530-D: (ULP 5.1) Detected modulo operation(s). Recommend moving them to RAM during run time or not using as these are processing/power intensive
"../movement.c", line 156: warning #225-D: function "atoi" declared implicitly
"../movement.c", line 169: warning #225-D: function "snprintf" declared implicitly
"../movement.c", line 170: warning #225-D: function "strcpy" declared implicitly
"../movement.c", line 169: remark #1532-D: (ULP 5.3) Detected snprintf() operation(s). Recommend moving them to RAM during run time or not using as these are processing/power intensive
"../movement.c", line 173: remark #1532-D: (ULP 5.3) Detected snprintf() operation(s). Recommend moving them to RAM during run time or not using as these are processing/power intensive
"../movement.c", line 19: remark #1535-D: (ULP 8.1) variable "move_q_tail" is used as a constant. Recommend declaring variable as either 'static const' or 'const'
"../movement.c", line 24: warning #179-D: function "movement_queue_push" was declared but never referenced
Finished building: "../movement.c"
 
Building file: "../movement_state.c"
Invoking: MSP430 Compiler
"D:/ccs/tools/compiler/ti-cgt-msp430_21.6.1.LTS/bin/cl430" -vmspx --use_hw_mpy=F5 --include_path="D:/ccs/ccs_base/msp430/include" --include_path="D:/ccs/Project 09/Project 09" --include_path="D:/ccs/tools/compiler/ti-cgt-msp430_21.6.1.LTS/include" --advice:power=all --advice:hw_config=all --define=__MSP430FR2355__ --define=_FRWP_ENABLE --define=_INFO_FRWP_ENABLE -g --printf_support=minimal --diag_warning=225 --diag_wrap=off --display_error_number --silicon_errata=CPU21 --silicon_errata=CPU22 --silicon_errata=CPU40 --preproc_with_compile --preproc_dependency="movement_state.d_raw"  "../movement_state.c"
"../movement_state.c", line 33: warning #225-D: function "strcpy" declared implicitly
"../movement_state.c", line 48: warning #225-D: function "strcpy" declared implicitly
Finished building: "../movement_state.c"
 
Building file: "../switches.c"
Invoking: MSP430 Compiler
"D:/ccs/tools/compiler/ti-cgt-msp430_21.6.1.LTS/bin/cl430" -vmspx --use_hw_mpy=F5 --include_path="D:/ccs/ccs_base/msp430/include" --include_path="D:/ccs/Project 09/Project 09" --include_path="D:/ccs/tools/compiler/ti-cgt-msp430_21.6.1.LTS/include" --advice:power=all --advice:hw_config=all --define=__MSP430FR2355__ --define=_FRWP_ENABLE --define=_INFO_FRWP_ENABLE -g --printf_support=minimal --diag_warning=225 --diag_wrap=off --display_error_number --silicon_errata=CPU21 --silicon_errata=CPU22 --silicon_errata=CPU40 --preproc_with_compile --preproc_dependency="switches.d_raw"  "../switches.c"
"../switches.c", line 17: remark #1527-D: (ULP 2.1) Detected SW delay loop using __delay_cycles. Recommend using a timer module instead
"../switches.c", line 20: remark #1527-D: (ULP 2.1) Detected SW delay loop using empty loop. Recommend using a timer module instead
"../switches.c", line 26: remark #1527-D: (ULP 2.1) Detected SW delay loop using __delay_cycles. Recommend using a timer module instead
"../switches.c", line 29: remark #1527-D: (ULP 2.1) Detected SW delay loop using empty loop. Recommend using a timer module instead
Finished building: "../switches.c"
 
Building file: "../ports.c"
Invoking: MSP430 Compiler
"D:/ccs/tools/compiler/ti-cgt-msp430_21.6.1.LTS/bin/cl430" -vmspx --use_hw_mpy=F5 --include_path="D:/ccs/ccs_base/msp430/include" --include_path="D:/ccs/Project 09/Project 09" --include_path="D:/ccs/tools/compiler/ti-cgt-msp430_21.6.1.LTS/include" --advice:power=all --advice:hw_config=all --define=__MSP430FR2355__ --define=_FRWP_ENABLE --define=_INFO_FRWP_ENABLE -g --printf_support=minimal --diag_warning=225 --diag_wrap=off --display_error_number --silicon_errata=CPU21 --silicon_errata=CPU22 --silicon_errata=CPU40 --preproc_with_compile --preproc_dependency="ports.d_raw"  "../ports.c"
"../ports.c", line 21: warning #225-D: function "Init_Port_1" declared implicitly
"../ports.c", line 22: warning #225-D: function "Init_Port_2" declared implicitly
"../ports.c", line 23: warning #225-D: function "Init_Port_3" declared implicitly
"../ports.c", line 24: warning #225-D: function "Init_Port_4" declared implicitly
"../ports.c", line 25: warning #225-D: function "Init_Port_5" declared implicitly
"../ports.c", line 26: warning #225-D: function "Init_Port_6" declared implicitly
"../ports.c", line 32: warning #161-D: declaration is incompatible with previous "Init_Port_1" (declared at line 21)
"../ports.c", line 91: warning #161-D: declaration is incompatible with previous "Init_Port_2" (declared at line 22)
"../ports.c", line 147: warning #161-D: declaration is incompatible with previous "Init_Port_3" (declared at line 23)
"../ports.c", line 206: warning #161-D: declaration is incompatible with previous "Init_Port_4" (declared at line 24)
"../ports.c", line 256: warning #161-D: declaration is incompatible with previous "Init_Port_5" (declared at line 25)
"../ports.c", line 295: warning #161-D: declaration is incompatible with previous "Init_Port_6" (declared at line 26)
Finished building: "../ports.c"
 
Building file: "../system.c"
Invoking: MSP430 Compiler
"D:/ccs/tools/compiler/ti-cgt-msp430_21.6.1.LTS/bin/cl430" -vmspx --use_hw_mpy=F5 --include_path="D:/ccs/ccs_base/msp430/include" --include_path="D:/ccs/Project 09/Project 09" --include_path="D:/ccs/tools/compiler/ti-cgt-msp430_21.6.1.LTS/include" --advice:power=all --advice:hw_config=all --define=__MSP430FR2355__ --define=_FRWP_ENABLE --define=_INFO_FRWP_ENABLE -g --printf_support=minimal --diag_warning=225 --diag_wrap=off --display_error_number --silicon_errata=CPU21 --silicon_errata=CPU22 --silicon_errata=CPU40 --preproc_with_compile --preproc_dependency="system.d_raw"  "../system.c"
Finished building: "../system.c"
 
Building file: "../timers.c"
Invoking: MSP430 Compiler
"D:/ccs/tools/compiler/ti-cgt-msp430_21.6.1.LTS/bin/cl430" -vmspx --use_hw_mpy=F5 --include_path="D:/ccs/ccs_base/msp430/include" --include_path="D:/ccs/Project 09/Project 09" --include_path="D:/ccs/tools/compiler/ti-cgt-msp430_21.6.1.LTS/include" --advice:power=all --advice:hw_config=all --define=__MSP430FR2355__ --define=_FRWP_ENABLE --define=_INFO_FRWP_ENABLE -g --printf_support=minimal --diag_warning=225 --diag_wrap=off --display_error_number --silicon_errata=CPU21 --silicon_errata=CPU22 --silicon_errata=CPU40 --preproc_with_compile --preproc_dependency="timers.d_raw"  "../timers.c"
"../timers.c", line 24: warning #225-D: function "Init_Timer_B0" declared implicitly
"../timers.c", line 28: warning #161-D: declaration is incompatible with previous "Init_Timer_B0" (declared at line 24)
Finished building: "../timers.c"
 
Building target: "Project 09.out"
Invoking: MSP430 Linker
"D:/ccs/tools/compiler/ti-cgt-msp430_21.6.1.LTS/bin/cl430" -vmspx --use_hw_mpy=F5 --advice:power=all --advice:hw_config=all --define=__MSP430FR2355__ --define=_FRWP_ENABLE --define=_INFO_FRWP_ENABLE -g --printf_support=minimal --diag_warning=225 --diag_wrap=off --display_error_number --silicon_errata=CPU21 --silicon_errata=CPU22 --silicon_errata=CPU40 -z -m"Project 09.map" --heap_size=160 --stack_size=160 --cinit_hold_wdt=on -i"D:/ccs/ccs_base/msp430/include" -i"D:/ccs/ccs_base/msp430/lib/FR2xx" -i"D:/ccs/tools/compiler/ti-cgt-msp430_21.6.1.LTS/lib" -i"D:/ccs/tools/compiler/ti-cgt-msp430_21.6.1.LTS/include" --priority --reread_libs --define=_FRWP_ENABLE --define=_INFO_FRWP_ENABLE --diag_wrap=off --display_error_number --warn_sections --xml_link_info="Project 09_linkInfo.xml" --use_hw_mpy=F5 --rom_model -o "Project 09.out" "./Display.obj" "./adc.obj" "./black_line.obj" "./clocks.obj" "./comm_system.obj" "./init.obj" "./led.obj" "./main.obj" "./movement.obj" "./movement_state.obj" "./ports.obj" "./switches.obj" "./system.obj" "./timers.obj" "../Compiled/LCD.obj" "../lnk_msp430fr2355.cmd"  -lfrwp_init.a -llibc.a 
<Linking>
 
 undefined   first referenced
  symbol         in file     
 ---------   ----------------
 LCD_update  ./main.obj      
 delay_start ./black_line.obj
 
error #10234-D: unresolved symbols remain
error #10010: errors encountered during linking; "Project 09.out" not built
remark #10372-D: (ULP 4.1) Detected uninitialized Port A in this project. Recommend initializing all unused ports to eliminate wasted current consumption on unused pins.
remark #10372-D: (ULP 4.1) Detected uninitialized Port B in this project. Recommend initializing all unused ports to eliminate wasted current consumption on unused pins.
remark #10372-D: (ULP 4.1) Detected uninitialized Port C in this project. Recommend initializing all unused ports to eliminate wasted current consumption on unused pins.
remark #10422-D: (ULP 6.2) Detected use of a device with available 32-bit hardware multiplier and not also using MSPMATHLIB library (libmath.a).  Recommend using MSPMATHLIB library (libmath.a) for improved performance.
 
>> Compilation failure
makefile:152: recipe for target 'Project 09.out' failed
gmake[1]: *** [Project 09.out] Error 1
makefile:148: recipe for target 'all' failed
gmake: *** [all] Error 2

**** Build Finished ****

**** Build of configuration Debug for project Project 09 ****

"D:\\ccs\\utils\\bin\\gmake" -k -j 16 all -O 
 
Building file: "../system.c"
Invoking: MSP430 Compiler
"D:/ccs/tools/compiler/ti-cgt-msp430_21.6.1.LTS/bin/cl430" -vmspx --use_hw_mpy=F5 --include_path="D:/ccs/ccs_base/msp430/include" --include_path="D:/ccs/Project 09/Project 09" --include_path="D:/ccs/tools/compiler/ti-cgt-msp430_21.6.1.LTS/include" --advice:power=all --advice:hw_config=all --define=__MSP430FR2355__ --define=_FRWP_ENABLE --define=_INFO_FRWP_ENABLE -g --printf_support=minimal --diag_warning=225 --diag_wrap=off --display_error_number --silicon_errata=CPU21 --silicon_errata=CPU22 --silicon_errata=CPU40 --preproc_with_compile --preproc_dependency="system.d_raw"  "../system.c"
"../system.c", line 18: remark #1535-D: (ULP 8.1) variable "delay_start" is used as a constant. Recommend declaring variable as either 'static const' or 'const'
Finished building: "../system.c"
 
Building target: "Project 09.out"
Invoking: MSP430 Linker
"D:/ccs/tools/compiler/ti-cgt-msp430_21.6.1.LTS/bin/cl430" -vmspx --use_hw_mpy=F5 --advice:power=all --advice:hw_config=all --define=__MSP430FR2355__ --define=_FRWP_ENABLE --define=_INFO_FRWP_ENABLE -g --printf_support=minimal --diag_warning=225 --diag_wrap=off --display_error_number --silicon_errata=CPU21 --silicon_errata=CPU22 --silicon_errata=CPU40 -z -m"Project 09.map" --heap_size=160 --stack_size=160 --cinit_hold_wdt=on -i"D:/ccs/ccs_base/msp430/include" -i"D:/ccs/ccs_base/msp430/lib/FR2xx" -i"D:/ccs/tools/compiler/ti-cgt-msp430_21.6.1.LTS/lib" -i"D:/ccs/tools/compiler/ti-cgt-msp430_21.6.1.LTS/include" --priority --reread_libs --define=_FRWP_ENABLE --define=_INFO_FRWP_ENABLE --diag_wrap=off --display_error_number --warn_sections --xml_link_info="Project 09_linkInfo.xml" --use_hw_mpy=F5 --rom_model -o "Project 09.out" "./Display.obj" "./adc.obj" "./black_line.obj" "./clocks.obj" "./comm_system.obj" "./init.obj" "./led.obj" "./main.obj" "./movement.obj" "./movement_state.obj" "./ports.obj" "./switches.obj" "./system.obj" "./timers.obj" "../Compiled/LCD.obj" "../lnk_msp430fr2355.cmd"  -lfrwp_init.a -llibc.a 
<Linking>
 
remark #10372-D: (ULP 4.1) Detected uninitialized Port A in this project. Recommend initializing all unused ports to eliminate wasted current consumption on unused pins.
 undefined  first referenced
remark #10372-D: (ULP 4.1) Detected uninitialized Port B in this project. Recommend initializing all unused ports to eliminate wasted current consumption on unused pins.
remark #10372-D: (ULP 4.1) Detected uninitialized Port C in this project. Recommend initializing all unused ports to eliminate wasted current consumption on unused pins.
remark #10422-D: (ULP 6.2) Detected use of a device with available 32-bit hardware multiplier and not also using MSPMATHLIB library (libmath.a).  Recommend using MSPMATHLIB library (libmath.a) for improved performance.
 
>> Compilation failure
makefile:152: recipe for target 'Project 09.out' failed
  symbol        in file     
 ---------  ----------------
 LCD_update ./main.obj      
 
error #10234-D: unresolved symbols remain
error #10010: errors encountered during linking; "Project 09.out" not built
gmake[1]: *** [Project 09.out] Error 1
makefile:148: recipe for target 'all' failed
gmake: *** [all] Error 2

**** Build Finished ****

**** Build of configuration Debug for project Project 09 ****

"D:\\ccs\\utils\\bin\\gmake" -k -j 16 all -O 
 
Building file: "../Display.c"
Invoking: MSP430 Compiler
"D:/ccs/tools/compiler/ti-cgt-msp430_21.6.1.LTS/bin/cl430" -vmspx --use_hw_mpy=F5 --include_path="D:/ccs/ccs_base/msp430/include" --include_path="D:/ccs/Project 09/Project 09" --include_path="D:/ccs/tools/compiler/ti-cgt-msp430_21.6.1.LTS/include" --advice:power=all --advice:hw_config=all --define=__MSP430FR2355__ --define=_FRWP_ENABLE --define=_INFO_FRWP_ENABLE -g --printf_support=minimal --diag_warning=225 --diag_wrap=off --display_error_number --silicon_errata=CPU21 --silicon_errata=CPU22 --silicon_errata=CPU40 --preproc_with_compile --preproc_dependency="Display.d_raw"  "../Display.c"
Finished building: "../Display.c"
 
Building target: "Project 09.out"
Invoking: MSP430 Linker
"D:/ccs/tools/compiler/ti-cgt-msp430_21.6.1.LTS/bin/cl430" -vmspx --use_hw_mpy=F5 --advice:power=all --advice:hw_config=all --define=__MSP430FR2355__ --define=_FRWP_ENABLE --define=_INFO_FRWP_ENABLE -g --printf_support=minimal --diag_warning=225 --diag_wrap=off --display_error_number --silicon_errata=CPU21 --silicon_errata=CPU22 --silicon_errata=CPU40 -z -m"Project 09.map" --heap_size=160 --stack_size=160 --cinit_hold_wdt=on -i"D:/ccs/ccs_base/msp430/include" -i"D:/ccs/ccs_base/msp430/lib/FR2xx" -i"D:/ccs/tools/compiler/ti-cgt-msp430_21.6.1.LTS/lib" -i"D:/ccs/tools/compiler/ti-cgt-msp430_21.6.1.LTS/include" --priority --reread_libs --define=_FRWP_ENABLE --define=_INFO_FRWP_ENABLE --diag_wrap=off --display_error_number --warn_sections --xml_link_info="Project 09_linkInfo.xml" --use_hw_mpy=F5 --rom_model -o "Project 09.out" "./Display.obj" "./adc.obj" "./black_line.obj" "./clocks.obj" "./comm_system.obj" "./init.obj" "./led.obj" "./main.obj" "./movement.obj" "./movement_state.obj" "./ports.obj" "./switches.obj" "./system.obj" "./timers.obj" "../Compiled/LCD.obj" "../lnk_msp430fr2355.cmd"  -lfrwp_init.a -llibc.a 
<Linking>
remark #10372-D: (ULP 4.1) Detected uninitialized Port A in this project. Recommend initializing all unused ports to eliminate wasted current consumption on unused pins.
remark #10372-D: (ULP 4.1) Detected uninitialized Port B in this project. Recommend initializing all unused ports to eliminate wasted current consumption on unused pins.
remark #10372-D: (ULP 4.1) Detected uninitialized Port C in this project. Recommend initializing all unused ports to eliminate wasted current consumption on unused pins.
remark #10422-D: (ULP 6.2) Detected use of a device with available 32-bit hardware multiplier and not also using MSPMATHLIB library (libmath.a).  Recommend using MSPMATHLIB library (libmath.a) for improved performance.
Finished building target: "Project 09.out"
 

**** Build Finished ****

**** Build of configuration Debug for project Project 09 ****

"D:\\ccs\\utils\\bin\\gmake" -k -j 16 all -O 
 
Building file: "../main.c"
Invoking: MSP430 Compiler
"D:/ccs/tools/compiler/ti-cgt-msp430_21.6.1.LTS/bin/cl430" -vmspx --use_hw_mpy=F5 --include_path="D:/ccs/ccs_base/msp430/include" --include_path="D:/ccs/Project 09/Project 09" --include_path="D:/ccs/tools/compiler/ti-cgt-msp430_21.6.1.LTS/include" --advice:power=all --advice:hw_config=all --define=__MSP430FR2355__ --define=_FRWP_ENABLE --define=_INFO_FRWP_ENABLE -g --printf_support=minimal --diag_warning=225 --diag_wrap=off --display_error_number --silicon_errata=CPU21 --silicon_errata=CPU22 --silicon_errata=CPU40 --preproc_with_compile --preproc_dependency="main.d_raw"  "../main.c"
Finished building: "../main.c"
 
Building target: "Project 09.out"
Invoking: MSP430 Linker
"D:/ccs/tools/compiler/ti-cgt-msp430_21.6.1.LTS/bin/cl430" -vmspx --use_hw_mpy=F5 --advice:power=all --advice:hw_config=all --define=__MSP430FR2355__ --define=_FRWP_ENABLE --define=_INFO_FRWP_ENABLE -g --printf_support=minimal --diag_warning=225 --diag_wrap=off --display_error_number --silicon_errata=CPU21 --silicon_errata=CPU22 --silicon_errata=CPU40 -z -m"Project 09.map" --heap_size=160 --stack_size=160 --cinit_hold_wdt=on -i"D:/ccs/ccs_base/msp430/include" -i"D:/ccs/ccs_base/msp430/lib/FR2xx" -i"D:/ccs/tools/compiler/ti-cgt-msp430_21.6.1.LTS/lib" -i"D:/ccs/tools/compiler/ti-cgt-msp430_21.6.1.LTS/include" --priority --reread_libs --define=_FRWP_ENABLE --define=_INFO_FRWP_ENABLE --diag_wrap=off --display_error_number --warn_sections --xml_link_info="Project 09_linkInfo.xml" --use_hw_mpy=F5 --rom_model -o "Project 09.out" "./Display.obj" "./adc.obj" "./black_line.obj" "./clocks.obj" "./comm_system.obj" "./init.obj" "./led.obj" "./main.obj" "./movement.obj" "./movement_state.obj" "./ports.obj" "./switches.obj" "./system.obj" "./timers.obj" "../Compiled/LCD.obj" "../lnk_msp430fr2355.cmd"  -lfrwp_init.a -llibc.a 
<Linking>
remark #10372-D: (ULP 4.1) Detected uninitialized Port A in this project. Recommend initializing all unused ports to eliminate wasted current consumption on unused pins.
remark #10372-D: (ULP 4.1) Detected uninitialized Port B in this project. Recommend initializing all unused ports to eliminate wasted current consumption on unused pins.
remark #10372-D: (ULP 4.1) Detected uninitialized Port C in this project. Recommend initializing all unused ports to eliminate wasted current consumption on unused pins.
remark #10422-D: (ULP 6.2) Detected use of a device with available 32-bit hardware multiplier and not also using MSPMATHLIB library (libmath.a).  Recommend using MSPMATHLIB library (libmath.a) for improved performance.
Finished building target: "Project 09.out"
 

**** Build Finished ****

**** Build of configuration Debug for project Project 09 ****

"D:\\ccs\\utils\\bin\\gmake" -k -j 16 all -O 
 
gmake[1]: 'Project 09.out' is up to date.

**** Build Finished ****

**** Build of configuration Debug for project Project 09 ****

"D:\\ccs\\utils\\bin\\gmake" -k -j 16 all -O 
 
Building file: "../movement.c"
Invoking: MSP430 Compiler
"D:/ccs/tools/compiler/ti-cgt-msp430_21.6.1.LTS/bin/cl430" -vmspx --use_hw_mpy=F5 --include_path="D:/ccs/ccs_base/msp430/include" --include_path="D:/ccs/Project 09/Project 09" --include_path="D:/ccs/tools/compiler/ti-cgt-msp430_21.6.1.LTS/include" --advice:power=all --advice:hw_config=all --define=__MSP430FR2355__ --define=_FRWP_ENABLE --define=_INFO_FRWP_ENABLE -g --printf_support=minimal --diag_warning=225 --diag_wrap=off --display_error_number --silicon_errata=CPU21 --silicon_errata=CPU22 --silicon_errata=CPU40 --preproc_with_compile --preproc_dependency="movement.d_raw"  "../movement.c"
 
>> Compilation failure
subdir_rules.mk:9: recipe for target 'movement.obj' failed
"../movement.c", line 25: remark #1530-D: (ULP 5.1) Detected modulo operation(s). Recommend moving them to RAM during run time or not using as these are processing/power intensive
"../movement.c", line 60: error #20: identifier "LCD_BACKLITE_DIMING" is undefined
"../movement.c", line 160: warning #225-D: function "atoi" declared implicitly
"../movement.c", line 173: warning #225-D: function "snprintf" declared implicitly
"../movement.c", line 174: warning #225-D: function "strcpy" declared implicitly
"../movement.c", line 173: remark #1532-D: (ULP 5.3) Detected snprintf() operation(s). Recommend moving them to RAM during run time or not using as these are processing/power intensive
"../movement.c", line 177: remark #1532-D: (ULP 5.3) Detected snprintf() operation(s). Recommend moving them to RAM during run time or not using as these are processing/power intensive
"../movement.c", line 19: remark #1535-D: (ULP 8.1) variable "move_q_tail" is used as a constant. Recommend declaring variable as either 'static const' or 'const'
"../movement.c", line 24: warning #179-D: function "movement_queue_push" was declared but never referenced
1 error detected in the compilation of "../movement.c".
gmake: *** [movement.obj] Error 1
gmake: Target 'all' not remade because of errors.

**** Build Finished ****

**** Build of configuration Debug for project Project 09 ****

"D:\\ccs\\utils\\bin\\gmake" -k -j 16 all -O 
 
Building file: "../Display.c"
Invoking: MSP430 Compiler
"D:/ccs/tools/compiler/ti-cgt-msp430_21.6.1.LTS/bin/cl430" -vmspx --use_hw_mpy=F5 --include_path="D:/ccs/ccs_base/msp430/include" --include_path="D:/ccs/Project 09/Project 09" --include_path="D:/ccs/tools/compiler/ti-cgt-msp430_21.6.1.LTS/include" --advice:power=all --advice:hw_config=all --define=__MSP430FR2355__ --define=_FRWP_ENABLE --define=_INFO_FRWP_ENABLE -g --printf_support=minimal --diag_warning=225 --diag_wrap=off --display_error_number --silicon_errata=CPU21 --silicon_errata=CPU22 --silicon_errata=CPU40 --preproc_with_compile --preproc_dependency="Display.d_raw"  "../Display.c"
Finished building: "../Display.c"
 
Building file: "../adc.c"
Invoking: MSP430 Compiler
"D:/ccs/tools/compiler/ti-cgt-msp430_21.6.1.LTS/bin/cl430" -vmspx --use_hw_mpy=F5 --include_path="D:/ccs/ccs_base/msp430/include" --include_path="D:/ccs/Project 09/Project 09" --include_path="D:/ccs/tools/compiler/ti-cgt-msp430_21.6.1.LTS/include" --advice:power=all --advice:hw_config=all --define=__MSP430FR2355__ --define=_FRWP_ENABLE --define=_INFO_FRWP_ENABLE -g --printf_support=minimal --diag_warning=225 --diag_wrap=off --display_error_number --silicon_errata=CPU21 --silicon_errata=CPU22 --silicon_errata=CPU40 --preproc_with_compile --preproc_dependency="adc.d_raw"  "../adc.c"
Finished building: "../adc.c"
 
Building file: "../black_line.c"
Invoking: MSP430 Compiler
"D:/ccs/tools/compiler/ti-cgt-msp430_21.6.1.LTS/bin/cl430" -vmspx --use_hw_mpy=F5 --include_path="D:/ccs/ccs_base/msp430/include" --include_path="D:/ccs/Project 09/Project 09" --include_path="D:/ccs/tools/compiler/ti-cgt-msp430_21.6.1.LTS/include" --advice:power=all --advice:hw_config=all --define=__MSP430FR2355__ --define=_FRWP_ENABLE --define=_INFO_FRWP_ENABLE -g --printf_support=minimal --diag_warning=225 --diag_wrap=off --display_error_number --silicon_errata=CPU21 --silicon_errata=CPU22 --silicon_errata=CPU40 --preproc_with_compile --preproc_dependency="black_line.d_raw"  "../black_line.c"
"../black_line.c", line 31: warning #225-D: function "search_line" declared implicitly
"../black_line.c", line 32: warning #225-D: function "stop_on_line" declared implicitly
"../black_line.c", line 33: warning #225-D: function "reverse_to_line" declared implicitly
"../black_line.c", line 36: warning #225-D: function "strcpy" declared implicitly
"../black_line.c", line 41: warning #225-D: function "adc_line" declared implicitly
"../black_line.c", line 47: warning #161-D: declaration is incompatible with previous "search_line" (declared at line 31)
"../black_line.c", line 48: warning #225-D: function "strcpy" declared implicitly
"../black_line.c", line 76: warning #161-D: declaration is incompatible with previous "stop_on_line" (declared at line 32)
"../black_line.c", line 78: warning #225-D: function "strcpy" declared implicitly
"../black_line.c", line 93: warning #161-D: declaration is incompatible with previous "reverse_to_line" (declared at line 33)
"../black_line.c", line 94: warning #225-D: function "strcpy" declared implicitly
"../black_line.c", line 116: remark #1544-D: (ULP 13.1) Detected loop counting up. Recommend loops count down as detecting zeros is easier
"../black_line.c", line 117: remark #2553-D: (ULP 14.1) Array index (involving "i") of type "int". Recommend using "unsigned int"
"../black_line.c", line 139: warning #161-D: declaration is incompatible with previous "adc_line" (declared at line 41)
"../black_line.c", line 143: remark #1544-D: (ULP 13.1) Detected loop counting up. Recommend loops count down as detecting zeros is easier
"../black_line.c", line 144: remark #1545-D: (ULP 14.1) Array index of type "int". Recommend using "unsigned int"
"../black_line.c", line 144: remark #2553-D: (ULP 14.1) Array index (involving "i") of type "int". Recommend using "unsigned int"
"../black_line.c", line 174: warning #225-D: function "strcpy" declared implicitly
"../black_line.c", line 180: warning #225-D: function "strcpy" declared implicitly
"../black_line.c", line 158: remark #1544-D: (ULP 13.1) Detected loop counting up. Recommend loops count down as detecting zeros is easier
"../black_line.c", line 159: remark #2553-D: (ULP 14.1) Array index (involving "j") of type "int". Recommend using "unsigned int"
"../black_line.c", line 159: remark #2553-D: (ULP 14.1) Array index (involving "j") of type "int". Recommend using "unsigned int"
"../black_line.c", line 166: remark #1544-D: (ULP 13.1) Detected loop counting up. Recommend loops count down as detecting zeros is easier
"../black_line.c", line 167: remark #2553-D: (ULP 14.1) Array index (involving "j") of type "int". Recommend using "unsigned int"
"../black_line.c", line 167: remark #2553-D: (ULP 14.1) Array index (involving "j") of type "int". Recommend using "unsigned int"
"../black_line.c", line 158: remark #1544-D: (ULP 13.1) Detected loop counting up. Recommend loops count down as detecting zeros is easier
"../black_line.c", line 159: remark #2553-D: (ULP 14.1) Array index (involving "j") of type "int". Recommend using "unsigned int"
"../black_line.c", line 159: remark #2553-D: (ULP 14.1) Array index (involving "j") of type "int". Recommend using "unsigned int"
"../black_line.c", line 166: remark #1544-D: (ULP 13.1) Detected loop counting up. Recommend loops count down as detecting zeros is easier
"../black_line.c", line 167: remark #2553-D: (ULP 14.1) Array index (involving "j") of type "int". Recommend using "unsigned int"
"../black_line.c", line 167: remark #2553-D: (ULP 14.1) Array index (involving "j") of type "int". Recommend using "unsigned int"
Finished building: "../black_line.c"
 
Building file: "../clocks.c"
Invoking: MSP430 Compiler
"D:/ccs/tools/compiler/ti-cgt-msp430_21.6.1.LTS/bin/cl430" -vmspx --use_hw_mpy=F5 --include_path="D:/ccs/ccs_base/msp430/include" --include_path="D:/ccs/Project 09/Project 09" --include_path="D:/ccs/tools/compiler/ti-cgt-msp430_21.6.1.LTS/include" --advice:power=all --advice:hw_config=all --define=__MSP430FR2355__ --define=_FRWP_ENABLE --define=_INFO_FRWP_ENABLE -g --printf_support=minimal --diag_warning=225 --diag_wrap=off --display_error_number --silicon_errata=CPU21 --silicon_errata=CPU22 --silicon_errata=CPU40 --preproc_with_compile --preproc_dependency="clocks.d_raw"  "../clocks.c"
"../clocks.c", line 89: remark #1527-D: (ULP 2.1) Detected SW delay loop using __delay_cycles. Recommend using a timer module instead
"../clocks.c", line 90: remark #1527-D: (ULP 2.1) Detected SW delay loop using empty loop. Recommend using a timer module instead
"../clocks.c", line 123: remark #1527-D: (ULP 2.1) Detected SW delay loop using empty loop. Recommend using a timer module instead
Finished building: "../clocks.c"
 
Building file: "../comm_system.c"
Invoking: MSP430 Compiler
"D:/ccs/tools/compiler/ti-cgt-msp430_21.6.1.LTS/bin/cl430" -vmspx --use_hw_mpy=F5 --include_path="D:/ccs/ccs_base/msp430/include" --include_path="D:/ccs/Project 09/Project 09" --include_path="D:/ccs/tools/compiler/ti-cgt-msp430_21.6.1.LTS/include" --advice:power=all --advice:hw_config=all --define=__MSP430FR2355__ --define=_FRWP_ENABLE --define=_INFO_FRWP_ENABLE -g --printf_support=minimal --diag_warning=225 --diag_wrap=off --display_error_number --silicon_errata=CPU21 --silicon_errata=CPU22 --silicon_errata=CPU40 --preproc_with_compile --preproc_dependency="comm_system.d_raw"  "../comm_system.c"
"../comm_system.c", line 82: remark #1528-D: (ULP 3.1) Detected flag polling using UCA1IFG. Recommend using an interrupt combined with enter LPMx and ISR
"../comm_system.c", line 87: remark #1528-D: (ULP 3.1) Detected flag polling using UCA0IFG. Recommend using an interrupt combined with enter LPMx and ISR
"../comm_system.c", line 163: warning #225-D: function "atoi" declared implicitly
"../comm_system.c", line 138: remark #1534-D: (ULP 7.1) Detected use of global variable "SECRET_PIN" within one function "command_secure". Recommend placing variable in the function locally
Finished building: "../comm_system.c"
 
Building file: "../init.c"
Invoking: MSP430 Compiler
"D:/ccs/tools/compiler/ti-cgt-msp430_21.6.1.LTS/bin/cl430" -vmspx --use_hw_mpy=F5 --include_path="D:/ccs/ccs_base/msp430/include" --include_path="D:/ccs/Project 09/Project 09" --include_path="D:/ccs/tools/compiler/ti-cgt-msp430_21.6.1.LTS/include" --advice:power=all --advice:hw_config=all --define=__MSP430FR2355__ --define=_FRWP_ENABLE --define=_INFO_FRWP_ENABLE -g --printf_support=minimal --diag_warning=225 --diag_wrap=off --display_error_number --silicon_errata=CPU21 --silicon_errata=CPU22 --silicon_errata=CPU40 --preproc_with_compile --preproc_dependency="init.d_raw"  "../init.c"
"../init.c", line 29: remark #1544-D: (ULP 13.1) Detected loop counting up. Recommend loops count down as detecting zeros is easier
"../init.c", line 30: remark #2553-D: (ULP 14.1) Array index (involving "i") of type "int". Recommend using "unsigned int"
"../init.c", line 31: remark #2553-D: (ULP 14.1) Array index (involving "i") of type "int". Recommend using "unsigned int"
"../init.c", line 32: remark #2553-D: (ULP 14.1) Array index (involving "i") of type "int". Recommend using "unsigned int"
"../init.c", line 33: remark #2553-D: (ULP 14.1) Array index (involving "i") of type "int". Recommend using "unsigned int"
Finished building: "../init.c"
 
Building file: "../led.c"
Invoking: MSP430 Compiler
"D:/ccs/tools/compiler/ti-cgt-msp430_21.6.1.LTS/bin/cl430" -vmspx --use_hw_mpy=F5 --include_path="D:/ccs/ccs_base/msp430/include" --include_path="D:/ccs/Project 09/Project 09" --include_path="D:/ccs/tools/compiler/ti-cgt-msp430_21.6.1.LTS/include" --advice:power=all --advice:hw_config=all --define=__MSP430FR2355__ --define=_FRWP_ENABLE --define=_INFO_FRWP_ENABLE -g --printf_support=minimal --diag_warning=225 --diag_wrap=off --display_error_number --silicon_errata=CPU21 --silicon_errata=CPU22 --silicon_errata=CPU40 --preproc_with_compile --preproc_dependency="led.d_raw"  "../led.c"
"../led.c", line 33: warning #225-D: function "Init_LEDs" declared implicitly
Finished building: "../led.c"
 
Building file: "../main.c"
Invoking: MSP430 Compiler
"D:/ccs/tools/compiler/ti-cgt-msp430_21.6.1.LTS/bin/cl430" -vmspx --use_hw_mpy=F5 --include_path="D:/ccs/ccs_base/msp430/include" --include_path="D:/ccs/Project 09/Project 09" --include_path="D:/ccs/tools/compiler/ti-cgt-msp430_21.6.1.LTS/include" --advice:power=all --advice:hw_config=all --define=__MSP430FR2355__ --define=_FRWP_ENABLE --define=_INFO_FRWP_ENABLE -g --printf_support=minimal --diag_warning=225 --diag_wrap=off --display_error_number --silicon_errata=CPU21 --silicon_errata=CPU22 --silicon_errata=CPU40 --preproc_with_compile --preproc_dependency="main.d_raw"  "../main.c"
Finished building: "../main.c"
 
Building file: "../movement.c"
Invoking: MSP430 Compiler
"D:/ccs/tools/compiler/ti-cgt-msp430_21.6.1.LTS/bin/cl430" -vmspx --use_hw_mpy=F5 --include_path="D:/ccs/ccs_base/msp430/include" --include_path="D:/ccs/Project 09/Project 09" --include_path="D:/ccs/tools/compiler/ti-cgt-msp430_21.6.1.LTS/include" --advice:power=all --advice:hw_config=all --define=__MSP430FR2355__ --define=_FRWP_ENABLE --define=_INFO_FRWP_ENABLE -g --printf_support=minimal --diag_warning=225 --diag_wrap=off --display_error_number --silicon_errata=CPU21 --silicon_errata=CPU22 --silicon_errata=CPU40 --preproc_with_compile --preproc_dependency="movement.d_raw"  "../movement.c"
"../movement.c", line 25: remark #1530-D: (ULP 5.1) Detected modulo operation(s). Recommend moving them to RAM during run time or not using as these are processing/power intensive
"../movement.c", line 160: warning #225-D: function "atoi" declared implicitly
"../movement.c", line 173: warning #225-D: function "snprintf" declared implicitly
"../movement.c", line 174: warning #225-D: function "strcpy" declared implicitly
"../movement.c", line 173: remark #1532-D: (ULP 5.3) Detected snprintf() operation(s). Recommend moving them to RAM during run time or not using as these are processing/power intensive
"../movement.c", line 177: remark #1532-D: (ULP 5.3) Detected snprintf() operation(s). Recommend moving them to RAM during run time or not using as these are processing/power intensive
"../movement.c", line 19: remark #1535-D: (ULP 8.1) variable "move_q_tail" is used as a constant. Recommend declaring variable as either 'static const' or 'const'
"../movement.c", line 24: warning #179-D: function "movement_queue_push" was declared but never referenced
Finished building: "../movement.c"
 
Building file: "../movement_state.c"
Invoking: MSP430 Compiler
"D:/ccs/tools/compiler/ti-cgt-msp430_21.6.1.LTS/bin/cl430" -vmspx --use_hw_mpy=F5 --include_path="D:/ccs/ccs_base/msp430/include" --include_path="D:/ccs/Project 09/Project 09" --include_path="D:/ccs/tools/compiler/ti-cgt-msp430_21.6.1.LTS/include" --advice:power=all --advice:hw_config=all --define=__MSP430FR2355__ --define=_FRWP_ENABLE --define=_INFO_FRWP_ENABLE -g --printf_support=minimal --diag_warning=225 --diag_wrap=off --display_error_number --silicon_errata=CPU21 --silicon_errata=CPU22 --silicon_errata=CPU40 --preproc_with_compile --preproc_dependency="movement_state.d_raw"  "../movement_state.c"
"../movement_state.c", line 33: warning #225-D: function "strcpy" declared implicitly
"../movement_state.c", line 48: warning #225-D: function "strcpy" declared implicitly
Finished building: "../movement_state.c"
 
Building file: "../switches.c"
Invoking: MSP430 Compiler
"D:/ccs/tools/compiler/ti-cgt-msp430_21.6.1.LTS/bin/cl430" -vmspx --use_hw_mpy=F5 --include_path="D:/ccs/ccs_base/msp430/include" --include_path="D:/ccs/Project 09/Project 09" --include_path="D:/ccs/tools/compiler/ti-cgt-msp430_21.6.1.LTS/include" --advice:power=all --advice:hw_config=all --define=__MSP430FR2355__ --define=_FRWP_ENABLE --define=_INFO_FRWP_ENABLE -g --printf_support=minimal --diag_warning=225 --diag_wrap=off --display_error_number --silicon_errata=CPU21 --silicon_errata=CPU22 --silicon_errata=CPU40 --preproc_with_compile --preproc_dependency="switches.d_raw"  "../switches.c"
"../switches.c", line 17: remark #1527-D: (ULP 2.1) Detected SW delay loop using __delay_cycles. Recommend using a timer module instead
"../switches.c", line 20: remark #1527-D: (ULP 2.1) Detected SW delay loop using empty loop. Recommend using a timer module instead
"../switches.c", line 26: remark #1527-D: (ULP 2.1) Detected SW delay loop using __delay_cycles. Recommend using a timer module instead
"../switches.c", line 29: remark #1527-D: (ULP 2.1) Detected SW delay loop using empty loop. Recommend using a timer module instead
Finished building: "../switches.c"
 
Building file: "../ports.c"
Invoking: MSP430 Compiler
"D:/ccs/tools/compiler/ti-cgt-msp430_21.6.1.LTS/bin/cl430" -vmspx --use_hw_mpy=F5 --include_path="D:/ccs/ccs_base/msp430/include" --include_path="D:/ccs/Project 09/Project 09" --include_path="D:/ccs/tools/compiler/ti-cgt-msp430_21.6.1.LTS/include" --advice:power=all --advice:hw_config=all --define=__MSP430FR2355__ --define=_FRWP_ENABLE --define=_INFO_FRWP_ENABLE -g --printf_support=minimal --diag_warning=225 --diag_wrap=off --display_error_number --silicon_errata=CPU21 --silicon_errata=CPU22 --silicon_errata=CPU40 --preproc_with_compile --preproc_dependency="ports.d_raw"  "../ports.c"
"../ports.c", line 21: warning #225-D: function "Init_Port_1" declared implicitly
"../ports.c", line 22: warning #225-D: function "Init_Port_2" declared implicitly
"../ports.c", line 23: warning #225-D: function "Init_Port_3" declared implicitly
"../ports.c", line 24: warning #225-D: function "Init_Port_4" declared implicitly
"../ports.c", line 25: warning #225-D: function "Init_Port_5" declared implicitly
"../ports.c", line 26: warning #225-D: function "Init_Port_6" declared implicitly
"../ports.c", line 32: warning #161-D: declaration is incompatible with previous "Init_Port_1" (declared at line 21)
"../ports.c", line 91: warning #161-D: declaration is incompatible with previous "Init_Port_2" (declared at line 22)
"../ports.c", line 147: warning #161-D: declaration is incompatible with previous "Init_Port_3" (declared at line 23)
"../ports.c", line 206: warning #161-D: declaration is incompatible with previous "Init_Port_4" (declared at line 24)
"../ports.c", line 256: warning #161-D: declaration is incompatible with previous "Init_Port_5" (declared at line 25)
"../ports.c", line 295: warning #161-D: declaration is incompatible with previous "Init_Port_6" (declared at line 26)
Finished building: "../ports.c"
 
Building file: "../system.c"
Invoking: MSP430 Compiler
"D:/ccs/tools/compiler/ti-cgt-msp430_21.6.1.LTS/bin/cl430" -vmspx --use_hw_mpy=F5 --include_path="D:/ccs/ccs_base/msp430/include" --include_path="D:/ccs/Project 09/Project 09" --include_path="D:/ccs/tools/compiler/ti-cgt-msp430_21.6.1.LTS/include" --advice:power=all --advice:hw_config=all --define=__MSP430FR2355__ --define=_FRWP_ENABLE --define=_INFO_FRWP_ENABLE -g --printf_support=minimal --diag_warning=225 --diag_wrap=off --display_error_number --silicon_errata=CPU21 --silicon_errata=CPU22 --silicon_errata=CPU40 --preproc_with_compile --preproc_dependency="system.d_raw"  "../system.c"
"../system.c", line 18: remark #1535-D: (ULP 8.1) variable "delay_start" is used as a constant. Recommend declaring variable as either 'static const' or 'const'
Finished building: "../system.c"
 
Building file: "../timers.c"
Invoking: MSP430 Compiler
"D:/ccs/tools/compiler/ti-cgt-msp430_21.6.1.LTS/bin/cl430" -vmspx --use_hw_mpy=F5 --include_path="D:/ccs/ccs_base/msp430/include" --include_path="D:/ccs/Project 09/Project 09" --include_path="D:/ccs/tools/compiler/ti-cgt-msp430_21.6.1.LTS/include" --advice:power=all --advice:hw_config=all --define=__MSP430FR2355__ --define=_FRWP_ENABLE --define=_INFO_FRWP_ENABLE -g --printf_support=minimal --diag_warning=225 --diag_wrap=off --display_error_number --silicon_errata=CPU21 --silicon_errata=CPU22 --silicon_errata=CPU40 --preproc_with_compile --preproc_dependency="timers.d_raw"  "../timers.c"
"../timers.c", line 24: warning #225-D: function "Init_Timer_B0" declared implicitly
"../timers.c", line 28: warning #161-D: declaration is incompatible with previous "Init_Timer_B0" (declared at line 24)
Finished building: "../timers.c"
 
Building target: "Project 09.out"
Invoking: MSP430 Linker
"D:/ccs/tools/compiler/ti-cgt-msp430_21.6.1.LTS/bin/cl430" -vmspx --use_hw_mpy=F5 --advice:power=all --advice:hw_config=all --define=__MSP430FR2355__ --define=_FRWP_ENABLE --define=_INFO_FRWP_ENABLE -g --printf_support=minimal --diag_warning=225 --diag_wrap=off --display_error_number --silicon_errata=CPU21 --silicon_errata=CPU22 --silicon_errata=CPU40 -z -m"Project 09.map" --heap_size=160 --stack_size=160 --cinit_hold_wdt=on -i"D:/ccs/ccs_base/msp430/include" -i"D:/ccs/ccs_base/msp430/lib/FR2xx" -i"D:/ccs/tools/compiler/ti-cgt-msp430_21.6.1.LTS/lib" -i"D:/ccs/tools/compiler/ti-cgt-msp430_21.6.1.LTS/include" --priority --reread_libs --define=_FRWP_ENABLE --define=_INFO_FRWP_ENABLE --diag_wrap=off --display_error_number --warn_sections --xml_link_info="Project 09_linkInfo.xml" --use_hw_mpy=F5 --rom_model -o "Project 09.out" "./Display.obj" "./adc.obj" "./black_line.obj" "./clocks.obj" "./comm_system.obj" "./init.obj" "./led.obj" "./main.obj" "./movement.obj" "./movement_state.obj" "./ports.obj" "./switches.obj" "./system.obj" "./timers.obj" "../Compiled/LCD.obj" "../lnk_msp430fr2355.cmd"  -lfrwp_init.a -llibc.a 
<Linking>
remark #10372-D: (ULP 4.1) Detected uninitialized Port A in this project. Recommend initializing all unused ports to eliminate wasted current consumption on unused pins.
remark #10372-D: (ULP 4.1) Detected uninitialized Port B in this project. Recommend initializing all unused ports to eliminate wasted current consumption on unused pins.
remark #10372-D: (ULP 4.1) Detected uninitialized Port C in this project. Recommend initializing all unused ports to eliminate wasted current consumption on unused pins.
remark #10422-D: (ULP 6.2) Detected use of a device with available 32-bit hardware multiplier and not also using MSPMATHLIB library (libmath.a).  Recommend using MSPMATHLIB library (libmath.a) for improved performance.
Finished building target: "Project 09.out"
 

**** Build Finished ****

**** Build of configuration Debug for project Project 09 ****

"D:\\ccs\\utils\\bin\\gmake" -k -j 16 all -O 
 
gmake[1]: 'Project 09.out' is up to date.

**** Build Finished ****

**** Build of configuration Debug for project Project 09 ****

"D:\\ccs\\utils\\bin\\gmake" -k -j 16 all -O 
 
Building file: "../uart_isr.c"
Invoking: MSP430 Compiler
"D:/ccs/tools/compiler/ti-cgt-msp430_21.6.1.LTS/bin/cl430" -vmspx --use_hw_mpy=F5 --include_path="D:/ccs/ccs_base/msp430/include" --include_path="D:/ccs/Project 09/Project 09" --include_path="D:/ccs/tools/compiler/ti-cgt-msp430_21.6.1.LTS/include" --advice:power=all --advice:hw_config=all --define=__MSP430FR2355__ --define=_FRWP_ENABLE --define=_INFO_FRWP_ENABLE -g --printf_support=minimal --diag_warning=225 --diag_wrap=off --display_error_number --silicon_errata=CPU21 --silicon_errata=CPU22 --silicon_errata=CPU40 --preproc_with_compile --preproc_dependency="uart_isr.d_raw"  "../uart_isr.c"
"../uart_isr.c", line 25: warning #225-D: function "comm_uart_pc_rx" declared implicitly
"../uart_isr.c", line 25: remark #1538-D: (ULP 10.1) ISR USCI_A1_ISR calls function comm_uart_pc_rx. Recommend moving function call away from ISR, or inlining the function, or using pragmas
"../uart_isr.c", line 25: remark #1538-D: (ULP 10.1) ISR USCI_A1_ISR calls function comm_uart_pc_rx. Recommend moving function call away from ISR, or inlining the function, or using pragmas
"../uart_isr.c", line 25: remark #1538-D: (ULP 10.1) ISR USCI_A1_ISR calls function comm_uart_pc_rx. Recommend moving function call away from ISR, or inlining the function, or using pragmas
"../uart_isr.c", line 44: warning #225-D: function "comm_uart_iot_rx" declared implicitly
"../uart_isr.c", line 44: remark #1538-D: (ULP 10.1) ISR USCI_A0_ISR calls function comm_uart_iot_rx. Recommend moving function call away from ISR, or inlining the function, or using pragmas
"../uart_isr.c", line 44: remark #1538-D: (ULP 10.1) ISR USCI_A0_ISR calls function comm_uart_iot_rx. Recommend moving function call away from ISR, or inlining the function, or using pragmas
"../uart_isr.c", line 44: remark #1538-D: (ULP 10.1) ISR USCI_A0_ISR calls function comm_uart_iot_rx. Recommend moving function call away from ISR, or inlining the function, or using pragmas
Finished building: "../uart_isr.c"
 
Building target: "Project 09.out"
Invoking: MSP430 Linker
"D:/ccs/tools/compiler/ti-cgt-msp430_21.6.1.LTS/bin/cl430" -vmspx --use_hw_mpy=F5 --advice:power=all --advice:hw_config=all --define=__MSP430FR2355__ --define=_FRWP_ENABLE --define=_INFO_FRWP_ENABLE -g --printf_support=minimal --diag_warning=225 --diag_wrap=off --display_error_number --silicon_errata=CPU21 --silicon_errata=CPU22 --silicon_errata=CPU40 -z -m"Project 09.map" --heap_size=160 --stack_size=160 --cinit_hold_wdt=on -i"D:/ccs/ccs_base/msp430/include" -i"D:/ccs/ccs_base/msp430/lib/FR2xx" -i"D:/ccs/tools/compiler/ti-cgt-msp430_21.6.1.LTS/lib" -i"D:/ccs/tools/compiler/ti-cgt-msp430_21.6.1.LTS/include" --priority --reread_libs --define=_FRWP_ENABLE --define=_INFO_FRWP_ENABLE --diag_wrap=off --display_error_number --warn_sections --xml_link_info="Project 09_linkInfo.xml" --use_hw_mpy=F5 --rom_model -o "Project 09.out" "./Display.obj" "./adc.obj" "./black_line.obj" "./clocks.obj" "./comm_system.obj" "./init.obj" "./led.obj" "./main.obj" "./movement.obj" "./movement_state.obj" "./ports.obj" "./switches.obj" "./system.obj" "./timers.obj" "./uart_isr.obj" "../Compiled/LCD.obj" "../lnk_msp430fr2355.cmd"  -lfrwp_init.a -llibc.a 
<Linking>
remark #10372-D: (ULP 4.1) Detected uninitialized Port A in this project. Recommend initializing all unused ports to eliminate wasted current consumption on unused pins.
remark #10372-D: (ULP 4.1) Detected uninitialized Port B in this project. Recommend initializing all unused ports to eliminate wasted current consumption on unused pins.
remark #10372-D: (ULP 4.1) Detected uninitialized Port C in this project. Recommend initializing all unused ports to eliminate wasted current consumption on unused pins.
remark #10422-D: (ULP 6.2) Detected use of a device with available 32-bit hardware multiplier and not also using MSPMATHLIB library (libmath.a).  Recommend using MSPMATHLIB library (libmath.a) for improved performance.
Finished building target: "Project 09.out"
 

**** Build Finished ****

**** Build of configuration Debug for project Project 09 ****

"D:\\ccs\\utils\\bin\\gmake" -k -j 16 all -O 
 
gmake[1]: 'Project 09.out' is up to date.

**** Build Finished ****

**** Build of configuration Debug for project Project 09 ****

"D:\\ccs\\utils\\bin\\gmake" -k -j 16 all -O 
 
Building file: "../uart_isr.c"
Invoking: MSP430 Compiler
"D:/ccs/tools/compiler/ti-cgt-msp430_21.6.1.LTS/bin/cl430" -vmspx --use_hw_mpy=F5 --include_path="D:/ccs/ccs_base/msp430/include" --include_path="D:/ccs/Project 09/Project 09" --include_path="D:/ccs/tools/compiler/ti-cgt-msp430_21.6.1.LTS/include" --advice:power=all --advice:hw_config=all --define=__MSP430FR2355__ --define=_FRWP_ENABLE --define=_INFO_FRWP_ENABLE -g --printf_support=minimal --diag_warning=225 --diag_wrap=off --display_error_number --silicon_errata=CPU21 --silicon_errata=CPU22 --silicon_errata=CPU40 --preproc_with_compile --preproc_dependency="uart_isr.d_raw"  "../uart_isr.c"
"../uart_isr.c", line 25: warning #225-D: function "comm_uart_pc_rx" declared implicitly
"../uart_isr.c", line 25: remark #1538-D: (ULP 10.1) ISR USCI_A1_ISR calls function comm_uart_pc_rx. Recommend moving function call away from ISR, or inlining the function, or using pragmas
"../uart_isr.c", line 25: remark #1538-D: (ULP 10.1) ISR USCI_A1_ISR calls function comm_uart_pc_rx. Recommend moving function call away from ISR, or inlining the function, or using pragmas
"../uart_isr.c", line 25: remark #1538-D: (ULP 10.1) ISR USCI_A1_ISR calls function comm_uart_pc_rx. Recommend moving function call away from ISR, or inlining the function, or using pragmas
"../uart_isr.c", line 44: warning #225-D: function "comm_uart_iot_rx" declared implicitly
"../uart_isr.c", line 43: remark #1538-D: (ULP 10.1) ISR USCI_A0_ISR calls function UART_PC_TX. Recommend moving function call away from ISR, or inlining the function, or using pragmas
"../uart_isr.c", line 44: remark #1538-D: (ULP 10.1) ISR USCI_A0_ISR calls function comm_uart_iot_rx. Recommend moving function call away from ISR, or inlining the function, or using pragmas
"../uart_isr.c", line 43: remark #1538-D: (ULP 10.1) ISR USCI_A0_ISR calls function UART_PC_TX. Recommend moving function call away from ISR, or inlining the function, or using pragmas
"../uart_isr.c", line 44: remark #1538-D: (ULP 10.1) ISR USCI_A0_ISR calls function comm_uart_iot_rx. Recommend moving function call away from ISR, or inlining the function, or using pragmas
"../uart_isr.c", line 43: remark #1538-D: (ULP 10.1) ISR USCI_A0_ISR calls function UART_PC_TX. Recommend moving function call away from ISR, or inlining the function, or using pragmas
"../uart_isr.c", line 44: remark #1538-D: (ULP 10.1) ISR USCI_A0_ISR calls function comm_uart_iot_rx. Recommend moving function call away from ISR, or inlining the function, or using pragmas
Finished building: "../uart_isr.c"
 
Building target: "Project 09.out"
Invoking: MSP430 Linker
"D:/ccs/tools/compiler/ti-cgt-msp430_21.6.1.LTS/bin/cl430" -vmspx --use_hw_mpy=F5 --advice:power=all --advice:hw_config=all --define=__MSP430FR2355__ --define=_FRWP_ENABLE --define=_INFO_FRWP_ENABLE -g --printf_support=minimal --diag_warning=225 --diag_wrap=off --display_error_number --silicon_errata=CPU21 --silicon_errata=CPU22 --silicon_errata=CPU40 -z -m"Project 09.map" --heap_size=160 --stack_size=160 --cinit_hold_wdt=on -i"D:/ccs/ccs_base/msp430/include" -i"D:/ccs/ccs_base/msp430/lib/FR2xx" -i"D:/ccs/tools/compiler/ti-cgt-msp430_21.6.1.LTS/lib" -i"D:/ccs/tools/compiler/ti-cgt-msp430_21.6.1.LTS/include" --priority --reread_libs --define=_FRWP_ENABLE --define=_INFO_FRWP_ENABLE --diag_wrap=off --display_error_number --warn_sections --xml_link_info="Project 09_linkInfo.xml" --use_hw_mpy=F5 --rom_model -o "Project 09.out" "./Display.obj" "./adc.obj" "./black_line.obj" "./clocks.obj" "./comm_system.obj" "./init.obj" "./led.obj" "./main.obj" "./movement.obj" "./movement_state.obj" "./ports.obj" "./switches.obj" "./system.obj" "./timers.obj" "./uart_isr.obj" "../Compiled/LCD.obj" "../lnk_msp430fr2355.cmd"  -lfrwp_init.a -llibc.a 
<Linking>
remark #10372-D: (ULP 4.1) Detected uninitialized Port A in this project. Recommend initializing all unused ports to eliminate wasted current consumption on unused pins.
remark #10372-D: (ULP 4.1) Detected uninitialized Port B in this project. Recommend initializing all unused ports to eliminate wasted current consumption on unused pins.
remark #10372-D: (ULP 4.1) Detected uninitialized Port C in this project. Recommend initializing all unused ports to eliminate wasted current consumption on unused pins.
remark #10422-D: (ULP 6.2) Detected use of a device with available 32-bit hardware multiplier and not also using MSPMATHLIB library (libmath.a).  Recommend using MSPMATHLIB library (libmath.a) for improved performance.
Finished building target: "Project 09.out"
 

**** Build Finished ****

**** Build of configuration Debug for project Project 09 ****

"D:\\ccs\\utils\\bin\\gmake" -k -j 16 all -O 
 
gmake[1]: 'Project 09.out' is up to date.

**** Build Finished ****
