
**** Build of configuration Debug for project Homework 06 ****

"D:\\ccs\\utils\\bin\\gmake" -k -j 16 all -O 
 
Building file: "../Display.c"
Invoking: MSP430 Compiler
"D:/ccs/tools/compiler/ti-cgt-msp430_21.6.1.LTS/bin/cl430" -vmspx --use_hw_mpy=F5 --include_path="D:/ccs/ccs_base/msp430/include" --include_path="D:/ccs/Homework 06/Homework 06" --include_path="D:/ccs/tools/compiler/ti-cgt-msp430_21.6.1.LTS/include" --advice:power=all --advice:hw_config=all --define=__MSP430FR2355__ --define=_FRWP_ENABLE --define=_INFO_FRWP_ENABLE -g --printf_support=minimal --diag_warning=225 --diag_wrap=off --display_error_number --silicon_errata=CPU21 --silicon_errata=CPU22 --silicon_errata=CPU40 --preproc_with_compile --preproc_dependency="Display.d_raw"  "../Display.c"
Finished building: "../Display.c"
 
Building file: "../clocks.c"
Invoking: MSP430 Compiler
"D:/ccs/tools/compiler/ti-cgt-msp430_21.6.1.LTS/bin/cl430" -vmspx --use_hw_mpy=F5 --include_path="D:/ccs/ccs_base/msp430/include" --include_path="D:/ccs/Homework 06/Homework 06" --include_path="D:/ccs/tools/compiler/ti-cgt-msp430_21.6.1.LTS/include" --advice:power=all --advice:hw_config=all --define=__MSP430FR2355__ --define=_FRWP_ENABLE --define=_INFO_FRWP_ENABLE -g --printf_support=minimal --diag_warning=225 --diag_wrap=off --display_error_number --silicon_errata=CPU21 --silicon_errata=CPU22 --silicon_errata=CPU40 --preproc_with_compile --preproc_dependency="clocks.d_raw"  "../clocks.c"
"../clocks.c", line 86: remark #1527-D: (ULP 2.1) Detected SW delay loop using __delay_cycles. Recommend using a timer module instead
"../clocks.c", line 87: remark #1527-D: (ULP 2.1) Detected SW delay loop using empty loop. Recommend using a timer module instead
"../clocks.c", line 120: remark #1527-D: (ULP 2.1) Detected SW delay loop using empty loop. Recommend using a timer module instead
Finished building: "../clocks.c"
 
Building file: "../init.c"
Invoking: MSP430 Compiler
"D:/ccs/tools/compiler/ti-cgt-msp430_21.6.1.LTS/bin/cl430" -vmspx --use_hw_mpy=F5 --include_path="D:/ccs/ccs_base/msp430/include" --include_path="D:/ccs/Homework 06/Homework 06" --include_path="D:/ccs/tools/compiler/ti-cgt-msp430_21.6.1.LTS/include" --advice:power=all --advice:hw_config=all --define=__MSP430FR2355__ --define=_FRWP_ENABLE --define=_INFO_FRWP_ENABLE -g --printf_support=minimal --diag_warning=225 --diag_wrap=off --display_error_number --silicon_errata=CPU21 --silicon_errata=CPU22 --silicon_errata=CPU40 --preproc_with_compile --preproc_dependency="init.d_raw"  "../init.c"
"../init.c", line 26: remark #1544-D: (ULP 13.1) Detected loop counting up. Recommend loops count down as detecting zeros is easier
"../init.c", line 27: remark #2553-D: (ULP 14.1) Array index (involving "i") of type "int". Recommend using "unsigned int"
"../init.c", line 28: remark #2553-D: (ULP 14.1) Array index (involving "i") of type "int". Recommend using "unsigned int"
"../init.c", line 29: remark #2553-D: (ULP 14.1) Array index (involving "i") of type "int". Recommend using "unsigned int"
"../init.c", line 30: remark #2553-D: (ULP 14.1) Array index (involving "i") of type "int". Recommend using "unsigned int"
Finished building: "../init.c"
 
Building file: "../led.c"
Invoking: MSP430 Compiler
"D:/ccs/tools/compiler/ti-cgt-msp430_21.6.1.LTS/bin/cl430" -vmspx --use_hw_mpy=F5 --include_path="D:/ccs/ccs_base/msp430/include" --include_path="D:/ccs/Homework 06/Homework 06" --include_path="D:/ccs/tools/compiler/ti-cgt-msp430_21.6.1.LTS/include" --advice:power=all --advice:hw_config=all --define=__MSP430FR2355__ --define=_FRWP_ENABLE --define=_INFO_FRWP_ENABLE -g --printf_support=minimal --diag_warning=225 --diag_wrap=off --display_error_number --silicon_errata=CPU21 --silicon_errata=CPU22 --silicon_errata=CPU40 --preproc_with_compile --preproc_dependency="led.d_raw"  "../led.c"
Finished building: "../led.c"
 
Building file: "../main.c"
Invoking: MSP430 Compiler
"D:/ccs/tools/compiler/ti-cgt-msp430_21.6.1.LTS/bin/cl430" -vmspx --use_hw_mpy=F5 --include_path="D:/ccs/ccs_base/msp430/include" --include_path="D:/ccs/Homework 06/Homework 06" --include_path="D:/ccs/tools/compiler/ti-cgt-msp430_21.6.1.LTS/include" --advice:power=all --advice:hw_config=all --define=__MSP430FR2355__ --define=_FRWP_ENABLE --define=_INFO_FRWP_ENABLE -g --printf_support=minimal --diag_warning=225 --diag_wrap=off --display_error_number --silicon_errata=CPU21 --silicon_errata=CPU22 --silicon_errata=CPU40 --preproc_with_compile --preproc_dependency="main.d_raw"  "../main.c"
"../main.c", line 112: warning #225-D: function "LCD_update" declared implicitly
"../main.c", line 113: warning #225-D: function "timed_moves" declared implicitly
"../main.c", line 114: warning #225-D: function "state_timer" declared implicitly
"../main.c", line 121: warning #225-D: function "Run_Circle" declared implicitly
"../main.c", line 124: warning #225-D: function "Run_Figure8" declared implicitly
"../main.c", line 127: warning #225-D: function "Run_Triangle" declared implicitly
"../main.c", line 51: remark #1535-D: (ULP 8.1) variable "wheel_move" is used as a constant. Recommend declaring variable as either 'static const' or 'const'
"../main.c", line 52: remark #1535-D: (ULP 8.1) variable "forward" is used as a constant. Recommend declaring variable as either 'static const' or 'const'
"../main.c", line 58: remark #1535-D: (ULP 8.1) variable "event" is used as a constant. Recommend declaring variable as either 'static const' or 'const'
Finished building: "../main.c"
 
Building file: "../ports.c"
Invoking: MSP430 Compiler
"D:/ccs/tools/compiler/ti-cgt-msp430_21.6.1.LTS/bin/cl430" -vmspx --use_hw_mpy=F5 --include_path="D:/ccs/ccs_base/msp430/include" --include_path="D:/ccs/Homework 06/Homework 06" --include_path="D:/ccs/tools/compiler/ti-cgt-msp430_21.6.1.LTS/include" --advice:power=all --advice:hw_config=all --define=__MSP430FR2355__ --define=_FRWP_ENABLE --define=_INFO_FRWP_ENABLE -g --printf_support=minimal --diag_warning=225 --diag_wrap=off --display_error_number --silicon_errata=CPU21 --silicon_errata=CPU22 --silicon_errata=CPU40 --preproc_with_compile --preproc_dependency="ports.d_raw"  "../ports.c"
"../ports.c", line 16: warning #225-D: function "Init_Port_1" declared implicitly
"../ports.c", line 17: warning #225-D: function "Init_Port_2" declared implicitly
"../ports.c", line 18: warning #225-D: function "Init_Port_3" declared implicitly
"../ports.c", line 19: warning #225-D: function "Init_Port_4" declared implicitly
"../ports.c", line 20: warning #225-D: function "Init_Port_5" declared implicitly
"../ports.c", line 21: warning #225-D: function "Init_Port_6" declared implicitly
"../ports.c", line 24: warning #161-D: declaration is incompatible with previous "Init_Port_1" (declared at line 16)
"../ports.c", line 61: warning #161-D: declaration is incompatible with previous "Init_Port_2" (declared at line 17)
"../ports.c", line 97: warning #161-D: declaration is incompatible with previous "Init_Port_3" (declared at line 18)
"../ports.c", line 139: warning #161-D: declaration is incompatible with previous "Init_Port_4" (declared at line 19)
"../ports.c", line 168: warning #161-D: declaration is incompatible with previous "Init_Port_5" (declared at line 20)
"../ports.c", line 190: warning #161-D: declaration is incompatible with previous "Init_Port_6" (declared at line 21)
Finished building: "../ports.c"
 
Building file: "../states.c"
Invoking: MSP430 Compiler
"D:/ccs/tools/compiler/ti-cgt-msp430_21.6.1.LTS/bin/cl430" -vmspx --use_hw_mpy=F5 --include_path="D:/ccs/ccs_base/msp430/include" --include_path="D:/ccs/Homework 06/Homework 06" --include_path="D:/ccs/tools/compiler/ti-cgt-msp430_21.6.1.LTS/include" --advice:power=all --advice:hw_config=all --define=__MSP430FR2355__ --define=_FRWP_ENABLE --define=_INFO_FRWP_ENABLE -g --printf_support=minimal --diag_warning=225 --diag_wrap=off --display_error_number --silicon_errata=CPU21 --silicon_errata=CPU22 --silicon_errata=CPU40 --preproc_with_compile --preproc_dependency="states.d_raw"  "../states.c"
"../states.c", line 35: warning #225-D: function "wait_case" declared implicitly
"../states.c", line 38: warning #225-D: function "start_case" declared implicitly
"../states.c", line 41: warning #225-D: function "run_case" declared implicitly
"../states.c", line 44: warning #225-D: function "end_case" declared implicitly
"../states.c", line 50: warning #161-D: declaration is incompatible with previous "start_case" (declared at line 38)
"../states.c", line 54: warning #225-D: function "moveforward" declared implicitly
"../states.c", line 59: warning #161-D: declaration is incompatible with previous "run_case" (declared at line 41)
"../states.c", line 74: warning #225-D: function "moveforward" declared implicitly
"../states.c", line 85: warning #225-D: function "wait_case" declared implicitly
"../states.c", line 86: warning #225-D: function "start_case_circle" declared implicitly
"../states.c", line 87: warning #225-D: function "run_case_circle" declared implicitly
"../states.c", line 88: warning #225-D: function "end_case" declared implicitly
"../states.c", line 93: warning #161-D: declaration is incompatible with previous "wait_case" (declared at line 35)
"../states.c", line 103: warning #161-D: declaration is incompatible with previous "start_case_circle" (declared at line 86)
"../states.c", line 107: warning #225-D: function "moveforward" declared implicitly
"../states.c", line 112: warning #161-D: declaration is incompatible with previous "run_case_circle" (declared at line 87)
"../states.c", line 133: warning #225-D: function "moveforward" declared implicitly
"../states.c", line 141: warning #161-D: declaration is incompatible with previous "end_case" (declared at line 44)
"../states.c", line 142: warning #225-D: function "stopall" declared implicitly
"../states.c", line 151: warning #225-D: function "start_case_triangle" declared implicitly
"../states.c", line 152: warning #225-D: function "run_case_triangle" declared implicitly
"../states.c", line 158: warning #161-D: declaration is incompatible with previous "start_case_triangle" (declared at line 151)
"../states.c", line 162: warning #225-D: function "moveforward" declared implicitly
"../states.c", line 169: warning #161-D: declaration is incompatible with previous "run_case_triangle" (declared at line 152)
"../states.c", line 192: warning #225-D: function "moveforward" declared implicitly
"../states.c", line 203: warning #188-D: pointless comparison of unsigned integer with zero
"../states.c", line 217: warning #225-D: function "moveforward" declared implicitly
"../states.c", line 238: warning #225-D: function "start_case_figure8" declared implicitly
"../states.c", line 239: warning #225-D: function "run_case_figure8" declared implicitly
"../states.c", line 246: warning #161-D: declaration is incompatible with previous "start_case_figure8" (declared at line 238)
"../states.c", line 250: warning #225-D: function "moveforward" declared implicitly
"../states.c", line 256: warning #161-D: declaration is incompatible with previous "run_case_figure8" (declared at line 239)
"../states.c", line 287: warning #225-D: function "moveforward" declared implicitly
"../states.c", line 298: warning #225-D: function "moveforward" declared implicitly
"../states.c", line 24: remark #1535-D: (ULP 8.1) variable "event" is used as a constant. Recommend declaring variable as either 'static const' or 'const'
Finished building: "../states.c"
 
Building file: "../switches.c"
Invoking: MSP430 Compiler
"D:/ccs/tools/compiler/ti-cgt-msp430_21.6.1.LTS/bin/cl430" -vmspx --use_hw_mpy=F5 --include_path="D:/ccs/ccs_base/msp430/include" --include_path="D:/ccs/Homework 06/Homework 06" --include_path="D:/ccs/tools/compiler/ti-cgt-msp430_21.6.1.LTS/include" --advice:power=all --advice:hw_config=all --define=__MSP430FR2355__ --define=_FRWP_ENABLE --define=_INFO_FRWP_ENABLE -g --printf_support=minimal --diag_warning=225 --diag_wrap=off --display_error_number --silicon_errata=CPU21 --silicon_errata=CPU22 --silicon_errata=CPU40 --preproc_with_compile --preproc_dependency="switches.d_raw"  "../switches.c"
Finished building: "../switches.c"
 
Building file: "../system.c"
Invoking: MSP430 Compiler
"D:/ccs/tools/compiler/ti-cgt-msp430_21.6.1.LTS/bin/cl430" -vmspx --use_hw_mpy=F5 --include_path="D:/ccs/ccs_base/msp430/include" --include_path="D:/ccs/Homework 06/Homework 06" --include_path="D:/ccs/tools/compiler/ti-cgt-msp430_21.6.1.LTS/include" --advice:power=all --advice:hw_config=all --define=__MSP430FR2355__ --define=_FRWP_ENABLE --define=_INFO_FRWP_ENABLE -g --printf_support=minimal --diag_warning=225 --diag_wrap=off --display_error_number --silicon_errata=CPU21 --silicon_errata=CPU22 --silicon_errata=CPU40 --preproc_with_compile --preproc_dependency="system.d_raw"  "../system.c"
Finished building: "../system.c"
 
Building file: "../timers.c"
Invoking: MSP430 Compiler
"D:/ccs/tools/compiler/ti-cgt-msp430_21.6.1.LTS/bin/cl430" -vmspx --use_hw_mpy=F5 --include_path="D:/ccs/ccs_base/msp430/include" --include_path="D:/ccs/Homework 06/Homework 06" --include_path="D:/ccs/tools/compiler/ti-cgt-msp430_21.6.1.LTS/include" --advice:power=all --advice:hw_config=all --define=__MSP430FR2355__ --define=_FRWP_ENABLE --define=_INFO_FRWP_ENABLE -g --printf_support=minimal --diag_warning=225 --diag_wrap=off --display_error_number --silicon_errata=CPU21 --silicon_errata=CPU22 --silicon_errata=CPU40 --preproc_with_compile --preproc_dependency="timers.d_raw"  "../timers.c"
Finished building: "../timers.c"
 
Building file: "../timers_move.c"
Invoking: MSP430 Compiler
"D:/ccs/tools/compiler/ti-cgt-msp430_21.6.1.LTS/bin/cl430" -vmspx --use_hw_mpy=F5 --include_path="D:/ccs/ccs_base/msp430/include" --include_path="D:/ccs/Homework 06/Homework 06" --include_path="D:/ccs/tools/compiler/ti-cgt-msp430_21.6.1.LTS/include" --advice:power=all --advice:hw_config=all --define=__MSP430FR2355__ --define=_FRWP_ENABLE --define=_INFO_FRWP_ENABLE -g --printf_support=minimal --diag_warning=225 --diag_wrap=off --display_error_number --silicon_errata=CPU21 --silicon_errata=CPU22 --silicon_errata=CPU40 --preproc_with_compile --preproc_dependency="timers_move.d_raw"  "../timers_move.c"
"../timers_move.c", line 57: warning #225-D: function "moveforward" declared implicitly
"../timers_move.c", line 61: warning #225-D: function "stopall" declared implicitly
"../timers_move.c", line 65: warning #225-D: function "movereverse" declared implicitly
"../timers_move.c", line 82: warning #225-D: function "spin_clockwise" declared implicitly
"../timers_move.c", line 90: warning #225-D: function "spin_counterclockwise" declared implicitly
Finished building: "../timers_move.c"
 
Building file: "../wheels.c"
Invoking: MSP430 Compiler
"D:/ccs/tools/compiler/ti-cgt-msp430_21.6.1.LTS/bin/cl430" -vmspx --use_hw_mpy=F5 --include_path="D:/ccs/ccs_base/msp430/include" --include_path="D:/ccs/Homework 06/Homework 06" --include_path="D:/ccs/tools/compiler/ti-cgt-msp430_21.6.1.LTS/include" --advice:power=all --advice:hw_config=all --define=__MSP430FR2355__ --define=_FRWP_ENABLE --define=_INFO_FRWP_ENABLE -g --printf_support=minimal --diag_warning=225 --diag_wrap=off --display_error_number --silicon_errata=CPU21 --silicon_errata=CPU22 --silicon_errata=CPU40 --preproc_with_compile --preproc_dependency="wheels.d_raw"  "../wheels.c"
Finished building: "../wheels.c"
 
Building target: "Homework 06.out"
Invoking: MSP430 Linker
"D:/ccs/tools/compiler/ti-cgt-msp430_21.6.1.LTS/bin/cl430" -vmspx --use_hw_mpy=F5 --advice:power=all --advice:hw_config=all --define=__MSP430FR2355__ --define=_FRWP_ENABLE --define=_INFO_FRWP_ENABLE -g --printf_support=minimal --diag_warning=225 --diag_wrap=off --display_error_number --silicon_errata=CPU21 --silicon_errata=CPU22 --silicon_errata=CPU40 -z -m"Homework 06.map" --heap_size=160 --stack_size=160 --cinit_hold_wdt=on -i"D:/ccs/ccs_base/msp430/include" -i"D:/ccs/ccs_base/msp430/lib/FR2xx" -i"D:/ccs/tools/compiler/ti-cgt-msp430_21.6.1.LTS/lib" -i"D:/ccs/tools/compiler/ti-cgt-msp430_21.6.1.LTS/include" --priority --reread_libs --define=_FRWP_ENABLE --define=_INFO_FRWP_ENABLE --diag_wrap=off --display_error_number --warn_sections --xml_link_info="Homework 06_linkInfo.xml" --use_hw_mpy=F5 --rom_model -o "Homework 06.out" "./Display.obj" "./clocks.obj" "./init.obj" "./led.obj" "./main.obj" "./ports.obj" "./states.obj" "./switches.obj" "./system.obj" "./timers.obj" "./timers_move.obj" "./wheels.obj" "../Compiled/LCD.obj" "../lnk_msp430fr2355.cmd"  -lfrwp_init.a -llibc.a 
<Linking>
remark #10372-D: (ULP 4.1) Detected uninitialized Port A in this project. Recommend initializing all unused ports to eliminate wasted current consumption on unused pins.
remark #10372-D: (ULP 4.1) Detected uninitialized Port B in this project. Recommend initializing all unused ports to eliminate wasted current consumption on unused pins.
remark #10372-D: (ULP 4.1) Detected uninitialized Port C in this project. Recommend initializing all unused ports to eliminate wasted current consumption on unused pins.
remark #10422-D: (ULP 6.2) Detected use of a device with available 32-bit hardware multiplier and not also using MSPMATHLIB library (libmath.a).  Recommend using MSPMATHLIB library (libmath.a) for improved performance.
Finished building target: "Homework 06.out"
 

**** Build Finished ****

**** Build of configuration Debug for project Homework 06 ****

"D:\\ccs\\utils\\bin\\gmake" -k -j 16 all -O 
 
Building file: "../timers.c"
Invoking: MSP430 Compiler
"D:/ccs/tools/compiler/ti-cgt-msp430_21.6.1.LTS/bin/cl430" -vmspx --use_hw_mpy=F5 --include_path="D:/ccs/ccs_base/msp430/include" --include_path="D:/ccs/Homework 06/Homework 06" --include_path="D:/ccs/tools/compiler/ti-cgt-msp430_21.6.1.LTS/include" --advice:power=all --advice:hw_config=all --define=__MSP430FR2355__ --define=_FRWP_ENABLE --define=_INFO_FRWP_ENABLE -g --printf_support=minimal --diag_warning=225 --diag_wrap=off --display_error_number --silicon_errata=CPU21 --silicon_errata=CPU22 --silicon_errata=CPU40 --preproc_with_compile --preproc_dependency="timers.d_raw"  "../timers.c"
 
>> Compilation failure
subdir_rules.mk:9: recipe for target 'timers.obj' failed
"../timers.c", line 54: error #20: identifier "DEBOUNCE_THRESHOLD" is undefined
"../timers.c", line 65: error #20: identifier "DEBOUNCE_THRESHOLD" is undefined
2 errors detected in the compilation of "../timers.c".
gmake: *** [timers.obj] Error 1
Building file: "../interrupts_ports.c"
Invoking: MSP430 Compiler
"D:/ccs/tools/compiler/ti-cgt-msp430_21.6.1.LTS/bin/cl430" -vmspx --use_hw_mpy=F5 --include_path="D:/ccs/ccs_base/msp430/include" --include_path="D:/ccs/Homework 06/Homework 06" --include_path="D:/ccs/tools/compiler/ti-cgt-msp430_21.6.1.LTS/include" --advice:power=all --advice:hw_config=all --define=__MSP430FR2355__ --define=_FRWP_ENABLE --define=_INFO_FRWP_ENABLE -g --printf_support=minimal --diag_warning=225 --diag_wrap=off --display_error_number --silicon_errata=CPU21 --silicon_errata=CPU22 --silicon_errata=CPU40 --preproc_with_compile --preproc_dependency="interrupts_ports.d_raw"  "../interrupts_ports.c"
"../interrupts_ports.c", line 52: remark #1538-D: (ULP 10.1) ISR Port4_ISR calls function strcpy. Recommend moving function call away from ISR, or inlining the function, or using pragmas
"../interrupts_ports.c", line 67: remark #1538-D: (ULP 10.1) ISR Port2_ISR calls function strcpy. Recommend moving function call away from ISR, or inlining the function, or using pragmas
Finished building: "../interrupts_ports.c"
 
Building file: "../switches.c"
Invoking: MSP430 Compiler
"D:/ccs/tools/compiler/ti-cgt-msp430_21.6.1.LTS/bin/cl430" -vmspx --use_hw_mpy=F5 --include_path="D:/ccs/ccs_base/msp430/include" --include_path="D:/ccs/Homework 06/Homework 06" --include_path="D:/ccs/tools/compiler/ti-cgt-msp430_21.6.1.LTS/include" --advice:power=all --advice:hw_config=all --define=__MSP430FR2355__ --define=_FRWP_ENABLE --define=_INFO_FRWP_ENABLE -g --printf_support=minimal --diag_warning=225 --diag_wrap=off --display_error_number --silicon_errata=CPU21 --silicon_errata=CPU22 --silicon_errata=CPU40 --preproc_with_compile --preproc_dependency="switches.d_raw"  "../switches.c"
Finished building: "../switches.c"
 
gmake: Target 'all' not remade because of errors.

**** Build Finished ****

**** Build of configuration Debug for project Homework 06 ****

"D:\\ccs\\utils\\bin\\gmake" -k -j 16 all -O 
 
Building file: "../timers.c"
Invoking: MSP430 Compiler
"D:/ccs/tools/compiler/ti-cgt-msp430_21.6.1.LTS/bin/cl430" -vmspx --use_hw_mpy=F5 --include_path="D:/ccs/ccs_base/msp430/include" --include_path="D:/ccs/Homework 06/Homework 06" --include_path="D:/ccs/tools/compiler/ti-cgt-msp430_21.6.1.LTS/include" --advice:power=all --advice:hw_config=all --define=__MSP430FR2355__ --define=_FRWP_ENABLE --define=_INFO_FRWP_ENABLE -g --printf_support=minimal --diag_warning=225 --diag_wrap=off --display_error_number --silicon_errata=CPU21 --silicon_errata=CPU22 --silicon_errata=CPU40 --preproc_with_compile --preproc_dependency="timers.d_raw"  "../timers.c"
 
>> Compilation failure
subdir_rules.mk:9: recipe for target 'timers.obj' failed
"../timers.c", line 54: error #20: identifier "DEBOUNCE_THRESHOLD" is undefined
"../timers.c", line 65: error #20: identifier "DEBOUNCE_THRESHOLD" is undefined
2 errors detected in the compilation of "../timers.c".
gmake: *** [timers.obj] Error 1
gmake: Target 'all' not remade because of errors.

**** Build Finished ****

**** Build of configuration Debug for project Homework 06 ****

"D:\\ccs\\utils\\bin\\gmake" -k -j 16 all -O 
 
Building file: "../timers.c"
Invoking: MSP430 Compiler
"D:/ccs/tools/compiler/ti-cgt-msp430_21.6.1.LTS/bin/cl430" -vmspx --use_hw_mpy=F5 --include_path="D:/ccs/ccs_base/msp430/include" --include_path="D:/ccs/Homework 06/Homework 06" --include_path="D:/ccs/tools/compiler/ti-cgt-msp430_21.6.1.LTS/include" --advice:power=all --advice:hw_config=all --define=__MSP430FR2355__ --define=_FRWP_ENABLE --define=_INFO_FRWP_ENABLE -g --printf_support=minimal --diag_warning=225 --diag_wrap=off --display_error_number --silicon_errata=CPU21 --silicon_errata=CPU22 --silicon_errata=CPU40 --preproc_with_compile --preproc_dependency="timers.d_raw"  "../timers.c"
 
>> Compilation failure
subdir_rules.mk:9: recipe for target 'timers.obj' failed
"../timers.c", line 54: error #20: identifier "DEBOUNCE_THRESHOLD" is undefined
"../timers.c", line 65: error #20: identifier "DEBOUNCE_THRESHOLD" is undefined
2 errors detected in the compilation of "../timers.c".
gmake: *** [timers.obj] Error 1
gmake: Target 'all' not remade because of errors.

**** Build Finished ****

**** Build of configuration Debug for project Homework 06 ****

"D:\\ccs\\utils\\bin\\gmake" -k -j 16 all -O 
 
Building file: "../Display.c"
Invoking: MSP430 Compiler
"D:/ccs/tools/compiler/ti-cgt-msp430_21.6.1.LTS/bin/cl430" -vmspx --use_hw_mpy=F5 --include_path="D:/ccs/ccs_base/msp430/include" --include_path="D:/ccs/Homework 06/Homework 06" --include_path="D:/ccs/tools/compiler/ti-cgt-msp430_21.6.1.LTS/include" --advice:power=all --advice:hw_config=all --define=__MSP430FR2355__ --define=_FRWP_ENABLE --define=_INFO_FRWP_ENABLE -g --printf_support=minimal --diag_warning=225 --diag_wrap=off --display_error_number --silicon_errata=CPU21 --silicon_errata=CPU22 --silicon_errata=CPU40 --preproc_with_compile --preproc_dependency="Display.d_raw"  "../Display.c"
Finished building: "../Display.c"
 
Building file: "../clocks.c"
Invoking: MSP430 Compiler
"D:/ccs/tools/compiler/ti-cgt-msp430_21.6.1.LTS/bin/cl430" -vmspx --use_hw_mpy=F5 --include_path="D:/ccs/ccs_base/msp430/include" --include_path="D:/ccs/Homework 06/Homework 06" --include_path="D:/ccs/tools/compiler/ti-cgt-msp430_21.6.1.LTS/include" --advice:power=all --advice:hw_config=all --define=__MSP430FR2355__ --define=_FRWP_ENABLE --define=_INFO_FRWP_ENABLE -g --printf_support=minimal --diag_warning=225 --diag_wrap=off --display_error_number --silicon_errata=CPU21 --silicon_errata=CPU22 --silicon_errata=CPU40 --preproc_with_compile --preproc_dependency="clocks.d_raw"  "../clocks.c"
"../clocks.c", line 86: remark #1527-D: (ULP 2.1) Detected SW delay loop using __delay_cycles. Recommend using a timer module instead
"../clocks.c", line 87: remark #1527-D: (ULP 2.1) Detected SW delay loop using empty loop. Recommend using a timer module instead
"../clocks.c", line 120: remark #1527-D: (ULP 2.1) Detected SW delay loop using empty loop. Recommend using a timer module instead
Finished building: "../clocks.c"
 
Building file: "../init.c"
Invoking: MSP430 Compiler
"D:/ccs/tools/compiler/ti-cgt-msp430_21.6.1.LTS/bin/cl430" -vmspx --use_hw_mpy=F5 --include_path="D:/ccs/ccs_base/msp430/include" --include_path="D:/ccs/Homework 06/Homework 06" --include_path="D:/ccs/tools/compiler/ti-cgt-msp430_21.6.1.LTS/include" --advice:power=all --advice:hw_config=all --define=__MSP430FR2355__ --define=_FRWP_ENABLE --define=_INFO_FRWP_ENABLE -g --printf_support=minimal --diag_warning=225 --diag_wrap=off --display_error_number --silicon_errata=CPU21 --silicon_errata=CPU22 --silicon_errata=CPU40 --preproc_with_compile --preproc_dependency="init.d_raw"  "../init.c"
"../init.c", line 26: remark #1544-D: (ULP 13.1) Detected loop counting up. Recommend loops count down as detecting zeros is easier
"../init.c", line 27: remark #2553-D: (ULP 14.1) Array index (involving "i") of type "int". Recommend using "unsigned int"
"../init.c", line 28: remark #2553-D: (ULP 14.1) Array index (involving "i") of type "int". Recommend using "unsigned int"
"../init.c", line 29: remark #2553-D: (ULP 14.1) Array index (involving "i") of type "int". Recommend using "unsigned int"
"../init.c", line 30: remark #2553-D: (ULP 14.1) Array index (involving "i") of type "int". Recommend using "unsigned int"
Finished building: "../init.c"
 
Building file: "../interrupts_ports.c"
Invoking: MSP430 Compiler
"D:/ccs/tools/compiler/ti-cgt-msp430_21.6.1.LTS/bin/cl430" -vmspx --use_hw_mpy=F5 --include_path="D:/ccs/ccs_base/msp430/include" --include_path="D:/ccs/Homework 06/Homework 06" --include_path="D:/ccs/tools/compiler/ti-cgt-msp430_21.6.1.LTS/include" --advice:power=all --advice:hw_config=all --define=__MSP430FR2355__ --define=_FRWP_ENABLE --define=_INFO_FRWP_ENABLE -g --printf_support=minimal --diag_warning=225 --diag_wrap=off --display_error_number --silicon_errata=CPU21 --silicon_errata=CPU22 --silicon_errata=CPU40 --preproc_with_compile --preproc_dependency="interrupts_ports.d_raw"  "../interrupts_ports.c"
"../interrupts_ports.c", line 52: remark #1538-D: (ULP 10.1) ISR Port4_ISR calls function strcpy. Recommend moving function call away from ISR, or inlining the function, or using pragmas
"../interrupts_ports.c", line 67: remark #1538-D: (ULP 10.1) ISR Port2_ISR calls function strcpy. Recommend moving function call away from ISR, or inlining the function, or using pragmas
Finished building: "../interrupts_ports.c"
 
Building file: "../led.c"
Invoking: MSP430 Compiler
"D:/ccs/tools/compiler/ti-cgt-msp430_21.6.1.LTS/bin/cl430" -vmspx --use_hw_mpy=F5 --include_path="D:/ccs/ccs_base/msp430/include" --include_path="D:/ccs/Homework 06/Homework 06" --include_path="D:/ccs/tools/compiler/ti-cgt-msp430_21.6.1.LTS/include" --advice:power=all --advice:hw_config=all --define=__MSP430FR2355__ --define=_FRWP_ENABLE --define=_INFO_FRWP_ENABLE -g --printf_support=minimal --diag_warning=225 --diag_wrap=off --display_error_number --silicon_errata=CPU21 --silicon_errata=CPU22 --silicon_errata=CPU40 --preproc_with_compile --preproc_dependency="led.d_raw"  "../led.c"
Finished building: "../led.c"
 
Building file: "../main.c"
Invoking: MSP430 Compiler
"D:/ccs/tools/compiler/ti-cgt-msp430_21.6.1.LTS/bin/cl430" -vmspx --use_hw_mpy=F5 --include_path="D:/ccs/ccs_base/msp430/include" --include_path="D:/ccs/Homework 06/Homework 06" --include_path="D:/ccs/tools/compiler/ti-cgt-msp430_21.6.1.LTS/include" --advice:power=all --advice:hw_config=all --define=__MSP430FR2355__ --define=_FRWP_ENABLE --define=_INFO_FRWP_ENABLE -g --printf_support=minimal --diag_warning=225 --diag_wrap=off --display_error_number --silicon_errata=CPU21 --silicon_errata=CPU22 --silicon_errata=CPU40 --preproc_with_compile --preproc_dependency="main.d_raw"  "../main.c"
"../main.c", line 112: warning #225-D: function "LCD_update" declared implicitly
"../main.c", line 113: warning #225-D: function "timed_moves" declared implicitly
"../main.c", line 114: warning #225-D: function "state_timer" declared implicitly
"../main.c", line 121: warning #225-D: function "Run_Circle" declared implicitly
"../main.c", line 124: warning #225-D: function "Run_Figure8" declared implicitly
"../main.c", line 127: warning #225-D: function "Run_Triangle" declared implicitly
"../main.c", line 51: remark #1535-D: (ULP 8.1) variable "wheel_move" is used as a constant. Recommend declaring variable as either 'static const' or 'const'
"../main.c", line 52: remark #1535-D: (ULP 8.1) variable "forward" is used as a constant. Recommend declaring variable as either 'static const' or 'const'
"../main.c", line 58: remark #1535-D: (ULP 8.1) variable "event" is used as a constant. Recommend declaring variable as either 'static const' or 'const'
Finished building: "../main.c"
 
Building file: "../timers.c"
Invoking: MSP430 Compiler
"D:/ccs/tools/compiler/ti-cgt-msp430_21.6.1.LTS/bin/cl430" -vmspx --use_hw_mpy=F5 --include_path="D:/ccs/ccs_base/msp430/include" --include_path="D:/ccs/Homework 06/Homework 06" --include_path="D:/ccs/tools/compiler/ti-cgt-msp430_21.6.1.LTS/include" --advice:power=all --advice:hw_config=all --define=__MSP430FR2355__ --define=_FRWP_ENABLE --define=_INFO_FRWP_ENABLE -g --printf_support=minimal --diag_warning=225 --diag_wrap=off --display_error_number --silicon_errata=CPU21 --silicon_errata=CPU22 --silicon_errata=CPU40 --preproc_with_compile --preproc_dependency="timers.d_raw"  "../timers.c"
 
>> Compilation failure
subdir_rules.mk:9: recipe for target 'timers.obj' failed
"../timers.c", line 51: error #20: identifier "DEBOUNCE_THRESHOLD" is undefined
"../timers.c", line 62: error #20: identifier "DEBOUNCE_THRESHOLD" is undefined
2 errors detected in the compilation of "../timers.c".
gmake: *** [timers.obj] Error 1
Building file: "../ports.c"
Invoking: MSP430 Compiler
"D:/ccs/tools/compiler/ti-cgt-msp430_21.6.1.LTS/bin/cl430" -vmspx --use_hw_mpy=F5 --include_path="D:/ccs/ccs_base/msp430/include" --include_path="D:/ccs/Homework 06/Homework 06" --include_path="D:/ccs/tools/compiler/ti-cgt-msp430_21.6.1.LTS/include" --advice:power=all --advice:hw_config=all --define=__MSP430FR2355__ --define=_FRWP_ENABLE --define=_INFO_FRWP_ENABLE -g --printf_support=minimal --diag_warning=225 --diag_wrap=off --display_error_number --silicon_errata=CPU21 --silicon_errata=CPU22 --silicon_errata=CPU40 --preproc_with_compile --preproc_dependency="ports.d_raw"  "../ports.c"
"../ports.c", line 16: warning #225-D: function "Init_Port_1" declared implicitly
"../ports.c", line 17: warning #225-D: function "Init_Port_2" declared implicitly
"../ports.c", line 18: warning #225-D: function "Init_Port_3" declared implicitly
"../ports.c", line 19: warning #225-D: function "Init_Port_4" declared implicitly
"../ports.c", line 20: warning #225-D: function "Init_Port_5" declared implicitly
"../ports.c", line 21: warning #225-D: function "Init_Port_6" declared implicitly
"../ports.c", line 24: warning #161-D: declaration is incompatible with previous "Init_Port_1" (declared at line 16)
"../ports.c", line 61: warning #161-D: declaration is incompatible with previous "Init_Port_2" (declared at line 17)
"../ports.c", line 97: warning #161-D: declaration is incompatible with previous "Init_Port_3" (declared at line 18)
"../ports.c", line 139: warning #161-D: declaration is incompatible with previous "Init_Port_4" (declared at line 19)
"../ports.c", line 168: warning #161-D: declaration is incompatible with previous "Init_Port_5" (declared at line 20)
"../ports.c", line 190: warning #161-D: declaration is incompatible with previous "Init_Port_6" (declared at line 21)
Finished building: "../ports.c"
 
Building file: "../switches.c"
Invoking: MSP430 Compiler
"D:/ccs/tools/compiler/ti-cgt-msp430_21.6.1.LTS/bin/cl430" -vmspx --use_hw_mpy=F5 --include_path="D:/ccs/ccs_base/msp430/include" --include_path="D:/ccs/Homework 06/Homework 06" --include_path="D:/ccs/tools/compiler/ti-cgt-msp430_21.6.1.LTS/include" --advice:power=all --advice:hw_config=all --define=__MSP430FR2355__ --define=_FRWP_ENABLE --define=_INFO_FRWP_ENABLE -g --printf_support=minimal --diag_warning=225 --diag_wrap=off --display_error_number --silicon_errata=CPU21 --silicon_errata=CPU22 --silicon_errata=CPU40 --preproc_with_compile --preproc_dependency="switches.d_raw"  "../switches.c"
Finished building: "../switches.c"
 
Building file: "../states.c"
Invoking: MSP430 Compiler
"D:/ccs/tools/compiler/ti-cgt-msp430_21.6.1.LTS/bin/cl430" -vmspx --use_hw_mpy=F5 --include_path="D:/ccs/ccs_base/msp430/include" --include_path="D:/ccs/Homework 06/Homework 06" --include_path="D:/ccs/tools/compiler/ti-cgt-msp430_21.6.1.LTS/include" --advice:power=all --advice:hw_config=all --define=__MSP430FR2355__ --define=_FRWP_ENABLE --define=_INFO_FRWP_ENABLE -g --printf_support=minimal --diag_warning=225 --diag_wrap=off --display_error_number --silicon_errata=CPU21 --silicon_errata=CPU22 --silicon_errata=CPU40 --preproc_with_compile --preproc_dependency="states.d_raw"  "../states.c"
"../states.c", line 35: warning #225-D: function "wait_case" declared implicitly
"../states.c", line 38: warning #225-D: function "start_case" declared implicitly
"../states.c", line 41: warning #225-D: function "run_case" declared implicitly
"../states.c", line 44: warning #225-D: function "end_case" declared implicitly
"../states.c", line 50: warning #161-D: declaration is incompatible with previous "start_case" (declared at line 38)
"../states.c", line 54: warning #225-D: function "moveforward" declared implicitly
"../states.c", line 59: warning #161-D: declaration is incompatible with previous "run_case" (declared at line 41)
"../states.c", line 74: warning #225-D: function "moveforward" declared implicitly
"../states.c", line 85: warning #225-D: function "wait_case" declared implicitly
"../states.c", line 86: warning #225-D: function "start_case_circle" declared implicitly
"../states.c", line 87: warning #225-D: function "run_case_circle" declared implicitly
"../states.c", line 88: warning #225-D: function "end_case" declared implicitly
"../states.c", line 93: warning #161-D: declaration is incompatible with previous "wait_case" (declared at line 35)
"../states.c", line 103: warning #161-D: declaration is incompatible with previous "start_case_circle" (declared at line 86)
"../states.c", line 107: warning #225-D: function "moveforward" declared implicitly
"../states.c", line 112: warning #161-D: declaration is incompatible with previous "run_case_circle" (declared at line 87)
"../states.c", line 133: warning #225-D: function "moveforward" declared implicitly
"../states.c", line 141: warning #161-D: declaration is incompatible with previous "end_case" (declared at line 44)
"../states.c", line 142: warning #225-D: function "stopall" declared implicitly
"../states.c", line 151: warning #225-D: function "start_case_triangle" declared implicitly
"../states.c", line 152: warning #225-D: function "run_case_triangle" declared implicitly
"../states.c", line 158: warning #161-D: declaration is incompatible with previous "start_case_triangle" (declared at line 151)
"../states.c", line 162: warning #225-D: function "moveforward" declared implicitly
"../states.c", line 169: warning #161-D: declaration is incompatible with previous "run_case_triangle" (declared at line 152)
"../states.c", line 192: warning #225-D: function "moveforward" declared implicitly
"../states.c", line 203: warning #188-D: pointless comparison of unsigned integer with zero
"../states.c", line 217: warning #225-D: function "moveforward" declared implicitly
"../states.c", line 238: warning #225-D: function "start_case_figure8" declared implicitly
"../states.c", line 239: warning #225-D: function "run_case_figure8" declared implicitly
"../states.c", line 246: warning #161-D: declaration is incompatible with previous "start_case_figure8" (declared at line 238)
"../states.c", line 250: warning #225-D: function "moveforward" declared implicitly
"../states.c", line 256: warning #161-D: declaration is incompatible with previous "run_case_figure8" (declared at line 239)
"../states.c", line 287: warning #225-D: function "moveforward" declared implicitly
"../states.c", line 298: warning #225-D: function "moveforward" declared implicitly
"../states.c", line 24: remark #1535-D: (ULP 8.1) variable "event" is used as a constant. Recommend declaring variable as either 'static const' or 'const'
Finished building: "../states.c"
 
Building file: "../system.c"
Invoking: MSP430 Compiler
"D:/ccs/tools/compiler/ti-cgt-msp430_21.6.1.LTS/bin/cl430" -vmspx --use_hw_mpy=F5 --include_path="D:/ccs/ccs_base/msp430/include" --include_path="D:/ccs/Homework 06/Homework 06" --include_path="D:/ccs/tools/compiler/ti-cgt-msp430_21.6.1.LTS/include" --advice:power=all --advice:hw_config=all --define=__MSP430FR2355__ --define=_FRWP_ENABLE --define=_INFO_FRWP_ENABLE -g --printf_support=minimal --diag_warning=225 --diag_wrap=off --display_error_number --silicon_errata=CPU21 --silicon_errata=CPU22 --silicon_errata=CPU40 --preproc_with_compile --preproc_dependency="system.d_raw"  "../system.c"
Finished building: "../system.c"
 
Building file: "../timers_move.c"
Invoking: MSP430 Compiler
"D:/ccs/tools/compiler/ti-cgt-msp430_21.6.1.LTS/bin/cl430" -vmspx --use_hw_mpy=F5 --include_path="D:/ccs/ccs_base/msp430/include" --include_path="D:/ccs/Homework 06/Homework 06" --include_path="D:/ccs/tools/compiler/ti-cgt-msp430_21.6.1.LTS/include" --advice:power=all --advice:hw_config=all --define=__MSP430FR2355__ --define=_FRWP_ENABLE --define=_INFO_FRWP_ENABLE -g --printf_support=minimal --diag_warning=225 --diag_wrap=off --display_error_number --silicon_errata=CPU21 --silicon_errata=CPU22 --silicon_errata=CPU40 --preproc_with_compile --preproc_dependency="timers_move.d_raw"  "../timers_move.c"
"../timers_move.c", line 57: warning #225-D: function "moveforward" declared implicitly
"../timers_move.c", line 61: warning #225-D: function "stopall" declared implicitly
"../timers_move.c", line 65: warning #225-D: function "movereverse" declared implicitly
"../timers_move.c", line 82: warning #225-D: function "spin_clockwise" declared implicitly
"../timers_move.c", line 90: warning #225-D: function "spin_counterclockwise" declared implicitly
Finished building: "../timers_move.c"
 
Building file: "../wheels.c"
Invoking: MSP430 Compiler
"D:/ccs/tools/compiler/ti-cgt-msp430_21.6.1.LTS/bin/cl430" -vmspx --use_hw_mpy=F5 --include_path="D:/ccs/ccs_base/msp430/include" --include_path="D:/ccs/Homework 06/Homework 06" --include_path="D:/ccs/tools/compiler/ti-cgt-msp430_21.6.1.LTS/include" --advice:power=all --advice:hw_config=all --define=__MSP430FR2355__ --define=_FRWP_ENABLE --define=_INFO_FRWP_ENABLE -g --printf_support=minimal --diag_warning=225 --diag_wrap=off --display_error_number --silicon_errata=CPU21 --silicon_errata=CPU22 --silicon_errata=CPU40 --preproc_with_compile --preproc_dependency="wheels.d_raw"  "../wheels.c"
Finished building: "../wheels.c"
 
gmake: Target 'all' not remade because of errors.

**** Build Finished ****

**** Build of configuration Debug for project Homework 06 ****

"D:\\ccs\\utils\\bin\\gmake" -k -j 16 all -O 
 
Building file: "../Display.c"
Invoking: MSP430 Compiler
"D:/ccs/tools/compiler/ti-cgt-msp430_21.6.1.LTS/bin/cl430" -vmspx --use_hw_mpy=F5 --include_path="D:/ccs/ccs_base/msp430/include" --include_path="D:/ccs/Homework 06/Homework 06" --include_path="D:/ccs/tools/compiler/ti-cgt-msp430_21.6.1.LTS/include" --advice:power=all --advice:hw_config=all --define=__MSP430FR2355__ --define=_FRWP_ENABLE --define=_INFO_FRWP_ENABLE -g --printf_support=minimal --diag_warning=225 --diag_wrap=off --display_error_number --silicon_errata=CPU21 --silicon_errata=CPU22 --silicon_errata=CPU40 --preproc_with_compile --preproc_dependency="Display.d_raw"  "../Display.c"
Finished building: "../Display.c"
 
Building file: "../clocks.c"
Invoking: MSP430 Compiler
"D:/ccs/tools/compiler/ti-cgt-msp430_21.6.1.LTS/bin/cl430" -vmspx --use_hw_mpy=F5 --include_path="D:/ccs/ccs_base/msp430/include" --include_path="D:/ccs/Homework 06/Homework 06" --include_path="D:/ccs/tools/compiler/ti-cgt-msp430_21.6.1.LTS/include" --advice:power=all --advice:hw_config=all --define=__MSP430FR2355__ --define=_FRWP_ENABLE --define=_INFO_FRWP_ENABLE -g --printf_support=minimal --diag_warning=225 --diag_wrap=off --display_error_number --silicon_errata=CPU21 --silicon_errata=CPU22 --silicon_errata=CPU40 --preproc_with_compile --preproc_dependency="clocks.d_raw"  "../clocks.c"
"../clocks.c", line 86: remark #1527-D: (ULP 2.1) Detected SW delay loop using __delay_cycles. Recommend using a timer module instead
"../clocks.c", line 87: remark #1527-D: (ULP 2.1) Detected SW delay loop using empty loop. Recommend using a timer module instead
"../clocks.c", line 120: remark #1527-D: (ULP 2.1) Detected SW delay loop using empty loop. Recommend using a timer module instead
Finished building: "../clocks.c"
 
Building file: "../init.c"
Invoking: MSP430 Compiler
"D:/ccs/tools/compiler/ti-cgt-msp430_21.6.1.LTS/bin/cl430" -vmspx --use_hw_mpy=F5 --include_path="D:/ccs/ccs_base/msp430/include" --include_path="D:/ccs/Homework 06/Homework 06" --include_path="D:/ccs/tools/compiler/ti-cgt-msp430_21.6.1.LTS/include" --advice:power=all --advice:hw_config=all --define=__MSP430FR2355__ --define=_FRWP_ENABLE --define=_INFO_FRWP_ENABLE -g --printf_support=minimal --diag_warning=225 --diag_wrap=off --display_error_number --silicon_errata=CPU21 --silicon_errata=CPU22 --silicon_errata=CPU40 --preproc_with_compile --preproc_dependency="init.d_raw"  "../init.c"
"../init.c", line 26: remark #1544-D: (ULP 13.1) Detected loop counting up. Recommend loops count down as detecting zeros is easier
"../init.c", line 27: remark #2553-D: (ULP 14.1) Array index (involving "i") of type "int". Recommend using "unsigned int"
"../init.c", line 28: remark #2553-D: (ULP 14.1) Array index (involving "i") of type "int". Recommend using "unsigned int"
"../init.c", line 29: remark #2553-D: (ULP 14.1) Array index (involving "i") of type "int". Recommend using "unsigned int"
"../init.c", line 30: remark #2553-D: (ULP 14.1) Array index (involving "i") of type "int". Recommend using "unsigned int"
Finished building: "../init.c"
 
Building file: "../interrupts_ports.c"
Invoking: MSP430 Compiler
"D:/ccs/tools/compiler/ti-cgt-msp430_21.6.1.LTS/bin/cl430" -vmspx --use_hw_mpy=F5 --include_path="D:/ccs/ccs_base/msp430/include" --include_path="D:/ccs/Homework 06/Homework 06" --include_path="D:/ccs/tools/compiler/ti-cgt-msp430_21.6.1.LTS/include" --advice:power=all --advice:hw_config=all --define=__MSP430FR2355__ --define=_FRWP_ENABLE --define=_INFO_FRWP_ENABLE -g --printf_support=minimal --diag_warning=225 --diag_wrap=off --display_error_number --silicon_errata=CPU21 --silicon_errata=CPU22 --silicon_errata=CPU40 --preproc_with_compile --preproc_dependency="interrupts_ports.d_raw"  "../interrupts_ports.c"
"../interrupts_ports.c", line 50: remark #1538-D: (ULP 10.1) ISR Port4_ISR calls function strcpy. Recommend moving function call away from ISR, or inlining the function, or using pragmas
"../interrupts_ports.c", line 65: remark #1538-D: (ULP 10.1) ISR Port2_ISR calls function strcpy. Recommend moving function call away from ISR, or inlining the function, or using pragmas
Finished building: "../interrupts_ports.c"
 
Building file: "../led.c"
Invoking: MSP430 Compiler
"D:/ccs/tools/compiler/ti-cgt-msp430_21.6.1.LTS/bin/cl430" -vmspx --use_hw_mpy=F5 --include_path="D:/ccs/ccs_base/msp430/include" --include_path="D:/ccs/Homework 06/Homework 06" --include_path="D:/ccs/tools/compiler/ti-cgt-msp430_21.6.1.LTS/include" --advice:power=all --advice:hw_config=all --define=__MSP430FR2355__ --define=_FRWP_ENABLE --define=_INFO_FRWP_ENABLE -g --printf_support=minimal --diag_warning=225 --diag_wrap=off --display_error_number --silicon_errata=CPU21 --silicon_errata=CPU22 --silicon_errata=CPU40 --preproc_with_compile --preproc_dependency="led.d_raw"  "../led.c"
Finished building: "../led.c"
 
Building file: "../main.c"
Invoking: MSP430 Compiler
"D:/ccs/tools/compiler/ti-cgt-msp430_21.6.1.LTS/bin/cl430" -vmspx --use_hw_mpy=F5 --include_path="D:/ccs/ccs_base/msp430/include" --include_path="D:/ccs/Homework 06/Homework 06" --include_path="D:/ccs/tools/compiler/ti-cgt-msp430_21.6.1.LTS/include" --advice:power=all --advice:hw_config=all --define=__MSP430FR2355__ --define=_FRWP_ENABLE --define=_INFO_FRWP_ENABLE -g --printf_support=minimal --diag_warning=225 --diag_wrap=off --display_error_number --silicon_errata=CPU21 --silicon_errata=CPU22 --silicon_errata=CPU40 --preproc_with_compile --preproc_dependency="main.d_raw"  "../main.c"
"../main.c", line 112: warning #225-D: function "LCD_update" declared implicitly
"../main.c", line 113: warning #225-D: function "timed_moves" declared implicitly
"../main.c", line 114: warning #225-D: function "state_timer" declared implicitly
"../main.c", line 121: warning #225-D: function "Run_Circle" declared implicitly
"../main.c", line 124: warning #225-D: function "Run_Figure8" declared implicitly
"../main.c", line 127: warning #225-D: function "Run_Triangle" declared implicitly
"../main.c", line 51: remark #1535-D: (ULP 8.1) variable "wheel_move" is used as a constant. Recommend declaring variable as either 'static const' or 'const'
"../main.c", line 52: remark #1535-D: (ULP 8.1) variable "forward" is used as a constant. Recommend declaring variable as either 'static const' or 'const'
"../main.c", line 58: remark #1535-D: (ULP 8.1) variable "event" is used as a constant. Recommend declaring variable as either 'static const' or 'const'
Finished building: "../main.c"
 
Building file: "../ports.c"
Invoking: MSP430 Compiler
"D:/ccs/tools/compiler/ti-cgt-msp430_21.6.1.LTS/bin/cl430" -vmspx --use_hw_mpy=F5 --include_path="D:/ccs/ccs_base/msp430/include" --include_path="D:/ccs/Homework 06/Homework 06" --include_path="D:/ccs/tools/compiler/ti-cgt-msp430_21.6.1.LTS/include" --advice:power=all --advice:hw_config=all --define=__MSP430FR2355__ --define=_FRWP_ENABLE --define=_INFO_FRWP_ENABLE -g --printf_support=minimal --diag_warning=225 --diag_wrap=off --display_error_number --silicon_errata=CPU21 --silicon_errata=CPU22 --silicon_errata=CPU40 --preproc_with_compile --preproc_dependency="ports.d_raw"  "../ports.c"
"../ports.c", line 16: warning #225-D: function "Init_Port_1" declared implicitly
"../ports.c", line 17: warning #225-D: function "Init_Port_2" declared implicitly
"../ports.c", line 18: warning #225-D: function "Init_Port_3" declared implicitly
"../ports.c", line 19: warning #225-D: function "Init_Port_4" declared implicitly
"../ports.c", line 20: warning #225-D: function "Init_Port_5" declared implicitly
"../ports.c", line 21: warning #225-D: function "Init_Port_6" declared implicitly
"../ports.c", line 24: warning #161-D: declaration is incompatible with previous "Init_Port_1" (declared at line 16)
"../ports.c", line 61: warning #161-D: declaration is incompatible with previous "Init_Port_2" (declared at line 17)
"../ports.c", line 97: warning #161-D: declaration is incompatible with previous "Init_Port_3" (declared at line 18)
"../ports.c", line 139: warning #161-D: declaration is incompatible with previous "Init_Port_4" (declared at line 19)
"../ports.c", line 168: warning #161-D: declaration is incompatible with previous "Init_Port_5" (declared at line 20)
"../ports.c", line 190: warning #161-D: declaration is incompatible with previous "Init_Port_6" (declared at line 21)
Finished building: "../ports.c"
 
Building file: "../states.c"
Invoking: MSP430 Compiler
"D:/ccs/tools/compiler/ti-cgt-msp430_21.6.1.LTS/bin/cl430" -vmspx --use_hw_mpy=F5 --include_path="D:/ccs/ccs_base/msp430/include" --include_path="D:/ccs/Homework 06/Homework 06" --include_path="D:/ccs/tools/compiler/ti-cgt-msp430_21.6.1.LTS/include" --advice:power=all --advice:hw_config=all --define=__MSP430FR2355__ --define=_FRWP_ENABLE --define=_INFO_FRWP_ENABLE -g --printf_support=minimal --diag_warning=225 --diag_wrap=off --display_error_number --silicon_errata=CPU21 --silicon_errata=CPU22 --silicon_errata=CPU40 --preproc_with_compile --preproc_dependency="states.d_raw"  "../states.c"
"../states.c", line 35: warning #225-D: function "wait_case" declared implicitly
"../states.c", line 38: warning #225-D: function "start_case" declared implicitly
"../states.c", line 41: warning #225-D: function "run_case" declared implicitly
"../states.c", line 44: warning #225-D: function "end_case" declared implicitly
"../states.c", line 50: warning #161-D: declaration is incompatible with previous "start_case" (declared at line 38)
"../states.c", line 54: warning #225-D: function "moveforward" declared implicitly
"../states.c", line 59: warning #161-D: declaration is incompatible with previous "run_case" (declared at line 41)
"../states.c", line 74: warning #225-D: function "moveforward" declared implicitly
"../states.c", line 85: warning #225-D: function "wait_case" declared implicitly
"../states.c", line 86: warning #225-D: function "start_case_circle" declared implicitly
"../states.c", line 87: warning #225-D: function "run_case_circle" declared implicitly
"../states.c", line 88: warning #225-D: function "end_case" declared implicitly
"../states.c", line 93: warning #161-D: declaration is incompatible with previous "wait_case" (declared at line 35)
"../states.c", line 103: warning #161-D: declaration is incompatible with previous "start_case_circle" (declared at line 86)
"../states.c", line 107: warning #225-D: function "moveforward" declared implicitly
"../states.c", line 112: warning #161-D: declaration is incompatible with previous "run_case_circle" (declared at line 87)
"../states.c", line 133: warning #225-D: function "moveforward" declared implicitly
"../states.c", line 141: warning #161-D: declaration is incompatible with previous "end_case" (declared at line 44)
"../states.c", line 142: warning #225-D: function "stopall" declared implicitly
"../states.c", line 151: warning #225-D: function "start_case_triangle" declared implicitly
"../states.c", line 152: warning #225-D: function "run_case_triangle" declared implicitly
"../states.c", line 158: warning #161-D: declaration is incompatible with previous "start_case_triangle" (declared at line 151)
"../states.c", line 162: warning #225-D: function "moveforward" declared implicitly
"../states.c", line 169: warning #161-D: declaration is incompatible with previous "run_case_triangle" (declared at line 152)
"../states.c", line 192: warning #225-D: function "moveforward" declared implicitly
"../states.c", line 203: warning #188-D: pointless comparison of unsigned integer with zero
"../states.c", line 217: warning #225-D: function "moveforward" declared implicitly
"../states.c", line 238: warning #225-D: function "start_case_figure8" declared implicitly
"../states.c", line 239: warning #225-D: function "run_case_figure8" declared implicitly
"../states.c", line 246: warning #161-D: declaration is incompatible with previous "start_case_figure8" (declared at line 238)
"../states.c", line 250: warning #225-D: function "moveforward" declared implicitly
"../states.c", line 256: warning #161-D: declaration is incompatible with previous "run_case_figure8" (declared at line 239)
"../states.c", line 287: warning #225-D: function "moveforward" declared implicitly
"../states.c", line 298: warning #225-D: function "moveforward" declared implicitly
"../states.c", line 24: remark #1535-D: (ULP 8.1) variable "event" is used as a constant. Recommend declaring variable as either 'static const' or 'const'
Finished building: "../states.c"
 
Building file: "../switches.c"
Invoking: MSP430 Compiler
"D:/ccs/tools/compiler/ti-cgt-msp430_21.6.1.LTS/bin/cl430" -vmspx --use_hw_mpy=F5 --include_path="D:/ccs/ccs_base/msp430/include" --include_path="D:/ccs/Homework 06/Homework 06" --include_path="D:/ccs/tools/compiler/ti-cgt-msp430_21.6.1.LTS/include" --advice:power=all --advice:hw_config=all --define=__MSP430FR2355__ --define=_FRWP_ENABLE --define=_INFO_FRWP_ENABLE -g --printf_support=minimal --diag_warning=225 --diag_wrap=off --display_error_number --silicon_errata=CPU21 --silicon_errata=CPU22 --silicon_errata=CPU40 --preproc_with_compile --preproc_dependency="switches.d_raw"  "../switches.c"
Finished building: "../switches.c"
 
Building file: "../system.c"
Invoking: MSP430 Compiler
"D:/ccs/tools/compiler/ti-cgt-msp430_21.6.1.LTS/bin/cl430" -vmspx --use_hw_mpy=F5 --include_path="D:/ccs/ccs_base/msp430/include" --include_path="D:/ccs/Homework 06/Homework 06" --include_path="D:/ccs/tools/compiler/ti-cgt-msp430_21.6.1.LTS/include" --advice:power=all --advice:hw_config=all --define=__MSP430FR2355__ --define=_FRWP_ENABLE --define=_INFO_FRWP_ENABLE -g --printf_support=minimal --diag_warning=225 --diag_wrap=off --display_error_number --silicon_errata=CPU21 --silicon_errata=CPU22 --silicon_errata=CPU40 --preproc_with_compile --preproc_dependency="system.d_raw"  "../system.c"
Finished building: "../system.c"
 
Building file: "../timers.c"
Invoking: MSP430 Compiler
"D:/ccs/tools/compiler/ti-cgt-msp430_21.6.1.LTS/bin/cl430" -vmspx --use_hw_mpy=F5 --include_path="D:/ccs/ccs_base/msp430/include" --include_path="D:/ccs/Homework 06/Homework 06" --include_path="D:/ccs/tools/compiler/ti-cgt-msp430_21.6.1.LTS/include" --advice:power=all --advice:hw_config=all --define=__MSP430FR2355__ --define=_FRWP_ENABLE --define=_INFO_FRWP_ENABLE -g --printf_support=minimal --diag_warning=225 --diag_wrap=off --display_error_number --silicon_errata=CPU21 --silicon_errata=CPU22 --silicon_errata=CPU40 --preproc_with_compile --preproc_dependency="timers.d_raw"  "../timers.c"
Finished building: "../timers.c"
 
Building file: "../timers_move.c"
Invoking: MSP430 Compiler
"D:/ccs/tools/compiler/ti-cgt-msp430_21.6.1.LTS/bin/cl430" -vmspx --use_hw_mpy=F5 --include_path="D:/ccs/ccs_base/msp430/include" --include_path="D:/ccs/Homework 06/Homework 06" --include_path="D:/ccs/tools/compiler/ti-cgt-msp430_21.6.1.LTS/include" --advice:power=all --advice:hw_config=all --define=__MSP430FR2355__ --define=_FRWP_ENABLE --define=_INFO_FRWP_ENABLE -g --printf_support=minimal --diag_warning=225 --diag_wrap=off --display_error_number --silicon_errata=CPU21 --silicon_errata=CPU22 --silicon_errata=CPU40 --preproc_with_compile --preproc_dependency="timers_move.d_raw"  "../timers_move.c"
"../timers_move.c", line 57: warning #225-D: function "moveforward" declared implicitly
"../timers_move.c", line 61: warning #225-D: function "stopall" declared implicitly
"../timers_move.c", line 65: warning #225-D: function "movereverse" declared implicitly
"../timers_move.c", line 82: warning #225-D: function "spin_clockwise" declared implicitly
"../timers_move.c", line 90: warning #225-D: function "spin_counterclockwise" declared implicitly
Finished building: "../timers_move.c"
 
Building file: "../wheels.c"
Invoking: MSP430 Compiler
"D:/ccs/tools/compiler/ti-cgt-msp430_21.6.1.LTS/bin/cl430" -vmspx --use_hw_mpy=F5 --include_path="D:/ccs/ccs_base/msp430/include" --include_path="D:/ccs/Homework 06/Homework 06" --include_path="D:/ccs/tools/compiler/ti-cgt-msp430_21.6.1.LTS/include" --advice:power=all --advice:hw_config=all --define=__MSP430FR2355__ --define=_FRWP_ENABLE --define=_INFO_FRWP_ENABLE -g --printf_support=minimal --diag_warning=225 --diag_wrap=off --display_error_number --silicon_errata=CPU21 --silicon_errata=CPU22 --silicon_errata=CPU40 --preproc_with_compile --preproc_dependency="wheels.d_raw"  "../wheels.c"
Finished building: "../wheels.c"
 
Building target: "Homework 06.out"
Invoking: MSP430 Linker
"D:/ccs/tools/compiler/ti-cgt-msp430_21.6.1.LTS/bin/cl430" -vmspx --use_hw_mpy=F5 --advice:power=all --advice:hw_config=all --define=__MSP430FR2355__ --define=_FRWP_ENABLE --define=_INFO_FRWP_ENABLE -g --printf_support=minimal --diag_warning=225 --diag_wrap=off --display_error_number --silicon_errata=CPU21 --silicon_errata=CPU22 --silicon_errata=CPU40 -z -m"Homework 06.map" --heap_size=160 --stack_size=160 --cinit_hold_wdt=on -i"D:/ccs/ccs_base/msp430/include" -i"D:/ccs/ccs_base/msp430/lib/FR2xx" -i"D:/ccs/tools/compiler/ti-cgt-msp430_21.6.1.LTS/lib" -i"D:/ccs/tools/compiler/ti-cgt-msp430_21.6.1.LTS/include" --priority --reread_libs --define=_FRWP_ENABLE --define=_INFO_FRWP_ENABLE --diag_wrap=off --display_error_number --warn_sections --xml_link_info="Homework 06_linkInfo.xml" --use_hw_mpy=F5 --rom_model -o "Homework 06.out" "./Display.obj" "./clocks.obj" "./init.obj" "./interrupts_ports.obj" "./led.obj" "./main.obj" "./ports.obj" "./states.obj" "./switches.obj" "./system.obj" "./timers.obj" "./timers_move.obj" "./wheels.obj" "../Compiled/LCD.obj" "../lnk_msp430fr2355.cmd"  -lfrwp_init.a -llibc.a 
<Linking>
 
 undefined     first referenced 
  symbol           in file      
 ---------     ---------------- 
 LCD_counter   ./timers_move.obj
 timer_counter ./timers_move.obj
 
error #10234-D: unresolved symbols remain
remark #10372-D: (ULP 4.1) Detected uninitialized Port A in this project. Recommend initializing all unused ports to eliminate wasted current consumption on unused pins.
error #10010: errors encountered during linking; "Homework 06.out" not built
remark #10372-D: (ULP 4.1) Detected uninitialized Port B in this project. Recommend initializing all unused ports to eliminate wasted current consumption on unused pins.
remark #10372-D: (ULP 4.1) Detected uninitialized Port C in this project. Recommend initializing all unused ports to eliminate wasted current consumption on unused pins.
remark #10422-D: (ULP 6.2) Detected use of a device with available 32-bit hardware multiplier and not also using MSPMATHLIB library (libmath.a).  Recommend using MSPMATHLIB library (libmath.a) for improved performance.
 
>> Compilation failure
makefile:151: recipe for target 'Homework 06.out' failed
gmake[1]: *** [Homework 06.out] Error 1
makefile:147: recipe for target 'all' failed
gmake: *** [all] Error 2

**** Build Finished ****

**** Build of configuration Debug for project Homework 06 ****

"D:\\ccs\\utils\\bin\\gmake" -k -j 16 all -O 
 
Building file: "../interrupts_ports.c"
Invoking: MSP430 Compiler
"D:/ccs/tools/compiler/ti-cgt-msp430_21.6.1.LTS/bin/cl430" -vmspx --use_hw_mpy=F5 --include_path="D:/ccs/ccs_base/msp430/include" --include_path="D:/ccs/Homework 06/Homework 06" --include_path="D:/ccs/tools/compiler/ti-cgt-msp430_21.6.1.LTS/include" --advice:power=all --advice:hw_config=all --define=__MSP430FR2355__ --define=_FRWP_ENABLE --define=_INFO_FRWP_ENABLE -g --printf_support=minimal --diag_warning=225 --diag_wrap=off --display_error_number --silicon_errata=CPU21 --silicon_errata=CPU22 --silicon_errata=CPU40 --preproc_with_compile --preproc_dependency="interrupts_ports.d_raw"  "../interrupts_ports.c"
"../interrupts_ports.c", line 50: remark #1538-D: (ULP 10.1) ISR Port4_ISR calls function strcpy. Recommend moving function call away from ISR, or inlining the function, or using pragmas
"../interrupts_ports.c", line 65: remark #1538-D: (ULP 10.1) ISR Port2_ISR calls function strcpy. Recommend moving function call away from ISR, or inlining the function, or using pragmas
Finished building: "../interrupts_ports.c"
 
Building file: "../main.c"
Invoking: MSP430 Compiler
"D:/ccs/tools/compiler/ti-cgt-msp430_21.6.1.LTS/bin/cl430" -vmspx --use_hw_mpy=F5 --include_path="D:/ccs/ccs_base/msp430/include" --include_path="D:/ccs/Homework 06/Homework 06" --include_path="D:/ccs/tools/compiler/ti-cgt-msp430_21.6.1.LTS/include" --advice:power=all --advice:hw_config=all --define=__MSP430FR2355__ --define=_FRWP_ENABLE --define=_INFO_FRWP_ENABLE -g --printf_support=minimal --diag_warning=225 --diag_wrap=off --display_error_number --silicon_errata=CPU21 --silicon_errata=CPU22 --silicon_errata=CPU40 --preproc_with_compile --preproc_dependency="main.d_raw"  "../main.c"
"../main.c", line 112: warning #225-D: function "LCD_update" declared implicitly
"../main.c", line 113: warning #225-D: function "timed_moves" declared implicitly
"../main.c", line 114: warning #225-D: function "state_timer" declared implicitly
"../main.c", line 121: warning #225-D: function "Run_Circle" declared implicitly
"../main.c", line 124: warning #225-D: function "Run_Figure8" declared implicitly
"../main.c", line 127: warning #225-D: function "Run_Triangle" declared implicitly
"../main.c", line 51: remark #1535-D: (ULP 8.1) variable "wheel_move" is used as a constant. Recommend declaring variable as either 'static const' or 'const'
"../main.c", line 52: remark #1535-D: (ULP 8.1) variable "forward" is used as a constant. Recommend declaring variable as either 'static const' or 'const'
"../main.c", line 58: remark #1535-D: (ULP 8.1) variable "event" is used as a constant. Recommend declaring variable as either 'static const' or 'const'
Finished building: "../main.c"
 
Building file: "../ports.c"
Invoking: MSP430 Compiler
"D:/ccs/tools/compiler/ti-cgt-msp430_21.6.1.LTS/bin/cl430" -vmspx --use_hw_mpy=F5 --include_path="D:/ccs/ccs_base/msp430/include" --include_path="D:/ccs/Homework 06/Homework 06" --include_path="D:/ccs/tools/compiler/ti-cgt-msp430_21.6.1.LTS/include" --advice:power=all --advice:hw_config=all --define=__MSP430FR2355__ --define=_FRWP_ENABLE --define=_INFO_FRWP_ENABLE -g --printf_support=minimal --diag_warning=225 --diag_wrap=off --display_error_number --silicon_errata=CPU21 --silicon_errata=CPU22 --silicon_errata=CPU40 --preproc_with_compile --preproc_dependency="ports.d_raw"  "../ports.c"
"../ports.c", line 16: warning #225-D: function "Init_Port_1" declared implicitly
"../ports.c", line 17: warning #225-D: function "Init_Port_2" declared implicitly
"../ports.c", line 18: warning #225-D: function "Init_Port_3" declared implicitly
"../ports.c", line 19: warning #225-D: function "Init_Port_4" declared implicitly
"../ports.c", line 20: warning #225-D: function "Init_Port_5" declared implicitly
"../ports.c", line 21: warning #225-D: function "Init_Port_6" declared implicitly
"../ports.c", line 24: warning #161-D: declaration is incompatible with previous "Init_Port_1" (declared at line 16)
"../ports.c", line 61: warning #161-D: declaration is incompatible with previous "Init_Port_2" (declared at line 17)
"../ports.c", line 97: warning #161-D: declaration is incompatible with previous "Init_Port_3" (declared at line 18)
"../ports.c", line 139: warning #161-D: declaration is incompatible with previous "Init_Port_4" (declared at line 19)
"../ports.c", line 168: warning #161-D: declaration is incompatible with previous "Init_Port_5" (declared at line 20)
"../ports.c", line 190: warning #161-D: declaration is incompatible with previous "Init_Port_6" (declared at line 21)
Finished building: "../ports.c"
 
Building file: "../states.c"
Invoking: MSP430 Compiler
"D:/ccs/tools/compiler/ti-cgt-msp430_21.6.1.LTS/bin/cl430" -vmspx --use_hw_mpy=F5 --include_path="D:/ccs/ccs_base/msp430/include" --include_path="D:/ccs/Homework 06/Homework 06" --include_path="D:/ccs/tools/compiler/ti-cgt-msp430_21.6.1.LTS/include" --advice:power=all --advice:hw_config=all --define=__MSP430FR2355__ --define=_FRWP_ENABLE --define=_INFO_FRWP_ENABLE -g --printf_support=minimal --diag_warning=225 --diag_wrap=off --display_error_number --silicon_errata=CPU21 --silicon_errata=CPU22 --silicon_errata=CPU40 --preproc_with_compile --preproc_dependency="states.d_raw"  "../states.c"
"../states.c", line 35: warning #225-D: function "wait_case" declared implicitly
"../states.c", line 38: warning #225-D: function "start_case" declared implicitly
"../states.c", line 41: warning #225-D: function "run_case" declared implicitly
"../states.c", line 44: warning #225-D: function "end_case" declared implicitly
"../states.c", line 50: warning #161-D: declaration is incompatible with previous "start_case" (declared at line 38)
"../states.c", line 54: warning #225-D: function "moveforward" declared implicitly
"../states.c", line 59: warning #161-D: declaration is incompatible with previous "run_case" (declared at line 41)
"../states.c", line 74: warning #225-D: function "moveforward" declared implicitly
"../states.c", line 85: warning #225-D: function "wait_case" declared implicitly
"../states.c", line 86: warning #225-D: function "start_case_circle" declared implicitly
"../states.c", line 87: warning #225-D: function "run_case_circle" declared implicitly
"../states.c", line 88: warning #225-D: function "end_case" declared implicitly
"../states.c", line 93: warning #161-D: declaration is incompatible with previous "wait_case" (declared at line 35)
"../states.c", line 103: warning #161-D: declaration is incompatible with previous "start_case_circle" (declared at line 86)
"../states.c", line 107: warning #225-D: function "moveforward" declared implicitly
"../states.c", line 112: warning #161-D: declaration is incompatible with previous "run_case_circle" (declared at line 87)
"../states.c", line 133: warning #225-D: function "moveforward" declared implicitly
"../states.c", line 141: warning #161-D: declaration is incompatible with previous "end_case" (declared at line 44)
"../states.c", line 142: warning #225-D: function "stopall" declared implicitly
"../states.c", line 151: warning #225-D: function "start_case_triangle" declared implicitly
"../states.c", line 152: warning #225-D: function "run_case_triangle" declared implicitly
"../states.c", line 158: warning #161-D: declaration is incompatible with previous "start_case_triangle" (declared at line 151)
"../states.c", line 162: warning #225-D: function "moveforward" declared implicitly
"../states.c", line 169: warning #161-D: declaration is incompatible with previous "run_case_triangle" (declared at line 152)
"../states.c", line 192: warning #225-D: function "moveforward" declared implicitly
"../states.c", line 203: warning #188-D: pointless comparison of unsigned integer with zero
"../states.c", line 217: warning #225-D: function "moveforward" declared implicitly
"../states.c", line 238: warning #225-D: function "start_case_figure8" declared implicitly
"../states.c", line 239: warning #225-D: function "run_case_figure8" declared implicitly
"../states.c", line 246: warning #161-D: declaration is incompatible with previous "start_case_figure8" (declared at line 238)
"../states.c", line 250: warning #225-D: function "moveforward" declared implicitly
"../states.c", line 256: warning #161-D: declaration is incompatible with previous "run_case_figure8" (declared at line 239)
"../states.c", line 287: warning #225-D: function "moveforward" declared implicitly
"../states.c", line 298: warning #225-D: function "moveforward" declared implicitly
"../states.c", line 24: remark #1535-D: (ULP 8.1) variable "event" is used as a constant. Recommend declaring variable as either 'static const' or 'const'
Finished building: "../states.c"
 
Building file: "../switches.c"
Invoking: MSP430 Compiler
"D:/ccs/tools/compiler/ti-cgt-msp430_21.6.1.LTS/bin/cl430" -vmspx --use_hw_mpy=F5 --include_path="D:/ccs/ccs_base/msp430/include" --include_path="D:/ccs/Homework 06/Homework 06" --include_path="D:/ccs/tools/compiler/ti-cgt-msp430_21.6.1.LTS/include" --advice:power=all --advice:hw_config=all --define=__MSP430FR2355__ --define=_FRWP_ENABLE --define=_INFO_FRWP_ENABLE -g --printf_support=minimal --diag_warning=225 --diag_wrap=off --display_error_number --silicon_errata=CPU21 --silicon_errata=CPU22 --silicon_errata=CPU40 --preproc_with_compile --preproc_dependency="switches.d_raw"  "../switches.c"
Finished building: "../switches.c"
 
Building file: "../timers.c"
Invoking: MSP430 Compiler
"D:/ccs/tools/compiler/ti-cgt-msp430_21.6.1.LTS/bin/cl430" -vmspx --use_hw_mpy=F5 --include_path="D:/ccs/ccs_base/msp430/include" --include_path="D:/ccs/Homework 06/Homework 06" --include_path="D:/ccs/tools/compiler/ti-cgt-msp430_21.6.1.LTS/include" --advice:power=all --advice:hw_config=all --define=__MSP430FR2355__ --define=_FRWP_ENABLE --define=_INFO_FRWP_ENABLE -g --printf_support=minimal --diag_warning=225 --diag_wrap=off --display_error_number --silicon_errata=CPU21 --silicon_errata=CPU22 --silicon_errata=CPU40 --preproc_with_compile --preproc_dependency="timers.d_raw"  "../timers.c"
Finished building: "../timers.c"
 
Building file: "../wheels.c"
Invoking: MSP430 Compiler
"D:/ccs/tools/compiler/ti-cgt-msp430_21.6.1.LTS/bin/cl430" -vmspx --use_hw_mpy=F5 --include_path="D:/ccs/ccs_base/msp430/include" --include_path="D:/ccs/Homework 06/Homework 06" --include_path="D:/ccs/tools/compiler/ti-cgt-msp430_21.6.1.LTS/include" --advice:power=all --advice:hw_config=all --define=__MSP430FR2355__ --define=_FRWP_ENABLE --define=_INFO_FRWP_ENABLE -g --printf_support=minimal --diag_warning=225 --diag_wrap=off --display_error_number --silicon_errata=CPU21 --silicon_errata=CPU22 --silicon_errata=CPU40 --preproc_with_compile --preproc_dependency="wheels.d_raw"  "../wheels.c"
Finished building: "../wheels.c"
 
Building target: "Homework 06.out"
Invoking: MSP430 Linker
"D:/ccs/tools/compiler/ti-cgt-msp430_21.6.1.LTS/bin/cl430" -vmspx --use_hw_mpy=F5 --advice:power=all --advice:hw_config=all --define=__MSP430FR2355__ --define=_FRWP_ENABLE --define=_INFO_FRWP_ENABLE -g --printf_support=minimal --diag_warning=225 --diag_wrap=off --display_error_number --silicon_errata=CPU21 --silicon_errata=CPU22 --silicon_errata=CPU40 -z -m"Homework 06.map" --heap_size=160 --stack_size=160 --cinit_hold_wdt=on -i"D:/ccs/ccs_base/msp430/include" -i"D:/ccs/ccs_base/msp430/lib/FR2xx" -i"D:/ccs/tools/compiler/ti-cgt-msp430_21.6.1.LTS/lib" -i"D:/ccs/tools/compiler/ti-cgt-msp430_21.6.1.LTS/include" --priority --reread_libs --define=_FRWP_ENABLE --define=_INFO_FRWP_ENABLE --diag_wrap=off --display_error_number --warn_sections --xml_link_info="Homework 06_linkInfo.xml" --use_hw_mpy=F5 --rom_model -o "Homework 06.out" "./Display.obj" "./clocks.obj" "./init.obj" "./interrupts_ports.obj" "./led.obj" "./main.obj" "./ports.obj" "./states.obj" "./switches.obj" "./system.obj" "./timers.obj" "./timers_move.obj" "./wheels.obj" "../Compiled/LCD.obj" "../lnk_msp430fr2355.cmd"  -lfrwp_init.a -llibc.a 
<Linking>
 
 undefined     first referenced 
  symbol           in file      
 ---------     ---------------- 
 LCD_counter   ./timers_move.obj
 timer_counter ./timers_move.obj
 
error #10234-D: unresolved symbols remain
remark #10372-D: (ULP 4.1) Detected uninitialized Port A in this project. Recommend initializing all unused ports to eliminate wasted current consumption on unused pins.
error #10010: errors encountered during linking; "Homework 06.out" not built
remark #10372-D: (ULP 4.1) Detected uninitialized Port B in this project. Recommend initializing all unused ports to eliminate wasted current consumption on unused pins.
remark #10372-D: (ULP 4.1) Detected uninitialized Port C in this project. Recommend initializing all unused ports to eliminate wasted current consumption on unused pins.
remark #10422-D: (ULP 6.2) Detected use of a device with available 32-bit hardware multiplier and not also using MSPMATHLIB library (libmath.a).  Recommend using MSPMATHLIB library (libmath.a) for improved performance.
 
>> Compilation failure
makefile:151: recipe for target 'Homework 06.out' failed
gmake[1]: *** [Homework 06.out] Error 1
makefile:147: recipe for target 'all' failed
gmake: *** [all] Error 2

**** Build Finished ****

**** Build of configuration Debug for project Homework 06 ****

"D:\\ccs\\utils\\bin\\gmake" -k -j 16 all -O 
 
Building file: "../timers_move.c"
Invoking: MSP430 Compiler
"D:/ccs/tools/compiler/ti-cgt-msp430_21.6.1.LTS/bin/cl430" -vmspx --use_hw_mpy=F5 --include_path="D:/ccs/ccs_base/msp430/include" --include_path="D:/ccs/Homework 06/Homework 06" --include_path="D:/ccs/tools/compiler/ti-cgt-msp430_21.6.1.LTS/include" --advice:power=all --advice:hw_config=all --define=__MSP430FR2355__ --define=_FRWP_ENABLE --define=_INFO_FRWP_ENABLE -g --printf_support=minimal --diag_warning=225 --diag_wrap=off --display_error_number --silicon_errata=CPU21 --silicon_errata=CPU22 --silicon_errata=CPU40 --preproc_with_compile --preproc_dependency="timers_move.d_raw"  "../timers_move.c"
"../timers_move.c", line 57: warning #225-D: function "moveforward" declared implicitly
"../timers_move.c", line 61: warning #225-D: function "stopall" declared implicitly
"../timers_move.c", line 65: warning #225-D: function "movereverse" declared implicitly
"../timers_move.c", line 82: warning #225-D: function "spin_clockwise" declared implicitly
"../timers_move.c", line 90: warning #225-D: function "spin_counterclockwise" declared implicitly
Finished building: "../timers_move.c"
 
Building target: "Homework 06.out"
Invoking: MSP430 Linker
"D:/ccs/tools/compiler/ti-cgt-msp430_21.6.1.LTS/bin/cl430" -vmspx --use_hw_mpy=F5 --advice:power=all --advice:hw_config=all --define=__MSP430FR2355__ --define=_FRWP_ENABLE --define=_INFO_FRWP_ENABLE -g --printf_support=minimal --diag_warning=225 --diag_wrap=off --display_error_number --silicon_errata=CPU21 --silicon_errata=CPU22 --silicon_errata=CPU40 -z -m"Homework 06.map" --heap_size=160 --stack_size=160 --cinit_hold_wdt=on -i"D:/ccs/ccs_base/msp430/include" -i"D:/ccs/ccs_base/msp430/lib/FR2xx" -i"D:/ccs/tools/compiler/ti-cgt-msp430_21.6.1.LTS/lib" -i"D:/ccs/tools/compiler/ti-cgt-msp430_21.6.1.LTS/include" --priority --reread_libs --define=_FRWP_ENABLE --define=_INFO_FRWP_ENABLE --diag_wrap=off --display_error_number --warn_sections --xml_link_info="Homework 06_linkInfo.xml" --use_hw_mpy=F5 --rom_model -o "Homework 06.out" "./Display.obj" "./clocks.obj" "./init.obj" "./interrupts_ports.obj" "./led.obj" "./main.obj" "./ports.obj" "./states.obj" "./switches.obj" "./system.obj" "./timers.obj" "./timers_move.obj" "./wheels.obj" "../Compiled/LCD.obj" "../lnk_msp430fr2355.cmd"  -lfrwp_init.a -llibc.a 
<Linking>
 
 undefined     first referenced 
  symbol           in file      
 ---------     ---------------- 
 timer_counter ./timers_move.obj
 
error #10234-D: unresolved symbols remain
error #10010: errors encountered during linking; "Homework 06.out" not built
remark #10372-D: (ULP 4.1) Detected uninitialized Port A in this project. Recommend initializing all unused ports to eliminate wasted current consumption on unused pins.
remark #10372-D: (ULP 4.1) Detected uninitialized Port B in this project. Recommend initializing all unused ports to eliminate wasted current consumption on unused pins.
remark #10372-D: (ULP 4.1) Detected uninitialized Port C in this project. Recommend initializing all unused ports to eliminate wasted current consumption on unused pins.
remark #10422-D: (ULP 6.2) Detected use of a device with available 32-bit hardware multiplier and not also using MSPMATHLIB library (libmath.a).  Recommend using MSPMATHLIB library (libmath.a) for improved performance.
 
>> Compilation failure
makefile:151: recipe for target 'Homework 06.out' failed
gmake[1]: *** [Homework 06.out] Error 1
makefile:147: recipe for target 'all' failed
gmake: *** [all] Error 2

**** Build Finished ****

**** Build of configuration Debug for project Homework 06 ****

"D:\\ccs\\utils\\bin\\gmake" -k -j 16 all -O 
 
Building target: "Homework 06.out"
Invoking: MSP430 Linker
"D:/ccs/tools/compiler/ti-cgt-msp430_21.6.1.LTS/bin/cl430" -vmspx --use_hw_mpy=F5 --advice:power=all --advice:hw_config=all --define=__MSP430FR2355__ --define=_FRWP_ENABLE --define=_INFO_FRWP_ENABLE -g --printf_support=minimal --diag_warning=225 --diag_wrap=off --display_error_number --silicon_errata=CPU21 --silicon_errata=CPU22 --silicon_errata=CPU40 -z -m"Homework 06.map" --heap_size=160 --stack_size=160 --cinit_hold_wdt=on -i"D:/ccs/ccs_base/msp430/include" -i"D:/ccs/ccs_base/msp430/lib/FR2xx" -i"D:/ccs/tools/compiler/ti-cgt-msp430_21.6.1.LTS/lib" -i"D:/ccs/tools/compiler/ti-cgt-msp430_21.6.1.LTS/include" --priority --reread_libs --define=_FRWP_ENABLE --define=_INFO_FRWP_ENABLE --diag_wrap=off --display_error_number --warn_sections --xml_link_info="Homework 06_linkInfo.xml" --use_hw_mpy=F5 --rom_model -o "Homework 06.out" "./Display.obj" "./clocks.obj" "./init.obj" "./interrupts_ports.obj" "./led.obj" "./main.obj" "./ports.obj" "./states.obj" "./switches.obj" "./system.obj" "./timers.obj" "./timers_move.obj" "./wheels.obj" "../Compiled/LCD.obj" "../lnk_msp430fr2355.cmd"  -lfrwp_init.a -llibc.a 
<Linking>
 
 undefined     first referenced 
  symbol           in file      
remark #10372-D: (ULP 4.1) Detected uninitialized Port A in this project. Recommend initializing all unused ports to eliminate wasted current consumption on unused pins.
 ---------     ---------------- 
remark #10372-D: (ULP 4.1) Detected uninitialized Port B in this project. Recommend initializing all unused ports to eliminate wasted current consumption on unused pins.
remark #10372-D: (ULP 4.1) Detected uninitialized Port C in this project. Recommend initializing all unused ports to eliminate wasted current consumption on unused pins.
remark #10422-D: (ULP 6.2) Detected use of a device with available 32-bit hardware multiplier and not also using MSPMATHLIB library (libmath.a).  Recommend using MSPMATHLIB library (libmath.a) for improved performance.
 
>> Compilation failure
makefile:151: recipe for target 'Homework 06.out' failed
 timer_counter ./timers_move.obj
 
error #10234-D: unresolved symbols remain
error #10010: errors encountered during linking; "Homework 06.out" not built
gmake[1]: *** [Homework 06.out] Error 1
makefile:147: recipe for target 'all' failed
gmake: *** [all] Error 2

**** Build Finished ****

**** Build of configuration Debug for project Homework 06 ****

"D:\\ccs\\utils\\bin\\gmake" -k -j 16 all -O 
 
Building target: "Homework 06.out"
Invoking: MSP430 Linker
"D:/ccs/tools/compiler/ti-cgt-msp430_21.6.1.LTS/bin/cl430" -vmspx --use_hw_mpy=F5 --advice:power=all --advice:hw_config=all --define=__MSP430FR2355__ --define=_FRWP_ENABLE --define=_INFO_FRWP_ENABLE -g --printf_support=minimal --diag_warning=225 --diag_wrap=off --display_error_number --silicon_errata=CPU21 --silicon_errata=CPU22 --silicon_errata=CPU40 -z -m"Homework 06.map" --heap_size=160 --stack_size=160 --cinit_hold_wdt=on -i"D:/ccs/ccs_base/msp430/include" -i"D:/ccs/ccs_base/msp430/lib/FR2xx" -i"D:/ccs/tools/compiler/ti-cgt-msp430_21.6.1.LTS/lib" -i"D:/ccs/tools/compiler/ti-cgt-msp430_21.6.1.LTS/include" --priority --reread_libs --define=_FRWP_ENABLE --define=_INFO_FRWP_ENABLE --diag_wrap=off --display_error_number --warn_sections --xml_link_info="Homework 06_linkInfo.xml" --use_hw_mpy=F5 --rom_model -o "Homework 06.out" "./Display.obj" "./clocks.obj" "./init.obj" "./interrupts_ports.obj" "./led.obj" "./main.obj" "./ports.obj" "./states.obj" "./switches.obj" "./system.obj" "./timers.obj" "./timers_move.obj" "./wheels.obj" "../Compiled/LCD.obj" "../lnk_msp430fr2355.cmd"  -lfrwp_init.a -llibc.a 
<Linking>
 
 undefined     first referenced 
  symbol           in file      
 ---------     ---------------- 
 timer_counter ./timers_move.obj
 
error #10234-D: unresolved symbols remain
error #10010: errors encountered during linking; "Homework 06.out" not built
remark #10372-D: (ULP 4.1) Detected uninitialized Port A in this project. Recommend initializing all unused ports to eliminate wasted current consumption on unused pins.
remark #10372-D: (ULP 4.1) Detected uninitialized Port B in this project. Recommend initializing all unused ports to eliminate wasted current consumption on unused pins.
remark #10372-D: (ULP 4.1) Detected uninitialized Port C in this project. Recommend initializing all unused ports to eliminate wasted current consumption on unused pins.
remark #10422-D: (ULP 6.2) Detected use of a device with available 32-bit hardware multiplier and not also using MSPMATHLIB library (libmath.a).  Recommend using MSPMATHLIB library (libmath.a) for improved performance.
 
>> Compilation failure
makefile:151: recipe for target 'Homework 06.out' failed
gmake[1]: *** [Homework 06.out] Error 1
makefile:147: recipe for target 'all' failed
gmake: *** [all] Error 2

**** Build Finished ****

**** Build of configuration Debug for project Homework 06 ****

"D:\\ccs\\utils\\bin\\gmake" -k -j 16 all -O 
 
Building file: "../timers_move.c"
Invoking: MSP430 Compiler
"D:/ccs/tools/compiler/ti-cgt-msp430_21.6.1.LTS/bin/cl430" -vmspx --use_hw_mpy=F5 --include_path="D:/ccs/ccs_base/msp430/include" --include_path="D:/ccs/Homework 06/Homework 06" --include_path="D:/ccs/tools/compiler/ti-cgt-msp430_21.6.1.LTS/include" --advice:power=all --advice:hw_config=all --define=__MSP430FR2355__ --define=_FRWP_ENABLE --define=_INFO_FRWP_ENABLE -g --printf_support=minimal --diag_warning=225 --diag_wrap=off --display_error_number --silicon_errata=CPU21 --silicon_errata=CPU22 --silicon_errata=CPU40 --preproc_with_compile --preproc_dependency="timers_move.d_raw"  "../timers_move.c"
"../timers_move.c", line 57: warning #225-D: function "moveforward" declared implicitly
"../timers_move.c", line 61: warning #225-D: function "stopall" declared implicitly
"../timers_move.c", line 65: warning #225-D: function "movereverse" declared implicitly
"../timers_move.c", line 82: warning #225-D: function "spin_clockwise" declared implicitly
"../timers_move.c", line 90: warning #225-D: function "spin_counterclockwise" declared implicitly
Finished building: "../timers_move.c"
 
Building target: "Homework 06.out"
Invoking: MSP430 Linker
"D:/ccs/tools/compiler/ti-cgt-msp430_21.6.1.LTS/bin/cl430" -vmspx --use_hw_mpy=F5 --advice:power=all --advice:hw_config=all --define=__MSP430FR2355__ --define=_FRWP_ENABLE --define=_INFO_FRWP_ENABLE -g --printf_support=minimal --diag_warning=225 --diag_wrap=off --display_error_number --silicon_errata=CPU21 --silicon_errata=CPU22 --silicon_errata=CPU40 -z -m"Homework 06.map" --heap_size=160 --stack_size=160 --cinit_hold_wdt=on -i"D:/ccs/ccs_base/msp430/include" -i"D:/ccs/ccs_base/msp430/lib/FR2xx" -i"D:/ccs/tools/compiler/ti-cgt-msp430_21.6.1.LTS/lib" -i"D:/ccs/tools/compiler/ti-cgt-msp430_21.6.1.LTS/include" --priority --reread_libs --define=_FRWP_ENABLE --define=_INFO_FRWP_ENABLE --diag_wrap=off --display_error_number --warn_sections --xml_link_info="Homework 06_linkInfo.xml" --use_hw_mpy=F5 --rom_model -o "Homework 06.out" "./Display.obj" "./clocks.obj" "./init.obj" "./interrupts_ports.obj" "./led.obj" "./main.obj" "./ports.obj" "./states.obj" "./switches.obj" "./system.obj" "./timers.obj" "./timers_move.obj" "./wheels.obj" "../Compiled/LCD.obj" "../lnk_msp430fr2355.cmd"  -lfrwp_init.a -llibc.a 
<Linking>
remark #10372-D: (ULP 4.1) Detected uninitialized Port A in this project. Recommend initializing all unused ports to eliminate wasted current consumption on unused pins.
remark #10372-D: (ULP 4.1) Detected uninitialized Port B in this project. Recommend initializing all unused ports to eliminate wasted current consumption on unused pins.
remark #10372-D: (ULP 4.1) Detected uninitialized Port C in this project. Recommend initializing all unused ports to eliminate wasted current consumption on unused pins.
remark #10422-D: (ULP 6.2) Detected use of a device with available 32-bit hardware multiplier and not also using MSPMATHLIB library (libmath.a).  Recommend using MSPMATHLIB library (libmath.a) for improved performance.
Finished building target: "Homework 06.out"
 

**** Build Finished ****

**** Build of configuration Debug for project Homework 06 ****

"D:\\ccs\\utils\\bin\\gmake" -k -j 16 all -O 
 
gmake[1]: 'Homework 06.out' is up to date.

**** Build Finished ****

**** Build of configuration Debug for project Homework 06 ****

"D:\\ccs\\utils\\bin\\gmake" -k -j 16 all -O 
 
Building file: "../switches.c"
Invoking: MSP430 Compiler
"D:/ccs/tools/compiler/ti-cgt-msp430_21.6.1.LTS/bin/cl430" -vmspx --use_hw_mpy=F5 --include_path="D:/ccs/ccs_base/msp430/include" --include_path="D:/ccs/Homework 06/Homework 06" --include_path="D:/ccs/tools/compiler/ti-cgt-msp430_21.6.1.LTS/include" --advice:power=all --advice:hw_config=all --define=__MSP430FR2355__ --define=_FRWP_ENABLE --define=_INFO_FRWP_ENABLE -g --printf_support=minimal --diag_warning=225 --diag_wrap=off --display_error_number --silicon_errata=CPU21 --silicon_errata=CPU22 --silicon_errata=CPU40 --preproc_with_compile --preproc_dependency="switches.d_raw"  "../switches.c"
"../switches.c", line 28: remark #1535-D: (ULP 8.1) variable "shapes_menu" is used as a constant. Recommend declaring variable as either 'static const' or 'const'
Finished building: "../switches.c"
 
Building target: "Homework 06.out"
Invoking: MSP430 Linker
"D:/ccs/tools/compiler/ti-cgt-msp430_21.6.1.LTS/bin/cl430" -vmspx --use_hw_mpy=F5 --advice:power=all --advice:hw_config=all --define=__MSP430FR2355__ --define=_FRWP_ENABLE --define=_INFO_FRWP_ENABLE -g --printf_support=minimal --diag_warning=225 --diag_wrap=off --display_error_number --silicon_errata=CPU21 --silicon_errata=CPU22 --silicon_errata=CPU40 -z -m"Homework 06.map" --heap_size=160 --stack_size=160 --cinit_hold_wdt=on -i"D:/ccs/ccs_base/msp430/include" -i"D:/ccs/ccs_base/msp430/lib/FR2xx" -i"D:/ccs/tools/compiler/ti-cgt-msp430_21.6.1.LTS/lib" -i"D:/ccs/tools/compiler/ti-cgt-msp430_21.6.1.LTS/include" --priority --reread_libs --define=_FRWP_ENABLE --define=_INFO_FRWP_ENABLE --diag_wrap=off --display_error_number --warn_sections --xml_link_info="Homework 06_linkInfo.xml" --use_hw_mpy=F5 --rom_model -o "Homework 06.out" "./Display.obj" "./clocks.obj" "./init.obj" "./interrupts_ports.obj" "./led.obj" "./main.obj" "./ports.obj" "./states.obj" "./switches.obj" "./system.obj" "./timers.obj" "./timers_move.obj" "./wheels.obj" "../Compiled/LCD.obj" "../lnk_msp430fr2355.cmd"  -lfrwp_init.a -llibc.a 
<Linking>
remark #10372-D: (ULP 4.1) Detected uninitialized Port A in this project. Recommend initializing all unused ports to eliminate wasted current consumption on unused pins.
remark #10372-D: (ULP 4.1) Detected uninitialized Port B in this project. Recommend initializing all unused ports to eliminate wasted current consumption on unused pins.
remark #10372-D: (ULP 4.1) Detected uninitialized Port C in this project. Recommend initializing all unused ports to eliminate wasted current consumption on unused pins.
remark #10422-D: (ULP 6.2) Detected use of a device with available 32-bit hardware multiplier and not also using MSPMATHLIB library (libmath.a).  Recommend using MSPMATHLIB library (libmath.a) for improved performance.
Finished building target: "Homework 06.out"
 

**** Build Finished ****

**** Build of configuration Debug for project Homework 06 ****

"D:\\ccs\\utils\\bin\\gmake" -k -j 16 all -O 
 
Building file: "../interrupts_ports.c"
Invoking: MSP430 Compiler
"D:/ccs/tools/compiler/ti-cgt-msp430_21.6.1.LTS/bin/cl430" -vmspx --use_hw_mpy=F5 --include_path="D:/ccs/ccs_base/msp430/include" --include_path="D:/ccs/Homework 06/Homework 06" --include_path="D:/ccs/tools/compiler/ti-cgt-msp430_21.6.1.LTS/include" --advice:power=all --advice:hw_config=all --define=__MSP430FR2355__ --define=_FRWP_ENABLE --define=_INFO_FRWP_ENABLE -g --printf_support=minimal --diag_warning=225 --diag_wrap=off --display_error_number --silicon_errata=CPU21 --silicon_errata=CPU22 --silicon_errata=CPU40 --preproc_with_compile --preproc_dependency="interrupts_ports.d_raw"  "../interrupts_ports.c"
 
>> Compilation failure
subdir_rules.mk:9: recipe for target 'interrupts_ports.obj' failed
"../interrupts_ports.c", line 44: error #20: identifier "debounce_SW1" is undefined
"../interrupts_ports.c", line 45: error #20: identifier "debounce_count_SW1" is undefined
"../interrupts_ports.c", line 48: remark #1538-D: (ULP 10.1) ISR Port4_ISR calls function strcpy. Recommend moving function call away from ISR, or inlining the function, or using pragmas
"../interrupts_ports.c", line 61: error #20: identifier "debounce_SW2" is undefined
"../interrupts_ports.c", line 62: error #20: identifier "debounce_count_SW2" is undefined
"../interrupts_ports.c", line 65: remark #1538-D: (ULP 10.1) ISR Port2_ISR calls function strcpy. Recommend moving function call away from ISR, or inlining the function, or using pragmas
4 errors detected in the compilation of "../interrupts_ports.c".
gmake: *** [interrupts_ports.obj] Error 1
Building file: "../ports.c"
Invoking: MSP430 Compiler
"D:/ccs/tools/compiler/ti-cgt-msp430_21.6.1.LTS/bin/cl430" -vmspx --use_hw_mpy=F5 --include_path="D:/ccs/ccs_base/msp430/include" --include_path="D:/ccs/Homework 06/Homework 06" --include_path="D:/ccs/tools/compiler/ti-cgt-msp430_21.6.1.LTS/include" --advice:power=all --advice:hw_config=all --define=__MSP430FR2355__ --define=_FRWP_ENABLE --define=_INFO_FRWP_ENABLE -g --printf_support=minimal --diag_warning=225 --diag_wrap=off --display_error_number --silicon_errata=CPU21 --silicon_errata=CPU22 --silicon_errata=CPU40 --preproc_with_compile --preproc_dependency="ports.d_raw"  "../ports.c"
"../ports.c", line 16: warning #225-D: function "Init_Port_1" declared implicitly
"../ports.c", line 17: warning #225-D: function "Init_Port_2" declared implicitly
"../ports.c", line 18: warning #225-D: function "Init_Port_3" declared implicitly
"../ports.c", line 19: warning #225-D: function "Init_Port_4" declared implicitly
"../ports.c", line 20: warning #225-D: function "Init_Port_5" declared implicitly
"../ports.c", line 21: warning #225-D: function "Init_Port_6" declared implicitly
"../ports.c", line 24: warning #161-D: declaration is incompatible with previous "Init_Port_1" (declared at line 16)
"../ports.c", line 61: warning #161-D: declaration is incompatible with previous "Init_Port_2" (declared at line 17)
"../ports.c", line 104: warning #161-D: declaration is incompatible with previous "Init_Port_3" (declared at line 18)
"../ports.c", line 146: warning #161-D: declaration is incompatible with previous "Init_Port_4" (declared at line 19)
"../ports.c", line 183: warning #161-D: declaration is incompatible with previous "Init_Port_5" (declared at line 20)
"../ports.c", line 205: warning #161-D: declaration is incompatible with previous "Init_Port_6" (declared at line 21)
Finished building: "../ports.c"
 
gmake: Target 'all' not remade because of errors.

**** Build Finished ****

**** Build of configuration Debug for project Homework 06 ****

"D:\\ccs\\utils\\bin\\gmake" -k -j 16 all -O 
 
Building file: "../interrupts_ports.c"
Invoking: MSP430 Compiler
"D:/ccs/tools/compiler/ti-cgt-msp430_21.6.1.LTS/bin/cl430" -vmspx --use_hw_mpy=F5 --include_path="D:/ccs/ccs_base/msp430/include" --include_path="D:/ccs/Homework 06/Homework 06" --include_path="D:/ccs/tools/compiler/ti-cgt-msp430_21.6.1.LTS/include" --advice:power=all --advice:hw_config=all --define=__MSP430FR2355__ --define=_FRWP_ENABLE --define=_INFO_FRWP_ENABLE -g --printf_support=minimal --diag_warning=225 --diag_wrap=off --display_error_number --silicon_errata=CPU21 --silicon_errata=CPU22 --silicon_errata=CPU40 --preproc_with_compile --preproc_dependency="interrupts_ports.d_raw"  "../interrupts_ports.c"
 
>> Compilation failure
subdir_rules.mk:9: recipe for target 'interrupts_ports.obj' failed
"../interrupts_ports.c", line 44: error #20: identifier "debounce_SW1" is undefined
"../interrupts_ports.c", line 45: error #20: identifier "debounce_count_SW1" is undefined
"../interrupts_ports.c", line 48: remark #1538-D: (ULP 10.1) ISR Port4_ISR calls function strcpy. Recommend moving function call away from ISR, or inlining the function, or using pragmas
"../interrupts_ports.c", line 61: error #20: identifier "debounce_SW2" is undefined
"../interrupts_ports.c", line 62: error #20: identifier "debounce_count_SW2" is undefined
"../interrupts_ports.c", line 65: remark #1538-D: (ULP 10.1) ISR Port2_ISR calls function strcpy. Recommend moving function call away from ISR, or inlining the function, or using pragmas
4 errors detected in the compilation of "../interrupts_ports.c".
gmake: *** [interrupts_ports.obj] Error 1
gmake: Target 'all' not remade because of errors.

**** Build Finished ****

**** Build of configuration Debug for project Homework 06 ****

"D:\\ccs\\utils\\bin\\gmake" -k -j 16 all -O 
 
Building file: "../interrupts_ports.c"
Invoking: MSP430 Compiler
"D:/ccs/tools/compiler/ti-cgt-msp430_21.6.1.LTS/bin/cl430" -vmspx --use_hw_mpy=F5 --include_path="D:/ccs/ccs_base/msp430/include" --include_path="D:/ccs/Homework 06/Homework 06" --include_path="D:/ccs/tools/compiler/ti-cgt-msp430_21.6.1.LTS/include" --advice:power=all --advice:hw_config=all --define=__MSP430FR2355__ --define=_FRWP_ENABLE --define=_INFO_FRWP_ENABLE -g --printf_support=minimal --diag_warning=225 --diag_wrap=off --display_error_number --silicon_errata=CPU21 --silicon_errata=CPU22 --silicon_errata=CPU40 --preproc_with_compile --preproc_dependency="interrupts_ports.d_raw"  "../interrupts_ports.c"
 
>> Compilation failure
subdir_rules.mk:9: recipe for target 'interrupts_ports.obj' failed
"../interrupts_ports.c", line 44: error #20: identifier "debounce_SW1" is undefined
"../interrupts_ports.c", line 45: error #20: identifier "debounce_count_SW1" is undefined
"../interrupts_ports.c", line 48: remark #1538-D: (ULP 10.1) ISR Port4_ISR calls function strcpy. Recommend moving function call away from ISR, or inlining the function, or using pragmas
"../interrupts_ports.c", line 61: error #20: identifier "debounce_SW2" is undefined
"../interrupts_ports.c", line 62: error #20: identifier "debounce_count_SW2" is undefined
"../interrupts_ports.c", line 65: remark #1538-D: (ULP 10.1) ISR Port2_ISR calls function strcpy. Recommend moving function call away from ISR, or inlining the function, or using pragmas
4 errors detected in the compilation of "../interrupts_ports.c".
gmake: *** [interrupts_ports.obj] Error 1
gmake: Target 'all' not remade because of errors.

**** Build Finished ****

**** Build of configuration Debug for project Homework 06 ****

"D:\\ccs\\utils\\bin\\gmake" -k -j 16 all -O 
 
Building file: "../interrupts_ports.c"
Invoking: MSP430 Compiler
"D:/ccs/tools/compiler/ti-cgt-msp430_21.6.1.LTS/bin/cl430" -vmspx --use_hw_mpy=F5 --include_path="D:/ccs/ccs_base/msp430/include" --include_path="D:/ccs/Homework 06/Homework 06" --include_path="D:/ccs/tools/compiler/ti-cgt-msp430_21.6.1.LTS/include" --advice:power=all --advice:hw_config=all --define=__MSP430FR2355__ --define=_FRWP_ENABLE --define=_INFO_FRWP_ENABLE -g --printf_support=minimal --diag_warning=225 --diag_wrap=off --display_error_number --silicon_errata=CPU21 --silicon_errata=CPU22 --silicon_errata=CPU40 --preproc_with_compile --preproc_dependency="interrupts_ports.d_raw"  "../interrupts_ports.c"
 
>> Compilation failure
subdir_rules.mk:9: recipe for target 'interrupts_ports.obj' failed
"../interrupts_ports.c", line 44: error #20: identifier "debounce_SW1" is undefined
"../interrupts_ports.c", line 45: error #20: identifier "debounce_count_SW1" is undefined
"../interrupts_ports.c", line 48: remark #1538-D: (ULP 10.1) ISR Port4_ISR calls function strcpy. Recommend moving function call away from ISR, or inlining the function, or using pragmas
"../interrupts_ports.c", line 61: error #20: identifier "debounce_SW2" is undefined
"../interrupts_ports.c", line 62: error #20: identifier "debounce_count_SW2" is undefined
"../interrupts_ports.c", line 65: remark #1538-D: (ULP 10.1) ISR Port2_ISR calls function strcpy. Recommend moving function call away from ISR, or inlining the function, or using pragmas
4 errors detected in the compilation of "../interrupts_ports.c".
gmake: *** [interrupts_ports.obj] Error 1
gmake: Target 'all' not remade because of errors.

**** Build Finished ****

**** Build of configuration Debug for project Homework 06 ****

"D:\\ccs\\utils\\bin\\gmake" -k -j 16 all -O 
 
Building file: "../interrupts_ports.c"
Invoking: MSP430 Compiler
"D:/ccs/tools/compiler/ti-cgt-msp430_21.6.1.LTS/bin/cl430" -vmspx --use_hw_mpy=F5 --include_path="D:/ccs/ccs_base/msp430/include" --include_path="D:/ccs/Homework 06/Homework 06" --include_path="D:/ccs/tools/compiler/ti-cgt-msp430_21.6.1.LTS/include" --advice:power=all --advice:hw_config=all --define=__MSP430FR2355__ --define=_FRWP_ENABLE --define=_INFO_FRWP_ENABLE -g --printf_support=minimal --diag_warning=225 --diag_wrap=off --display_error_number --silicon_errata=CPU21 --silicon_errata=CPU22 --silicon_errata=CPU40 --preproc_with_compile --preproc_dependency="interrupts_ports.d_raw"  "../interrupts_ports.c"
 
>> Compilation failure
subdir_rules.mk:9: recipe for target 'interrupts_ports.obj' failed
"../interrupts_ports.c", line 44: error #20: identifier "debounce_SW1" is undefined
"../interrupts_ports.c", line 45: error #20: identifier "debounce_count_SW1" is undefined
"../interrupts_ports.c", line 48: remark #1538-D: (ULP 10.1) ISR Port4_ISR calls function strcpy. Recommend moving function call away from ISR, or inlining the function, or using pragmas
"../interrupts_ports.c", line 61: error #20: identifier "debounce_SW2" is undefined
"../interrupts_ports.c", line 62: error #20: identifier "debounce_count_SW2" is undefined
"../interrupts_ports.c", line 65: remark #1538-D: (ULP 10.1) ISR Port2_ISR calls function strcpy. Recommend moving function call away from ISR, or inlining the function, or using pragmas
4 errors detected in the compilation of "../interrupts_ports.c".
gmake: *** [interrupts_ports.obj] Error 1
gmake: Target 'all' not remade because of errors.

**** Build Finished ****

**** Build of configuration Debug for project Homework 06 ****

"D:\\ccs\\utils\\bin\\gmake" -k -j 16 all -O 
 
Building file: "../interrupts_ports.c"
Invoking: MSP430 Compiler
"D:/ccs/tools/compiler/ti-cgt-msp430_21.6.1.LTS/bin/cl430" -vmspx --use_hw_mpy=F5 --include_path="D:/ccs/ccs_base/msp430/include" --include_path="D:/ccs/Homework 06/Homework 06" --include_path="D:/ccs/tools/compiler/ti-cgt-msp430_21.6.1.LTS/include" --advice:power=all --advice:hw_config=all --define=__MSP430FR2355__ --define=_FRWP_ENABLE --define=_INFO_FRWP_ENABLE -g --printf_support=minimal --diag_warning=225 --diag_wrap=off --display_error_number --silicon_errata=CPU21 --silicon_errata=CPU22 --silicon_errata=CPU40 --preproc_with_compile --preproc_dependency="interrupts_ports.d_raw"  "../interrupts_ports.c"
 
>> Compilation failure
subdir_rules.mk:9: recipe for target 'interrupts_ports.obj' failed
"../interrupts_ports.c", line 44: error #20: identifier "debounce_SW1" is undefined
"../interrupts_ports.c", line 45: error #20: identifier "debounce_count_SW1" is undefined
"../interrupts_ports.c", line 48: remark #1538-D: (ULP 10.1) ISR Port4_ISR calls function strcpy. Recommend moving function call away from ISR, or inlining the function, or using pragmas
"../interrupts_ports.c", line 61: error #20: identifier "debounce_SW2" is undefined
"../interrupts_ports.c", line 62: error #20: identifier "debounce_count_SW2" is undefined
"../interrupts_ports.c", line 65: remark #1538-D: (ULP 10.1) ISR Port2_ISR calls function strcpy. Recommend moving function call away from ISR, or inlining the function, or using pragmas
4 errors detected in the compilation of "../interrupts_ports.c".
gmake: *** [interrupts_ports.obj] Error 1
Building file: "../timers.c"
Invoking: MSP430 Compiler
"D:/ccs/tools/compiler/ti-cgt-msp430_21.6.1.LTS/bin/cl430" -vmspx --use_hw_mpy=F5 --include_path="D:/ccs/ccs_base/msp430/include" --include_path="D:/ccs/Homework 06/Homework 06" --include_path="D:/ccs/tools/compiler/ti-cgt-msp430_21.6.1.LTS/include" --advice:power=all --advice:hw_config=all --define=__MSP430FR2355__ --define=_FRWP_ENABLE --define=_INFO_FRWP_ENABLE -g --printf_support=minimal --diag_warning=225 --diag_wrap=off --display_error_number --silicon_errata=CPU21 --silicon_errata=CPU22 --silicon_errata=CPU40 --preproc_with_compile --preproc_dependency="timers.d_raw"  "../timers.c"
Finished building: "../timers.c"
 
gmake: Target 'all' not remade because of errors.

**** Build Finished ****

**** Build of configuration Debug for project Homework 06 ****

"D:\\ccs\\utils\\bin\\gmake" -k -j 16 all -O 
 
Building file: "../interrupts_ports.c"
Invoking: MSP430 Compiler
"D:/ccs/tools/compiler/ti-cgt-msp430_21.6.1.LTS/bin/cl430" -vmspx --use_hw_mpy=F5 --include_path="D:/ccs/ccs_base/msp430/include" --include_path="D:/ccs/Homework 06/Homework 06" --include_path="D:/ccs/tools/compiler/ti-cgt-msp430_21.6.1.LTS/include" --advice:power=all --advice:hw_config=all --define=__MSP430FR2355__ --define=_FRWP_ENABLE --define=_INFO_FRWP_ENABLE -g --printf_support=minimal --diag_warning=225 --diag_wrap=off --display_error_number --silicon_errata=CPU21 --silicon_errata=CPU22 --silicon_errata=CPU40 --preproc_with_compile --preproc_dependency="interrupts_ports.d_raw"  "../interrupts_ports.c"
 
>> Compilation failure
subdir_rules.mk:9: recipe for target 'interrupts_ports.obj' failed
"../interrupts_ports.c", line 44: error #20: identifier "debounce_SW1" is undefined
"../interrupts_ports.c", line 45: error #20: identifier "debounce_count_SW1" is undefined
"../interrupts_ports.c", line 48: remark #1538-D: (ULP 10.1) ISR Port4_ISR calls function strcpy. Recommend moving function call away from ISR, or inlining the function, or using pragmas
"../interrupts_ports.c", line 61: error #20: identifier "debounce_SW2" is undefined
"../interrupts_ports.c", line 62: error #20: identifier "debounce_count_SW2" is undefined
"../interrupts_ports.c", line 65: remark #1538-D: (ULP 10.1) ISR Port2_ISR calls function strcpy. Recommend moving function call away from ISR, or inlining the function, or using pragmas
4 errors detected in the compilation of "../interrupts_ports.c".
gmake: *** [interrupts_ports.obj] Error 1
gmake: Target 'all' not remade because of errors.

**** Build Finished ****

**** Build of configuration Debug for project Homework 06 ****

"D:\\ccs\\utils\\bin\\gmake" -k -j 16 all -O 
 
Building file: "../interrupts_ports.c"
Invoking: MSP430 Compiler
"D:/ccs/tools/compiler/ti-cgt-msp430_21.6.1.LTS/bin/cl430" -vmspx --use_hw_mpy=F5 --include_path="D:/ccs/ccs_base/msp430/include" --include_path="D:/ccs/Homework 06/Homework 06" --include_path="D:/ccs/tools/compiler/ti-cgt-msp430_21.6.1.LTS/include" --advice:power=all --advice:hw_config=all --define=__MSP430FR2355__ --define=_FRWP_ENABLE --define=_INFO_FRWP_ENABLE -g --printf_support=minimal --diag_warning=225 --diag_wrap=off --display_error_number --silicon_errata=CPU21 --silicon_errata=CPU22 --silicon_errata=CPU40 --preproc_with_compile --preproc_dependency="interrupts_ports.d_raw"  "../interrupts_ports.c"
"../interrupts_ports.c", line 52: remark #1538-D: (ULP 10.1) ISR Port4_ISR calls function strcpy. Recommend moving function call away from ISR, or inlining the function, or using pragmas
"../interrupts_ports.c", line 69: remark #1538-D: (ULP 10.1) ISR Port2_ISR calls function strcpy. Recommend moving function call away from ISR, or inlining the function, or using pragmas
Finished building: "../interrupts_ports.c"
 
Building target: "Homework 06.out"
Invoking: MSP430 Linker
"D:/ccs/tools/compiler/ti-cgt-msp430_21.6.1.LTS/bin/cl430" -vmspx --use_hw_mpy=F5 --advice:power=all --advice:hw_config=all --define=__MSP430FR2355__ --define=_FRWP_ENABLE --define=_INFO_FRWP_ENABLE -g --printf_support=minimal --diag_warning=225 --diag_wrap=off --display_error_number --silicon_errata=CPU21 --silicon_errata=CPU22 --silicon_errata=CPU40 -z -m"Homework 06.map" --heap_size=160 --stack_size=160 --cinit_hold_wdt=on -i"D:/ccs/ccs_base/msp430/include" -i"D:/ccs/ccs_base/msp430/lib/FR2xx" -i"D:/ccs/tools/compiler/ti-cgt-msp430_21.6.1.LTS/lib" -i"D:/ccs/tools/compiler/ti-cgt-msp430_21.6.1.LTS/include" --priority --reread_libs --define=_FRWP_ENABLE --define=_INFO_FRWP_ENABLE --diag_wrap=off --display_error_number --warn_sections --xml_link_info="Homework 06_linkInfo.xml" --use_hw_mpy=F5 --rom_model -o "Homework 06.out" "./Display.obj" "./clocks.obj" "./init.obj" "./interrupts_ports.obj" "./led.obj" "./main.obj" "./ports.obj" "./states.obj" "./switches.obj" "./system.obj" "./timers.obj" "./timers_move.obj" "./wheels.obj" "../Compiled/LCD.obj" "../lnk_msp430fr2355.cmd"  -lfrwp_init.a -llibc.a 
<Linking>
 
 undefined          first referenced
  symbol                in file     
 ---------          ----------------
 sw1_blocked        ./timers.obj    
 sw1_debounce_count ./timers.obj    
 sw2_blocked        ./timers.obj    
 sw2_debounce_count ./timers.obj    
 
remark #10372-D: (ULP 4.1) Detected uninitialized Port A in this project. Recommend initializing all unused ports to eliminate wasted current consumption on unused pins.
remark #10372-D: (ULP 4.1) Detected uninitialized Port B in this project. Recommend initializing all unused ports to eliminate wasted current consumption on unused pins.
error #10234-D: unresolved symbols remain
remark #10372-D: (ULP 4.1) Detected uninitialized Port C in this project. Recommend initializing all unused ports to eliminate wasted current consumption on unused pins.
remark #10422-D: (ULP 6.2) Detected use of a device with available 32-bit hardware multiplier and not also using MSPMATHLIB library (libmath.a).  Recommend using MSPMATHLIB library (libmath.a) for improved performance.
 
>> Compilation failure
makefile:151: recipe for target 'Homework 06.out' failed
error #10010: errors encountered during linking; "Homework 06.out" not built
gmake[1]: *** [Homework 06.out] Error 1
makefile:147: recipe for target 'all' failed
gmake: *** [all] Error 2

**** Build Finished ****

**** Build of configuration Debug for project Homework 06 ****

"D:\\ccs\\utils\\bin\\gmake" -k -j 16 all -O 
 
Building file: "../timers.c"
Invoking: MSP430 Compiler
"D:/ccs/tools/compiler/ti-cgt-msp430_21.6.1.LTS/bin/cl430" -vmspx --use_hw_mpy=F5 --include_path="D:/ccs/ccs_base/msp430/include" --include_path="D:/ccs/Homework 06/Homework 06" --include_path="D:/ccs/tools/compiler/ti-cgt-msp430_21.6.1.LTS/include" --advice:power=all --advice:hw_config=all --define=__MSP430FR2355__ --define=_FRWP_ENABLE --define=_INFO_FRWP_ENABLE -g --printf_support=minimal --diag_warning=225 --diag_wrap=off --display_error_number --silicon_errata=CPU21 --silicon_errata=CPU22 --silicon_errata=CPU40 --preproc_with_compile --preproc_dependency="timers.d_raw"  "../timers.c"
Finished building: "../timers.c"
 
Building target: "Homework 06.out"
Invoking: MSP430 Linker
"D:/ccs/tools/compiler/ti-cgt-msp430_21.6.1.LTS/bin/cl430" -vmspx --use_hw_mpy=F5 --advice:power=all --advice:hw_config=all --define=__MSP430FR2355__ --define=_FRWP_ENABLE --define=_INFO_FRWP_ENABLE -g --printf_support=minimal --diag_warning=225 --diag_wrap=off --display_error_number --silicon_errata=CPU21 --silicon_errata=CPU22 --silicon_errata=CPU40 -z -m"Homework 06.map" --heap_size=160 --stack_size=160 --cinit_hold_wdt=on -i"D:/ccs/ccs_base/msp430/include" -i"D:/ccs/ccs_base/msp430/lib/FR2xx" -i"D:/ccs/tools/compiler/ti-cgt-msp430_21.6.1.LTS/lib" -i"D:/ccs/tools/compiler/ti-cgt-msp430_21.6.1.LTS/include" --priority --reread_libs --define=_FRWP_ENABLE --define=_INFO_FRWP_ENABLE --diag_wrap=off --display_error_number --warn_sections --xml_link_info="Homework 06_linkInfo.xml" --use_hw_mpy=F5 --rom_model -o "Homework 06.out" "./Display.obj" "./clocks.obj" "./init.obj" "./interrupts_ports.obj" "./led.obj" "./main.obj" "./ports.obj" "./states.obj" "./switches.obj" "./system.obj" "./timers.obj" "./timers_move.obj" "./wheels.obj" "../Compiled/LCD.obj" "../lnk_msp430fr2355.cmd"  -lfrwp_init.a -llibc.a 
<Linking>
 
 undefined          first referenced
  symbol                in file     
 ---------          ----------------
 sw1_debounce_count ./timers.obj    
 sw2_debounce_count ./timers.obj    
 
error #10234-D: unresolved symbols remain
error #10010: errors encountered during linking; "Homework 06.out" not built
remark #10372-D: (ULP 4.1) Detected uninitialized Port A in this project. Recommend initializing all unused ports to eliminate wasted current consumption on unused pins.
remark #10372-D: (ULP 4.1) Detected uninitialized Port B in this project. Recommend initializing all unused ports to eliminate wasted current consumption on unused pins.
remark #10372-D: (ULP 4.1) Detected uninitialized Port C in this project. Recommend initializing all unused ports to eliminate wasted current consumption on unused pins.
remark #10422-D: (ULP 6.2) Detected use of a device with available 32-bit hardware multiplier and not also using MSPMATHLIB library (libmath.a).  Recommend using MSPMATHLIB library (libmath.a) for improved performance.
 
>> Compilation failure
makefile:151: recipe for target 'Homework 06.out' failed
gmake[1]: *** [Homework 06.out] Error 1
makefile:147: recipe for target 'all' failed
gmake: *** [all] Error 2

**** Build Finished ****

**** Build of configuration Debug for project Homework 06 ****

"D:\\ccs\\utils\\bin\\gmake" -k -j 16 all -O 
 
Building file: "../timers.c"
Invoking: MSP430 Compiler
"D:/ccs/tools/compiler/ti-cgt-msp430_21.6.1.LTS/bin/cl430" -vmspx --use_hw_mpy=F5 --include_path="D:/ccs/ccs_base/msp430/include" --include_path="D:/ccs/Homework 06/Homework 06" --include_path="D:/ccs/tools/compiler/ti-cgt-msp430_21.6.1.LTS/include" --advice:power=all --advice:hw_config=all --define=__MSP430FR2355__ --define=_FRWP_ENABLE --define=_INFO_FRWP_ENABLE -g --printf_support=minimal --diag_warning=225 --diag_wrap=off --display_error_number --silicon_errata=CPU21 --silicon_errata=CPU22 --silicon_errata=CPU40 --preproc_with_compile --preproc_dependency="timers.d_raw"  "../timers.c"
Finished building: "../timers.c"
 
Building target: "Homework 06.out"
Invoking: MSP430 Linker
"D:/ccs/tools/compiler/ti-cgt-msp430_21.6.1.LTS/bin/cl430" -vmspx --use_hw_mpy=F5 --advice:power=all --advice:hw_config=all --define=__MSP430FR2355__ --define=_FRWP_ENABLE --define=_INFO_FRWP_ENABLE -g --printf_support=minimal --diag_warning=225 --diag_wrap=off --display_error_number --silicon_errata=CPU21 --silicon_errata=CPU22 --silicon_errata=CPU40 -z -m"Homework 06.map" --heap_size=160 --stack_size=160 --cinit_hold_wdt=on -i"D:/ccs/ccs_base/msp430/include" -i"D:/ccs/ccs_base/msp430/lib/FR2xx" -i"D:/ccs/tools/compiler/ti-cgt-msp430_21.6.1.LTS/lib" -i"D:/ccs/tools/compiler/ti-cgt-msp430_21.6.1.LTS/include" --priority --reread_libs --define=_FRWP_ENABLE --define=_INFO_FRWP_ENABLE --diag_wrap=off --display_error_number --warn_sections --xml_link_info="Homework 06_linkInfo.xml" --use_hw_mpy=F5 --rom_model -o "Homework 06.out" "./Display.obj" "./clocks.obj" "./init.obj" "./interrupts_ports.obj" "./led.obj" "./main.obj" "./ports.obj" "./states.obj" "./switches.obj" "./system.obj" "./timers.obj" "./timers_move.obj" "./wheels.obj" "../Compiled/LCD.obj" "../lnk_msp430fr2355.cmd"  -lfrwp_init.a -llibc.a 
<Linking>
remark #10372-D: (ULP 4.1) Detected uninitialized Port A in this project. Recommend initializing all unused ports to eliminate wasted current consumption on unused pins.
remark #10372-D: (ULP 4.1) Detected uninitialized Port B in this project. Recommend initializing all unused ports to eliminate wasted current consumption on unused pins.
remark #10372-D: (ULP 4.1) Detected uninitialized Port C in this project. Recommend initializing all unused ports to eliminate wasted current consumption on unused pins.
remark #10422-D: (ULP 6.2) Detected use of a device with available 32-bit hardware multiplier and not also using MSPMATHLIB library (libmath.a).  Recommend using MSPMATHLIB library (libmath.a) for improved performance.
Finished building target: "Homework 06.out"
 

**** Build Finished ****

**** Build of configuration Debug for project Homework 06 ****

"D:\\ccs\\utils\\bin\\gmake" -k -j 16 all -O 
 
gmake[1]: 'Homework 06.out' is up to date.

**** Build Finished ****

**** Build of configuration Debug for project Homework 06 ****

"D:\\ccs\\utils\\bin\\gmake" -k -j 16 all -O 
 
Building file: "../timers.c"
Invoking: MSP430 Compiler
"D:/ccs/tools/compiler/ti-cgt-msp430_21.6.1.LTS/bin/cl430" -vmspx --use_hw_mpy=F5 --include_path="D:/ccs/ccs_base/msp430/include" --include_path="D:/ccs/Homework 06/Homework 06" --include_path="D:/ccs/tools/compiler/ti-cgt-msp430_21.6.1.LTS/include" --advice:power=all --advice:hw_config=all --define=__MSP430FR2355__ --define=_FRWP_ENABLE --define=_INFO_FRWP_ENABLE -g --printf_support=minimal --diag_warning=225 --diag_wrap=off --display_error_number --silicon_errata=CPU21 --silicon_errata=CPU22 --silicon_errata=CPU40 --preproc_with_compile --preproc_dependency="timers.d_raw"  "../timers.c"
 
>> Compilation failure
subdir_rules.mk:9: recipe for target 'timers.obj' failed
"../timers.c", line 30: error #20: identifier "DEBOUNCE_STEP" is undefined
"../timers.c", line 39: error #20: identifier "debounce_SW1" is undefined
"../timers.c", line 39: error #20: identifier "debounce_SW2" is undefined
"../timers.c", line 40: error #20: identifier "backlight_state" is undefined
"../timers.c", line 57: error #20: identifier "debounce_SW1" is undefined
"../timers.c", line 58: error #20: identifier "debounce_count_SW1" is undefined
"../timers.c", line 65: error #20: identifier "debounce_SW2" is undefined
"../timers.c", line 66: error #20: identifier "debounce_count_SW2" is undefined
"../timers.c", line 73: error #20: identifier "DEBOUNCE_STEP" is undefined
9 errors detected in the compilation of "../timers.c".
gmake: *** [timers.obj] Error 1
gmake: Target 'all' not remade because of errors.

**** Build Finished ****

**** Build of configuration Debug for project Homework 06 ****

"D:\\ccs\\utils\\bin\\gmake" -k -j 16 all -O 
 
Building file: "../timers.c"
Invoking: MSP430 Compiler
"D:/ccs/tools/compiler/ti-cgt-msp430_21.6.1.LTS/bin/cl430" -vmspx --use_hw_mpy=F5 --include_path="D:/ccs/ccs_base/msp430/include" --include_path="D:/ccs/Homework 06/Homework 06" --include_path="D:/ccs/tools/compiler/ti-cgt-msp430_21.6.1.LTS/include" --advice:power=all --advice:hw_config=all --define=__MSP430FR2355__ --define=_FRWP_ENABLE --define=_INFO_FRWP_ENABLE -g --printf_support=minimal --diag_warning=225 --diag_wrap=off --display_error_number --silicon_errata=CPU21 --silicon_errata=CPU22 --silicon_errata=CPU40 --preproc_with_compile --preproc_dependency="timers.d_raw"  "../timers.c"
 
>> Compilation failure
subdir_rules.mk:9: recipe for target 'timers.obj' failed
"../timers.c", line 30: error #20: identifier "DEBOUNCE_STEP" is undefined
"../timers.c", line 40: error #20: identifier "backlight_state" is undefined
"../timers.c", line 73: error #20: identifier "DEBOUNCE_STEP" is undefined
3 errors detected in the compilation of "../timers.c".
gmake: *** [timers.obj] Error 1
gmake: Target 'all' not remade because of errors.

**** Build Finished ****

**** Build of configuration Debug for project Homework 06 ****

"D:\\ccs\\utils\\bin\\gmake" -k -j 16 all -O 
 
Building file: "../Display.c"
Invoking: MSP430 Compiler
"D:/ccs/tools/compiler/ti-cgt-msp430_21.6.1.LTS/bin/cl430" -vmspx --use_hw_mpy=F5 --include_path="D:/ccs/ccs_base/msp430/include" --include_path="D:/ccs/Homework 06/Homework 06" --include_path="D:/ccs/tools/compiler/ti-cgt-msp430_21.6.1.LTS/include" --advice:power=all --advice:hw_config=all --define=__MSP430FR2355__ --define=_FRWP_ENABLE --define=_INFO_FRWP_ENABLE -g --printf_support=minimal --diag_warning=225 --diag_wrap=off --display_error_number --silicon_errata=CPU21 --silicon_errata=CPU22 --silicon_errata=CPU40 --preproc_with_compile --preproc_dependency="Display.d_raw"  "../Display.c"
Finished building: "../Display.c"
 
Building file: "../clocks.c"
Invoking: MSP430 Compiler
"D:/ccs/tools/compiler/ti-cgt-msp430_21.6.1.LTS/bin/cl430" -vmspx --use_hw_mpy=F5 --include_path="D:/ccs/ccs_base/msp430/include" --include_path="D:/ccs/Homework 06/Homework 06" --include_path="D:/ccs/tools/compiler/ti-cgt-msp430_21.6.1.LTS/include" --advice:power=all --advice:hw_config=all --define=__MSP430FR2355__ --define=_FRWP_ENABLE --define=_INFO_FRWP_ENABLE -g --printf_support=minimal --diag_warning=225 --diag_wrap=off --display_error_number --silicon_errata=CPU21 --silicon_errata=CPU22 --silicon_errata=CPU40 --preproc_with_compile --preproc_dependency="clocks.d_raw"  "../clocks.c"
"../clocks.c", line 86: remark #1527-D: (ULP 2.1) Detected SW delay loop using __delay_cycles. Recommend using a timer module instead
"../clocks.c", line 87: remark #1527-D: (ULP 2.1) Detected SW delay loop using empty loop. Recommend using a timer module instead
"../clocks.c", line 120: remark #1527-D: (ULP 2.1) Detected SW delay loop using empty loop. Recommend using a timer module instead
Finished building: "../clocks.c"
 
Building file: "../init.c"
Invoking: MSP430 Compiler
"D:/ccs/tools/compiler/ti-cgt-msp430_21.6.1.LTS/bin/cl430" -vmspx --use_hw_mpy=F5 --include_path="D:/ccs/ccs_base/msp430/include" --include_path="D:/ccs/Homework 06/Homework 06" --include_path="D:/ccs/tools/compiler/ti-cgt-msp430_21.6.1.LTS/include" --advice:power=all --advice:hw_config=all --define=__MSP430FR2355__ --define=_FRWP_ENABLE --define=_INFO_FRWP_ENABLE -g --printf_support=minimal --diag_warning=225 --diag_wrap=off --display_error_number --silicon_errata=CPU21 --silicon_errata=CPU22 --silicon_errata=CPU40 --preproc_with_compile --preproc_dependency="init.d_raw"  "../init.c"
"../init.c", line 26: remark #1544-D: (ULP 13.1) Detected loop counting up. Recommend loops count down as detecting zeros is easier
"../init.c", line 27: remark #2553-D: (ULP 14.1) Array index (involving "i") of type "int". Recommend using "unsigned int"
"../init.c", line 28: remark #2553-D: (ULP 14.1) Array index (involving "i") of type "int". Recommend using "unsigned int"
"../init.c", line 29: remark #2553-D: (ULP 14.1) Array index (involving "i") of type "int". Recommend using "unsigned int"
"../init.c", line 30: remark #2553-D: (ULP 14.1) Array index (involving "i") of type "int". Recommend using "unsigned int"
"../interrupts_ports.c", line 52: remark #1538-D: (ULP 10.1) ISR Port4_ISR calls function strcpy. Recommend moving function call away from ISR, or inlining the function, or using pragmas
"../interrupts_ports.c", line 69: remark #1538-D: (ULP 10.1) ISR Port2_ISR calls function strcpy. Recommend moving function call away from ISR, or inlining the function, or using pragmas
Finished building: "../init.c"
 
Building file: "../interrupts_ports.c"
Invoking: MSP430 Compiler
"D:/ccs/tools/compiler/ti-cgt-msp430_21.6.1.LTS/bin/cl430" -vmspx --use_hw_mpy=F5 --include_path="D:/ccs/ccs_base/msp430/include" --include_path="D:/ccs/Homework 06/Homework 06" --include_path="D:/ccs/tools/compiler/ti-cgt-msp430_21.6.1.LTS/include" --advice:power=all --advice:hw_config=all --define=__MSP430FR2355__ --define=_FRWP_ENABLE --define=_INFO_FRWP_ENABLE -g --printf_support=minimal --diag_warning=225 --diag_wrap=off --display_error_number --silicon_errata=CPU21 --silicon_errata=CPU22 --silicon_errata=CPU40 --preproc_with_compile --preproc_dependency="interrupts_ports.d_raw"  "../interrupts_ports.c"
Finished building: "../interrupts_ports.c"
 
Building file: "../led.c"
Invoking: MSP430 Compiler
"D:/ccs/tools/compiler/ti-cgt-msp430_21.6.1.LTS/bin/cl430" -vmspx --use_hw_mpy=F5 --include_path="D:/ccs/ccs_base/msp430/include" --include_path="D:/ccs/Homework 06/Homework 06" --include_path="D:/ccs/tools/compiler/ti-cgt-msp430_21.6.1.LTS/include" --advice:power=all --advice:hw_config=all --define=__MSP430FR2355__ --define=_FRWP_ENABLE --define=_INFO_FRWP_ENABLE -g --printf_support=minimal --diag_warning=225 --diag_wrap=off --display_error_number --silicon_errata=CPU21 --silicon_errata=CPU22 --silicon_errata=CPU40 --preproc_with_compile --preproc_dependency="led.d_raw"  "../led.c"
Finished building: "../led.c"
 
Building file: "../main.c"
Invoking: MSP430 Compiler
"D:/ccs/tools/compiler/ti-cgt-msp430_21.6.1.LTS/bin/cl430" -vmspx --use_hw_mpy=F5 --include_path="D:/ccs/ccs_base/msp430/include" --include_path="D:/ccs/Homework 06/Homework 06" --include_path="D:/ccs/tools/compiler/ti-cgt-msp430_21.6.1.LTS/include" --advice:power=all --advice:hw_config=all --define=__MSP430FR2355__ --define=_FRWP_ENABLE --define=_INFO_FRWP_ENABLE -g --printf_support=minimal --diag_warning=225 --diag_wrap=off --display_error_number --silicon_errata=CPU21 --silicon_errata=CPU22 --silicon_errata=CPU40 --preproc_with_compile --preproc_dependency="main.d_raw"  "../main.c"
"../main.c", line 123: warning #225-D: function "LCD_update" declared implicitly
"../main.c", line 124: warning #225-D: function "timed_moves" declared implicitly
"../main.c", line 125: warning #225-D: function "state_timer" declared implicitly
"../main.c", line 132: warning #225-D: function "Run_Circle" declared implicitly
"../main.c", line 135: warning #225-D: function "Run_Figure8" declared implicitly
"../main.c", line 138: warning #225-D: function "Run_Triangle" declared implicitly
"../main.c", line 112: warning #129-D: loop is not reachable
"../main.c", line 51: remark #1535-D: (ULP 8.1) variable "wheel_move" is used as a constant. Recommend declaring variable as either 'static const' or 'const'
"../main.c", line 52: remark #1535-D: (ULP 8.1) variable "forward" is used as a constant. Recommend declaring variable as either 'static const' or 'const'
"../main.c", line 58: remark #1535-D: (ULP 8.1) variable "event" is used as a constant. Recommend declaring variable as either 'static const' or 'const'
Finished building: "../main.c"
 
Building file: "../ports.c"
Invoking: MSP430 Compiler
"D:/ccs/tools/compiler/ti-cgt-msp430_21.6.1.LTS/bin/cl430" -vmspx --use_hw_mpy=F5 --include_path="D:/ccs/ccs_base/msp430/include" --include_path="D:/ccs/Homework 06/Homework 06" --include_path="D:/ccs/tools/compiler/ti-cgt-msp430_21.6.1.LTS/include" --advice:power=all --advice:hw_config=all --define=__MSP430FR2355__ --define=_FRWP_ENABLE --define=_INFO_FRWP_ENABLE -g --printf_support=minimal --diag_warning=225 --diag_wrap=off --display_error_number --silicon_errata=CPU21 --silicon_errata=CPU22 --silicon_errata=CPU40 --preproc_with_compile --preproc_dependency="ports.d_raw"  "../ports.c"
"../ports.c", line 16: warning #225-D: function "Init_Port_1" declared implicitly
"../ports.c", line 17: warning #225-D: function "Init_Port_2" declared implicitly
"../ports.c", line 18: warning #225-D: function "Init_Port_3" declared implicitly
"../ports.c", line 19: warning #225-D: function "Init_Port_4" declared implicitly
"../ports.c", line 20: warning #225-D: function "Init_Port_5" declared implicitly
"../ports.c", line 21: warning #225-D: function "Init_Port_6" declared implicitly
"../ports.c", line 24: warning #161-D: declaration is incompatible with previous "Init_Port_1" (declared at line 16)
"../ports.c", line 61: warning #161-D: declaration is incompatible with previous "Init_Port_2" (declared at line 17)
"../ports.c", line 104: warning #161-D: declaration is incompatible with previous "Init_Port_3" (declared at line 18)
"../ports.c", line 146: warning #161-D: declaration is incompatible with previous "Init_Port_4" (declared at line 19)
"../ports.c", line 183: warning #161-D: declaration is incompatible with previous "Init_Port_5" (declared at line 20)
"../ports.c", line 205: warning #161-D: declaration is incompatible with previous "Init_Port_6" (declared at line 21)
Finished building: "../ports.c"
 
Building file: "../switches.c"
Invoking: MSP430 Compiler
"D:/ccs/tools/compiler/ti-cgt-msp430_21.6.1.LTS/bin/cl430" -vmspx --use_hw_mpy=F5 --include_path="D:/ccs/ccs_base/msp430/include" --include_path="D:/ccs/Homework 06/Homework 06" --include_path="D:/ccs/tools/compiler/ti-cgt-msp430_21.6.1.LTS/include" --advice:power=all --advice:hw_config=all --define=__MSP430FR2355__ --define=_FRWP_ENABLE --define=_INFO_FRWP_ENABLE -g --printf_support=minimal --diag_warning=225 --diag_wrap=off --display_error_number --silicon_errata=CPU21 --silicon_errata=CPU22 --silicon_errata=CPU40 --preproc_with_compile --preproc_dependency="switches.d_raw"  "../switches.c"
"../switches.c", line 28: remark #1535-D: (ULP 8.1) variable "shapes_menu" is used as a constant. Recommend declaring variable as either 'static const' or 'const'
Finished building: "../switches.c"
 
Building file: "../states.c"
Invoking: MSP430 Compiler
"D:/ccs/tools/compiler/ti-cgt-msp430_21.6.1.LTS/bin/cl430" -vmspx --use_hw_mpy=F5 --include_path="D:/ccs/ccs_base/msp430/include" --include_path="D:/ccs/Homework 06/Homework 06" --include_path="D:/ccs/tools/compiler/ti-cgt-msp430_21.6.1.LTS/include" --advice:power=all --advice:hw_config=all --define=__MSP430FR2355__ --define=_FRWP_ENABLE --define=_INFO_FRWP_ENABLE -g --printf_support=minimal --diag_warning=225 --diag_wrap=off --display_error_number --silicon_errata=CPU21 --silicon_errata=CPU22 --silicon_errata=CPU40 --preproc_with_compile --preproc_dependency="states.d_raw"  "../states.c"
"../states.c", line 35: warning #225-D: function "wait_case" declared implicitly
"../states.c", line 38: warning #225-D: function "start_case" declared implicitly
"../states.c", line 41: warning #225-D: function "run_case" declared implicitly
"../states.c", line 44: warning #225-D: function "end_case" declared implicitly
"../states.c", line 50: warning #161-D: declaration is incompatible with previous "start_case" (declared at line 38)
"../states.c", line 54: warning #225-D: function "moveforward" declared implicitly
"../states.c", line 59: warning #161-D: declaration is incompatible with previous "run_case" (declared at line 41)
"../states.c", line 74: warning #225-D: function "moveforward" declared implicitly
"../states.c", line 85: warning #225-D: function "wait_case" declared implicitly
"../states.c", line 86: warning #225-D: function "start_case_circle" declared implicitly
"../states.c", line 87: warning #225-D: function "run_case_circle" declared implicitly
"../states.c", line 88: warning #225-D: function "end_case" declared implicitly
"../states.c", line 93: warning #161-D: declaration is incompatible with previous "wait_case" (declared at line 35)
"../states.c", line 103: warning #161-D: declaration is incompatible with previous "start_case_circle" (declared at line 86)
"../states.c", line 107: warning #225-D: function "moveforward" declared implicitly
"../states.c", line 112: warning #161-D: declaration is incompatible with previous "run_case_circle" (declared at line 87)
"../states.c", line 133: warning #225-D: function "moveforward" declared implicitly
"../states.c", line 141: warning #161-D: declaration is incompatible with previous "end_case" (declared at line 44)
"../states.c", line 142: warning #225-D: function "stopall" declared implicitly
"../states.c", line 151: warning #225-D: function "start_case_triangle" declared implicitly
"../states.c", line 152: warning #225-D: function "run_case_triangle" declared implicitly
"../states.c", line 158: warning #161-D: declaration is incompatible with previous "start_case_triangle" (declared at line 151)
"../states.c", line 162: warning #225-D: function "moveforward" declared implicitly
"../states.c", line 169: warning #161-D: declaration is incompatible with previous "run_case_triangle" (declared at line 152)
"../states.c", line 192: warning #225-D: function "moveforward" declared implicitly
"../states.c", line 203: warning #188-D: pointless comparison of unsigned integer with zero
"../states.c", line 217: warning #225-D: function "moveforward" declared implicitly
"../states.c", line 238: warning #225-D: function "start_case_figure8" declared implicitly
"../states.c", line 239: warning #225-D: function "run_case_figure8" declared implicitly
"../states.c", line 246: warning #161-D: declaration is incompatible with previous "start_case_figure8" (declared at line 238)
"../states.c", line 250: warning #225-D: function "moveforward" declared implicitly
"../states.c", line 256: warning #161-D: declaration is incompatible with previous "run_case_figure8" (declared at line 239)
"../states.c", line 287: warning #225-D: function "moveforward" declared implicitly
"../states.c", line 298: warning #225-D: function "moveforward" declared implicitly
"../states.c", line 24: remark #1535-D: (ULP 8.1) variable "event" is used as a constant. Recommend declaring variable as either 'static const' or 'const'
Finished building: "../states.c"
 
Building file: "../system.c"
Invoking: MSP430 Compiler
"D:/ccs/tools/compiler/ti-cgt-msp430_21.6.1.LTS/bin/cl430" -vmspx --use_hw_mpy=F5 --include_path="D:/ccs/ccs_base/msp430/include" --include_path="D:/ccs/Homework 06/Homework 06" --include_path="D:/ccs/tools/compiler/ti-cgt-msp430_21.6.1.LTS/include" --advice:power=all --advice:hw_config=all --define=__MSP430FR2355__ --define=_FRWP_ENABLE --define=_INFO_FRWP_ENABLE -g --printf_support=minimal --diag_warning=225 --diag_wrap=off --display_error_number --silicon_errata=CPU21 --silicon_errata=CPU22 --silicon_errata=CPU40 --preproc_with_compile --preproc_dependency="system.d_raw"  "../system.c"
Finished building: "../system.c"
 
Building file: "../timers.c"
Invoking: MSP430 Compiler
"D:/ccs/tools/compiler/ti-cgt-msp430_21.6.1.LTS/bin/cl430" -vmspx --use_hw_mpy=F5 --include_path="D:/ccs/ccs_base/msp430/include" --include_path="D:/ccs/Homework 06/Homework 06" --include_path="D:/ccs/tools/compiler/ti-cgt-msp430_21.6.1.LTS/include" --advice:power=all --advice:hw_config=all --define=__MSP430FR2355__ --define=_FRWP_ENABLE --define=_INFO_FRWP_ENABLE -g --printf_support=minimal --diag_warning=225 --diag_wrap=off --display_error_number --silicon_errata=CPU21 --silicon_errata=CPU22 --silicon_errata=CPU40 --preproc_with_compile --preproc_dependency="timers.d_raw"  "../timers.c"
Finished building: "../timers.c"
 
Building file: "../wheels.c"
Invoking: MSP430 Compiler
"D:/ccs/tools/compiler/ti-cgt-msp430_21.6.1.LTS/bin/cl430" -vmspx --use_hw_mpy=F5 --include_path="D:/ccs/ccs_base/msp430/include" --include_path="D:/ccs/Homework 06/Homework 06" --include_path="D:/ccs/tools/compiler/ti-cgt-msp430_21.6.1.LTS/include" --advice:power=all --advice:hw_config=all --define=__MSP430FR2355__ --define=_FRWP_ENABLE --define=_INFO_FRWP_ENABLE -g --printf_support=minimal --diag_warning=225 --diag_wrap=off --display_error_number --silicon_errata=CPU21 --silicon_errata=CPU22 --silicon_errata=CPU40 --preproc_with_compile --preproc_dependency="wheels.d_raw"  "../wheels.c"
Finished building: "../wheels.c"
 
Building file: "../timers_move.c"
Invoking: MSP430 Compiler
"D:/ccs/tools/compiler/ti-cgt-msp430_21.6.1.LTS/bin/cl430" -vmspx --use_hw_mpy=F5 --include_path="D:/ccs/ccs_base/msp430/include" --include_path="D:/ccs/Homework 06/Homework 06" --include_path="D:/ccs/tools/compiler/ti-cgt-msp430_21.6.1.LTS/include" --advice:power=all --advice:hw_config=all --define=__MSP430FR2355__ --define=_FRWP_ENABLE --define=_INFO_FRWP_ENABLE -g --printf_support=minimal --diag_warning=225 --diag_wrap=off --display_error_number --silicon_errata=CPU21 --silicon_errata=CPU22 --silicon_errata=CPU40 --preproc_with_compile --preproc_dependency="timers_move.d_raw"  "../timers_move.c"
"../timers_move.c", line 57: warning #225-D: function "moveforward" declared implicitly
"../timers_move.c", line 61: warning #225-D: function "stopall" declared implicitly
"../timers_move.c", line 65: warning #225-D: function "movereverse" declared implicitly
"../timers_move.c", line 82: warning #225-D: function "spin_clockwise" declared implicitly
"../timers_move.c", line 90: warning #225-D: function "spin_counterclockwise" declared implicitly
Finished building: "../timers_move.c"
 
Building target: "Homework 06.out"
Invoking: MSP430 Linker
"D:/ccs/tools/compiler/ti-cgt-msp430_21.6.1.LTS/bin/cl430" -vmspx --use_hw_mpy=F5 --advice:power=all --advice:hw_config=all --define=__MSP430FR2355__ --define=_FRWP_ENABLE --define=_INFO_FRWP_ENABLE -g --printf_support=minimal --diag_warning=225 --diag_wrap=off --display_error_number --silicon_errata=CPU21 --silicon_errata=CPU22 --silicon_errata=CPU40 -z -m"Homework 06.map" --heap_size=160 --stack_size=160 --cinit_hold_wdt=on -i"D:/ccs/ccs_base/msp430/include" -i"D:/ccs/ccs_base/msp430/lib/FR2xx" -i"D:/ccs/tools/compiler/ti-cgt-msp430_21.6.1.LTS/lib" -i"D:/ccs/tools/compiler/ti-cgt-msp430_21.6.1.LTS/include" --priority --reread_libs --define=_FRWP_ENABLE --define=_INFO_FRWP_ENABLE --diag_wrap=off --display_error_number --warn_sections --xml_link_info="Homework 06_linkInfo.xml" --use_hw_mpy=F5 --rom_model -o "Homework 06.out" "./Display.obj" "./clocks.obj" "./init.obj" "./interrupts_ports.obj" "./led.obj" "./main.obj" "./ports.obj" "./states.obj" "./switches.obj" "./system.obj" "./timers.obj" "./timers_move.obj" "./wheels.obj" "../Compiled/LCD.obj" "../lnk_msp430fr2355.cmd"  -lfrwp_init.a -llibc.a 
<Linking>
remark #10372-D: (ULP 4.1) Detected uninitialized Port A in this project. Recommend initializing all unused ports to eliminate wasted current consumption on unused pins.
remark #10372-D: (ULP 4.1) Detected uninitialized Port B in this project. Recommend initializing all unused ports to eliminate wasted current consumption on unused pins.
remark #10372-D: (ULP 4.1) Detected uninitialized Port C in this project. Recommend initializing all unused ports to eliminate wasted current consumption on unused pins.
remark #10422-D: (ULP 6.2) Detected use of a device with available 32-bit hardware multiplier and not also using MSPMATHLIB library (libmath.a).  Recommend using MSPMATHLIB library (libmath.a) for improved performance.
Finished building target: "Homework 06.out"
 

**** Build Finished ****

**** Build of configuration Debug for project Homework 06 ****

"D:\\ccs\\utils\\bin\\gmake" -k -j 16 all -O 
 
gmake[1]: 'Homework 06.out' is up to date.

**** Build Finished ****

**** Build of configuration Debug for project Homework 06 ****

"D:\\ccs\\utils\\bin\\gmake" -k -j 16 all -O 
 
gmake[1]: 'Homework 06.out' is up to date.

**** Build Finished ****

**** Build of configuration Debug for project Homework 06 ****

"D:\\ccs\\utils\\bin\\gmake" -k -j 16 all -O 
 
Building file: "../switches.c"
Invoking: MSP430 Compiler
"D:/ccs/tools/compiler/ti-cgt-msp430_21.6.1.LTS/bin/cl430" -vmspx --use_hw_mpy=F5 --include_path="D:/ccs/ccs_base/msp430/include" --include_path="D:/ccs/Homework 06/Homework 06" --include_path="D:/ccs/tools/compiler/ti-cgt-msp430_21.6.1.LTS/include" --advice:power=all --advice:hw_config=all --define=__MSP430FR2355__ --define=_FRWP_ENABLE --define=_INFO_FRWP_ENABLE -g --printf_support=minimal --diag_warning=225 --diag_wrap=off --display_error_number --silicon_errata=CPU21 --silicon_errata=CPU22 --silicon_errata=CPU40 --preproc_with_compile --preproc_dependency="switches.d_raw"  "../switches.c"
 
>> Compilation failure
subdir_rules.mk:9: recipe for target 'switches.obj' failed
"../switches.c", line 7: error #20: identifier "FALSE" is undefined
"../switches.c", line 14: error #148: declaration is incompatible with "void Display_Update(char, char, char, char)" (declared at line 39 of "..\LCD.h")
"../switches.c", line 22: error #20: identifier "display_line" is undefined
"../switches.c", line 32: error #20: identifier "display_line" is undefined
4 errors detected in the compilation of "../switches.c".
gmake: *** [switches.obj] Error 1
gmake: Target 'all' not remade because of errors.

**** Build Finished ****

**** Build of configuration Debug for project Homework 06 ****

"D:\\ccs\\utils\\bin\\gmake" -k -j 16 all -O 
 
Building file: "../switches.c"
Invoking: MSP430 Compiler
"D:/ccs/tools/compiler/ti-cgt-msp430_21.6.1.LTS/bin/cl430" -vmspx --use_hw_mpy=F5 --include_path="D:/ccs/ccs_base/msp430/include" --include_path="D:/ccs/Homework 06/Homework 06" --include_path="D:/ccs/tools/compiler/ti-cgt-msp430_21.6.1.LTS/include" --advice:power=all --advice:hw_config=all --define=__MSP430FR2355__ --define=_FRWP_ENABLE --define=_INFO_FRWP_ENABLE -g --printf_support=minimal --diag_warning=225 --diag_wrap=off --display_error_number --silicon_errata=CPU21 --silicon_errata=CPU22 --silicon_errata=CPU40 --preproc_with_compile --preproc_dependency="switches.d_raw"  "../switches.c"
 
>> Compilation failure
subdir_rules.mk:9: recipe for target 'switches.obj' failed
"../switches.c", line 14: error #148: declaration is incompatible with "void Display_Update(char, char, char, char)" (declared at line 39 of "..\LCD.h")
"../switches.c", line 22: error #20: identifier "display_line" is undefined
"../switches.c", line 32: error #20: identifier "display_line" is undefined
3 errors detected in the compilation of "../switches.c".
gmake: *** [switches.obj] Error 1
gmake: Target 'all' not remade because of errors.

**** Build Finished ****

**** Build of configuration Debug for project Homework 06 ****

"D:\\ccs\\utils\\bin\\gmake" -k -j 16 all -O 
 
Building file: "../switches.c"
Invoking: MSP430 Compiler
"D:/ccs/tools/compiler/ti-cgt-msp430_21.6.1.LTS/bin/cl430" -vmspx --use_hw_mpy=F5 --include_path="D:/ccs/ccs_base/msp430/include" --include_path="D:/ccs/Homework 06/Homework 06" --include_path="D:/ccs/tools/compiler/ti-cgt-msp430_21.6.1.LTS/include" --advice:power=all --advice:hw_config=all --define=__MSP430FR2355__ --define=_FRWP_ENABLE --define=_INFO_FRWP_ENABLE -g --printf_support=minimal --diag_warning=225 --diag_wrap=off --display_error_number --silicon_errata=CPU21 --silicon_errata=CPU22 --silicon_errata=CPU40 --preproc_with_compile --preproc_dependency="switches.d_raw"  "../switches.c"
 
>> Compilation failure
subdir_rules.mk:9: recipe for target 'switches.obj' failed
"../switches.c", line 16: error #148: declaration is incompatible with "void Display_Update(char, char, char, char)" (declared at line 39 of "..\LCD.h")
1 error detected in the compilation of "../switches.c".
gmake: *** [switches.obj] Error 1
gmake: Target 'all' not remade because of errors.

**** Build Finished ****

**** Build of configuration Debug for project Homework 06 ****

"D:\\ccs\\utils\\bin\\gmake" -k -j 16 all -O 
 
Building file: "../switches.c"
Invoking: MSP430 Compiler
"D:/ccs/tools/compiler/ti-cgt-msp430_21.6.1.LTS/bin/cl430" -vmspx --use_hw_mpy=F5 --include_path="D:/ccs/ccs_base/msp430/include" --include_path="D:/ccs/Homework 06/Homework 06" --include_path="D:/ccs/tools/compiler/ti-cgt-msp430_21.6.1.LTS/include" --advice:power=all --advice:hw_config=all --define=__MSP430FR2355__ --define=_FRWP_ENABLE --define=_INFO_FRWP_ENABLE -g --printf_support=minimal --diag_warning=225 --diag_wrap=off --display_error_number --silicon_errata=CPU21 --silicon_errata=CPU22 --silicon_errata=CPU40 --preproc_with_compile --preproc_dependency="switches.d_raw"  "../switches.c"
 
>> Compilation failure
subdir_rules.mk:9: recipe for target 'switches.obj' failed
"../switches.c", line 16: error #148: declaration is incompatible with "void Display_Update(char, char, char, char)" (declared at line 39 of "..\LCD.h")
1 error detected in the compilation of "../switches.c".
gmake: *** [switches.obj] Error 1
gmake: Target 'all' not remade because of errors.

**** Build Finished ****

**** Build of configuration Debug for project Homework 06 ****

"D:\\ccs\\utils\\bin\\gmake" -k -j 16 all -O 
 
Building file: "../switches.c"
Invoking: MSP430 Compiler
"D:/ccs/tools/compiler/ti-cgt-msp430_21.6.1.LTS/bin/cl430" -vmspx --use_hw_mpy=F5 --include_path="D:/ccs/ccs_base/msp430/include" --include_path="D:/ccs/Homework 06/Homework 06" --include_path="D:/ccs/tools/compiler/ti-cgt-msp430_21.6.1.LTS/include" --advice:power=all --advice:hw_config=all --define=__MSP430FR2355__ --define=_FRWP_ENABLE --define=_INFO_FRWP_ENABLE -g --printf_support=minimal --diag_warning=225 --diag_wrap=off --display_error_number --silicon_errata=CPU21 --silicon_errata=CPU22 --silicon_errata=CPU40 --preproc_with_compile --preproc_dependency="switches.d_raw"  "../switches.c"
 
>> Compilation failure
subdir_rules.mk:9: recipe for target 'switches.obj' failed
"../switches.c", line 16: warning #78-D: this declaration has no storage class or type specifier
"../switches.c", line 16: error #148: declaration is incompatible with "void Display_Update(char, char, char, char)" (declared at line 39 of "..\LCD.h")
1 error detected in the compilation of "../switches.c".
gmake: *** [switches.obj] Error 1
gmake: Target 'all' not remade because of errors.

**** Build Finished ****

**** Build of configuration Debug for project Homework 06 ****

"D:\\ccs\\utils\\bin\\gmake" -k -j 16 all -O 
 
Building file: "../switches.c"
Invoking: MSP430 Compiler
"D:/ccs/tools/compiler/ti-cgt-msp430_21.6.1.LTS/bin/cl430" -vmspx --use_hw_mpy=F5 --include_path="D:/ccs/ccs_base/msp430/include" --include_path="D:/ccs/Homework 06/Homework 06" --include_path="D:/ccs/tools/compiler/ti-cgt-msp430_21.6.1.LTS/include" --advice:power=all --advice:hw_config=all --define=__MSP430FR2355__ --define=_FRWP_ENABLE --define=_INFO_FRWP_ENABLE -g --printf_support=minimal --diag_warning=225 --diag_wrap=off --display_error_number --silicon_errata=CPU21 --silicon_errata=CPU22 --silicon_errata=CPU40 --preproc_with_compile --preproc_dependency="switches.d_raw"  "../switches.c"
Finished building: "../switches.c"
 
Building target: "Homework 06.out"
Invoking: MSP430 Linker
"D:/ccs/tools/compiler/ti-cgt-msp430_21.6.1.LTS/bin/cl430" -vmspx --use_hw_mpy=F5 --advice:power=all --advice:hw_config=all --define=__MSP430FR2355__ --define=_FRWP_ENABLE --define=_INFO_FRWP_ENABLE -g --printf_support=minimal --diag_warning=225 --diag_wrap=off --display_error_number --silicon_errata=CPU21 --silicon_errata=CPU22 --silicon_errata=CPU40 -z -m"Homework 06.map" --heap_size=160 --stack_size=160 --cinit_hold_wdt=on -i"D:/ccs/ccs_base/msp430/include" -i"D:/ccs/ccs_base/msp430/lib/FR2xx" -i"D:/ccs/tools/compiler/ti-cgt-msp430_21.6.1.LTS/lib" -i"D:/ccs/tools/compiler/ti-cgt-msp430_21.6.1.LTS/include" --priority --reread_libs --define=_FRWP_ENABLE --define=_INFO_FRWP_ENABLE --diag_wrap=off --display_error_number --warn_sections --xml_link_info="Homework 06_linkInfo.xml" --use_hw_mpy=F5 --rom_model -o "Homework 06.out" "./Display.obj" "./clocks.obj" "./init.obj" "./interrupts_ports.obj" "./led.obj" "./main.obj" "./ports.obj" "./states.obj" "./switches.obj" "./system.obj" "./timers.obj" "./timers_move.obj" "./wheels.obj" "../Compiled/LCD.obj" "../lnk_msp430fr2355.cmd"  -lfrwp_init.a -llibc.a 
<Linking>
error #10056: symbol "backlight_state" redefined: first defined in "./interrupts_ports.obj"; redefined in "./switches.obj"
error #10010: errors encountered during linking; "Homework 06.out" not built
remark #10372-D: (ULP 4.1) Detected uninitialized Port A in this project. Recommend initializing all unused ports to eliminate wasted current consumption on unused pins.
remark #10372-D: (ULP 4.1) Detected uninitialized Port B in this project. Recommend initializing all unused ports to eliminate wasted current consumption on unused pins.
remark #10372-D: (ULP 4.1) Detected uninitialized Port C in this project. Recommend initializing all unused ports to eliminate wasted current consumption on unused pins.
remark #10422-D: (ULP 6.2) Detected use of a device with available 32-bit hardware multiplier and not also using MSPMATHLIB library (libmath.a).  Recommend using MSPMATHLIB library (libmath.a) for improved performance.
 
>> Compilation failure
makefile:151: recipe for target 'Homework 06.out' failed
gmake[1]: *** [Homework 06.out] Error 1
makefile:147: recipe for target 'all' failed
gmake: *** [all] Error 2

**** Build Finished ****

**** Build of configuration Debug for project Homework 06 ****

"D:\\ccs\\utils\\bin\\gmake" -k -j 16 all -O 
 
Building file: "../switches.c"
Invoking: MSP430 Compiler
"D:/ccs/tools/compiler/ti-cgt-msp430_21.6.1.LTS/bin/cl430" -vmspx --use_hw_mpy=F5 --include_path="D:/ccs/ccs_base/msp430/include" --include_path="D:/ccs/Homework 06/Homework 06" --include_path="D:/ccs/tools/compiler/ti-cgt-msp430_21.6.1.LTS/include" --advice:power=all --advice:hw_config=all --define=__MSP430FR2355__ --define=_FRWP_ENABLE --define=_INFO_FRWP_ENABLE -g --printf_support=minimal --diag_warning=225 --diag_wrap=off --display_error_number --silicon_errata=CPU21 --silicon_errata=CPU22 --silicon_errata=CPU40 --preproc_with_compile --preproc_dependency="switches.d_raw"  "../switches.c"
Finished building: "../switches.c"
 
Building target: "Homework 06.out"
Invoking: MSP430 Linker
"D:/ccs/tools/compiler/ti-cgt-msp430_21.6.1.LTS/bin/cl430" -vmspx --use_hw_mpy=F5 --advice:power=all --advice:hw_config=all --define=__MSP430FR2355__ --define=_FRWP_ENABLE --define=_INFO_FRWP_ENABLE -g --printf_support=minimal --diag_warning=225 --diag_wrap=off --display_error_number --silicon_errata=CPU21 --silicon_errata=CPU22 --silicon_errata=CPU40 -z -m"Homework 06.map" --heap_size=160 --stack_size=160 --cinit_hold_wdt=on -i"D:/ccs/ccs_base/msp430/include" -i"D:/ccs/ccs_base/msp430/lib/FR2xx" -i"D:/ccs/tools/compiler/ti-cgt-msp430_21.6.1.LTS/lib" -i"D:/ccs/tools/compiler/ti-cgt-msp430_21.6.1.LTS/include" --priority --reread_libs --define=_FRWP_ENABLE --define=_INFO_FRWP_ENABLE --diag_wrap=off --display_error_number --warn_sections --xml_link_info="Homework 06_linkInfo.xml" --use_hw_mpy=F5 --rom_model -o "Homework 06.out" "./Display.obj" "./clocks.obj" "./init.obj" "./interrupts_ports.obj" "./led.obj" "./main.obj" "./ports.obj" "./states.obj" "./switches.obj" "./system.obj" "./timers.obj" "./timers_move.obj" "./wheels.obj" "../Compiled/LCD.obj" "../lnk_msp430fr2355.cmd"  -lfrwp_init.a -llibc.a 
<Linking>
error #10056: symbol "backlight_state" redefined: first defined in "./interrupts_ports.obj"; redefined in "./switches.obj"
error #10010: errors encountered during linking; "Homework 06.out" not built
remark #10372-D: (ULP 4.1) Detected uninitialized Port A in this project. Recommend initializing all unused ports to eliminate wasted current consumption on unused pins.
remark #10372-D: (ULP 4.1) Detected uninitialized Port B in this project. Recommend initializing all unused ports to eliminate wasted current consumption on unused pins.
remark #10372-D: (ULP 4.1) Detected uninitialized Port C in this project. Recommend initializing all unused ports to eliminate wasted current consumption on unused pins.
remark #10422-D: (ULP 6.2) Detected use of a device with available 32-bit hardware multiplier and not also using MSPMATHLIB library (libmath.a).  Recommend using MSPMATHLIB library (libmath.a) for improved performance.
 
>> Compilation failure
makefile:151: recipe for target 'Homework 06.out' failed
gmake[1]: *** [Homework 06.out] Error 1
makefile:147: recipe for target 'all' failed
gmake: *** [all] Error 2

**** Build Finished ****

**** Build of configuration Debug for project Homework 06 ****

"D:\\ccs\\utils\\bin\\gmake" -k -j 16 all -O 
 
Building file: "../switches.c"
Invoking: MSP430 Compiler
"D:/ccs/tools/compiler/ti-cgt-msp430_21.6.1.LTS/bin/cl430" -vmspx --use_hw_mpy=F5 --include_path="D:/ccs/ccs_base/msp430/include" --include_path="D:/ccs/Homework 06/Homework 06" --include_path="D:/ccs/tools/compiler/ti-cgt-msp430_21.6.1.LTS/include" --advice:power=all --advice:hw_config=all --define=__MSP430FR2355__ --define=_FRWP_ENABLE --define=_INFO_FRWP_ENABLE -g --printf_support=minimal --diag_warning=225 --diag_wrap=off --display_error_number --silicon_errata=CPU21 --silicon_errata=CPU22 --silicon_errata=CPU40 --preproc_with_compile --preproc_dependency="switches.d_raw"  "../switches.c"
"../switches.c", line 11: remark #1535-D: (ULP 8.1) variable "backlight_state" is used as a constant. Recommend declaring variable as either 'static const' or 'const'
Finished building: "../switches.c"
 
Building target: "Homework 06.out"
Invoking: MSP430 Linker
"D:/ccs/tools/compiler/ti-cgt-msp430_21.6.1.LTS/bin/cl430" -vmspx --use_hw_mpy=F5 --advice:power=all --advice:hw_config=all --define=__MSP430FR2355__ --define=_FRWP_ENABLE --define=_INFO_FRWP_ENABLE -g --printf_support=minimal --diag_warning=225 --diag_wrap=off --display_error_number --silicon_errata=CPU21 --silicon_errata=CPU22 --silicon_errata=CPU40 -z -m"Homework 06.map" --heap_size=160 --stack_size=160 --cinit_hold_wdt=on -i"D:/ccs/ccs_base/msp430/include" -i"D:/ccs/ccs_base/msp430/lib/FR2xx" -i"D:/ccs/tools/compiler/ti-cgt-msp430_21.6.1.LTS/lib" -i"D:/ccs/tools/compiler/ti-cgt-msp430_21.6.1.LTS/include" --priority --reread_libs --define=_FRWP_ENABLE --define=_INFO_FRWP_ENABLE --diag_wrap=off --display_error_number --warn_sections --xml_link_info="Homework 06_linkInfo.xml" --use_hw_mpy=F5 --rom_model -o "Homework 06.out" "./Display.obj" "./clocks.obj" "./init.obj" "./interrupts_ports.obj" "./led.obj" "./main.obj" "./ports.obj" "./states.obj" "./switches.obj" "./system.obj" "./timers.obj" "./timers_move.obj" "./wheels.obj" "../Compiled/LCD.obj" "../lnk_msp430fr2355.cmd"  -lfrwp_init.a -llibc.a 
<Linking>
error #10056: symbol "backlight_state" redefined: first defined in "./interrupts_ports.obj"; redefined in "./switches.obj"
error #10010: errors encountered during linking; "Homework 06.out" not built
remark #10372-D: (ULP 4.1) Detected uninitialized Port A in this project. Recommend initializing all unused ports to eliminate wasted current consumption on unused pins.
remark #10372-D: (ULP 4.1) Detected uninitialized Port B in this project. Recommend initializing all unused ports to eliminate wasted current consumption on unused pins.
remark #10372-D: (ULP 4.1) Detected uninitialized Port C in this project. Recommend initializing all unused ports to eliminate wasted current consumption on unused pins.
remark #10422-D: (ULP 6.2) Detected use of a device with available 32-bit hardware multiplier and not also using MSPMATHLIB library (libmath.a).  Recommend using MSPMATHLIB library (libmath.a) for improved performance.
 
>> Compilation failure
makefile:151: recipe for target 'Homework 06.out' failed
gmake[1]: *** [Homework 06.out] Error 1
makefile:147: recipe for target 'all' failed
gmake: *** [all] Error 2

**** Build Finished ****

**** Build of configuration Debug for project Homework 06 ****

"D:\\ccs\\utils\\bin\\gmake" -k -j 16 all -O 
 
Building target: "Homework 06.out"
Invoking: MSP430 Linker
"D:/ccs/tools/compiler/ti-cgt-msp430_21.6.1.LTS/bin/cl430" -vmspx --use_hw_mpy=F5 --advice:power=all --advice:hw_config=all --define=__MSP430FR2355__ --define=_FRWP_ENABLE --define=_INFO_FRWP_ENABLE -g --printf_support=minimal --diag_warning=225 --diag_wrap=off --display_error_number --silicon_errata=CPU21 --silicon_errata=CPU22 --silicon_errata=CPU40 -z -m"Homework 06.map" --heap_size=160 --stack_size=160 --cinit_hold_wdt=on -i"D:/ccs/ccs_base/msp430/include" -i"D:/ccs/ccs_base/msp430/lib/FR2xx" -i"D:/ccs/tools/compiler/ti-cgt-msp430_21.6.1.LTS/lib" -i"D:/ccs/tools/compiler/ti-cgt-msp430_21.6.1.LTS/include" --priority --reread_libs --define=_FRWP_ENABLE --define=_INFO_FRWP_ENABLE --diag_wrap=off --display_error_number --warn_sections --xml_link_info="Homework 06_linkInfo.xml" --use_hw_mpy=F5 --rom_model -o "Homework 06.out" "./Display.obj" "./clocks.obj" "./init.obj" "./interrupts_ports.obj" "./led.obj" "./main.obj" "./ports.obj" "./states.obj" "./switches.obj" "./system.obj" "./timers.obj" "./timers_move.obj" "./wheels.obj" "../Compiled/LCD.obj" "../lnk_msp430fr2355.cmd"  -lfrwp_init.a -llibc.a 
<Linking>
remark #10372-D: (ULP 4.1) Detected uninitialized Port A in this project. Recommend initializing all unused ports to eliminate wasted current consumption on unused pins.
error #10056: symbol "backlight_state" redefined: first defined in "./interrupts_ports.obj"; redefined in "./switches.obj"
remark #10372-D: (ULP 4.1) Detected uninitialized Port B in this project. Recommend initializing all unused ports to eliminate wasted current consumption on unused pins.
remark #10372-D: (ULP 4.1) Detected uninitialized Port C in this project. Recommend initializing all unused ports to eliminate wasted current consumption on unused pins.
remark #10422-D: (ULP 6.2) Detected use of a device with available 32-bit hardware multiplier and not also using MSPMATHLIB library (libmath.a).  Recommend using MSPMATHLIB library (libmath.a) for improved performance.
 
>> Compilation failure
makefile:151: recipe for target 'Homework 06.out' failed
error #10010: errors encountered during linking; "Homework 06.out" not built
gmake[1]: *** [Homework 06.out] Error 1
makefile:147: recipe for target 'all' failed
gmake: *** [all] Error 2

**** Build Finished ****

**** Build of configuration Debug for project Homework 06 ****

"D:\\ccs\\utils\\bin\\gmake" -k -j 16 all -O 
 
Building file: "../switches.c"
Invoking: MSP430 Compiler
"D:/ccs/tools/compiler/ti-cgt-msp430_21.6.1.LTS/bin/cl430" -vmspx --use_hw_mpy=F5 --include_path="D:/ccs/ccs_base/msp430/include" --include_path="D:/ccs/Homework 06/Homework 06" --include_path="D:/ccs/tools/compiler/ti-cgt-msp430_21.6.1.LTS/include" --advice:power=all --advice:hw_config=all --define=__MSP430FR2355__ --define=_FRWP_ENABLE --define=_INFO_FRWP_ENABLE -g --printf_support=minimal --diag_warning=225 --diag_wrap=off --display_error_number --silicon_errata=CPU21 --silicon_errata=CPU22 --silicon_errata=CPU40 --preproc_with_compile --preproc_dependency="switches.d_raw"  "../switches.c"
Finished building: "../switches.c"
 
Building target: "Homework 06.out"
Invoking: MSP430 Linker
"D:/ccs/tools/compiler/ti-cgt-msp430_21.6.1.LTS/bin/cl430" -vmspx --use_hw_mpy=F5 --advice:power=all --advice:hw_config=all --define=__MSP430FR2355__ --define=_FRWP_ENABLE --define=_INFO_FRWP_ENABLE -g --printf_support=minimal --diag_warning=225 --diag_wrap=off --display_error_number --silicon_errata=CPU21 --silicon_errata=CPU22 --silicon_errata=CPU40 -z -m"Homework 06.map" --heap_size=160 --stack_size=160 --cinit_hold_wdt=on -i"D:/ccs/ccs_base/msp430/include" -i"D:/ccs/ccs_base/msp430/lib/FR2xx" -i"D:/ccs/tools/compiler/ti-cgt-msp430_21.6.1.LTS/lib" -i"D:/ccs/tools/compiler/ti-cgt-msp430_21.6.1.LTS/include" --priority --reread_libs --define=_FRWP_ENABLE --define=_INFO_FRWP_ENABLE --diag_wrap=off --display_error_number --warn_sections --xml_link_info="Homework 06_linkInfo.xml" --use_hw_mpy=F5 --rom_model -o "Homework 06.out" "./Display.obj" "./clocks.obj" "./init.obj" "./interrupts_ports.obj" "./led.obj" "./main.obj" "./ports.obj" "./states.obj" "./switches.obj" "./system.obj" "./timers.obj" "./timers_move.obj" "./wheels.obj" "../Compiled/LCD.obj" "../lnk_msp430fr2355.cmd"  -lfrwp_init.a -llibc.a 
<Linking>
remark #10372-D: (ULP 4.1) Detected uninitialized Port A in this project. Recommend initializing all unused ports to eliminate wasted current consumption on unused pins.
remark #10372-D: (ULP 4.1) Detected uninitialized Port B in this project. Recommend initializing all unused ports to eliminate wasted current consumption on unused pins.
remark #10372-D: (ULP 4.1) Detected uninitialized Port C in this project. Recommend initializing all unused ports to eliminate wasted current consumption on unused pins.
remark #10422-D: (ULP 6.2) Detected use of a device with available 32-bit hardware multiplier and not also using MSPMATHLIB library (libmath.a).  Recommend using MSPMATHLIB library (libmath.a) for improved performance.
Finished building target: "Homework 06.out"
 

**** Build Finished ****

**** Build of configuration Debug for project Homework 06 ****

"D:\\ccs\\utils\\bin\\gmake" -k -j 16 all -O 
 
Building file: "../timers.c"
Invoking: MSP430 Compiler
"D:/ccs/tools/compiler/ti-cgt-msp430_21.6.1.LTS/bin/cl430" -vmspx --use_hw_mpy=F5 --include_path="D:/ccs/ccs_base/msp430/include" --include_path="D:/ccs/Homework 06/Homework 06" --include_path="D:/ccs/tools/compiler/ti-cgt-msp430_21.6.1.LTS/include" --advice:power=all --advice:hw_config=all --define=__MSP430FR2355__ --define=_FRWP_ENABLE --define=_INFO_FRWP_ENABLE -g --printf_support=minimal --diag_warning=225 --diag_wrap=off --display_error_number --silicon_errata=CPU21 --silicon_errata=CPU22 --silicon_errata=CPU40 --preproc_with_compile --preproc_dependency="timers.d_raw"  "../timers.c"
 
>> Compilation failure
subdir_rules.mk:9: recipe for target 'timers.obj' failed
"../timers.c", line 54: error #20: identifier "FALSE" is undefined
"../timers.c", line 66: error #20: identifier "FALSE" is undefined
2 errors detected in the compilation of "../timers.c".
gmake: *** [timers.obj] Error 1
gmake: Target 'all' not remade because of errors.

**** Build Finished ****

**** Build of configuration Debug for project Homework 06 ****

"D:\\ccs\\utils\\bin\\gmake" -k -j 16 all -O 
 
Building file: "../timers.c"
Invoking: MSP430 Compiler
"D:/ccs/tools/compiler/ti-cgt-msp430_21.6.1.LTS/bin/cl430" -vmspx --use_hw_mpy=F5 --include_path="D:/ccs/ccs_base/msp430/include" --include_path="D:/ccs/Homework 06/Homework 06" --include_path="D:/ccs/tools/compiler/ti-cgt-msp430_21.6.1.LTS/include" --advice:power=all --advice:hw_config=all --define=__MSP430FR2355__ --define=_FRWP_ENABLE --define=_INFO_FRWP_ENABLE -g --printf_support=minimal --diag_warning=225 --diag_wrap=off --display_error_number --silicon_errata=CPU21 --silicon_errata=CPU22 --silicon_errata=CPU40 --preproc_with_compile --preproc_dependency="timers.d_raw"  "../timers.c"
Finished building: "../timers.c"
 
Building target: "Homework 06.out"
Invoking: MSP430 Linker
"D:/ccs/tools/compiler/ti-cgt-msp430_21.6.1.LTS/bin/cl430" -vmspx --use_hw_mpy=F5 --advice:power=all --advice:hw_config=all --define=__MSP430FR2355__ --define=_FRWP_ENABLE --define=_INFO_FRWP_ENABLE -g --printf_support=minimal --diag_warning=225 --diag_wrap=off --display_error_number --silicon_errata=CPU21 --silicon_errata=CPU22 --silicon_errata=CPU40 -z -m"Homework 06.map" --heap_size=160 --stack_size=160 --cinit_hold_wdt=on -i"D:/ccs/ccs_base/msp430/include" -i"D:/ccs/ccs_base/msp430/lib/FR2xx" -i"D:/ccs/tools/compiler/ti-cgt-msp430_21.6.1.LTS/lib" -i"D:/ccs/tools/compiler/ti-cgt-msp430_21.6.1.LTS/include" --priority --reread_libs --define=_FRWP_ENABLE --define=_INFO_FRWP_ENABLE --diag_wrap=off --display_error_number --warn_sections --xml_link_info="Homework 06_linkInfo.xml" --use_hw_mpy=F5 --rom_model -o "Homework 06.out" "./Display.obj" "./clocks.obj" "./init.obj" "./interrupts_ports.obj" "./led.obj" "./main.obj" "./ports.obj" "./states.obj" "./switches.obj" "./system.obj" "./timers.obj" "./timers_move.obj" "./wheels.obj" "../Compiled/LCD.obj" "../lnk_msp430fr2355.cmd"  -lfrwp_init.a -llibc.a 
<Linking>
remark #10372-D: (ULP 4.1) Detected uninitialized Port A in this project. Recommend initializing all unused ports to eliminate wasted current consumption on unused pins.
remark #10372-D: (ULP 4.1) Detected uninitialized Port B in this project. Recommend initializing all unused ports to eliminate wasted current consumption on unused pins.
remark #10372-D: (ULP 4.1) Detected uninitialized Port C in this project. Recommend initializing all unused ports to eliminate wasted current consumption on unused pins.
 
remark #10422-D: (ULP 6.2) Detected use of a device with available 32-bit hardware multiplier and not also using MSPMATHLIB library (libmath.a).  Recommend using MSPMATHLIB library (libmath.a) for improved performance.
 
>> Compilation failure
makefile:151: recipe for target 'Homework 06.out' failed
 undefined   first referenced
  symbol         in file     
 ---------   ----------------
 Init_Timers ./main.obj      
 
error #10234-D: unresolved symbols remain
error #10010: errors encountered during linking; "Homework 06.out" not built
gmake[1]: *** [Homework 06.out] Error 1
makefile:147: recipe for target 'all' failed
gmake: *** [all] Error 2

**** Build Finished ****

**** Build of configuration Debug for project Homework 06 ****

"D:\\ccs\\utils\\bin\\gmake" -k -j 16 all -O 
 
Building target: "Homework 06.out"
Invoking: MSP430 Linker
"D:/ccs/tools/compiler/ti-cgt-msp430_21.6.1.LTS/bin/cl430" -vmspx --use_hw_mpy=F5 --advice:power=all --advice:hw_config=all --define=__MSP430FR2355__ --define=_FRWP_ENABLE --define=_INFO_FRWP_ENABLE -g --printf_support=minimal --diag_warning=225 --diag_wrap=off --display_error_number --silicon_errata=CPU21 --silicon_errata=CPU22 --silicon_errata=CPU40 -z -m"Homework 06.map" --heap_size=160 --stack_size=160 --cinit_hold_wdt=on -i"D:/ccs/ccs_base/msp430/include" -i"D:/ccs/ccs_base/msp430/lib/FR2xx" -i"D:/ccs/tools/compiler/ti-cgt-msp430_21.6.1.LTS/lib" -i"D:/ccs/tools/compiler/ti-cgt-msp430_21.6.1.LTS/include" --priority --reread_libs --define=_FRWP_ENABLE --define=_INFO_FRWP_ENABLE --diag_wrap=off --display_error_number --warn_sections --xml_link_info="Homework 06_linkInfo.xml" --use_hw_mpy=F5 --rom_model -o "Homework 06.out" "./Display.obj" "./clocks.obj" "./init.obj" "./interrupts_ports.obj" "./led.obj" "./main.obj" "./ports.obj" "./states.obj" "./switches.obj" "./system.obj" "./timers.obj" "./timers_move.obj" "./wheels.obj" "../Compiled/LCD.obj" "../lnk_msp430fr2355.cmd"  -lfrwp_init.a -llibc.a 
<Linking>
 
 undefined   first referenced
  symbol         in file     
 ---------   ----------------
remark #10372-D: (ULP 4.1) Detected uninitialized Port A in this project. Recommend initializing all unused ports to eliminate wasted current consumption on unused pins.
 Init_Timers ./main.obj      
remark #10372-D: (ULP 4.1) Detected uninitialized Port B in this project. Recommend initializing all unused ports to eliminate wasted current consumption on unused pins.
remark #10372-D: (ULP 4.1) Detected uninitialized Port C in this project. Recommend initializing all unused ports to eliminate wasted current consumption on unused pins.
remark #10422-D: (ULP 6.2) Detected use of a device with available 32-bit hardware multiplier and not also using MSPMATHLIB library (libmath.a).  Recommend using MSPMATHLIB library (libmath.a) for improved performance.
 
>> Compilation failure
makefile:151: recipe for target 'Homework 06.out' failed
 
error #10234-D: unresolved symbols remain
error #10010: errors encountered during linking; "Homework 06.out" not built
gmake[1]: *** [Homework 06.out] Error 1
makefile:147: recipe for target 'all' failed
gmake: *** [all] Error 2

**** Build Finished ****

**** Build of configuration Debug for project Homework 06 ****

"D:\\ccs\\utils\\bin\\gmake" -k -j 16 all -O 
 
Building file: "../main.c"
Invoking: MSP430 Compiler
"D:/ccs/tools/compiler/ti-cgt-msp430_21.6.1.LTS/bin/cl430" -vmspx --use_hw_mpy=F5 --include_path="D:/ccs/ccs_base/msp430/include" --include_path="D:/ccs/Homework 06/Homework 06" --include_path="D:/ccs/tools/compiler/ti-cgt-msp430_21.6.1.LTS/include" --advice:power=all --advice:hw_config=all --define=__MSP430FR2355__ --define=_FRWP_ENABLE --define=_INFO_FRWP_ENABLE -g --printf_support=minimal --diag_warning=225 --diag_wrap=off --display_error_number --silicon_errata=CPU21 --silicon_errata=CPU22 --silicon_errata=CPU40 --preproc_with_compile --preproc_dependency="main.d_raw"  "../main.c"
"../main.c", line 123: warning #225-D: function "LCD_update" declared implicitly
"../main.c", line 124: warning #225-D: function "timed_moves" declared implicitly
"../main.c", line 125: warning #225-D: function "state_timer" declared implicitly
"../main.c", line 132: warning #225-D: function "Run_Circle" declared implicitly
"../main.c", line 135: warning #225-D: function "Run_Figure8" declared implicitly
"../main.c", line 138: warning #225-D: function "Run_Triangle" declared implicitly
"../main.c", line 112: warning #129-D: loop is not reachable
"../main.c", line 51: remark #1535-D: (ULP 8.1) variable "wheel_move" is used as a constant. Recommend declaring variable as either 'static const' or 'const'
"../main.c", line 52: remark #1535-D: (ULP 8.1) variable "forward" is used as a constant. Recommend declaring variable as either 'static const' or 'const'
"../main.c", line 58: remark #1535-D: (ULP 8.1) variable "event" is used as a constant. Recommend declaring variable as either 'static const' or 'const'
Finished building: "../main.c"
 
Building target: "Homework 06.out"
Invoking: MSP430 Linker
"D:/ccs/tools/compiler/ti-cgt-msp430_21.6.1.LTS/bin/cl430" -vmspx --use_hw_mpy=F5 --advice:power=all --advice:hw_config=all --define=__MSP430FR2355__ --define=_FRWP_ENABLE --define=_INFO_FRWP_ENABLE -g --printf_support=minimal --diag_warning=225 --diag_wrap=off --display_error_number --silicon_errata=CPU21 --silicon_errata=CPU22 --silicon_errata=CPU40 -z -m"Homework 06.map" --heap_size=160 --stack_size=160 --cinit_hold_wdt=on -i"D:/ccs/ccs_base/msp430/include" -i"D:/ccs/ccs_base/msp430/lib/FR2xx" -i"D:/ccs/tools/compiler/ti-cgt-msp430_21.6.1.LTS/lib" -i"D:/ccs/tools/compiler/ti-cgt-msp430_21.6.1.LTS/include" --priority --reread_libs --define=_FRWP_ENABLE --define=_INFO_FRWP_ENABLE --diag_wrap=off --display_error_number --warn_sections --xml_link_info="Homework 06_linkInfo.xml" --use_hw_mpy=F5 --rom_model -o "Homework 06.out" "./Display.obj" "./clocks.obj" "./init.obj" "./interrupts_ports.obj" "./led.obj" "./main.obj" "./ports.obj" "./states.obj" "./switches.obj" "./system.obj" "./timers.obj" "./timers_move.obj" "./wheels.obj" "../Compiled/LCD.obj" "../lnk_msp430fr2355.cmd"  -lfrwp_init.a -llibc.a 
<Linking>
 
 undefined   first referenced
  symbol         in file     
 ---------   ----------------
 Init_Timers ./main.obj      
 
error #10234-D: unresolved symbols remain
error #10010: errors encountered during linking; "Homework 06.out" not built
remark #10372-D: (ULP 4.1) Detected uninitialized Port A in this project. Recommend initializing all unused ports to eliminate wasted current consumption on unused pins.
remark #10372-D: (ULP 4.1) Detected uninitialized Port B in this project. Recommend initializing all unused ports to eliminate wasted current consumption on unused pins.
remark #10372-D: (ULP 4.1) Detected uninitialized Port C in this project. Recommend initializing all unused ports to eliminate wasted current consumption on unused pins.
remark #10422-D: (ULP 6.2) Detected use of a device with available 32-bit hardware multiplier and not also using MSPMATHLIB library (libmath.a).  Recommend using MSPMATHLIB library (libmath.a) for improved performance.
 
>> Compilation failure
makefile:151: recipe for target 'Homework 06.out' failed
gmake[1]: *** [Homework 06.out] Error 1
makefile:147: recipe for target 'all' failed
gmake: *** [all] Error 2

**** Build Finished ****

**** Build of configuration Debug for project Homework 06 ****

"D:\\ccs\\utils\\bin\\gmake" -k -j 16 all -O 
 
Building file: "../main.c"
Invoking: MSP430 Compiler
"D:/ccs/tools/compiler/ti-cgt-msp430_21.6.1.LTS/bin/cl430" -vmspx --use_hw_mpy=F5 --include_path="D:/ccs/ccs_base/msp430/include" --include_path="D:/ccs/Homework 06/Homework 06" --include_path="D:/ccs/tools/compiler/ti-cgt-msp430_21.6.1.LTS/include" --advice:power=all --advice:hw_config=all --define=__MSP430FR2355__ --define=_FRWP_ENABLE --define=_INFO_FRWP_ENABLE -g --printf_support=minimal --diag_warning=225 --diag_wrap=off --display_error_number --silicon_errata=CPU21 --silicon_errata=CPU22 --silicon_errata=CPU40 --preproc_with_compile --preproc_dependency="main.d_raw"  "../main.c"
"../main.c", line 121: warning #225-D: function "LCD_update" declared implicitly
"../main.c", line 122: warning #225-D: function "timed_moves" declared implicitly
"../main.c", line 123: warning #225-D: function "state_timer" declared implicitly
"../main.c", line 130: warning #225-D: function "Run_Circle" declared implicitly
"../main.c", line 133: warning #225-D: function "Run_Figure8" declared implicitly
"../main.c", line 136: warning #225-D: function "Run_Triangle" declared implicitly
"../main.c", line 110: warning #129-D: loop is not reachable
"../main.c", line 51: remark #1535-D: (ULP 8.1) variable "wheel_move" is used as a constant. Recommend declaring variable as either 'static const' or 'const'
"../main.c", line 52: remark #1535-D: (ULP 8.1) variable "forward" is used as a constant. Recommend declaring variable as either 'static const' or 'const'
"../main.c", line 58: remark #1535-D: (ULP 8.1) variable "event" is used as a constant. Recommend declaring variable as either 'static const' or 'const'
Finished building: "../main.c"
 
Building target: "Homework 06.out"
Invoking: MSP430 Linker
"D:/ccs/tools/compiler/ti-cgt-msp430_21.6.1.LTS/bin/cl430" -vmspx --use_hw_mpy=F5 --advice:power=all --advice:hw_config=all --define=__MSP430FR2355__ --define=_FRWP_ENABLE --define=_INFO_FRWP_ENABLE -g --printf_support=minimal --diag_warning=225 --diag_wrap=off --display_error_number --silicon_errata=CPU21 --silicon_errata=CPU22 --silicon_errata=CPU40 -z -m"Homework 06.map" --heap_size=160 --stack_size=160 --cinit_hold_wdt=on -i"D:/ccs/ccs_base/msp430/include" -i"D:/ccs/ccs_base/msp430/lib/FR2xx" -i"D:/ccs/tools/compiler/ti-cgt-msp430_21.6.1.LTS/lib" -i"D:/ccs/tools/compiler/ti-cgt-msp430_21.6.1.LTS/include" --priority --reread_libs --define=_FRWP_ENABLE --define=_INFO_FRWP_ENABLE --diag_wrap=off --display_error_number --warn_sections --xml_link_info="Homework 06_linkInfo.xml" --use_hw_mpy=F5 --rom_model -o "Homework 06.out" "./Display.obj" "./clocks.obj" "./init.obj" "./interrupts_ports.obj" "./led.obj" "./main.obj" "./ports.obj" "./states.obj" "./switches.obj" "./system.obj" "./timers.obj" "./timers_move.obj" "./wheels.obj" "../Compiled/LCD.obj" "../lnk_msp430fr2355.cmd"  -lfrwp_init.a -llibc.a 
<Linking>
remark #10372-D: (ULP 4.1) Detected uninitialized Port A in this project. Recommend initializing all unused ports to eliminate wasted current consumption on unused pins.
remark #10372-D: (ULP 4.1) Detected uninitialized Port B in this project. Recommend initializing all unused ports to eliminate wasted current consumption on unused pins.
remark #10372-D: (ULP 4.1) Detected uninitialized Port C in this project. Recommend initializing all unused ports to eliminate wasted current consumption on unused pins.
remark #10422-D: (ULP 6.2) Detected use of a device with available 32-bit hardware multiplier and not also using MSPMATHLIB library (libmath.a).  Recommend using MSPMATHLIB library (libmath.a) for improved performance.
 
 
>> Compilation failure
makefile:151: recipe for target 'Homework 06.out' failed
 undefined   first referenced
  symbol         in file     
 ---------   ----------------
 Init_Timers ./main.obj      
 
error #10234-D: unresolved symbols remain
error #10010: errors encountered during linking; "Homework 06.out" not built
gmake[1]: *** [Homework 06.out] Error 1
makefile:147: recipe for target 'all' failed
gmake: *** [all] Error 2

**** Build Finished ****

**** Build of configuration Debug for project Homework 06 ****

"D:\\ccs\\utils\\bin\\gmake" -k -j 16 all -O 
 
Building file: "../main.c"
Invoking: MSP430 Compiler
"D:/ccs/tools/compiler/ti-cgt-msp430_21.6.1.LTS/bin/cl430" -vmspx --use_hw_mpy=F5 --include_path="D:/ccs/ccs_base/msp430/include" --include_path="D:/ccs/Homework 06/Homework 06" --include_path="D:/ccs/tools/compiler/ti-cgt-msp430_21.6.1.LTS/include" --advice:power=all --advice:hw_config=all --define=__MSP430FR2355__ --define=_FRWP_ENABLE --define=_INFO_FRWP_ENABLE -g --printf_support=minimal --diag_warning=225 --diag_wrap=off --display_error_number --silicon_errata=CPU21 --silicon_errata=CPU22 --silicon_errata=CPU40 --preproc_with_compile --preproc_dependency="main.d_raw"  "../main.c"
"../main.c", line 81: warning #225-D: function "Init_TimerB0" declared implicitly
"../main.c", line 122: warning #225-D: function "LCD_update" declared implicitly
"../main.c", line 123: warning #225-D: function "timed_moves" declared implicitly
"../main.c", line 124: warning #225-D: function "state_timer" declared implicitly
"../main.c", line 131: warning #225-D: function "Run_Circle" declared implicitly
"../main.c", line 134: warning #225-D: function "Run_Figure8" declared implicitly
"../main.c", line 137: warning #225-D: function "Run_Triangle" declared implicitly
"../main.c", line 111: warning #129-D: loop is not reachable
"../main.c", line 51: remark #1535-D: (ULP 8.1) variable "wheel_move" is used as a constant. Recommend declaring variable as either 'static const' or 'const'
"../main.c", line 52: remark #1535-D: (ULP 8.1) variable "forward" is used as a constant. Recommend declaring variable as either 'static const' or 'const'
"../main.c", line 58: remark #1535-D: (ULP 8.1) variable "event" is used as a constant. Recommend declaring variable as either 'static const' or 'const'
Finished building: "../main.c"
 
Building target: "Homework 06.out"
Invoking: MSP430 Linker
"D:/ccs/tools/compiler/ti-cgt-msp430_21.6.1.LTS/bin/cl430" -vmspx --use_hw_mpy=F5 --advice:power=all --advice:hw_config=all --define=__MSP430FR2355__ --define=_FRWP_ENABLE --define=_INFO_FRWP_ENABLE -g --printf_support=minimal --diag_warning=225 --diag_wrap=off --display_error_number --silicon_errata=CPU21 --silicon_errata=CPU22 --silicon_errata=CPU40 -z -m"Homework 06.map" --heap_size=160 --stack_size=160 --cinit_hold_wdt=on -i"D:/ccs/ccs_base/msp430/include" -i"D:/ccs/ccs_base/msp430/lib/FR2xx" -i"D:/ccs/tools/compiler/ti-cgt-msp430_21.6.1.LTS/lib" -i"D:/ccs/tools/compiler/ti-cgt-msp430_21.6.1.LTS/include" --priority --reread_libs --define=_FRWP_ENABLE --define=_INFO_FRWP_ENABLE --diag_wrap=off --display_error_number --warn_sections --xml_link_info="Homework 06_linkInfo.xml" --use_hw_mpy=F5 --rom_model -o "Homework 06.out" "./Display.obj" "./clocks.obj" "./init.obj" "./interrupts_ports.obj" "./led.obj" "./main.obj" "./ports.obj" "./states.obj" "./switches.obj" "./system.obj" "./timers.obj" "./timers_move.obj" "./wheels.obj" "../Compiled/LCD.obj" "../lnk_msp430fr2355.cmd"  -lfrwp_init.a -llibc.a 
<Linking>
 
 undefined   first referenced
  symbol         in file     
 ---------   ----------------
 Init_Timers ./main.obj      
 
error #10234-D: unresolved symbols remain
error #10010: errors encountered during linking; "Homework 06.out" not built
remark #10372-D: (ULP 4.1) Detected uninitialized Port A in this project. Recommend initializing all unused ports to eliminate wasted current consumption on unused pins.
remark #10372-D: (ULP 4.1) Detected uninitialized Port B in this project. Recommend initializing all unused ports to eliminate wasted current consumption on unused pins.
remark #10372-D: (ULP 4.1) Detected uninitialized Port C in this project. Recommend initializing all unused ports to eliminate wasted current consumption on unused pins.
remark #10422-D: (ULP 6.2) Detected use of a device with available 32-bit hardware multiplier and not also using MSPMATHLIB library (libmath.a).  Recommend using MSPMATHLIB library (libmath.a) for improved performance.
 
>> Compilation failure
makefile:151: recipe for target 'Homework 06.out' failed
gmake[1]: *** [Homework 06.out] Error 1
makefile:147: recipe for target 'all' failed
gmake: *** [all] Error 2

**** Build Finished ****

**** Build of configuration Debug for project Homework 06 ****

"D:\\ccs\\utils\\bin\\gmake" -k -j 16 all -O 
 
Building file: "../main.c"
Invoking: MSP430 Compiler
"D:/ccs/tools/compiler/ti-cgt-msp430_21.6.1.LTS/bin/cl430" -vmspx --use_hw_mpy=F5 --include_path="D:/ccs/ccs_base/msp430/include" --include_path="D:/ccs/Homework 06/Homework 06" --include_path="D:/ccs/tools/compiler/ti-cgt-msp430_21.6.1.LTS/include" --advice:power=all --advice:hw_config=all --define=__MSP430FR2355__ --define=_FRWP_ENABLE --define=_INFO_FRWP_ENABLE -g --printf_support=minimal --diag_warning=225 --diag_wrap=off --display_error_number --silicon_errata=CPU21 --silicon_errata=CPU22 --silicon_errata=CPU40 --preproc_with_compile --preproc_dependency="main.d_raw"  "../main.c"
"../main.c", line 82: warning #225-D: function "Init_TimerB0" declared implicitly
"../main.c", line 123: warning #225-D: function "LCD_update" declared implicitly
"../main.c", line 124: warning #225-D: function "timed_moves" declared implicitly
"../main.c", line 125: warning #225-D: function "state_timer" declared implicitly
"../main.c", line 132: warning #225-D: function "Run_Circle" declared implicitly
"../main.c", line 135: warning #225-D: function "Run_Figure8" declared implicitly
"../main.c", line 138: warning #225-D: function "Run_Triangle" declared implicitly
"../main.c", line 112: warning #129-D: loop is not reachable
"../main.c", line 52: remark #1535-D: (ULP 8.1) variable "wheel_move" is used as a constant. Recommend declaring variable as either 'static const' or 'const'
"../main.c", line 53: remark #1535-D: (ULP 8.1) variable "forward" is used as a constant. Recommend declaring variable as either 'static const' or 'const'
"../main.c", line 59: remark #1535-D: (ULP 8.1) variable "event" is used as a constant. Recommend declaring variable as either 'static const' or 'const'
Finished building: "../main.c"
 
Building target: "Homework 06.out"
Invoking: MSP430 Linker
"D:/ccs/tools/compiler/ti-cgt-msp430_21.6.1.LTS/bin/cl430" -vmspx --use_hw_mpy=F5 --advice:power=all --advice:hw_config=all --define=__MSP430FR2355__ --define=_FRWP_ENABLE --define=_INFO_FRWP_ENABLE -g --printf_support=minimal --diag_warning=225 --diag_wrap=off --display_error_number --silicon_errata=CPU21 --silicon_errata=CPU22 --silicon_errata=CPU40 -z -m"Homework 06.map" --heap_size=160 --stack_size=160 --cinit_hold_wdt=on -i"D:/ccs/ccs_base/msp430/include" -i"D:/ccs/ccs_base/msp430/lib/FR2xx" -i"D:/ccs/tools/compiler/ti-cgt-msp430_21.6.1.LTS/lib" -i"D:/ccs/tools/compiler/ti-cgt-msp430_21.6.1.LTS/include" --priority --reread_libs --define=_FRWP_ENABLE --define=_INFO_FRWP_ENABLE --diag_wrap=off --display_error_number --warn_sections --xml_link_info="Homework 06_linkInfo.xml" --use_hw_mpy=F5 --rom_model -o "Homework 06.out" "./Display.obj" "./clocks.obj" "./init.obj" "./interrupts_ports.obj" "./led.obj" "./main.obj" "./ports.obj" "./states.obj" "./switches.obj" "./system.obj" "./timers.obj" "./timers_move.obj" "./wheels.obj" "../Compiled/LCD.obj" "../lnk_msp430fr2355.cmd"  -lfrwp_init.a -llibc.a 
<Linking>
 
 undefined   first referenced
  symbol         in file     
 ---------   ----------------
 Init_Timers ./main.obj      
 
remark #10372-D: (ULP 4.1) Detected uninitialized Port A in this project. Recommend initializing all unused ports to eliminate wasted current consumption on unused pins.
error #10234-D: unresolved symbols remain
remark #10372-D: (ULP 4.1) Detected uninitialized Port B in this project. Recommend initializing all unused ports to eliminate wasted current consumption on unused pins.
remark #10372-D: (ULP 4.1) Detected uninitialized Port C in this project. Recommend initializing all unused ports to eliminate wasted current consumption on unused pins.
remark #10422-D: (ULP 6.2) Detected use of a device with available 32-bit hardware multiplier and not also using MSPMATHLIB library (libmath.a).  Recommend using MSPMATHLIB library (libmath.a) for improved performance.
 
>> Compilation failure
makefile:151: recipe for target 'Homework 06.out' failed
error #10010: errors encountered during linking; "Homework 06.out" not built
gmake[1]: *** [Homework 06.out] Error 1
makefile:147: recipe for target 'all' failed
gmake: *** [all] Error 2

**** Build Finished ****

**** Build of configuration Debug for project Homework 06 ****

"D:\\ccs\\utils\\bin\\gmake" -k -j 16 all -O 
 
Building file: "../main.c"
Invoking: MSP430 Compiler
"D:/ccs/tools/compiler/ti-cgt-msp430_21.6.1.LTS/bin/cl430" -vmspx --use_hw_mpy=F5 --include_path="D:/ccs/ccs_base/msp430/include" --include_path="D:/ccs/Homework 06/Homework 06" --include_path="D:/ccs/tools/compiler/ti-cgt-msp430_21.6.1.LTS/include" --advice:power=all --advice:hw_config=all --define=__MSP430FR2355__ --define=_FRWP_ENABLE --define=_INFO_FRWP_ENABLE -g --printf_support=minimal --diag_warning=225 --diag_wrap=off --display_error_number --silicon_errata=CPU21 --silicon_errata=CPU22 --silicon_errata=CPU40 --preproc_with_compile --preproc_dependency="main.d_raw"  "../main.c"
"../main.c", line 125: warning #225-D: function "LCD_update" declared implicitly
"../main.c", line 126: warning #225-D: function "timed_moves" declared implicitly
"../main.c", line 127: warning #225-D: function "state_timer" declared implicitly
"../main.c", line 134: warning #225-D: function "Run_Circle" declared implicitly
"../main.c", line 137: warning #225-D: function "Run_Figure8" declared implicitly
"../main.c", line 140: warning #225-D: function "Run_Triangle" declared implicitly
"../main.c", line 114: warning #129-D: loop is not reachable
"../main.c", line 54: remark #1535-D: (ULP 8.1) variable "wheel_move" is used as a constant. Recommend declaring variable as either 'static const' or 'const'
"../main.c", line 55: remark #1535-D: (ULP 8.1) variable "forward" is used as a constant. Recommend declaring variable as either 'static const' or 'const'
"../main.c", line 61: remark #1535-D: (ULP 8.1) variable "event" is used as a constant. Recommend declaring variable as either 'static const' or 'const'
Finished building: "../main.c"
 
Building target: "Homework 06.out"
Invoking: MSP430 Linker
"D:/ccs/tools/compiler/ti-cgt-msp430_21.6.1.LTS/bin/cl430" -vmspx --use_hw_mpy=F5 --advice:power=all --advice:hw_config=all --define=__MSP430FR2355__ --define=_FRWP_ENABLE --define=_INFO_FRWP_ENABLE -g --printf_support=minimal --diag_warning=225 --diag_wrap=off --display_error_number --silicon_errata=CPU21 --silicon_errata=CPU22 --silicon_errata=CPU40 -z -m"Homework 06.map" --heap_size=160 --stack_size=160 --cinit_hold_wdt=on -i"D:/ccs/ccs_base/msp430/include" -i"D:/ccs/ccs_base/msp430/lib/FR2xx" -i"D:/ccs/tools/compiler/ti-cgt-msp430_21.6.1.LTS/lib" -i"D:/ccs/tools/compiler/ti-cgt-msp430_21.6.1.LTS/include" --priority --reread_libs --define=_FRWP_ENABLE --define=_INFO_FRWP_ENABLE --diag_wrap=off --display_error_number --warn_sections --xml_link_info="Homework 06_linkInfo.xml" --use_hw_mpy=F5 --rom_model -o "Homework 06.out" "./Display.obj" "./clocks.obj" "./init.obj" "./interrupts_ports.obj" "./led.obj" "./main.obj" "./ports.obj" "./states.obj" "./switches.obj" "./system.obj" "./timers.obj" "./timers_move.obj" "./wheels.obj" "../Compiled/LCD.obj" "../lnk_msp430fr2355.cmd"  -lfrwp_init.a -llibc.a 
<Linking>
 
remark #10372-D: (ULP 4.1) Detected uninitialized Port A in this project. Recommend initializing all unused ports to eliminate wasted current consumption on unused pins.
 undefined   first referenced
remark #10372-D: (ULP 4.1) Detected uninitialized Port B in this project. Recommend initializing all unused ports to eliminate wasted current consumption on unused pins.
remark #10372-D: (ULP 4.1) Detected uninitialized Port C in this project. Recommend initializing all unused ports to eliminate wasted current consumption on unused pins.
remark #10422-D: (ULP 6.2) Detected use of a device with available 32-bit hardware multiplier and not also using MSPMATHLIB library (libmath.a).  Recommend using MSPMATHLIB library (libmath.a) for improved performance.
 
>> Compilation failure
makefile:151: recipe for target 'Homework 06.out' failed
  symbol         in file     
 ---------   ----------------
 Init_Timers ./main.obj      
 
error #10234-D: unresolved symbols remain
error #10010: errors encountered during linking; "Homework 06.out" not built
gmake[1]: *** [Homework 06.out] Error 1
makefile:147: recipe for target 'all' failed
gmake: *** [all] Error 2

**** Build Finished ****

**** Build of configuration Debug for project Homework 06 ****

"D:\\ccs\\utils\\bin\\gmake" -k -j 16 all -O 
 
Building file: "../timers.c"
Invoking: MSP430 Compiler
"D:/ccs/tools/compiler/ti-cgt-msp430_21.6.1.LTS/bin/cl430" -vmspx --use_hw_mpy=F5 --include_path="D:/ccs/ccs_base/msp430/include" --include_path="D:/ccs/Homework 06/Homework 06" --include_path="D:/ccs/tools/compiler/ti-cgt-msp430_21.6.1.LTS/include" --advice:power=all --advice:hw_config=all --define=__MSP430FR2355__ --define=_FRWP_ENABLE --define=_INFO_FRWP_ENABLE -g --printf_support=minimal --diag_warning=225 --diag_wrap=off --display_error_number --silicon_errata=CPU21 --silicon_errata=CPU22 --silicon_errata=CPU40 --preproc_with_compile --preproc_dependency="timers.d_raw"  "../timers.c"
 
>> Compilation failure
subdir_rules.mk:9: recipe for target 'timers.obj' failed
"../timers.c", line 53: error #20: identifier "FALSE" is undefined
"../timers.c", line 65: error #20: identifier "FALSE" is undefined
2 errors detected in the compilation of "../timers.c".
gmake: *** [timers.obj] Error 1
gmake: Target 'all' not remade because of errors.

**** Build Finished ****

**** Build of configuration Debug for project Homework 06 ****

"D:\\ccs\\utils\\bin\\gmake" -k -j 16 all -O 
 
Building file: "../timers.c"
Invoking: MSP430 Compiler
"D:/ccs/tools/compiler/ti-cgt-msp430_21.6.1.LTS/bin/cl430" -vmspx --use_hw_mpy=F5 --include_path="D:/ccs/ccs_base/msp430/include" --include_path="D:/ccs/Homework 06/Homework 06" --include_path="D:/ccs/tools/compiler/ti-cgt-msp430_21.6.1.LTS/include" --advice:power=all --advice:hw_config=all --define=__MSP430FR2355__ --define=_FRWP_ENABLE --define=_INFO_FRWP_ENABLE -g --printf_support=minimal --diag_warning=225 --diag_wrap=off --display_error_number --silicon_errata=CPU21 --silicon_errata=CPU22 --silicon_errata=CPU40 --preproc_with_compile --preproc_dependency="timers.d_raw"  "../timers.c"
Finished building: "../timers.c"
 
Building target: "Homework 06.out"
Invoking: MSP430 Linker
"D:/ccs/tools/compiler/ti-cgt-msp430_21.6.1.LTS/bin/cl430" -vmspx --use_hw_mpy=F5 --advice:power=all --advice:hw_config=all --define=__MSP430FR2355__ --define=_FRWP_ENABLE --define=_INFO_FRWP_ENABLE -g --printf_support=minimal --diag_warning=225 --diag_wrap=off --display_error_number --silicon_errata=CPU21 --silicon_errata=CPU22 --silicon_errata=CPU40 -z -m"Homework 06.map" --heap_size=160 --stack_size=160 --cinit_hold_wdt=on -i"D:/ccs/ccs_base/msp430/include" -i"D:/ccs/ccs_base/msp430/lib/FR2xx" -i"D:/ccs/tools/compiler/ti-cgt-msp430_21.6.1.LTS/lib" -i"D:/ccs/tools/compiler/ti-cgt-msp430_21.6.1.LTS/include" --priority --reread_libs --define=_FRWP_ENABLE --define=_INFO_FRWP_ENABLE --diag_wrap=off --display_error_number --warn_sections --xml_link_info="Homework 06_linkInfo.xml" --use_hw_mpy=F5 --rom_model -o "Homework 06.out" "./Display.obj" "./clocks.obj" "./init.obj" "./interrupts_ports.obj" "./led.obj" "./main.obj" "./ports.obj" "./states.obj" "./switches.obj" "./system.obj" "./timers.obj" "./timers_move.obj" "./wheels.obj" "../Compiled/LCD.obj" "../lnk_msp430fr2355.cmd"  -lfrwp_init.a -llibc.a 
<Linking>
 
 undefined   first referenced
  symbol         in file     
 ---------   ----------------
 Init_Timers ./main.obj      
 
error #10234-D: unresolved symbols remain
error #10010: errors encountered during linking; "Homework 06.out" not built
remark #10372-D: (ULP 4.1) Detected uninitialized Port A in this project. Recommend initializing all unused ports to eliminate wasted current consumption on unused pins.
remark #10372-D: (ULP 4.1) Detected uninitialized Port B in this project. Recommend initializing all unused ports to eliminate wasted current consumption on unused pins.
remark #10372-D: (ULP 4.1) Detected uninitialized Port C in this project. Recommend initializing all unused ports to eliminate wasted current consumption on unused pins.
remark #10422-D: (ULP 6.2) Detected use of a device with available 32-bit hardware multiplier and not also using MSPMATHLIB library (libmath.a).  Recommend using MSPMATHLIB library (libmath.a) for improved performance.
 
>> Compilation failure
makefile:151: recipe for target 'Homework 06.out' failed
gmake[1]: *** [Homework 06.out] Error 1
makefile:147: recipe for target 'all' failed
gmake: *** [all] Error 2

**** Build Finished ****

**** Build of configuration Debug for project Homework 06 ****

"D:\\ccs\\utils\\bin\\gmake" -k -j 16 all -O 
 
Building file: "../switches.c"
Invoking: MSP430 Compiler
"D:/ccs/tools/compiler/ti-cgt-msp430_21.6.1.LTS/bin/cl430" -vmspx --use_hw_mpy=F5 --include_path="D:/ccs/ccs_base/msp430/include" --include_path="D:/ccs/Homework 06/Homework 06" --include_path="D:/ccs/tools/compiler/ti-cgt-msp430_21.6.1.LTS/include" --advice:power=all --advice:hw_config=all --define=__MSP430FR2355__ --define=_FRWP_ENABLE --define=_INFO_FRWP_ENABLE -g --printf_support=minimal --diag_warning=225 --diag_wrap=off --display_error_number --silicon_errata=CPU21 --silicon_errata=CPU22 --silicon_errata=CPU40 --preproc_with_compile --preproc_dependency="switches.d_raw"  "../switches.c"
 
>> Compilation failure
subdir_rules.mk:9: recipe for target 'switches.obj' failed
"../switches.c", line 15: error #148: declaration is incompatible with "void Display_Update(char, char, char, char)" (declared at line 39 of "..\LCD.h")
"../switches.c", line 17: error #20: identifier "FALSE" is undefined
2 errors detected in the compilation of "../switches.c".
gmake: *** [switches.obj] Error 1
gmake: Target 'all' not remade because of errors.

**** Build Finished ****

**** Build of configuration Debug for project Homework 06 ****

"D:\\ccs\\utils\\bin\\gmake" -k -j 16 all -O 
 
Building file: "../switches.c"
Invoking: MSP430 Compiler
"D:/ccs/tools/compiler/ti-cgt-msp430_21.6.1.LTS/bin/cl430" -vmspx --use_hw_mpy=F5 --include_path="D:/ccs/ccs_base/msp430/include" --include_path="D:/ccs/Homework 06/Homework 06" --include_path="D:/ccs/tools/compiler/ti-cgt-msp430_21.6.1.LTS/include" --advice:power=all --advice:hw_config=all --define=__MSP430FR2355__ --define=_FRWP_ENABLE --define=_INFO_FRWP_ENABLE -g --printf_support=minimal --diag_warning=225 --diag_wrap=off --display_error_number --silicon_errata=CPU21 --silicon_errata=CPU22 --silicon_errata=CPU40 --preproc_with_compile --preproc_dependency="switches.d_raw"  "../switches.c"
 
>> Compilation failure
subdir_rules.mk:9: recipe for target 'switches.obj' failed
"../switches.c", line 15: error #148: declaration is incompatible with "void Display_Update(char, char, char, char)" (declared at line 39 of "..\LCD.h")
"../switches.c", line 17: error #20: identifier "FALSE" is undefined
2 errors detected in the compilation of "../switches.c".
gmake: *** [switches.obj] Error 1
Building file: "../timers.c"
Invoking: MSP430 Compiler
"D:/ccs/tools/compiler/ti-cgt-msp430_21.6.1.LTS/bin/cl430" -vmspx --use_hw_mpy=F5 --include_path="D:/ccs/ccs_base/msp430/include" --include_path="D:/ccs/Homework 06/Homework 06" --include_path="D:/ccs/tools/compiler/ti-cgt-msp430_21.6.1.LTS/include" --advice:power=all --advice:hw_config=all --define=__MSP430FR2355__ --define=_FRWP_ENABLE --define=_INFO_FRWP_ENABLE -g --printf_support=minimal --diag_warning=225 --diag_wrap=off --display_error_number --silicon_errata=CPU21 --silicon_errata=CPU22 --silicon_errata=CPU40 --preproc_with_compile --preproc_dependency="timers.d_raw"  "../timers.c"
 
>> Compilation failure
subdir_rules.mk:9: recipe for target 'timers.obj' failed
"../timers.c", line 51: error #20: identifier "FALSE" is undefined
"../timers.c", line 63: error #20: identifier "FALSE" is undefined
2 errors detected in the compilation of "../timers.c".
gmake: *** [timers.obj] Error 1
gmake: Target 'all' not remade because of errors.

**** Build Finished ****

**** Build of configuration Debug for project Homework 06 ****

"D:\\ccs\\utils\\bin\\gmake" -k -j 16 all -O 
 
Building file: "../switches.c"
Invoking: MSP430 Compiler
"D:/ccs/tools/compiler/ti-cgt-msp430_21.6.1.LTS/bin/cl430" -vmspx --use_hw_mpy=F5 --include_path="D:/ccs/ccs_base/msp430/include" --include_path="D:/ccs/Homework 06/Homework 06" --include_path="D:/ccs/tools/compiler/ti-cgt-msp430_21.6.1.LTS/include" --advice:power=all --advice:hw_config=all --define=__MSP430FR2355__ --define=_FRWP_ENABLE --define=_INFO_FRWP_ENABLE -g --printf_support=minimal --diag_warning=225 --diag_wrap=off --display_error_number --silicon_errata=CPU21 --silicon_errata=CPU22 --silicon_errata=CPU40 --preproc_with_compile --preproc_dependency="switches.d_raw"  "../switches.c"
 
>> Compilation failure
subdir_rules.mk:9: recipe for target 'switches.obj' failed
"../switches.c", line 15: error #148: declaration is incompatible with "void Display_Update(char, char, char, char)" (declared at line 39 of "..\LCD.h")
"../switches.c", line 17: error #20: identifier "FALSE" is undefined
2 errors detected in the compilation of "../switches.c".
gmake: *** [switches.obj] Error 1
Building file: "../timers.c"
Invoking: MSP430 Compiler
"D:/ccs/tools/compiler/ti-cgt-msp430_21.6.1.LTS/bin/cl430" -vmspx --use_hw_mpy=F5 --include_path="D:/ccs/ccs_base/msp430/include" --include_path="D:/ccs/Homework 06/Homework 06" --include_path="D:/ccs/tools/compiler/ti-cgt-msp430_21.6.1.LTS/include" --advice:power=all --advice:hw_config=all --define=__MSP430FR2355__ --define=_FRWP_ENABLE --define=_INFO_FRWP_ENABLE -g --printf_support=minimal --diag_warning=225 --diag_wrap=off --display_error_number --silicon_errata=CPU21 --silicon_errata=CPU22 --silicon_errata=CPU40 --preproc_with_compile --preproc_dependency="timers.d_raw"  "../timers.c"
Finished building: "../timers.c"
 
gmake: Target 'all' not remade because of errors.

**** Build Finished ****

**** Build of configuration Debug for project Homework 06 ****

"D:\\ccs\\utils\\bin\\gmake" -k -j 16 all -O 
 
Building file: "../switches.c"
Invoking: MSP430 Compiler
"D:/ccs/tools/compiler/ti-cgt-msp430_21.6.1.LTS/bin/cl430" -vmspx --use_hw_mpy=F5 --include_path="D:/ccs/ccs_base/msp430/include" --include_path="D:/ccs/Homework 06/Homework 06" --include_path="D:/ccs/tools/compiler/ti-cgt-msp430_21.6.1.LTS/include" --advice:power=all --advice:hw_config=all --define=__MSP430FR2355__ --define=_FRWP_ENABLE --define=_INFO_FRWP_ENABLE -g --printf_support=minimal --diag_warning=225 --diag_wrap=off --display_error_number --silicon_errata=CPU21 --silicon_errata=CPU22 --silicon_errata=CPU40 --preproc_with_compile --preproc_dependency="switches.d_raw"  "../switches.c"
 
>> Compilation failure
subdir_rules.mk:9: recipe for target 'switches.obj' failed
"../switches.c", line 15: error #148: declaration is incompatible with "void Display_Update(char, char, char, char)" (declared at line 39 of "..\LCD.h")
1 error detected in the compilation of "../switches.c".
gmake: *** [switches.obj] Error 1
gmake: Target 'all' not remade because of errors.

**** Build Finished ****

**** Build of configuration Debug for project Homework 06 ****

"D:\\ccs\\utils\\bin\\gmake" -k -j 16 all -O 
 
Building file: "../switches.c"
Invoking: MSP430 Compiler
"D:/ccs/tools/compiler/ti-cgt-msp430_21.6.1.LTS/bin/cl430" -vmspx --use_hw_mpy=F5 --include_path="D:/ccs/ccs_base/msp430/include" --include_path="D:/ccs/Homework 06/Homework 06" --include_path="D:/ccs/tools/compiler/ti-cgt-msp430_21.6.1.LTS/include" --advice:power=all --advice:hw_config=all --define=__MSP430FR2355__ --define=_FRWP_ENABLE --define=_INFO_FRWP_ENABLE -g --printf_support=minimal --diag_warning=225 --diag_wrap=off --display_error_number --silicon_errata=CPU21 --silicon_errata=CPU22 --silicon_errata=CPU40 --preproc_with_compile --preproc_dependency="switches.d_raw"  "../switches.c"
Finished building: "../switches.c"
 
Building target: "Homework 06.out"
Invoking: MSP430 Linker
"D:/ccs/tools/compiler/ti-cgt-msp430_21.6.1.LTS/bin/cl430" -vmspx --use_hw_mpy=F5 --advice:power=all --advice:hw_config=all --define=__MSP430FR2355__ --define=_FRWP_ENABLE --define=_INFO_FRWP_ENABLE -g --printf_support=minimal --diag_warning=225 --diag_wrap=off --display_error_number --silicon_errata=CPU21 --silicon_errata=CPU22 --silicon_errata=CPU40 -z -m"Homework 06.map" --heap_size=160 --stack_size=160 --cinit_hold_wdt=on -i"D:/ccs/ccs_base/msp430/include" -i"D:/ccs/ccs_base/msp430/lib/FR2xx" -i"D:/ccs/tools/compiler/ti-cgt-msp430_21.6.1.LTS/lib" -i"D:/ccs/tools/compiler/ti-cgt-msp430_21.6.1.LTS/include" --priority --reread_libs --define=_FRWP_ENABLE --define=_INFO_FRWP_ENABLE --diag_wrap=off --display_error_number --warn_sections --xml_link_info="Homework 06_linkInfo.xml" --use_hw_mpy=F5 --rom_model -o "Homework 06.out" "./Display.obj" "./clocks.obj" "./init.obj" "./interrupts_ports.obj" "./led.obj" "./main.obj" "./ports.obj" "./states.obj" "./switches.obj" "./system.obj" "./timers.obj" "./timers_move.obj" "./wheels.obj" "../Compiled/LCD.obj" "../lnk_msp430fr2355.cmd"  -lfrwp_init.a -llibc.a 
<Linking>
 
 undefined   first referenced
  symbol         in file     
 ---------   ----------------
 Init_Timers ./main.obj      
 
error #10234-D: unresolved symbols remain
error #10010: errors encountered during linking; "Homework 06.out" not built
remark #10372-D: (ULP 4.1) Detected uninitialized Port A in this project. Recommend initializing all unused ports to eliminate wasted current consumption on unused pins.
remark #10372-D: (ULP 4.1) Detected uninitialized Port B in this project. Recommend initializing all unused ports to eliminate wasted current consumption on unused pins.
remark #10372-D: (ULP 4.1) Detected uninitialized Port C in this project. Recommend initializing all unused ports to eliminate wasted current consumption on unused pins.
remark #10422-D: (ULP 6.2) Detected use of a device with available 32-bit hardware multiplier and not also using MSPMATHLIB library (libmath.a).  Recommend using MSPMATHLIB library (libmath.a) for improved performance.
 
>> Compilation failure
makefile:151: recipe for target 'Homework 06.out' failed
gmake[1]: *** [Homework 06.out] Error 1
makefile:147: recipe for target 'all' failed
gmake: *** [all] Error 2

**** Build Finished ****

**** Build of configuration Debug for project Homework 06 ****

"D:\\ccs\\utils\\bin\\gmake" -k -j 16 all -O 
 
Building file: "../main.c"
Invoking: MSP430 Compiler
"D:/ccs/tools/compiler/ti-cgt-msp430_21.6.1.LTS/bin/cl430" -vmspx --use_hw_mpy=F5 --include_path="D:/ccs/ccs_base/msp430/include" --include_path="D:/ccs/Homework 06/Homework 06" --include_path="D:/ccs/tools/compiler/ti-cgt-msp430_21.6.1.LTS/include" --advice:power=all --advice:hw_config=all --define=__MSP430FR2355__ --define=_FRWP_ENABLE --define=_INFO_FRWP_ENABLE -g --printf_support=minimal --diag_warning=225 --diag_wrap=off --display_error_number --silicon_errata=CPU21 --silicon_errata=CPU22 --silicon_errata=CPU40 --preproc_with_compile --preproc_dependency="main.d_raw"  "../main.c"
"../main.c", line 125: warning #225-D: function "LCD_update" declared implicitly
"../main.c", line 126: warning #225-D: function "timed_moves" declared implicitly
"../main.c", line 127: warning #225-D: function "state_timer" declared implicitly
"../main.c", line 134: warning #225-D: function "Run_Circle" declared implicitly
"../main.c", line 137: warning #225-D: function "Run_Figure8" declared implicitly
"../main.c", line 140: warning #225-D: function "Run_Triangle" declared implicitly
"../main.c", line 114: warning #129-D: loop is not reachable
"../main.c", line 54: remark #1535-D: (ULP 8.1) variable "wheel_move" is used as a constant. Recommend declaring variable as either 'static const' or 'const'
"../main.c", line 55: remark #1535-D: (ULP 8.1) variable "forward" is used as a constant. Recommend declaring variable as either 'static const' or 'const'
"../main.c", line 61: remark #1535-D: (ULP 8.1) variable "event" is used as a constant. Recommend declaring variable as either 'static const' or 'const'
Finished building: "../main.c"
 
Building target: "Homework 06.out"
Invoking: MSP430 Linker
"D:/ccs/tools/compiler/ti-cgt-msp430_21.6.1.LTS/bin/cl430" -vmspx --use_hw_mpy=F5 --advice:power=all --advice:hw_config=all --define=__MSP430FR2355__ --define=_FRWP_ENABLE --define=_INFO_FRWP_ENABLE -g --printf_support=minimal --diag_warning=225 --diag_wrap=off --display_error_number --silicon_errata=CPU21 --silicon_errata=CPU22 --silicon_errata=CPU40 -z -m"Homework 06.map" --heap_size=160 --stack_size=160 --cinit_hold_wdt=on -i"D:/ccs/ccs_base/msp430/include" -i"D:/ccs/ccs_base/msp430/lib/FR2xx" -i"D:/ccs/tools/compiler/ti-cgt-msp430_21.6.1.LTS/lib" -i"D:/ccs/tools/compiler/ti-cgt-msp430_21.6.1.LTS/include" --priority --reread_libs --define=_FRWP_ENABLE --define=_INFO_FRWP_ENABLE --diag_wrap=off --display_error_number --warn_sections --xml_link_info="Homework 06_linkInfo.xml" --use_hw_mpy=F5 --rom_model -o "Homework 06.out" "./Display.obj" "./clocks.obj" "./init.obj" "./interrupts_ports.obj" "./led.obj" "./main.obj" "./ports.obj" "./states.obj" "./switches.obj" "./system.obj" "./timers.obj" "./timers_move.obj" "./wheels.obj" "../Compiled/LCD.obj" "../lnk_msp430fr2355.cmd"  -lfrwp_init.a -llibc.a 
<Linking>
 
 undefined   first referenced
  symbol         in file     
 ---------   ----------------
 Init_Timers ./main.obj      
 
error #10234-D: unresolved symbols remain
error #10010: errors encountered during linking; "Homework 06.out" not built
remark #10372-D: (ULP 4.1) Detected uninitialized Port A in this project. Recommend initializing all unused ports to eliminate wasted current consumption on unused pins.
remark #10372-D: (ULP 4.1) Detected uninitialized Port B in this project. Recommend initializing all unused ports to eliminate wasted current consumption on unused pins.
remark #10372-D: (ULP 4.1) Detected uninitialized Port C in this project. Recommend initializing all unused ports to eliminate wasted current consumption on unused pins.
remark #10422-D: (ULP 6.2) Detected use of a device with available 32-bit hardware multiplier and not also using MSPMATHLIB library (libmath.a).  Recommend using MSPMATHLIB library (libmath.a) for improved performance.
 
>> Compilation failure
makefile:151: recipe for target 'Homework 06.out' failed
gmake[1]: *** [Homework 06.out] Error 1
makefile:147: recipe for target 'all' failed
gmake: *** [all] Error 2

**** Build Finished ****

**** Build of configuration Debug for project Homework 06 ****

"D:\\ccs\\utils\\bin\\gmake" -k -j 16 all -O 
 
Building file: "../Display.c"
Invoking: MSP430 Compiler
"D:/ccs/tools/compiler/ti-cgt-msp430_21.6.1.LTS/bin/cl430" -vmspx --use_hw_mpy=F5 --include_path="D:/ccs/ccs_base/msp430/include" --include_path="D:/ccs/Homework 06/Homework 06" --include_path="D:/ccs/tools/compiler/ti-cgt-msp430_21.6.1.LTS/include" --advice:power=all --advice:hw_config=all --define=__MSP430FR2355__ --define=_FRWP_ENABLE --define=_INFO_FRWP_ENABLE -g --printf_support=minimal --diag_warning=225 --diag_wrap=off --display_error_number --silicon_errata=CPU21 --silicon_errata=CPU22 --silicon_errata=CPU40 --preproc_with_compile --preproc_dependency="Display.d_raw"  "../Display.c"
Finished building: "../Display.c"
 
Building file: "../clocks.c"
Invoking: MSP430 Compiler
"D:/ccs/tools/compiler/ti-cgt-msp430_21.6.1.LTS/bin/cl430" -vmspx --use_hw_mpy=F5 --include_path="D:/ccs/ccs_base/msp430/include" --include_path="D:/ccs/Homework 06/Homework 06" --include_path="D:/ccs/tools/compiler/ti-cgt-msp430_21.6.1.LTS/include" --advice:power=all --advice:hw_config=all --define=__MSP430FR2355__ --define=_FRWP_ENABLE --define=_INFO_FRWP_ENABLE -g --printf_support=minimal --diag_warning=225 --diag_wrap=off --display_error_number --silicon_errata=CPU21 --silicon_errata=CPU22 --silicon_errata=CPU40 --preproc_with_compile --preproc_dependency="clocks.d_raw"  "../clocks.c"
"../clocks.c", line 86: remark #1527-D: (ULP 2.1) Detected SW delay loop using __delay_cycles. Recommend using a timer module instead
"../clocks.c", line 87: remark #1527-D: (ULP 2.1) Detected SW delay loop using empty loop. Recommend using a timer module instead
"../clocks.c", line 120: remark #1527-D: (ULP 2.1) Detected SW delay loop using empty loop. Recommend using a timer module instead
Finished building: "../clocks.c"
 
Building file: "../init.c"
Invoking: MSP430 Compiler
"D:/ccs/tools/compiler/ti-cgt-msp430_21.6.1.LTS/bin/cl430" -vmspx --use_hw_mpy=F5 --include_path="D:/ccs/ccs_base/msp430/include" --include_path="D:/ccs/Homework 06/Homework 06" --include_path="D:/ccs/tools/compiler/ti-cgt-msp430_21.6.1.LTS/include" --advice:power=all --advice:hw_config=all --define=__MSP430FR2355__ --define=_FRWP_ENABLE --define=_INFO_FRWP_ENABLE -g --printf_support=minimal --diag_warning=225 --diag_wrap=off --display_error_number --silicon_errata=CPU21 --silicon_errata=CPU22 --silicon_errata=CPU40 --preproc_with_compile --preproc_dependency="init.d_raw"  "../init.c"
"../init.c", line 26: remark #1544-D: (ULP 13.1) Detected loop counting up. Recommend loops count down as detecting zeros is easier
"../init.c", line 27: remark #2553-D: (ULP 14.1) Array index (involving "i") of type "int". Recommend using "unsigned int"
"../init.c", line 28: remark #2553-D: (ULP 14.1) Array index (involving "i") of type "int". Recommend using "unsigned int"
"../init.c", line 29: remark #2553-D: (ULP 14.1) Array index (involving "i") of type "int". Recommend using "unsigned int"
"../init.c", line 30: remark #2553-D: (ULP 14.1) Array index (involving "i") of type "int". Recommend using "unsigned int"
Finished building: "../init.c"
 
Building file: "../interrupts_ports.c"
Invoking: MSP430 Compiler
"D:/ccs/tools/compiler/ti-cgt-msp430_21.6.1.LTS/bin/cl430" -vmspx --use_hw_mpy=F5 --include_path="D:/ccs/ccs_base/msp430/include" --include_path="D:/ccs/Homework 06/Homework 06" --include_path="D:/ccs/tools/compiler/ti-cgt-msp430_21.6.1.LTS/include" --advice:power=all --advice:hw_config=all --define=__MSP430FR2355__ --define=_FRWP_ENABLE --define=_INFO_FRWP_ENABLE -g --printf_support=minimal --diag_warning=225 --diag_wrap=off --display_error_number --silicon_errata=CPU21 --silicon_errata=CPU22 --silicon_errata=CPU40 --preproc_with_compile --preproc_dependency="interrupts_ports.d_raw"  "../interrupts_ports.c"
"../interrupts_ports.c", line 52: remark #1538-D: (ULP 10.1) ISR Port4_ISR calls function strcpy. Recommend moving function call away from ISR, or inlining the function, or using pragmas
"../interrupts_ports.c", line 69: remark #1538-D: (ULP 10.1) ISR Port2_ISR calls function strcpy. Recommend moving function call away from ISR, or inlining the function, or using pragmas
Finished building: "../interrupts_ports.c"
 
Building file: "../led.c"
Invoking: MSP430 Compiler
"D:/ccs/tools/compiler/ti-cgt-msp430_21.6.1.LTS/bin/cl430" -vmspx --use_hw_mpy=F5 --include_path="D:/ccs/ccs_base/msp430/include" --include_path="D:/ccs/Homework 06/Homework 06" --include_path="D:/ccs/tools/compiler/ti-cgt-msp430_21.6.1.LTS/include" --advice:power=all --advice:hw_config=all --define=__MSP430FR2355__ --define=_FRWP_ENABLE --define=_INFO_FRWP_ENABLE -g --printf_support=minimal --diag_warning=225 --diag_wrap=off --display_error_number --silicon_errata=CPU21 --silicon_errata=CPU22 --silicon_errata=CPU40 --preproc_with_compile --preproc_dependency="led.d_raw"  "../led.c"
Finished building: "../led.c"
 
Building file: "../main.c"
Invoking: MSP430 Compiler
"D:/ccs/tools/compiler/ti-cgt-msp430_21.6.1.LTS/bin/cl430" -vmspx --use_hw_mpy=F5 --include_path="D:/ccs/ccs_base/msp430/include" --include_path="D:/ccs/Homework 06/Homework 06" --include_path="D:/ccs/tools/compiler/ti-cgt-msp430_21.6.1.LTS/include" --advice:power=all --advice:hw_config=all --define=__MSP430FR2355__ --define=_FRWP_ENABLE --define=_INFO_FRWP_ENABLE -g --printf_support=minimal --diag_warning=225 --diag_wrap=off --display_error_number --silicon_errata=CPU21 --silicon_errata=CPU22 --silicon_errata=CPU40 --preproc_with_compile --preproc_dependency="main.d_raw"  "../main.c"
"../main.c", line 112: warning #225-D: function "LCD_update" declared implicitly
"../main.c", line 113: warning #225-D: function "timed_moves" declared implicitly
"../main.c", line 114: warning #225-D: function "state_timer" declared implicitly
"../main.c", line 121: warning #225-D: function "Run_Circle" declared implicitly
"../main.c", line 124: warning #225-D: function "Run_Figure8" declared implicitly
"../main.c", line 127: warning #225-D: function "Run_Triangle" declared implicitly
"../main.c", line 51: remark #1535-D: (ULP 8.1) variable "wheel_move" is used as a constant. Recommend declaring variable as either 'static const' or 'const'
"../main.c", line 52: remark #1535-D: (ULP 8.1) variable "forward" is used as a constant. Recommend declaring variable as either 'static const' or 'const'
"../main.c", line 58: remark #1535-D: (ULP 8.1) variable "event" is used as a constant. Recommend declaring variable as either 'static const' or 'const'
Finished building: "../main.c"
 
Building file: "../ports.c"
Invoking: MSP430 Compiler
"D:/ccs/tools/compiler/ti-cgt-msp430_21.6.1.LTS/bin/cl430" -vmspx --use_hw_mpy=F5 --include_path="D:/ccs/ccs_base/msp430/include" --include_path="D:/ccs/Homework 06/Homework 06" --include_path="D:/ccs/tools/compiler/ti-cgt-msp430_21.6.1.LTS/include" --advice:power=all --advice:hw_config=all --define=__MSP430FR2355__ --define=_FRWP_ENABLE --define=_INFO_FRWP_ENABLE -g --printf_support=minimal --diag_warning=225 --diag_wrap=off --display_error_number --silicon_errata=CPU21 --silicon_errata=CPU22 --silicon_errata=CPU40 --preproc_with_compile --preproc_dependency="ports.d_raw"  "../ports.c"
"../ports.c", line 16: warning #225-D: function "Init_Port_1" declared implicitly
"../ports.c", line 17: warning #225-D: function "Init_Port_2" declared implicitly
"../ports.c", line 18: warning #225-D: function "Init_Port_3" declared implicitly
"../ports.c", line 19: warning #225-D: function "Init_Port_4" declared implicitly
"../ports.c", line 20: warning #225-D: function "Init_Port_5" declared implicitly
"../ports.c", line 21: warning #225-D: function "Init_Port_6" declared implicitly
"../ports.c", line 24: warning #161-D: declaration is incompatible with previous "Init_Port_1" (declared at line 16)
"../ports.c", line 61: warning #161-D: declaration is incompatible with previous "Init_Port_2" (declared at line 17)
"../ports.c", line 97: warning #161-D: declaration is incompatible with previous "Init_Port_3" (declared at line 18)
"../ports.c", line 139: warning #161-D: declaration is incompatible with previous "Init_Port_4" (declared at line 19)
"../ports.c", line 168: warning #161-D: declaration is incompatible with previous "Init_Port_5" (declared at line 20)
"../ports.c", line 190: warning #161-D: declaration is incompatible with previous "Init_Port_6" (declared at line 21)
Finished building: "../ports.c"
 
Building file: "../states.c"
Invoking: MSP430 Compiler
"D:/ccs/tools/compiler/ti-cgt-msp430_21.6.1.LTS/bin/cl430" -vmspx --use_hw_mpy=F5 --include_path="D:/ccs/ccs_base/msp430/include" --include_path="D:/ccs/Homework 06/Homework 06" --include_path="D:/ccs/tools/compiler/ti-cgt-msp430_21.6.1.LTS/include" --advice:power=all --advice:hw_config=all --define=__MSP430FR2355__ --define=_FRWP_ENABLE --define=_INFO_FRWP_ENABLE -g --printf_support=minimal --diag_warning=225 --diag_wrap=off --display_error_number --silicon_errata=CPU21 --silicon_errata=CPU22 --silicon_errata=CPU40 --preproc_with_compile --preproc_dependency="states.d_raw"  "../states.c"
"../states.c", line 35: warning #225-D: function "wait_case" declared implicitly
"../states.c", line 38: warning #225-D: function "start_case" declared implicitly
"../states.c", line 41: warning #225-D: function "run_case" declared implicitly
"../states.c", line 44: warning #225-D: function "end_case" declared implicitly
"../states.c", line 50: warning #161-D: declaration is incompatible with previous "start_case" (declared at line 38)
"../states.c", line 54: warning #225-D: function "moveforward" declared implicitly
"../states.c", line 59: warning #161-D: declaration is incompatible with previous "run_case" (declared at line 41)
"../states.c", line 74: warning #225-D: function "moveforward" declared implicitly
"../states.c", line 85: warning #225-D: function "wait_case" declared implicitly
"../states.c", line 86: warning #225-D: function "start_case_circle" declared implicitly
"../states.c", line 87: warning #225-D: function "run_case_circle" declared implicitly
"../states.c", line 88: warning #225-D: function "end_case" declared implicitly
"../states.c", line 93: warning #161-D: declaration is incompatible with previous "wait_case" (declared at line 35)
"../states.c", line 103: warning #161-D: declaration is incompatible with previous "start_case_circle" (declared at line 86)
"../states.c", line 107: warning #225-D: function "moveforward" declared implicitly
"../states.c", line 112: warning #161-D: declaration is incompatible with previous "run_case_circle" (declared at line 87)
"../states.c", line 133: warning #225-D: function "moveforward" declared implicitly
"../states.c", line 141: warning #161-D: declaration is incompatible with previous "end_case" (declared at line 44)
"../states.c", line 142: warning #225-D: function "stopall" declared implicitly
"../states.c", line 151: warning #225-D: function "start_case_triangle" declared implicitly
"../states.c", line 152: warning #225-D: function "run_case_triangle" declared implicitly
"../states.c", line 158: warning #161-D: declaration is incompatible with previous "start_case_triangle" (declared at line 151)
"../states.c", line 162: warning #225-D: function "moveforward" declared implicitly
"../states.c", line 169: warning #161-D: declaration is incompatible with previous "run_case_triangle" (declared at line 152)
"../states.c", line 192: warning #225-D: function "moveforward" declared implicitly
"../states.c", line 203: warning #188-D: pointless comparison of unsigned integer with zero
"../states.c", line 217: warning #225-D: function "moveforward" declared implicitly
"../states.c", line 238: warning #225-D: function "start_case_figure8" declared implicitly
"../states.c", line 239: warning #225-D: function "run_case_figure8" declared implicitly
"../states.c", line 246: warning #161-D: declaration is incompatible with previous "start_case_figure8" (declared at line 238)
"../states.c", line 250: warning #225-D: function "moveforward" declared implicitly
"../states.c", line 256: warning #161-D: declaration is incompatible with previous "run_case_figure8" (declared at line 239)
"../states.c", line 287: warning #225-D: function "moveforward" declared implicitly
"../states.c", line 298: warning #225-D: function "moveforward" declared implicitly
"../states.c", line 24: remark #1535-D: (ULP 8.1) variable "event" is used as a constant. Recommend declaring variable as either 'static const' or 'const'
Finished building: "../states.c"
 
Building file: "../switches.c"
Invoking: MSP430 Compiler
"D:/ccs/tools/compiler/ti-cgt-msp430_21.6.1.LTS/bin/cl430" -vmspx --use_hw_mpy=F5 --include_path="D:/ccs/ccs_base/msp430/include" --include_path="D:/ccs/Homework 06/Homework 06" --include_path="D:/ccs/tools/compiler/ti-cgt-msp430_21.6.1.LTS/include" --advice:power=all --advice:hw_config=all --define=__MSP430FR2355__ --define=_FRWP_ENABLE --define=_INFO_FRWP_ENABLE -g --printf_support=minimal --diag_warning=225 --diag_wrap=off --display_error_number --silicon_errata=CPU21 --silicon_errata=CPU22 --silicon_errata=CPU40 --preproc_with_compile --preproc_dependency="switches.d_raw"  "../switches.c"
Finished building: "../switches.c"
 
Building file: "../system.c"
Invoking: MSP430 Compiler
"D:/ccs/tools/compiler/ti-cgt-msp430_21.6.1.LTS/bin/cl430" -vmspx --use_hw_mpy=F5 --include_path="D:/ccs/ccs_base/msp430/include" --include_path="D:/ccs/Homework 06/Homework 06" --include_path="D:/ccs/tools/compiler/ti-cgt-msp430_21.6.1.LTS/include" --advice:power=all --advice:hw_config=all --define=__MSP430FR2355__ --define=_FRWP_ENABLE --define=_INFO_FRWP_ENABLE -g --printf_support=minimal --diag_warning=225 --diag_wrap=off --display_error_number --silicon_errata=CPU21 --silicon_errata=CPU22 --silicon_errata=CPU40 --preproc_with_compile --preproc_dependency="system.d_raw"  "../system.c"
Finished building: "../system.c"
 
Building file: "../timers.c"
Invoking: MSP430 Compiler
"D:/ccs/tools/compiler/ti-cgt-msp430_21.6.1.LTS/bin/cl430" -vmspx --use_hw_mpy=F5 --include_path="D:/ccs/ccs_base/msp430/include" --include_path="D:/ccs/Homework 06/Homework 06" --include_path="D:/ccs/tools/compiler/ti-cgt-msp430_21.6.1.LTS/include" --advice:power=all --advice:hw_config=all --define=__MSP430FR2355__ --define=_FRWP_ENABLE --define=_INFO_FRWP_ENABLE -g --printf_support=minimal --diag_warning=225 --diag_wrap=off --display_error_number --silicon_errata=CPU21 --silicon_errata=CPU22 --silicon_errata=CPU40 --preproc_with_compile --preproc_dependency="timers.d_raw"  "../timers.c"
Finished building: "../timers.c"
 
Building file: "../timers_move.c"
Invoking: MSP430 Compiler
"D:/ccs/tools/compiler/ti-cgt-msp430_21.6.1.LTS/bin/cl430" -vmspx --use_hw_mpy=F5 --include_path="D:/ccs/ccs_base/msp430/include" --include_path="D:/ccs/Homework 06/Homework 06" --include_path="D:/ccs/tools/compiler/ti-cgt-msp430_21.6.1.LTS/include" --advice:power=all --advice:hw_config=all --define=__MSP430FR2355__ --define=_FRWP_ENABLE --define=_INFO_FRWP_ENABLE -g --printf_support=minimal --diag_warning=225 --diag_wrap=off --display_error_number --silicon_errata=CPU21 --silicon_errata=CPU22 --silicon_errata=CPU40 --preproc_with_compile --preproc_dependency="timers_move.d_raw"  "../timers_move.c"
"../timers_move.c", line 57: warning #225-D: function "moveforward" declared implicitly
"../timers_move.c", line 61: warning #225-D: function "stopall" declared implicitly
"../timers_move.c", line 65: warning #225-D: function "movereverse" declared implicitly
"../timers_move.c", line 82: warning #225-D: function "spin_clockwise" declared implicitly
"../timers_move.c", line 90: warning #225-D: function "spin_counterclockwise" declared implicitly
Finished building: "../timers_move.c"
 
Building file: "../wheels.c"
Invoking: MSP430 Compiler
"D:/ccs/tools/compiler/ti-cgt-msp430_21.6.1.LTS/bin/cl430" -vmspx --use_hw_mpy=F5 --include_path="D:/ccs/ccs_base/msp430/include" --include_path="D:/ccs/Homework 06/Homework 06" --include_path="D:/ccs/tools/compiler/ti-cgt-msp430_21.6.1.LTS/include" --advice:power=all --advice:hw_config=all --define=__MSP430FR2355__ --define=_FRWP_ENABLE --define=_INFO_FRWP_ENABLE -g --printf_support=minimal --diag_warning=225 --diag_wrap=off --display_error_number --silicon_errata=CPU21 --silicon_errata=CPU22 --silicon_errata=CPU40 --preproc_with_compile --preproc_dependency="wheels.d_raw"  "../wheels.c"
Finished building: "../wheels.c"
 
Building target: "Homework 06.out"
Invoking: MSP430 Linker
"D:/ccs/tools/compiler/ti-cgt-msp430_21.6.1.LTS/bin/cl430" -vmspx --use_hw_mpy=F5 --advice:power=all --advice:hw_config=all --define=__MSP430FR2355__ --define=_FRWP_ENABLE --define=_INFO_FRWP_ENABLE -g --printf_support=minimal --diag_warning=225 --diag_wrap=off --display_error_number --silicon_errata=CPU21 --silicon_errata=CPU22 --silicon_errata=CPU40 -z -m"Homework 06.map" --heap_size=160 --stack_size=160 --cinit_hold_wdt=on -i"D:/ccs/ccs_base/msp430/include" -i"D:/ccs/ccs_base/msp430/lib/FR2xx" -i"D:/ccs/tools/compiler/ti-cgt-msp430_21.6.1.LTS/lib" -i"D:/ccs/tools/compiler/ti-cgt-msp430_21.6.1.LTS/include" --priority --reread_libs --define=_FRWP_ENABLE --define=_INFO_FRWP_ENABLE --diag_wrap=off --display_error_number --warn_sections --xml_link_info="Homework 06_linkInfo.xml" --use_hw_mpy=F5 --rom_model -o "Homework 06.out" "./Display.obj" "./clocks.obj" "./init.obj" "./interrupts_ports.obj" "./led.obj" "./main.obj" "./ports.obj" "./states.obj" "./switches.obj" "./system.obj" "./timers.obj" "./timers_move.obj" "./wheels.obj" "../Compiled/LCD.obj" "../lnk_msp430fr2355.cmd"  -lfrwp_init.a -llibc.a 
<Linking>
remark #10372-D: (ULP 4.1) Detected uninitialized Port A in this project. Recommend initializing all unused ports to eliminate wasted current consumption on unused pins.
remark #10372-D: (ULP 4.1) Detected uninitialized Port B in this project. Recommend initializing all unused ports to eliminate wasted current consumption on unused pins.
remark #10372-D: (ULP 4.1) Detected uninitialized Port C in this project. Recommend initializing all unused ports to eliminate wasted current consumption on unused pins.
remark #10422-D: (ULP 6.2) Detected use of a device with available 32-bit hardware multiplier and not also using MSPMATHLIB library (libmath.a).  Recommend using MSPMATHLIB library (libmath.a) for improved performance.
Finished building target: "Homework 06.out"
 

**** Build Finished ****

**** Build of configuration Debug for project Homework 06 ****

"D:\\ccs\\utils\\bin\\gmake" -k -j 16 all -O 
 
gmake[1]: 'Homework 06.out' is up to date.

**** Build Finished ****

**** Build of configuration Debug for project Homework 06 ****

"D:\\ccs\\utils\\bin\\gmake" -k -j 16 all -O 
 
gmake[1]: 'Homework 06.out' is up to date.

**** Build Finished ****

**** Build of configuration Debug for project Homework 06 ****

"D:\\ccs\\utils\\bin\\gmake" -k -j 16 all -O 
 
Building file: "../Display.c"
Invoking: MSP430 Compiler
"D:/ccs/tools/compiler/ti-cgt-msp430_21.6.1.LTS/bin/cl430" -vmspx --use_hw_mpy=F5 --include_path="D:/ccs/ccs_base/msp430/include" --include_path="D:/ccs/Homework 06/Homework 06" --include_path="D:/ccs/tools/compiler/ti-cgt-msp430_21.6.1.LTS/include" --advice:power=all --advice:hw_config=all --define=__MSP430FR2355__ --define=_FRWP_ENABLE --define=_INFO_FRWP_ENABLE -g --printf_support=minimal --diag_warning=225 --diag_wrap=off --display_error_number --silicon_errata=CPU21 --silicon_errata=CPU22 --silicon_errata=CPU40 --preproc_with_compile --preproc_dependency="Display.d_raw"  "../Display.c"
Finished building: "../Display.c"
 
Building file: "../clocks.c"
Invoking: MSP430 Compiler
"D:/ccs/tools/compiler/ti-cgt-msp430_21.6.1.LTS/bin/cl430" -vmspx --use_hw_mpy=F5 --include_path="D:/ccs/ccs_base/msp430/include" --include_path="D:/ccs/Homework 06/Homework 06" --include_path="D:/ccs/tools/compiler/ti-cgt-msp430_21.6.1.LTS/include" --advice:power=all --advice:hw_config=all --define=__MSP430FR2355__ --define=_FRWP_ENABLE --define=_INFO_FRWP_ENABLE -g --printf_support=minimal --diag_warning=225 --diag_wrap=off --display_error_number --silicon_errata=CPU21 --silicon_errata=CPU22 --silicon_errata=CPU40 --preproc_with_compile --preproc_dependency="clocks.d_raw"  "../clocks.c"
"../clocks.c", line 86: remark #1527-D: (ULP 2.1) Detected SW delay loop using __delay_cycles. Recommend using a timer module instead
"../clocks.c", line 87: remark #1527-D: (ULP 2.1) Detected SW delay loop using empty loop. Recommend using a timer module instead
"../clocks.c", line 120: remark #1527-D: (ULP 2.1) Detected SW delay loop using empty loop. Recommend using a timer module instead
Finished building: "../clocks.c"
 
Building file: "../init.c"
Invoking: MSP430 Compiler
"D:/ccs/tools/compiler/ti-cgt-msp430_21.6.1.LTS/bin/cl430" -vmspx --use_hw_mpy=F5 --include_path="D:/ccs/ccs_base/msp430/include" --include_path="D:/ccs/Homework 06/Homework 06" --include_path="D:/ccs/tools/compiler/ti-cgt-msp430_21.6.1.LTS/include" --advice:power=all --advice:hw_config=all --define=__MSP430FR2355__ --define=_FRWP_ENABLE --define=_INFO_FRWP_ENABLE -g --printf_support=minimal --diag_warning=225 --diag_wrap=off --display_error_number --silicon_errata=CPU21 --silicon_errata=CPU22 --silicon_errata=CPU40 --preproc_with_compile --preproc_dependency="init.d_raw"  "../init.c"
"../init.c", line 26: remark #1544-D: (ULP 13.1) Detected loop counting up. Recommend loops count down as detecting zeros is easier
"../init.c", line 27: remark #2553-D: (ULP 14.1) Array index (involving "i") of type "int". Recommend using "unsigned int"
"../init.c", line 28: remark #2553-D: (ULP 14.1) Array index (involving "i") of type "int". Recommend using "unsigned int"
"../init.c", line 29: remark #2553-D: (ULP 14.1) Array index (involving "i") of type "int". Recommend using "unsigned int"
"../init.c", line 30: remark #2553-D: (ULP 14.1) Array index (involving "i") of type "int". Recommend using "unsigned int"
Finished building: "../init.c"
 
Building file: "../interrupts_ports.c"
Invoking: MSP430 Compiler
"D:/ccs/tools/compiler/ti-cgt-msp430_21.6.1.LTS/bin/cl430" -vmspx --use_hw_mpy=F5 --include_path="D:/ccs/ccs_base/msp430/include" --include_path="D:/ccs/Homework 06/Homework 06" --include_path="D:/ccs/tools/compiler/ti-cgt-msp430_21.6.1.LTS/include" --advice:power=all --advice:hw_config=all --define=__MSP430FR2355__ --define=_FRWP_ENABLE --define=_INFO_FRWP_ENABLE -g --printf_support=minimal --diag_warning=225 --diag_wrap=off --display_error_number --silicon_errata=CPU21 --silicon_errata=CPU22 --silicon_errata=CPU40 --preproc_with_compile --preproc_dependency="interrupts_ports.d_raw"  "../interrupts_ports.c"
"../interrupts_ports.c", line 52: remark #1538-D: (ULP 10.1) ISR Port4_ISR calls function strcpy. Recommend moving function call away from ISR, or inlining the function, or using pragmas
"../interrupts_ports.c", line 69: remark #1538-D: (ULP 10.1) ISR Port2_ISR calls function strcpy. Recommend moving function call away from ISR, or inlining the function, or using pragmas
Finished building: "../interrupts_ports.c"
 
Building file: "../led.c"
Invoking: MSP430 Compiler
"D:/ccs/tools/compiler/ti-cgt-msp430_21.6.1.LTS/bin/cl430" -vmspx --use_hw_mpy=F5 --include_path="D:/ccs/ccs_base/msp430/include" --include_path="D:/ccs/Homework 06/Homework 06" --include_path="D:/ccs/tools/compiler/ti-cgt-msp430_21.6.1.LTS/include" --advice:power=all --advice:hw_config=all --define=__MSP430FR2355__ --define=_FRWP_ENABLE --define=_INFO_FRWP_ENABLE -g --printf_support=minimal --diag_warning=225 --diag_wrap=off --display_error_number --silicon_errata=CPU21 --silicon_errata=CPU22 --silicon_errata=CPU40 --preproc_with_compile --preproc_dependency="led.d_raw"  "../led.c"
Finished building: "../led.c"
 
Building file: "../main.c"
Invoking: MSP430 Compiler
"D:/ccs/tools/compiler/ti-cgt-msp430_21.6.1.LTS/bin/cl430" -vmspx --use_hw_mpy=F5 --include_path="D:/ccs/ccs_base/msp430/include" --include_path="D:/ccs/Homework 06/Homework 06" --include_path="D:/ccs/tools/compiler/ti-cgt-msp430_21.6.1.LTS/include" --advice:power=all --advice:hw_config=all --define=__MSP430FR2355__ --define=_FRWP_ENABLE --define=_INFO_FRWP_ENABLE -g --printf_support=minimal --diag_warning=225 --diag_wrap=off --display_error_number --silicon_errata=CPU21 --silicon_errata=CPU22 --silicon_errata=CPU40 --preproc_with_compile --preproc_dependency="main.d_raw"  "../main.c"
"../main.c", line 124: warning #225-D: function "LCD_update" declared implicitly
"../main.c", line 125: warning #225-D: function "timed_moves" declared implicitly
"../main.c", line 126: warning #225-D: function "state_timer" declared implicitly
"../main.c", line 133: warning #225-D: function "Run_Circle" declared implicitly
"../main.c", line 136: warning #225-D: function "Run_Figure8" declared implicitly
"../main.c", line 139: warning #225-D: function "Run_Triangle" declared implicitly
"../main.c", line 63: remark #1535-D: (ULP 8.1) variable "wheel_move" is used as a constant. Recommend declaring variable as either 'static const' or 'const'
"../main.c", line 64: remark #1535-D: (ULP 8.1) variable "forward" is used as a constant. Recommend declaring variable as either 'static const' or 'const'
"../main.c", line 70: remark #1535-D: (ULP 8.1) variable "event" is used as a constant. Recommend declaring variable as either 'static const' or 'const'
Finished building: "../main.c"
 
Building file: "../ports.c"
Invoking: MSP430 Compiler
"D:/ccs/tools/compiler/ti-cgt-msp430_21.6.1.LTS/bin/cl430" -vmspx --use_hw_mpy=F5 --include_path="D:/ccs/ccs_base/msp430/include" --include_path="D:/ccs/Homework 06/Homework 06" --include_path="D:/ccs/tools/compiler/ti-cgt-msp430_21.6.1.LTS/include" --advice:power=all --advice:hw_config=all --define=__MSP430FR2355__ --define=_FRWP_ENABLE --define=_INFO_FRWP_ENABLE -g --printf_support=minimal --diag_warning=225 --diag_wrap=off --display_error_number --silicon_errata=CPU21 --silicon_errata=CPU22 --silicon_errata=CPU40 --preproc_with_compile --preproc_dependency="ports.d_raw"  "../ports.c"
"../ports.c", line 16: warning #225-D: function "Init_Port_1" declared implicitly
"../ports.c", line 17: warning #225-D: function "Init_Port_2" declared implicitly
"../ports.c", line 18: warning #225-D: function "Init_Port_3" declared implicitly
"../ports.c", line 19: warning #225-D: function "Init_Port_4" declared implicitly
"../ports.c", line 20: warning #225-D: function "Init_Port_5" declared implicitly
"../ports.c", line 21: warning #225-D: function "Init_Port_6" declared implicitly
"../ports.c", line 24: warning #161-D: declaration is incompatible with previous "Init_Port_1" (declared at line 16)
"../ports.c", line 61: warning #161-D: declaration is incompatible with previous "Init_Port_2" (declared at line 17)
"../ports.c", line 97: warning #161-D: declaration is incompatible with previous "Init_Port_3" (declared at line 18)
"../ports.c", line 139: warning #161-D: declaration is incompatible with previous "Init_Port_4" (declared at line 19)
"../ports.c", line 168: warning #161-D: declaration is incompatible with previous "Init_Port_5" (declared at line 20)
"../ports.c", line 190: warning #161-D: declaration is incompatible with previous "Init_Port_6" (declared at line 21)
Finished building: "../ports.c"
 
Building file: "../switches.c"
Invoking: MSP430 Compiler
"D:/ccs/tools/compiler/ti-cgt-msp430_21.6.1.LTS/bin/cl430" -vmspx --use_hw_mpy=F5 --include_path="D:/ccs/ccs_base/msp430/include" --include_path="D:/ccs/Homework 06/Homework 06" --include_path="D:/ccs/tools/compiler/ti-cgt-msp430_21.6.1.LTS/include" --advice:power=all --advice:hw_config=all --define=__MSP430FR2355__ --define=_FRWP_ENABLE --define=_INFO_FRWP_ENABLE -g --printf_support=minimal --diag_warning=225 --diag_wrap=off --display_error_number --silicon_errata=CPU21 --silicon_errata=CPU22 --silicon_errata=CPU40 --preproc_with_compile --preproc_dependency="switches.d_raw"  "../switches.c"
Finished building: "../switches.c"
 
Building file: "../system.c"
Invoking: MSP430 Compiler
"D:/ccs/tools/compiler/ti-cgt-msp430_21.6.1.LTS/bin/cl430" -vmspx --use_hw_mpy=F5 --include_path="D:/ccs/ccs_base/msp430/include" --include_path="D:/ccs/Homework 06/Homework 06" --include_path="D:/ccs/tools/compiler/ti-cgt-msp430_21.6.1.LTS/include" --advice:power=all --advice:hw_config=all --define=__MSP430FR2355__ --define=_FRWP_ENABLE --define=_INFO_FRWP_ENABLE -g --printf_support=minimal --diag_warning=225 --diag_wrap=off --display_error_number --silicon_errata=CPU21 --silicon_errata=CPU22 --silicon_errata=CPU40 --preproc_with_compile --preproc_dependency="system.d_raw"  "../system.c"
Finished building: "../system.c"
 
Building file: "../states.c"
Invoking: MSP430 Compiler
"D:/ccs/tools/compiler/ti-cgt-msp430_21.6.1.LTS/bin/cl430" -vmspx --use_hw_mpy=F5 --include_path="D:/ccs/ccs_base/msp430/include" --include_path="D:/ccs/Homework 06/Homework 06" --include_path="D:/ccs/tools/compiler/ti-cgt-msp430_21.6.1.LTS/include" --advice:power=all --advice:hw_config=all --define=__MSP430FR2355__ --define=_FRWP_ENABLE --define=_INFO_FRWP_ENABLE -g --printf_support=minimal --diag_warning=225 --diag_wrap=off --display_error_number --silicon_errata=CPU21 --silicon_errata=CPU22 --silicon_errata=CPU40 --preproc_with_compile --preproc_dependency="states.d_raw"  "../states.c"
"../states.c", line 35: warning #225-D: function "wait_case" declared implicitly
"../states.c", line 38: warning #225-D: function "start_case" declared implicitly
"../states.c", line 41: warning #225-D: function "run_case" declared implicitly
"../states.c", line 44: warning #225-D: function "end_case" declared implicitly
"../states.c", line 50: warning #161-D: declaration is incompatible with previous "start_case" (declared at line 38)
"../states.c", line 54: warning #225-D: function "moveforward" declared implicitly
"../states.c", line 59: warning #161-D: declaration is incompatible with previous "run_case" (declared at line 41)
"../states.c", line 74: warning #225-D: function "moveforward" declared implicitly
"../states.c", line 85: warning #225-D: function "wait_case" declared implicitly
"../states.c", line 86: warning #225-D: function "start_case_circle" declared implicitly
"../states.c", line 87: warning #225-D: function "run_case_circle" declared implicitly
"../states.c", line 88: warning #225-D: function "end_case" declared implicitly
"../states.c", line 93: warning #161-D: declaration is incompatible with previous "wait_case" (declared at line 35)
"../states.c", line 103: warning #161-D: declaration is incompatible with previous "start_case_circle" (declared at line 86)
"../states.c", line 107: warning #225-D: function "moveforward" declared implicitly
"../states.c", line 112: warning #161-D: declaration is incompatible with previous "run_case_circle" (declared at line 87)
"../states.c", line 133: warning #225-D: function "moveforward" declared implicitly
"../states.c", line 141: warning #161-D: declaration is incompatible with previous "end_case" (declared at line 44)
"../states.c", line 142: warning #225-D: function "stopall" declared implicitly
"../states.c", line 151: warning #225-D: function "start_case_triangle" declared implicitly
"../states.c", line 152: warning #225-D: function "run_case_triangle" declared implicitly
"../states.c", line 158: warning #161-D: declaration is incompatible with previous "start_case_triangle" (declared at line 151)
"../states.c", line 162: warning #225-D: function "moveforward" declared implicitly
"../states.c", line 169: warning #161-D: declaration is incompatible with previous "run_case_triangle" (declared at line 152)
"../states.c", line 192: warning #225-D: function "moveforward" declared implicitly
"../states.c", line 203: warning #188-D: pointless comparison of unsigned integer with zero
"../states.c", line 217: warning #225-D: function "moveforward" declared implicitly
"../states.c", line 238: warning #225-D: function "start_case_figure8" declared implicitly
"../states.c", line 239: warning #225-D: function "run_case_figure8" declared implicitly
"../states.c", line 246: warning #161-D: declaration is incompatible with previous "start_case_figure8" (declared at line 238)
"../states.c", line 250: warning #225-D: function "moveforward" declared implicitly
"../states.c", line 256: warning #161-D: declaration is incompatible with previous "run_case_figure8" (declared at line 239)
"../states.c", line 287: warning #225-D: function "moveforward" declared implicitly
"../states.c", line 298: warning #225-D: function "moveforward" declared implicitly
"../states.c", line 24: remark #1535-D: (ULP 8.1) variable "event" is used as a constant. Recommend declaring variable as either 'static const' or 'const'
Finished building: "../states.c"
 
Building file: "../timers.c"
Invoking: MSP430 Compiler
"D:/ccs/tools/compiler/ti-cgt-msp430_21.6.1.LTS/bin/cl430" -vmspx --use_hw_mpy=F5 --include_path="D:/ccs/ccs_base/msp430/include" --include_path="D:/ccs/Homework 06/Homework 06" --include_path="D:/ccs/tools/compiler/ti-cgt-msp430_21.6.1.LTS/include" --advice:power=all --advice:hw_config=all --define=__MSP430FR2355__ --define=_FRWP_ENABLE --define=_INFO_FRWP_ENABLE -g --printf_support=minimal --diag_warning=225 --diag_wrap=off --display_error_number --silicon_errata=CPU21 --silicon_errata=CPU22 --silicon_errata=CPU40 --preproc_with_compile --preproc_dependency="timers.d_raw"  "../timers.c"
Finished building: "../timers.c"
 
Building file: "../timers_move.c"
Invoking: MSP430 Compiler
"D:/ccs/tools/compiler/ti-cgt-msp430_21.6.1.LTS/bin/cl430" -vmspx --use_hw_mpy=F5 --include_path="D:/ccs/ccs_base/msp430/include" --include_path="D:/ccs/Homework 06/Homework 06" --include_path="D:/ccs/tools/compiler/ti-cgt-msp430_21.6.1.LTS/include" --advice:power=all --advice:hw_config=all --define=__MSP430FR2355__ --define=_FRWP_ENABLE --define=_INFO_FRWP_ENABLE -g --printf_support=minimal --diag_warning=225 --diag_wrap=off --display_error_number --silicon_errata=CPU21 --silicon_errata=CPU22 --silicon_errata=CPU40 --preproc_with_compile --preproc_dependency="timers_move.d_raw"  "../timers_move.c"
"../timers_move.c", line 57: warning #225-D: function "moveforward" declared implicitly
"../timers_move.c", line 61: warning #225-D: function "stopall" declared implicitly
"../timers_move.c", line 65: warning #225-D: function "movereverse" declared implicitly
"../timers_move.c", line 82: warning #225-D: function "spin_clockwise" declared implicitly
"../timers_move.c", line 90: warning #225-D: function "spin_counterclockwise" declared implicitly
Finished building: "../timers_move.c"
 
Building file: "../wheels.c"
Invoking: MSP430 Compiler
"D:/ccs/tools/compiler/ti-cgt-msp430_21.6.1.LTS/bin/cl430" -vmspx --use_hw_mpy=F5 --include_path="D:/ccs/ccs_base/msp430/include" --include_path="D:/ccs/Homework 06/Homework 06" --include_path="D:/ccs/tools/compiler/ti-cgt-msp430_21.6.1.LTS/include" --advice:power=all --advice:hw_config=all --define=__MSP430FR2355__ --define=_FRWP_ENABLE --define=_INFO_FRWP_ENABLE -g --printf_support=minimal --diag_warning=225 --diag_wrap=off --display_error_number --silicon_errata=CPU21 --silicon_errata=CPU22 --silicon_errata=CPU40 --preproc_with_compile --preproc_dependency="wheels.d_raw"  "../wheels.c"
Finished building: "../wheels.c"
 
Building target: "Homework 06.out"
Invoking: MSP430 Linker
"D:/ccs/tools/compiler/ti-cgt-msp430_21.6.1.LTS/bin/cl430" -vmspx --use_hw_mpy=F5 --advice:power=all --advice:hw_config=all --define=__MSP430FR2355__ --define=_FRWP_ENABLE --define=_INFO_FRWP_ENABLE -g --printf_support=minimal --diag_warning=225 --diag_wrap=off --display_error_number --silicon_errata=CPU21 --silicon_errata=CPU22 --silicon_errata=CPU40 -z -m"Homework 06.map" --heap_size=160 --stack_size=160 --cinit_hold_wdt=on -i"D:/ccs/ccs_base/msp430/include" -i"D:/ccs/ccs_base/msp430/lib/FR2xx" -i"D:/ccs/tools/compiler/ti-cgt-msp430_21.6.1.LTS/lib" -i"D:/ccs/tools/compiler/ti-cgt-msp430_21.6.1.LTS/include" --priority --reread_libs --define=_FRWP_ENABLE --define=_INFO_FRWP_ENABLE --diag_wrap=off --display_error_number --warn_sections --xml_link_info="Homework 06_linkInfo.xml" --use_hw_mpy=F5 --rom_model -o "Homework 06.out" "./Display.obj" "./clocks.obj" "./init.obj" "./interrupts_ports.obj" "./led.obj" "./main.obj" "./ports.obj" "./states.obj" "./switches.obj" "./system.obj" "./timers.obj" "./timers_move.obj" "./wheels.obj" "../Compiled/LCD.obj" "../lnk_msp430fr2355.cmd"  -lfrwp_init.a -llibc.a 
<Linking>
error #10056: symbol "debounce_count_SW1" redefined: first defined in "./interrupts_ports.obj"; redefined in "./main.obj"
error #10056: symbol "debounce_count_SW2" redefined: first defined in "./interrupts_ports.obj"; redefined in "./main.obj"
remark #10372-D: (ULP 4.1) Detected uninitialized Port A in this project. Recommend initializing all unused ports to eliminate wasted current consumption on unused pins.
error #10010: errors encountered during linking; "Homework 06.out" not built
remark #10372-D: (ULP 4.1) Detected uninitialized Port B in this project. Recommend initializing all unused ports to eliminate wasted current consumption on unused pins.
remark #10372-D: (ULP 4.1) Detected uninitialized Port C in this project. Recommend initializing all unused ports to eliminate wasted current consumption on unused pins.
remark #10422-D: (ULP 6.2) Detected use of a device with available 32-bit hardware multiplier and not also using MSPMATHLIB library (libmath.a).  Recommend using MSPMATHLIB library (libmath.a) for improved performance.
 
>> Compilation failure
makefile:151: recipe for target 'Homework 06.out' failed
gmake[1]: *** [Homework 06.out] Error 1
makefile:147: recipe for target 'all' failed
gmake: *** [all] Error 2

**** Build Finished ****

**** Build of configuration Debug for project Homework 06 ****

"D:\\ccs\\utils\\bin\\gmake" -k -j 16 all -O 
 
Building target: "Homework 06.out"
Invoking: MSP430 Linker
"D:/ccs/tools/compiler/ti-cgt-msp430_21.6.1.LTS/bin/cl430" -vmspx --use_hw_mpy=F5 --advice:power=all --advice:hw_config=all --define=__MSP430FR2355__ --define=_FRWP_ENABLE --define=_INFO_FRWP_ENABLE -g --printf_support=minimal --diag_warning=225 --diag_wrap=off --display_error_number --silicon_errata=CPU21 --silicon_errata=CPU22 --silicon_errata=CPU40 -z -m"Homework 06.map" --heap_size=160 --stack_size=160 --cinit_hold_wdt=on -i"D:/ccs/ccs_base/msp430/include" -i"D:/ccs/ccs_base/msp430/lib/FR2xx" -i"D:/ccs/tools/compiler/ti-cgt-msp430_21.6.1.LTS/lib" -i"D:/ccs/tools/compiler/ti-cgt-msp430_21.6.1.LTS/include" --priority --reread_libs --define=_FRWP_ENABLE --define=_INFO_FRWP_ENABLE --diag_wrap=off --display_error_number --warn_sections --xml_link_info="Homework 06_linkInfo.xml" --use_hw_mpy=F5 --rom_model -o "Homework 06.out" "./Display.obj" "./clocks.obj" "./init.obj" "./led.obj" "./main.obj" "./ports.obj" "./states.obj" "./switches.obj" "./system.obj" "./timers.obj" "./timers_move.obj" "./wheels.obj" "../Compiled/LCD.obj" "../lnk_msp430fr2355.cmd"  -lfrwp_init.a -llibc.a 
<Linking>
remark #10372-D: (ULP 4.1) Detected uninitialized Port A in this project. Recommend initializing all unused ports to eliminate wasted current consumption on unused pins.
remark #10372-D: (ULP 4.1) Detected uninitialized Port B in this project. Recommend initializing all unused ports to eliminate wasted current consumption on unused pins.
remark #10372-D: (ULP 4.1) Detected uninitialized Port C in this project. Recommend initializing all unused ports to eliminate wasted current consumption on unused pins.
remark #10422-D: (ULP 6.2) Detected use of a device with available 32-bit hardware multiplier and not also using MSPMATHLIB library (libmath.a).  Recommend using MSPMATHLIB library (libmath.a) for improved performance.
Finished building target: "Homework 06.out"
 

**** Build Finished ****

**** Build of configuration Debug for project Homework 06 ****

"D:\\ccs\\utils\\bin\\gmake" -k -j 16 all -O 
 
Building file: "../timer.c"
Invoking: MSP430 Compiler
"D:/ccs/tools/compiler/ti-cgt-msp430_21.6.1.LTS/bin/cl430" -vmspx --use_hw_mpy=F5 --include_path="D:/ccs/ccs_base/msp430/include" --include_path="D:/ccs/Homework 06/Homework 06" --include_path="D:/ccs/tools/compiler/ti-cgt-msp430_21.6.1.LTS/include" --advice:power=all --advice:hw_config=all --define=__MSP430FR2355__ --define=_FRWP_ENABLE --define=_INFO_FRWP_ENABLE -g --printf_support=minimal --diag_warning=225 --diag_wrap=off --display_error_number --silicon_errata=CPU21 --silicon_errata=CPU22 --silicon_errata=CPU40 --preproc_with_compile --preproc_dependency="timer.d_raw"  "../timer.c"
 
>> Compilation failure
subdir_rules.mk:9: recipe for target 'timer.obj' failed
"../timer.c", line 77: error #20: identifier "DEBOUNCE_THRESHOLD" is undefined
1 error detected in the compilation of "../timer.c".
gmake: *** [timer.obj] Error 1
Building file: "../new_switch.c"
Invoking: MSP430 Compiler
"D:/ccs/tools/compiler/ti-cgt-msp430_21.6.1.LTS/bin/cl430" -vmspx --use_hw_mpy=F5 --include_path="D:/ccs/ccs_base/msp430/include" --include_path="D:/ccs/Homework 06/Homework 06" --include_path="D:/ccs/tools/compiler/ti-cgt-msp430_21.6.1.LTS/include" --advice:power=all --advice:hw_config=all --define=__MSP430FR2355__ --define=_FRWP_ENABLE --define=_INFO_FRWP_ENABLE -g --printf_support=minimal --diag_warning=225 --diag_wrap=off --display_error_number --silicon_errata=CPU21 --silicon_errata=CPU22 --silicon_errata=CPU40 --preproc_with_compile --preproc_dependency="new_switch.d_raw"  "../new_switch.c"
"../new_switch.c", line 47: remark #1538-D: (ULP 10.1) ISR switch1_interrupt calls function strcpy. Recommend moving function call away from ISR, or inlining the function, or using pragmas
"../new_switch.c", line 48: remark #1538-D: (ULP 10.1) ISR switch1_interrupt calls function strcpy. Recommend moving function call away from ISR, or inlining the function, or using pragmas
"../new_switch.c", line 75: remark #1538-D: (ULP 10.1) ISR switch2_interrupt calls function strcpy. Recommend moving function call away from ISR, or inlining the function, or using pragmas
"../new_switch.c", line 76: remark #1538-D: (ULP 10.1) ISR switch2_interrupt calls function strcpy. Recommend moving function call away from ISR, or inlining the function, or using pragmas
"../new_switch.c", line 8: remark #1535-D: (ULP 8.1) variable "nsw1_position" is used as a constant. Recommend declaring variable as either 'static const' or 'const'
"../new_switch.c", line 9: remark #1535-D: (ULP 8.1) variable "nsw2_position" is used as a constant. Recommend declaring variable as either 'static const' or 'const'
"../new_switch.c", line 11: remark #1535-D: (ULP 8.1) variable "ncount_debounce_SW1" is used as a constant. Recommend declaring variable as either 'static const' or 'const'
"../new_switch.c", line 12: remark #1535-D: (ULP 8.1) variable "ncount_debounce_SW2" is used as a constant. Recommend declaring variable as either 'static const' or 'const'
"../new_switch.c", line 14: remark #1535-D: (ULP 8.1) variable "okay_to_look_at_nswitch1" is used as a constant. Recommend declaring variable as either 'static const' or 'const'
"../new_switch.c", line 15: remark #1535-D: (ULP 8.1) variable "okay_to_look_at_nswitch2" is used as a constant. Recommend declaring variable as either 'static const' or 'const'
Finished building: "../new_switch.c"
 
gmake: Target 'all' not remade because of errors.

**** Build Finished ****

**** Build of configuration Debug for project Homework 06 ****

"D:\\ccs\\utils\\bin\\gmake" -k -j 16 all -O 
 
Building file: "../Display.c"
Invoking: MSP430 Compiler
"D:/ccs/tools/compiler/ti-cgt-msp430_21.6.1.LTS/bin/cl430" -vmspx --use_hw_mpy=F5 --include_path="D:/ccs/ccs_base/msp430/include" --include_path="D:/ccs/Homework 06/Homework 06" --include_path="D:/ccs/tools/compiler/ti-cgt-msp430_21.6.1.LTS/include" --advice:power=all --advice:hw_config=all --define=__MSP430FR2355__ --define=_FRWP_ENABLE --define=_INFO_FRWP_ENABLE -g --printf_support=minimal --diag_warning=225 --diag_wrap=off --display_error_number --silicon_errata=CPU21 --silicon_errata=CPU22 --silicon_errata=CPU40 --preproc_with_compile --preproc_dependency="Display.d_raw"  "../Display.c"
Finished building: "../Display.c"
 
Building file: "../clocks.c"
Invoking: MSP430 Compiler
"D:/ccs/tools/compiler/ti-cgt-msp430_21.6.1.LTS/bin/cl430" -vmspx --use_hw_mpy=F5 --include_path="D:/ccs/ccs_base/msp430/include" --include_path="D:/ccs/Homework 06/Homework 06" --include_path="D:/ccs/tools/compiler/ti-cgt-msp430_21.6.1.LTS/include" --advice:power=all --advice:hw_config=all --define=__MSP430FR2355__ --define=_FRWP_ENABLE --define=_INFO_FRWP_ENABLE -g --printf_support=minimal --diag_warning=225 --diag_wrap=off --display_error_number --silicon_errata=CPU21 --silicon_errata=CPU22 --silicon_errata=CPU40 --preproc_with_compile --preproc_dependency="clocks.d_raw"  "../clocks.c"
"../clocks.c", line 86: remark #1527-D: (ULP 2.1) Detected SW delay loop using __delay_cycles. Recommend using a timer module instead
"../clocks.c", line 87: remark #1527-D: (ULP 2.1) Detected SW delay loop using empty loop. Recommend using a timer module instead
"../clocks.c", line 120: remark #1527-D: (ULP 2.1) Detected SW delay loop using empty loop. Recommend using a timer module instead
Finished building: "../clocks.c"
 
Building file: "../init.c"
Invoking: MSP430 Compiler
"D:/ccs/tools/compiler/ti-cgt-msp430_21.6.1.LTS/bin/cl430" -vmspx --use_hw_mpy=F5 --include_path="D:/ccs/ccs_base/msp430/include" --include_path="D:/ccs/Homework 06/Homework 06" --include_path="D:/ccs/tools/compiler/ti-cgt-msp430_21.6.1.LTS/include" --advice:power=all --advice:hw_config=all --define=__MSP430FR2355__ --define=_FRWP_ENABLE --define=_INFO_FRWP_ENABLE -g --printf_support=minimal --diag_warning=225 --diag_wrap=off --display_error_number --silicon_errata=CPU21 --silicon_errata=CPU22 --silicon_errata=CPU40 --preproc_with_compile --preproc_dependency="init.d_raw"  "../init.c"
"../init.c", line 26: remark #1544-D: (ULP 13.1) Detected loop counting up. Recommend loops count down as detecting zeros is easier
"../init.c", line 27: remark #2553-D: (ULP 14.1) Array index (involving "i") of type "int". Recommend using "unsigned int"
"../init.c", line 28: remark #2553-D: (ULP 14.1) Array index (involving "i") of type "int". Recommend using "unsigned int"
"../init.c", line 29: remark #2553-D: (ULP 14.1) Array index (involving "i") of type "int". Recommend using "unsigned int"
"../init.c", line 30: remark #2553-D: (ULP 14.1) Array index (involving "i") of type "int". Recommend using "unsigned int"
Finished building: "../init.c"
 
Building file: "../led.c"
Invoking: MSP430 Compiler
"D:/ccs/tools/compiler/ti-cgt-msp430_21.6.1.LTS/bin/cl430" -vmspx --use_hw_mpy=F5 --include_path="D:/ccs/ccs_base/msp430/include" --include_path="D:/ccs/Homework 06/Homework 06" --include_path="D:/ccs/tools/compiler/ti-cgt-msp430_21.6.1.LTS/include" --advice:power=all --advice:hw_config=all --define=__MSP430FR2355__ --define=_FRWP_ENABLE --define=_INFO_FRWP_ENABLE -g --printf_support=minimal --diag_warning=225 --diag_wrap=off --display_error_number --silicon_errata=CPU21 --silicon_errata=CPU22 --silicon_errata=CPU40 --preproc_with_compile --preproc_dependency="led.d_raw"  "../led.c"
Finished building: "../led.c"
 
Building file: "../main.c"
Invoking: MSP430 Compiler
"D:/ccs/tools/compiler/ti-cgt-msp430_21.6.1.LTS/bin/cl430" -vmspx --use_hw_mpy=F5 --include_path="D:/ccs/ccs_base/msp430/include" --include_path="D:/ccs/Homework 06/Homework 06" --include_path="D:/ccs/tools/compiler/ti-cgt-msp430_21.6.1.LTS/include" --advice:power=all --advice:hw_config=all --define=__MSP430FR2355__ --define=_FRWP_ENABLE --define=_INFO_FRWP_ENABLE -g --printf_support=minimal --diag_warning=225 --diag_wrap=off --display_error_number --silicon_errata=CPU21 --silicon_errata=CPU22 --silicon_errata=CPU40 --preproc_with_compile --preproc_dependency="main.d_raw"  "../main.c"
"../main.c", line 124: warning #225-D: function "LCD_update" declared implicitly
"../main.c", line 125: warning #225-D: function "timed_moves" declared implicitly
"../main.c", line 126: warning #225-D: function "state_timer" declared implicitly
"../main.c", line 133: warning #225-D: function "Run_Circle" declared implicitly
"../main.c", line 136: warning #225-D: function "Run_Figure8" declared implicitly
"../main.c", line 139: warning #225-D: function "Run_Triangle" declared implicitly
"../main.c", line 63: remark #1535-D: (ULP 8.1) variable "wheel_move" is used as a constant. Recommend declaring variable as either 'static const' or 'const'
"../main.c", line 64: remark #1535-D: (ULP 8.1) variable "forward" is used as a constant. Recommend declaring variable as either 'static const' or 'const'
"../main.c", line 70: remark #1535-D: (ULP 8.1) variable "event" is used as a constant. Recommend declaring variable as either 'static const' or 'const'
Finished building: "../main.c"
 
Building file: "../new_switch.c"
Invoking: MSP430 Compiler
"D:/ccs/tools/compiler/ti-cgt-msp430_21.6.1.LTS/bin/cl430" -vmspx --use_hw_mpy=F5 --include_path="D:/ccs/ccs_base/msp430/include" --include_path="D:/ccs/Homework 06/Homework 06" --include_path="D:/ccs/tools/compiler/ti-cgt-msp430_21.6.1.LTS/include" --advice:power=all --advice:hw_config=all --define=__MSP430FR2355__ --define=_FRWP_ENABLE --define=_INFO_FRWP_ENABLE -g --printf_support=minimal --diag_warning=225 --diag_wrap=off --display_error_number --silicon_errata=CPU21 --silicon_errata=CPU22 --silicon_errata=CPU40 --preproc_with_compile --preproc_dependency="new_switch.d_raw"  "../new_switch.c"
"../new_switch.c", line 47: remark #1538-D: (ULP 10.1) ISR switch1_interrupt calls function strcpy. Recommend moving function call away from ISR, or inlining the function, or using pragmas
"../new_switch.c", line 48: remark #1538-D: (ULP 10.1) ISR switch1_interrupt calls function strcpy. Recommend moving function call away from ISR, or inlining the function, or using pragmas
"../new_switch.c", line 75: remark #1538-D: (ULP 10.1) ISR switch2_interrupt calls function strcpy. Recommend moving function call away from ISR, or inlining the function, or using pragmas
"../new_switch.c", line 76: remark #1538-D: (ULP 10.1) ISR switch2_interrupt calls function strcpy. Recommend moving function call away from ISR, or inlining the function, or using pragmas
"../new_switch.c", line 8: remark #1535-D: (ULP 8.1) variable "nsw1_position" is used as a constant. Recommend declaring variable as either 'static const' or 'const'
"../new_switch.c", line 9: remark #1535-D: (ULP 8.1) variable "nsw2_position" is used as a constant. Recommend declaring variable as either 'static const' or 'const'
"../new_switch.c", line 11: remark #1535-D: (ULP 8.1) variable "ncount_debounce_SW1" is used as a constant. Recommend declaring variable as either 'static const' or 'const'
"../new_switch.c", line 12: remark #1535-D: (ULP 8.1) variable "ncount_debounce_SW2" is used as a constant. Recommend declaring variable as either 'static const' or 'const'
"../new_switch.c", line 14: remark #1535-D: (ULP 8.1) variable "okay_to_look_at_nswitch1" is used as a constant. Recommend declaring variable as either 'static const' or 'const'
"../new_switch.c", line 15: remark #1535-D: (ULP 8.1) variable "okay_to_look_at_nswitch2" is used as a constant. Recommend declaring variable as either 'static const' or 'const'
Finished building: "../new_switch.c"
 
Building file: "../ports.c"
Invoking: MSP430 Compiler
"D:/ccs/tools/compiler/ti-cgt-msp430_21.6.1.LTS/bin/cl430" -vmspx --use_hw_mpy=F5 --include_path="D:/ccs/ccs_base/msp430/include" --include_path="D:/ccs/Homework 06/Homework 06" --include_path="D:/ccs/tools/compiler/ti-cgt-msp430_21.6.1.LTS/include" --advice:power=all --advice:hw_config=all --define=__MSP430FR2355__ --define=_FRWP_ENABLE --define=_INFO_FRWP_ENABLE -g --printf_support=minimal --diag_warning=225 --diag_wrap=off --display_error_number --silicon_errata=CPU21 --silicon_errata=CPU22 --silicon_errata=CPU40 --preproc_with_compile --preproc_dependency="ports.d_raw"  "../ports.c"
"../ports.c", line 16: warning #225-D: function "Init_Port_1" declared implicitly
"../ports.c", line 17: warning #225-D: function "Init_Port_2" declared implicitly
"../ports.c", line 18: warning #225-D: function "Init_Port_3" declared implicitly
"../ports.c", line 19: warning #225-D: function "Init_Port_4" declared implicitly
"../ports.c", line 20: warning #225-D: function "Init_Port_5" declared implicitly
"../ports.c", line 21: warning #225-D: function "Init_Port_6" declared implicitly
"../ports.c", line 24: warning #161-D: declaration is incompatible with previous "Init_Port_1" (declared at line 16)
"../ports.c", line 61: warning #161-D: declaration is incompatible with previous "Init_Port_2" (declared at line 17)
"../ports.c", line 97: warning #161-D: declaration is incompatible with previous "Init_Port_3" (declared at line 18)
"../ports.c", line 139: warning #161-D: declaration is incompatible with previous "Init_Port_4" (declared at line 19)
"../ports.c", line 168: warning #161-D: declaration is incompatible with previous "Init_Port_5" (declared at line 20)
"../ports.c", line 190: warning #161-D: declaration is incompatible with previous "Init_Port_6" (declared at line 21)
Finished building: "../ports.c"
 
Building file: "../states.c"
Invoking: MSP430 Compiler
"D:/ccs/tools/compiler/ti-cgt-msp430_21.6.1.LTS/bin/cl430" -vmspx --use_hw_mpy=F5 --include_path="D:/ccs/ccs_base/msp430/include" --include_path="D:/ccs/Homework 06/Homework 06" --include_path="D:/ccs/tools/compiler/ti-cgt-msp430_21.6.1.LTS/include" --advice:power=all --advice:hw_config=all --define=__MSP430FR2355__ --define=_FRWP_ENABLE --define=_INFO_FRWP_ENABLE -g --printf_support=minimal --diag_warning=225 --diag_wrap=off --display_error_number --silicon_errata=CPU21 --silicon_errata=CPU22 --silicon_errata=CPU40 --preproc_with_compile --preproc_dependency="states.d_raw"  "../states.c"
"../states.c", line 35: warning #225-D: function "wait_case" declared implicitly
"../states.c", line 38: warning #225-D: function "start_case" declared implicitly
"../states.c", line 41: warning #225-D: function "run_case" declared implicitly
"../states.c", line 44: warning #225-D: function "end_case" declared implicitly
"../states.c", line 50: warning #161-D: declaration is incompatible with previous "start_case" (declared at line 38)
"../states.c", line 54: warning #225-D: function "moveforward" declared implicitly
"../states.c", line 59: warning #161-D: declaration is incompatible with previous "run_case" (declared at line 41)
"../states.c", line 74: warning #225-D: function "moveforward" declared implicitly
"../states.c", line 85: warning #225-D: function "wait_case" declared implicitly
"../states.c", line 86: warning #225-D: function "start_case_circle" declared implicitly
"../states.c", line 87: warning #225-D: function "run_case_circle" declared implicitly
"../states.c", line 88: warning #225-D: function "end_case" declared implicitly
"../states.c", line 93: warning #161-D: declaration is incompatible with previous "wait_case" (declared at line 35)
"../states.c", line 103: warning #161-D: declaration is incompatible with previous "start_case_circle" (declared at line 86)
"../states.c", line 107: warning #225-D: function "moveforward" declared implicitly
"../states.c", line 112: warning #161-D: declaration is incompatible with previous "run_case_circle" (declared at line 87)
"../states.c", line 133: warning #225-D: function "moveforward" declared implicitly
"../states.c", line 141: warning #161-D: declaration is incompatible with previous "end_case" (declared at line 44)
"../states.c", line 142: warning #225-D: function "stopall" declared implicitly
"../states.c", line 151: warning #225-D: function "start_case_triangle" declared implicitly
"../states.c", line 152: warning #225-D: function "run_case_triangle" declared implicitly
"../states.c", line 158: warning #161-D: declaration is incompatible with previous "start_case_triangle" (declared at line 151)
"../states.c", line 162: warning #225-D: function "moveforward" declared implicitly
"../states.c", line 169: warning #161-D: declaration is incompatible with previous "run_case_triangle" (declared at line 152)
"../states.c", line 192: warning #225-D: function "moveforward" declared implicitly
"../states.c", line 203: warning #188-D: pointless comparison of unsigned integer with zero
"../states.c", line 217: warning #225-D: function "moveforward" declared implicitly
"../states.c", line 238: warning #225-D: function "start_case_figure8" declared implicitly
"../states.c", line 239: warning #225-D: function "run_case_figure8" declared implicitly
"../states.c", line 246: warning #161-D: declaration is incompatible with previous "start_case_figure8" (declared at line 238)
"../states.c", line 250: warning #225-D: function "moveforward" declared implicitly
"../states.c", line 256: warning #161-D: declaration is incompatible with previous "run_case_figure8" (declared at line 239)
"../states.c", line 287: warning #225-D: function "moveforward" declared implicitly
"../states.c", line 298: warning #225-D: function "moveforward" declared implicitly
"../states.c", line 24: remark #1535-D: (ULP 8.1) variable "event" is used as a constant. Recommend declaring variable as either 'static const' or 'const'
Finished building: "../states.c"
 
Building file: "../switches.c"
Invoking: MSP430 Compiler
"D:/ccs/tools/compiler/ti-cgt-msp430_21.6.1.LTS/bin/cl430" -vmspx --use_hw_mpy=F5 --include_path="D:/ccs/ccs_base/msp430/include" --include_path="D:/ccs/Homework 06/Homework 06" --include_path="D:/ccs/tools/compiler/ti-cgt-msp430_21.6.1.LTS/include" --advice:power=all --advice:hw_config=all --define=__MSP430FR2355__ --define=_FRWP_ENABLE --define=_INFO_FRWP_ENABLE -g --printf_support=minimal --diag_warning=225 --diag_wrap=off --display_error_number --silicon_errata=CPU21 --silicon_errata=CPU22 --silicon_errata=CPU40 --preproc_with_compile --preproc_dependency="switches.d_raw"  "../switches.c"
Finished building: "../switches.c"
 
Building file: "../system.c"
Invoking: MSP430 Compiler
"D:/ccs/tools/compiler/ti-cgt-msp430_21.6.1.LTS/bin/cl430" -vmspx --use_hw_mpy=F5 --include_path="D:/ccs/ccs_base/msp430/include" --include_path="D:/ccs/Homework 06/Homework 06" --include_path="D:/ccs/tools/compiler/ti-cgt-msp430_21.6.1.LTS/include" --advice:power=all --advice:hw_config=all --define=__MSP430FR2355__ --define=_FRWP_ENABLE --define=_INFO_FRWP_ENABLE -g --printf_support=minimal --diag_warning=225 --diag_wrap=off --display_error_number --silicon_errata=CPU21 --silicon_errata=CPU22 --silicon_errata=CPU40 --preproc_with_compile --preproc_dependency="system.d_raw"  "../system.c"
Finished building: "../system.c"
 
Building file: "../timer.c"
Invoking: MSP430 Compiler
"D:/ccs/tools/compiler/ti-cgt-msp430_21.6.1.LTS/bin/cl430" -vmspx --use_hw_mpy=F5 --include_path="D:/ccs/ccs_base/msp430/include" --include_path="D:/ccs/Homework 06/Homework 06" --include_path="D:/ccs/tools/compiler/ti-cgt-msp430_21.6.1.LTS/include" --advice:power=all --advice:hw_config=all --define=__MSP430FR2355__ --define=_FRWP_ENABLE --define=_INFO_FRWP_ENABLE -g --printf_support=minimal --diag_warning=225 --diag_wrap=off --display_error_number --silicon_errata=CPU21 --silicon_errata=CPU22 --silicon_errata=CPU40 --preproc_with_compile --preproc_dependency="timer.d_raw"  "../timer.c"
Finished building: "../timer.c"
 
Building file: "../wheels.c"
Invoking: MSP430 Compiler
"D:/ccs/tools/compiler/ti-cgt-msp430_21.6.1.LTS/bin/cl430" -vmspx --use_hw_mpy=F5 --include_path="D:/ccs/ccs_base/msp430/include" --include_path="D:/ccs/Homework 06/Homework 06" --include_path="D:/ccs/tools/compiler/ti-cgt-msp430_21.6.1.LTS/include" --advice:power=all --advice:hw_config=all --define=__MSP430FR2355__ --define=_FRWP_ENABLE --define=_INFO_FRWP_ENABLE -g --printf_support=minimal --diag_warning=225 --diag_wrap=off --display_error_number --silicon_errata=CPU21 --silicon_errata=CPU22 --silicon_errata=CPU40 --preproc_with_compile --preproc_dependency="wheels.d_raw"  "../wheels.c"
Finished building: "../wheels.c"
 
Building file: "../timers_move.c"
Invoking: MSP430 Compiler
"D:/ccs/tools/compiler/ti-cgt-msp430_21.6.1.LTS/bin/cl430" -vmspx --use_hw_mpy=F5 --include_path="D:/ccs/ccs_base/msp430/include" --include_path="D:/ccs/Homework 06/Homework 06" --include_path="D:/ccs/tools/compiler/ti-cgt-msp430_21.6.1.LTS/include" --advice:power=all --advice:hw_config=all --define=__MSP430FR2355__ --define=_FRWP_ENABLE --define=_INFO_FRWP_ENABLE -g --printf_support=minimal --diag_warning=225 --diag_wrap=off --display_error_number --silicon_errata=CPU21 --silicon_errata=CPU22 --silicon_errata=CPU40 --preproc_with_compile --preproc_dependency="timers_move.d_raw"  "../timers_move.c"
"../timers_move.c", line 57: warning #225-D: function "moveforward" declared implicitly
"../timers_move.c", line 61: warning #225-D: function "stopall" declared implicitly
"../timers_move.c", line 65: warning #225-D: function "movereverse" declared implicitly
"../timers_move.c", line 82: warning #225-D: function "spin_clockwise" declared implicitly
"../timers_move.c", line 90: warning #225-D: function "spin_counterclockwise" declared implicitly
Finished building: "../timers_move.c"
 
Building target: "Homework 06.out"
Invoking: MSP430 Linker
"D:/ccs/tools/compiler/ti-cgt-msp430_21.6.1.LTS/bin/cl430" -vmspx --use_hw_mpy=F5 --advice:power=all --advice:hw_config=all --define=__MSP430FR2355__ --define=_FRWP_ENABLE --define=_INFO_FRWP_ENABLE -g --printf_support=minimal --diag_warning=225 --diag_wrap=off --display_error_number --silicon_errata=CPU21 --silicon_errata=CPU22 --silicon_errata=CPU40 -z -m"Homework 06.map" --heap_size=160 --stack_size=160 --cinit_hold_wdt=on -i"D:/ccs/ccs_base/msp430/include" -i"D:/ccs/ccs_base/msp430/lib/FR2xx" -i"D:/ccs/tools/compiler/ti-cgt-msp430_21.6.1.LTS/lib" -i"D:/ccs/tools/compiler/ti-cgt-msp430_21.6.1.LTS/include" --priority --reread_libs --define=_FRWP_ENABLE --define=_INFO_FRWP_ENABLE --diag_wrap=off --display_error_number --warn_sections --xml_link_info="Homework 06_linkInfo.xml" --use_hw_mpy=F5 --rom_model -o "Homework 06.out" "./Display.obj" "./clocks.obj" "./init.obj" "./led.obj" "./main.obj" "./new_switch.obj" "./ports.obj" "./states.obj" "./switches.obj" "./system.obj" "./timer.obj" "./timers_move.obj" "./wheels.obj" "../Compiled/LCD.obj" "../lnk_msp430fr2355.cmd"  -lfrwp_init.a -llibc.a 
<Linking>
remark #10372-D: (ULP 4.1) Detected uninitialized Port A in this project. Recommend initializing all unused ports to eliminate wasted current consumption on unused pins.
remark #10372-D: (ULP 4.1) Detected uninitialized Port B in this project. Recommend initializing all unused ports to eliminate wasted current consumption on unused pins.
remark #10372-D: (ULP 4.1) Detected uninitialized Port C in this project. Recommend initializing all unused ports to eliminate wasted current consumption on unused pins.
remark #10422-D: (ULP 6.2) Detected use of a device with available 32-bit hardware multiplier and not also using MSPMATHLIB library (libmath.a).  Recommend using MSPMATHLIB library (libmath.a) for improved performance.
Finished building target: "Homework 06.out"
 

**** Build Finished ****

**** Build of configuration Debug for project Homework 06 ****

"D:\\ccs\\utils\\bin\\gmake" -k -j 16 all -O 
 
gmake[1]: 'Homework 06.out' is up to date.

**** Build Finished ****

**** Build of configuration Debug for project Homework 06 ****

"D:\\ccs\\utils\\bin\\gmake" -k -j 16 all -O 
 
Building file: "../main.c"
Invoking: MSP430 Compiler
"D:/ccs/tools/compiler/ti-cgt-msp430_21.6.1.LTS/bin/cl430" -vmspx --use_hw_mpy=F5 --include_path="D:/ccs/ccs_base/msp430/include" --include_path="D:/ccs/Homework 06/Homework 06" --include_path="D:/ccs/tools/compiler/ti-cgt-msp430_21.6.1.LTS/include" --advice:power=all --advice:hw_config=all --define=__MSP430FR2355__ --define=_FRWP_ENABLE --define=_INFO_FRWP_ENABLE -g --printf_support=minimal --diag_warning=225 --diag_wrap=off --display_error_number --silicon_errata=CPU21 --silicon_errata=CPU22 --silicon_errata=CPU40 --preproc_with_compile --preproc_dependency="main.d_raw"  "../main.c"
 
>> Compilation failure
subdir_rules.mk:9: recipe for target 'main.obj' failed
"../main.c", line 124: warning #225-D: function "LCD_update" declared implicitly
At end of source: error #68: expected a "}"
"../main.c", line 63: remark #1535-D: (ULP 8.1) variable "wheel_move" is used as a constant. Recommend declaring variable as either 'static const' or 'const'
"../main.c", line 64: remark #1535-D: (ULP 8.1) variable "forward" is used as a constant. Recommend declaring variable as either 'static const' or 'const'
"../main.c", line 70: remark #1535-D: (ULP 8.1) variable "event" is used as a constant. Recommend declaring variable as either 'static const' or 'const'
1 error detected in the compilation of "../main.c".
gmake: *** [main.obj] Error 1
gmake: Target 'all' not remade because of errors.

**** Build Finished ****

**** Build of configuration Debug for project Homework 06 ****

"D:\\ccs\\utils\\bin\\gmake" -k -j 16 all -O 
 
Building file: "../main.c"
Invoking: MSP430 Compiler
"D:/ccs/tools/compiler/ti-cgt-msp430_21.6.1.LTS/bin/cl430" -vmspx --use_hw_mpy=F5 --include_path="D:/ccs/ccs_base/msp430/include" --include_path="D:/ccs/Homework 06/Homework 06" --include_path="D:/ccs/tools/compiler/ti-cgt-msp430_21.6.1.LTS/include" --advice:power=all --advice:hw_config=all --define=__MSP430FR2355__ --define=_FRWP_ENABLE --define=_INFO_FRWP_ENABLE -g --printf_support=minimal --diag_warning=225 --diag_wrap=off --display_error_number --silicon_errata=CPU21 --silicon_errata=CPU22 --silicon_errata=CPU40 --preproc_with_compile --preproc_dependency="main.d_raw"  "../main.c"
"../main.c", line 124: warning #225-D: function "LCD_update" declared implicitly
"../main.c", line 63: remark #1535-D: (ULP 8.1) variable "wheel_move" is used as a constant. Recommend declaring variable as either 'static const' or 'const'
"../main.c", line 64: remark #1535-D: (ULP 8.1) variable "forward" is used as a constant. Recommend declaring variable as either 'static const' or 'const'
"../main.c", line 70: remark #1535-D: (ULP 8.1) variable "event" is used as a constant. Recommend declaring variable as either 'static const' or 'const'
Finished building: "../main.c"
 
Building target: "Homework 06.out"
Invoking: MSP430 Linker
"D:/ccs/tools/compiler/ti-cgt-msp430_21.6.1.LTS/bin/cl430" -vmspx --use_hw_mpy=F5 --advice:power=all --advice:hw_config=all --define=__MSP430FR2355__ --define=_FRWP_ENABLE --define=_INFO_FRWP_ENABLE -g --printf_support=minimal --diag_warning=225 --diag_wrap=off --display_error_number --silicon_errata=CPU21 --silicon_errata=CPU22 --silicon_errata=CPU40 -z -m"Homework 06.map" --heap_size=160 --stack_size=160 --cinit_hold_wdt=on -i"D:/ccs/ccs_base/msp430/include" -i"D:/ccs/ccs_base/msp430/lib/FR2xx" -i"D:/ccs/tools/compiler/ti-cgt-msp430_21.6.1.LTS/lib" -i"D:/ccs/tools/compiler/ti-cgt-msp430_21.6.1.LTS/include" --priority --reread_libs --define=_FRWP_ENABLE --define=_INFO_FRWP_ENABLE --diag_wrap=off --display_error_number --warn_sections --xml_link_info="Homework 06_linkInfo.xml" --use_hw_mpy=F5 --rom_model -o "Homework 06.out" "./Display.obj" "./clocks.obj" "./init.obj" "./led.obj" "./main.obj" "./new_switch.obj" "./ports.obj" "./states.obj" "./switches.obj" "./system.obj" "./timer.obj" "./timers_move.obj" "./wheels.obj" "../Compiled/LCD.obj" "../lnk_msp430fr2355.cmd"  -lfrwp_init.a -llibc.a 
<Linking>
remark #10372-D: (ULP 4.1) Detected uninitialized Port A in this project. Recommend initializing all unused ports to eliminate wasted current consumption on unused pins.
remark #10372-D: (ULP 4.1) Detected uninitialized Port B in this project. Recommend initializing all unused ports to eliminate wasted current consumption on unused pins.
remark #10372-D: (ULP 4.1) Detected uninitialized Port C in this project. Recommend initializing all unused ports to eliminate wasted current consumption on unused pins.
remark #10422-D: (ULP 6.2) Detected use of a device with available 32-bit hardware multiplier and not also using MSPMATHLIB library (libmath.a).  Recommend using MSPMATHLIB library (libmath.a) for improved performance.
Finished building target: "Homework 06.out"
 

**** Build Finished ****

**** Build of configuration Debug for project Homework 06 ****

"D:\\ccs\\utils\\bin\\gmake" -k -j 16 all -O 
 
gmake[1]: 'Homework 06.out' is up to date.

**** Build Finished ****
