
**** Build of configuration Debug for project Homework  03 ****

"D:\\ccs\\utils\\bin\\gmake" -k -j 16 all -O 
 
Building file: "../Display.c"
Invoking: MSP430 Compiler
"D:/ccs/tools/compiler/ti-cgt-msp430_21.6.1.LTS/bin/cl430" -vmspx --use_hw_mpy=F5 --include_path="D:/ccs/ccs_base/msp430/include" --include_path="D:/ccs/Homework 03/Homework  03" --include_path="D:/ccs/tools/compiler/ti-cgt-msp430_21.6.1.LTS/include" --advice:power=all --advice:hw_config=all --define=__MSP430FR2355__ --define=_FRWP_ENABLE --define=_INFO_FRWP_ENABLE -g --printf_support=minimal --diag_warning=225 --diag_wrap=off --display_error_number --silicon_errata=CPU21 --silicon_errata=CPU22 --silicon_errata=CPU40 --preproc_with_compile --preproc_dependency="Display.d_raw"  "../Display.c"
 
>> Compilation failure
subdir_rules.mk:9: recipe for target 'Display.obj' failed
"../Display.c", line 16: error #20: identifier "update_display" is undefined
"../Display.c", line 18: error #20: identifier "display_changed" is undefined
2 errors detected in the compilation of "../Display.c".
gmake: *** [Display.obj] Error 1
Building file: "../init.c"
Invoking: MSP430 Compiler
"D:/ccs/tools/compiler/ti-cgt-msp430_21.6.1.LTS/bin/cl430" -vmspx --use_hw_mpy=F5 --include_path="D:/ccs/ccs_base/msp430/include" --include_path="D:/ccs/Homework 03/Homework  03" --include_path="D:/ccs/tools/compiler/ti-cgt-msp430_21.6.1.LTS/include" --advice:power=all --advice:hw_config=all --define=__MSP430FR2355__ --define=_FRWP_ENABLE --define=_INFO_FRWP_ENABLE -g --printf_support=minimal --diag_warning=225 --diag_wrap=off --display_error_number --silicon_errata=CPU21 --silicon_errata=CPU22 --silicon_errata=CPU40 --preproc_with_compile --preproc_dependency="init.d_raw"  "../init.c"
 
>> Compilation failure
subdir_rules.mk:9: recipe for target 'init.obj' failed
"../init.c", line 19: error #20: identifier "display_line" is undefined
"../init.c", line 24: error #20: identifier "display_line" is undefined
"../init.c", line 29: error #20: identifier "display" is undefined
"../init.c", line 33: error #20: identifier "update_display" is undefined
"../init.c", line 18: remark #1544-D: (ULP 13.1) Detected loop counting up. Recommend loops count down as detecting zeros is easier
4 errors detected in the compilation of "../init.c".
gmake: *** [init.obj] Error 1
Building file: "../led.c"
Invoking: MSP430 Compiler
"D:/ccs/tools/compiler/ti-cgt-msp430_21.6.1.LTS/bin/cl430" -vmspx --use_hw_mpy=F5 --include_path="D:/ccs/ccs_base/msp430/include" --include_path="D:/ccs/Homework 03/Homework  03" --include_path="D:/ccs/tools/compiler/ti-cgt-msp430_21.6.1.LTS/include" --advice:power=all --advice:hw_config=all --define=__MSP430FR2355__ --define=_FRWP_ENABLE --define=_INFO_FRWP_ENABLE -g --printf_support=minimal --diag_warning=225 --diag_wrap=off --display_error_number --silicon_errata=CPU21 --silicon_errata=CPU22 --silicon_errata=CPU40 --preproc_with_compile --preproc_dependency="led.d_raw"  "../led.c"
 
>> Compilation failure
subdir_rules.mk:9: recipe for target 'led.obj' failed
"../led.c", line 13: error #20: identifier "P1OUT" is undefined
"../led.c", line 13: error #20: identifier "RED_LED" is undefined
"../led.c", line 14: error #20: identifier "P6OUT" is undefined
"../led.c", line 14: error #20: identifier "GRN_LED" is undefined
"../led.c", line 20: error #20: identifier "Time_Sequence" is undefined
"../led.c", line 22: error #20: identifier "one_time" is undefined
"../led.c", line 24: warning #225-D: function "lcd_BIG_mid" declared implicitly
"../led.c", line 25: error #20: identifier "display_changed" is undefined
"../led.c", line 33: error #20: identifier "P6OUT" is undefined
"../led.c", line 33: error #20: identifier "GRN_LED" is undefined
"../led.c", line 39: error #20: identifier "P1OUT" is undefined
"../led.c", line 39: error #20: identifier "RED_LED" is undefined
"../led.c", line 40: error #20: identifier "P6OUT" is undefined
"../led.c", line 40: error #20: identifier "GRN_LED" is undefined
"../led.c", line 47: warning #225-D: function "lcd_BIG_bot" declared implicitly
"../led.c", line 48: error #20: identifier "P6OUT" is undefined
"../led.c", line 48: error #20: identifier "GRN_LED" is undefined
"../led.c", line 49: error #20: identifier "display_changed" is undefined
16 errors detected in the compilation of "../led.c".
gmake: *** [led.obj] Error 1
Building file: "../ports.c"
Invoking: MSP430 Compiler
"D:/ccs/tools/compiler/ti-cgt-msp430_21.6.1.LTS/bin/cl430" -vmspx --use_hw_mpy=F5 --include_path="D:/ccs/ccs_base/msp430/include" --include_path="D:/ccs/Homework 03/Homework  03" --include_path="D:/ccs/tools/compiler/ti-cgt-msp430_21.6.1.LTS/include" --advice:power=all --advice:hw_config=all --define=__MSP430FR2355__ --define=_FRWP_ENABLE --define=_INFO_FRWP_ENABLE -g --printf_support=minimal --diag_warning=225 --diag_wrap=off --display_error_number --silicon_errata=CPU21 --silicon_errata=CPU22 --silicon_errata=CPU40 --preproc_with_compile --preproc_dependency="ports.d_raw"  "../ports.c"
Finished building: "../ports.c"
 
Building file: "../clocks.c"
Invoking: MSP430 Compiler
"D:/ccs/tools/compiler/ti-cgt-msp430_21.6.1.LTS/bin/cl430" -vmspx --use_hw_mpy=F5 --include_path="D:/ccs/ccs_base/msp430/include" --include_path="D:/ccs/Homework 03/Homework  03" --include_path="D:/ccs/tools/compiler/ti-cgt-msp430_21.6.1.LTS/include" --advice:power=all --advice:hw_config=all --define=__MSP430FR2355__ --define=_FRWP_ENABLE --define=_INFO_FRWP_ENABLE -g --printf_support=minimal --diag_warning=225 --diag_wrap=off --display_error_number --silicon_errata=CPU21 --silicon_errata=CPU22 --silicon_errata=CPU40 --preproc_with_compile --preproc_dependency="clocks.d_raw"  "../clocks.c"
"../clocks.c", line 86: remark #1527-D: (ULP 2.1) Detected SW delay loop using __delay_cycles. Recommend using a timer module instead
"../clocks.c", line 87: remark #1527-D: (ULP 2.1) Detected SW delay loop using empty loop. Recommend using a timer module instead
"../clocks.c", line 120: remark #1527-D: (ULP 2.1) Detected SW delay loop using empty loop. Recommend using a timer module instead
Finished building: "../clocks.c"
 
Building file: "../main.c"
Invoking: MSP430 Compiler
"D:/ccs/tools/compiler/ti-cgt-msp430_21.6.1.LTS/bin/cl430" -vmspx --use_hw_mpy=F5 --include_path="D:/ccs/ccs_base/msp430/include" --include_path="D:/ccs/Homework 03/Homework  03" --include_path="D:/ccs/tools/compiler/ti-cgt-msp430_21.6.1.LTS/include" --advice:power=all --advice:hw_config=all --define=__MSP430FR2355__ --define=_FRWP_ENABLE --define=_INFO_FRWP_ENABLE -g --printf_support=minimal --diag_warning=225 --diag_wrap=off --display_error_number --silicon_errata=CPU21 --silicon_errata=CPU22 --silicon_errata=CPU40 --preproc_with_compile --preproc_dependency="main.d_raw"  "../main.c"
"../main.c", line 41: remark #1535-D: (ULP 8.1) variable "wheel_move" is used as a constant. Recommend declaring variable as either 'static const' or 'const'
"../main.c", line 42: remark #1535-D: (ULP 8.1) variable "forward" is used as a constant. Recommend declaring variable as either 'static const' or 'const'
Finished building: "../main.c"
 
Building file: "../system.c"
Invoking: MSP430 Compiler
"D:/ccs/tools/compiler/ti-cgt-msp430_21.6.1.LTS/bin/cl430" -vmspx --use_hw_mpy=F5 --include_path="D:/ccs/ccs_base/msp430/include" --include_path="D:/ccs/Homework 03/Homework  03" --include_path="D:/ccs/tools/compiler/ti-cgt-msp430_21.6.1.LTS/include" --advice:power=all --advice:hw_config=all --define=__MSP430FR2355__ --define=_FRWP_ENABLE --define=_INFO_FRWP_ENABLE -g --printf_support=minimal --diag_warning=225 --diag_wrap=off --display_error_number --silicon_errata=CPU21 --silicon_errata=CPU22 --silicon_errata=CPU40 --preproc_with_compile --preproc_dependency="system.d_raw"  "../system.c"
Finished building: "../system.c"
 
gmake: Target 'all' not remade because of errors.

**** Build Finished ****

**** Build of configuration Debug for project Homework  03 ****

"D:\\ccs\\utils\\bin\\gmake" -k -j 16 all -O 
 
Building file: "../Display.c"
Invoking: MSP430 Compiler
"D:/ccs/tools/compiler/ti-cgt-msp430_21.6.1.LTS/bin/cl430" -vmspx --use_hw_mpy=F5 --include_path="D:/ccs/ccs_base/msp430/include" --include_path="D:/ccs/Homework 03/Homework  03" --include_path="D:/ccs/tools/compiler/ti-cgt-msp430_21.6.1.LTS/include" --advice:power=all --advice:hw_config=all --define=__MSP430FR2355__ --define=_FRWP_ENABLE --define=_INFO_FRWP_ENABLE -g --printf_support=minimal --diag_warning=225 --diag_wrap=off --display_error_number --silicon_errata=CPU21 --silicon_errata=CPU22 --silicon_errata=CPU40 --preproc_with_compile --preproc_dependency="Display.d_raw"  "../Display.c"
 
>> Compilation failure
subdir_rules.mk:9: recipe for target 'Display.obj' failed
"../Display.c", line 16: error #20: identifier "update_display" is undefined
"../Display.c", line 18: error #20: identifier "display_changed" is undefined
2 errors detected in the compilation of "../Display.c".
gmake: *** [Display.obj] Error 1
Building file: "../init.c"
Invoking: MSP430 Compiler
"D:/ccs/tools/compiler/ti-cgt-msp430_21.6.1.LTS/bin/cl430" -vmspx --use_hw_mpy=F5 --include_path="D:/ccs/ccs_base/msp430/include" --include_path="D:/ccs/Homework 03/Homework  03" --include_path="D:/ccs/tools/compiler/ti-cgt-msp430_21.6.1.LTS/include" --advice:power=all --advice:hw_config=all --define=__MSP430FR2355__ --define=_FRWP_ENABLE --define=_INFO_FRWP_ENABLE -g --printf_support=minimal --diag_warning=225 --diag_wrap=off --display_error_number --silicon_errata=CPU21 --silicon_errata=CPU22 --silicon_errata=CPU40 --preproc_with_compile --preproc_dependency="init.d_raw"  "../init.c"
 
>> Compilation failure
subdir_rules.mk:9: recipe for target 'init.obj' failed
"../init.c", line 19: error #20: identifier "display_line" is undefined
"../init.c", line 24: error #20: identifier "display_line" is undefined
"../init.c", line 29: error #20: identifier "display" is undefined
"../init.c", line 33: error #20: identifier "update_display" is undefined
"../init.c", line 18: remark #1544-D: (ULP 13.1) Detected loop counting up. Recommend loops count down as detecting zeros is easier
4 errors detected in the compilation of "../init.c".
gmake: *** [init.obj] Error 1
Building file: "../led.c"
Invoking: MSP430 Compiler
"D:/ccs/tools/compiler/ti-cgt-msp430_21.6.1.LTS/bin/cl430" -vmspx --use_hw_mpy=F5 --include_path="D:/ccs/ccs_base/msp430/include" --include_path="D:/ccs/Homework 03/Homework  03" --include_path="D:/ccs/tools/compiler/ti-cgt-msp430_21.6.1.LTS/include" --advice:power=all --advice:hw_config=all --define=__MSP430FR2355__ --define=_FRWP_ENABLE --define=_INFO_FRWP_ENABLE -g --printf_support=minimal --diag_warning=225 --diag_wrap=off --display_error_number --silicon_errata=CPU21 --silicon_errata=CPU22 --silicon_errata=CPU40 --preproc_with_compile --preproc_dependency="led.d_raw"  "../led.c"
 
>> Compilation failure
subdir_rules.mk:9: recipe for target 'led.obj' failed
"../led.c", line 25: error #20: identifier "Time_Sequence" is undefined
"../led.c", line 27: error #20: identifier "one_time" is undefined
"../led.c", line 30: error #20: identifier "display_changed" is undefined
"../led.c", line 54: error #20: identifier "display_changed" is undefined
4 errors detected in the compilation of "../led.c".
gmake: *** [led.obj] Error 1
gmake: Target 'all' not remade because of errors.

**** Build Finished ****

**** Build of configuration Debug for project Homework  03 ****

"D:\\ccs\\utils\\bin\\gmake" -k -j 16 all -O 
 
Building file: "../Display.c"
Invoking: MSP430 Compiler
"D:/ccs/tools/compiler/ti-cgt-msp430_21.6.1.LTS/bin/cl430" -vmspx --use_hw_mpy=F5 --include_path="D:/ccs/ccs_base/msp430/include" --include_path="D:/ccs/Homework 03/Homework  03" --include_path="D:/ccs/tools/compiler/ti-cgt-msp430_21.6.1.LTS/include" --advice:power=all --advice:hw_config=all --define=__MSP430FR2355__ --define=_FRWP_ENABLE --define=_INFO_FRWP_ENABLE -g --printf_support=minimal --diag_warning=225 --diag_wrap=off --display_error_number --silicon_errata=CPU21 --silicon_errata=CPU22 --silicon_errata=CPU40 --preproc_with_compile --preproc_dependency="Display.d_raw"  "../Display.c"
 
>> Compilation failure
subdir_rules.mk:9: recipe for target 'Display.obj' failed
"../Display.c", line 16: error #20: identifier "update_display" is undefined
"../Display.c", line 18: error #20: identifier "display_changed" is undefined
2 errors detected in the compilation of "../Display.c".
gmake: *** [Display.obj] Error 1
Building file: "../init.c"
Invoking: MSP430 Compiler
"D:/ccs/tools/compiler/ti-cgt-msp430_21.6.1.LTS/bin/cl430" -vmspx --use_hw_mpy=F5 --include_path="D:/ccs/ccs_base/msp430/include" --include_path="D:/ccs/Homework 03/Homework  03" --include_path="D:/ccs/tools/compiler/ti-cgt-msp430_21.6.1.LTS/include" --advice:power=all --advice:hw_config=all --define=__MSP430FR2355__ --define=_FRWP_ENABLE --define=_INFO_FRWP_ENABLE -g --printf_support=minimal --diag_warning=225 --diag_wrap=off --display_error_number --silicon_errata=CPU21 --silicon_errata=CPU22 --silicon_errata=CPU40 --preproc_with_compile --preproc_dependency="init.d_raw"  "../init.c"
 
>> Compilation failure
subdir_rules.mk:9: recipe for target 'init.obj' failed
"../init.c", line 19: error #20: identifier "display_line" is undefined
"../init.c", line 24: error #20: identifier "display_line" is undefined
"../init.c", line 29: error #20: identifier "display" is undefined
"../init.c", line 33: error #20: identifier "update_display" is undefined
"../init.c", line 18: remark #1544-D: (ULP 13.1) Detected loop counting up. Recommend loops count down as detecting zeros is easier
4 errors detected in the compilation of "../init.c".
gmake: *** [init.obj] Error 1
Building file: "../led.c"
Invoking: MSP430 Compiler
"D:/ccs/tools/compiler/ti-cgt-msp430_21.6.1.LTS/bin/cl430" -vmspx --use_hw_mpy=F5 --include_path="D:/ccs/ccs_base/msp430/include" --include_path="D:/ccs/Homework 03/Homework  03" --include_path="D:/ccs/tools/compiler/ti-cgt-msp430_21.6.1.LTS/include" --advice:power=all --advice:hw_config=all --define=__MSP430FR2355__ --define=_FRWP_ENABLE --define=_INFO_FRWP_ENABLE -g --printf_support=minimal --diag_warning=225 --diag_wrap=off --display_error_number --silicon_errata=CPU21 --silicon_errata=CPU22 --silicon_errata=CPU40 --preproc_with_compile --preproc_dependency="led.d_raw"  "../led.c"
 
>> Compilation failure
subdir_rules.mk:9: recipe for target 'led.obj' failed
"../led.c", line 25: error #20: identifier "Time_Sequence" is undefined
"../led.c", line 27: error #20: identifier "one_time" is undefined
"../led.c", line 30: error #20: identifier "display_changed" is undefined
"../led.c", line 54: error #20: identifier "display_changed" is undefined
4 errors detected in the compilation of "../led.c".
gmake: *** [led.obj] Error 1
gmake: Target 'all' not remade because of errors.

**** Build Finished ****

**** Build of configuration Debug for project Homework  03 ****

"D:\\ccs\\utils\\bin\\gmake" -k -j 16 all -O 
 
Building file: "../Display.c"
Invoking: MSP430 Compiler
"D:/ccs/tools/compiler/ti-cgt-msp430_21.6.1.LTS/bin/cl430" -vmspx --use_hw_mpy=F5 --include_path="D:/ccs/ccs_base/msp430/include" --include_path="D:/ccs/Homework 03/Homework  03" --include_path="D:/ccs/tools/compiler/ti-cgt-msp430_21.6.1.LTS/include" --advice:power=all --advice:hw_config=all --define=__MSP430FR2355__ --define=_FRWP_ENABLE --define=_INFO_FRWP_ENABLE -g --printf_support=minimal --diag_warning=225 --diag_wrap=off --display_error_number --silicon_errata=CPU21 --silicon_errata=CPU22 --silicon_errata=CPU40 --preproc_with_compile --preproc_dependency="Display.d_raw"  "../Display.c"
 
>> Compilation failure
subdir_rules.mk:9: recipe for target 'Display.obj' failed
"../Display.c", line 16: error #20: identifier "update_display" is undefined
"../Display.c", line 18: error #20: identifier "display_changed" is undefined
2 errors detected in the compilation of "../Display.c".
gmake: *** [Display.obj] Error 1
Building file: "../init.c"
Invoking: MSP430 Compiler
"D:/ccs/tools/compiler/ti-cgt-msp430_21.6.1.LTS/bin/cl430" -vmspx --use_hw_mpy=F5 --include_path="D:/ccs/ccs_base/msp430/include" --include_path="D:/ccs/Homework 03/Homework  03" --include_path="D:/ccs/tools/compiler/ti-cgt-msp430_21.6.1.LTS/include" --advice:power=all --advice:hw_config=all --define=__MSP430FR2355__ --define=_FRWP_ENABLE --define=_INFO_FRWP_ENABLE -g --printf_support=minimal --diag_warning=225 --diag_wrap=off --display_error_number --silicon_errata=CPU21 --silicon_errata=CPU22 --silicon_errata=CPU40 --preproc_with_compile --preproc_dependency="init.d_raw"  "../init.c"
 
>> Compilation failure
subdir_rules.mk:9: recipe for target 'init.obj' failed
"../init.c", line 20: error #20: identifier "display_line" is undefined
"../init.c", line 25: error #20: identifier "display_line" is undefined
"../init.c", line 30: error #20: identifier "display" is undefined
"../init.c", line 34: error #20: identifier "update_display" is undefined
"../init.c", line 19: remark #1544-D: (ULP 13.1) Detected loop counting up. Recommend loops count down as detecting zeros is easier
4 errors detected in the compilation of "../init.c".
gmake: *** [init.obj] Error 1
Building file: "../led.c"
Invoking: MSP430 Compiler
"D:/ccs/tools/compiler/ti-cgt-msp430_21.6.1.LTS/bin/cl430" -vmspx --use_hw_mpy=F5 --include_path="D:/ccs/ccs_base/msp430/include" --include_path="D:/ccs/Homework 03/Homework  03" --include_path="D:/ccs/tools/compiler/ti-cgt-msp430_21.6.1.LTS/include" --advice:power=all --advice:hw_config=all --define=__MSP430FR2355__ --define=_FRWP_ENABLE --define=_INFO_FRWP_ENABLE -g --printf_support=minimal --diag_warning=225 --diag_wrap=off --display_error_number --silicon_errata=CPU21 --silicon_errata=CPU22 --silicon_errata=CPU40 --preproc_with_compile --preproc_dependency="led.d_raw"  "../led.c"
 
>> Compilation failure
subdir_rules.mk:9: recipe for target 'led.obj' failed
"../led.c", line 25: error #20: identifier "Time_Sequence" is undefined
"../led.c", line 27: error #20: identifier "one_time" is undefined
"../led.c", line 30: error #20: identifier "display_changed" is undefined
"../led.c", line 54: error #20: identifier "display_changed" is undefined
4 errors detected in the compilation of "../led.c".
gmake: *** [led.obj] Error 1
gmake: Target 'all' not remade because of errors.

**** Build Finished ****

**** Build of configuration Debug for project Homework  03 ****

"D:\\ccs\\utils\\bin\\gmake" -k -j 16 all -O 
 
Building file: "../Display.c"
Invoking: MSP430 Compiler
"D:/ccs/tools/compiler/ti-cgt-msp430_21.6.1.LTS/bin/cl430" -vmspx --use_hw_mpy=F5 --include_path="D:/ccs/ccs_base/msp430/include" --include_path="D:/ccs/Homework 03/Homework  03" --include_path="D:/ccs/tools/compiler/ti-cgt-msp430_21.6.1.LTS/include" --advice:power=all --advice:hw_config=all --define=__MSP430FR2355__ --define=_FRWP_ENABLE --define=_INFO_FRWP_ENABLE -g --printf_support=minimal --diag_warning=225 --diag_wrap=off --display_error_number --silicon_errata=CPU21 --silicon_errata=CPU22 --silicon_errata=CPU40 --preproc_with_compile --preproc_dependency="Display.d_raw"  "../Display.c"
 
>> Compilation failure
subdir_rules.mk:9: recipe for target 'Display.obj' failed
"../Display.c", line 16: error #20: identifier "update_display" is undefined
"../Display.c", line 18: error #20: identifier "display_changed" is undefined
2 errors detected in the compilation of "../Display.c".
gmake: *** [Display.obj] Error 1
Building file: "../led.c"
Invoking: MSP430 Compiler
"D:/ccs/tools/compiler/ti-cgt-msp430_21.6.1.LTS/bin/cl430" -vmspx --use_hw_mpy=F5 --include_path="D:/ccs/ccs_base/msp430/include" --include_path="D:/ccs/Homework 03/Homework  03" --include_path="D:/ccs/tools/compiler/ti-cgt-msp430_21.6.1.LTS/include" --advice:power=all --advice:hw_config=all --define=__MSP430FR2355__ --define=_FRWP_ENABLE --define=_INFO_FRWP_ENABLE -g --printf_support=minimal --diag_warning=225 --diag_wrap=off --display_error_number --silicon_errata=CPU21 --silicon_errata=CPU22 --silicon_errata=CPU40 --preproc_with_compile --preproc_dependency="led.d_raw"  "../led.c"
 
>> Compilation failure
subdir_rules.mk:9: recipe for target 'led.obj' failed
"../led.c", line 25: error #20: identifier "Time_Sequence" is undefined
"../led.c", line 27: error #20: identifier "one_time" is undefined
"../led.c", line 30: error #20: identifier "display_changed" is undefined
"../led.c", line 54: error #20: identifier "display_changed" is undefined
4 errors detected in the compilation of "../led.c".
gmake: *** [led.obj] Error 1
Building file: "../init.c"
Invoking: MSP430 Compiler
"D:/ccs/tools/compiler/ti-cgt-msp430_21.6.1.LTS/bin/cl430" -vmspx --use_hw_mpy=F5 --include_path="D:/ccs/ccs_base/msp430/include" --include_path="D:/ccs/Homework 03/Homework  03" --include_path="D:/ccs/tools/compiler/ti-cgt-msp430_21.6.1.LTS/include" --advice:power=all --advice:hw_config=all --define=__MSP430FR2355__ --define=_FRWP_ENABLE --define=_INFO_FRWP_ENABLE -g --printf_support=minimal --diag_warning=225 --diag_wrap=off --display_error_number --silicon_errata=CPU21 --silicon_errata=CPU22 --silicon_errata=CPU40 --preproc_with_compile --preproc_dependency="init.d_raw"  "../init.c"
"../init.c", line 19: remark #1544-D: (ULP 13.1) Detected loop counting up. Recommend loops count down as detecting zeros is easier
"../init.c", line 20: remark #2553-D: (ULP 14.1) Array index (involving "i") of type "int". Recommend using "unsigned int"
"../init.c", line 21: remark #2553-D: (ULP 14.1) Array index (involving "i") of type "int". Recommend using "unsigned int"
"../init.c", line 22: remark #2553-D: (ULP 14.1) Array index (involving "i") of type "int". Recommend using "unsigned int"
"../init.c", line 23: remark #2553-D: (ULP 14.1) Array index (involving "i") of type "int". Recommend using "unsigned int"
"..\main.c", line 41: remark #1535-D: (ULP 8.1) variable "wheel_move" is used as a constant. Recommend declaring variable as either 'static const' or 'const'
"..\main.c", line 42: remark #1535-D: (ULP 8.1) variable "forward" is used as a constant. Recommend declaring variable as either 'static const' or 'const'
Finished building: "../init.c"
 
gmake: Target 'all' not remade because of errors.

**** Build Finished ****

**** Build of configuration Debug for project Homework  03 ****

"D:\\ccs\\utils\\bin\\gmake" -k -j 16 all -O 
 
Building file: "../led.c"
Invoking: MSP430 Compiler
"D:/ccs/tools/compiler/ti-cgt-msp430_21.6.1.LTS/bin/cl430" -vmspx --use_hw_mpy=F5 --include_path="D:/ccs/ccs_base/msp430/include" --include_path="D:/ccs/Homework 03/Homework  03" --include_path="D:/ccs/tools/compiler/ti-cgt-msp430_21.6.1.LTS/include" --advice:power=all --advice:hw_config=all --define=__MSP430FR2355__ --define=_FRWP_ENABLE --define=_INFO_FRWP_ENABLE -g --printf_support=minimal --diag_warning=225 --diag_wrap=off --display_error_number --silicon_errata=CPU21 --silicon_errata=CPU22 --silicon_errata=CPU40 --preproc_with_compile --preproc_dependency="led.d_raw"  "../led.c"
 
>> Compilation failure
subdir_rules.mk:9: recipe for target 'led.obj' failed
"../led.c", line 25: error #20: identifier "Time_Sequence" is undefined
"../led.c", line 27: error #20: identifier "one_time" is undefined
"../led.c", line 30: error #20: identifier "display_changed" is undefined
"../led.c", line 54: error #20: identifier "display_changed" is undefined
4 errors detected in the compilation of "../led.c".
gmake: *** [led.obj] Error 1
Building file: "../Display.c"
Invoking: MSP430 Compiler
"D:/ccs/tools/compiler/ti-cgt-msp430_21.6.1.LTS/bin/cl430" -vmspx --use_hw_mpy=F5 --include_path="D:/ccs/ccs_base/msp430/include" --include_path="D:/ccs/Homework 03/Homework  03" --include_path="D:/ccs/tools/compiler/ti-cgt-msp430_21.6.1.LTS/include" --advice:power=all --advice:hw_config=all --define=__MSP430FR2355__ --define=_FRWP_ENABLE --define=_INFO_FRWP_ENABLE -g --printf_support=minimal --diag_warning=225 --diag_wrap=off --display_error_number --silicon_errata=CPU21 --silicon_errata=CPU22 --silicon_errata=CPU40 --preproc_with_compile --preproc_dependency="Display.d_raw"  "../Display.c"
"..\main.c", line 41: remark #1535-D: (ULP 8.1) variable "wheel_move" is used as a constant. Recommend declaring variable as either 'static const' or 'const'
"..\main.c", line 42: remark #1535-D: (ULP 8.1) variable "forward" is used as a constant. Recommend declaring variable as either 'static const' or 'const'
Finished building: "../Display.c"
 
gmake: Target 'all' not remade because of errors.

**** Build Finished ****

**** Build of configuration Debug for project Homework  03 ****

"D:\\ccs\\utils\\bin\\gmake" -k -j 16 all -O 
 
Building file: "../led.c"
Invoking: MSP430 Compiler
"D:/ccs/tools/compiler/ti-cgt-msp430_21.6.1.LTS/bin/cl430" -vmspx --use_hw_mpy=F5 --include_path="D:/ccs/ccs_base/msp430/include" --include_path="D:/ccs/Homework 03/Homework  03" --include_path="D:/ccs/tools/compiler/ti-cgt-msp430_21.6.1.LTS/include" --advice:power=all --advice:hw_config=all --define=__MSP430FR2355__ --define=_FRWP_ENABLE --define=_INFO_FRWP_ENABLE -g --printf_support=minimal --diag_warning=225 --diag_wrap=off --display_error_number --silicon_errata=CPU21 --silicon_errata=CPU22 --silicon_errata=CPU40 --preproc_with_compile --preproc_dependency="led.d_raw"  "../led.c"
"..\main.c", line 41: remark #1535-D: (ULP 8.1) variable "wheel_move" is used as a constant. Recommend declaring variable as either 'static const' or 'const'
"..\main.c", line 42: remark #1535-D: (ULP 8.1) variable "forward" is used as a constant. Recommend declaring variable as either 'static const' or 'const'
Finished building: "../led.c"
 
Building target: "Homework  03.out"
Invoking: MSP430 Linker
"D:/ccs/tools/compiler/ti-cgt-msp430_21.6.1.LTS/bin/cl430" -vmspx --use_hw_mpy=F5 --advice:power=all --advice:hw_config=all --define=__MSP430FR2355__ --define=_FRWP_ENABLE --define=_INFO_FRWP_ENABLE -g --printf_support=minimal --diag_warning=225 --diag_wrap=off --display_error_number --silicon_errata=CPU21 --silicon_errata=CPU22 --silicon_errata=CPU40 -z -m"Homework  03.map" --heap_size=160 --stack_size=160 --cinit_hold_wdt=on -i"D:/ccs/ccs_base/msp430/include" -i"D:/ccs/ccs_base/msp430/lib/FR2xx" -i"D:/ccs/tools/compiler/ti-cgt-msp430_21.6.1.LTS/lib" -i"D:/ccs/tools/compiler/ti-cgt-msp430_21.6.1.LTS/include" --priority --reread_libs --define=_FRWP_ENABLE --define=_INFO_FRWP_ENABLE --diag_wrap=off --display_error_number --warn_sections --xml_link_info="Homework  03_linkInfo.xml" --use_hw_mpy=F5 --rom_model -o "Homework  03.out" "./Display.obj" "./clocks.obj" "./init.obj" "./led.obj" "./main.obj" "./ports.obj" "./system.obj" "../Complied/LCD.obj" "../Complied/clocks.obj" "../Complied/switches.obj" "../Complied/system.obj" "../Complied/timersB0.obj" "../lnk_msp430fr2355.cmd"  -lfrwp_init.a -llibc.a 
<Linking>
error #10056: symbol "main" redefined: first defined in "./Display.obj"; redefined in "./init.obj"
error #10056: symbol "main" redefined: first defined in "./Display.obj"; redefined in "./led.obj"
error #10056: symbol "main" redefined: first defined in "./Display.obj"; redefined in "./main.obj"
error #10056: symbol "Init_Clocks" redefined: first defined in "./clocks.obj"; redefined in "../Complied/clocks.obj"
error #10056: symbol "Software_Trim" redefined: first defined in "./clocks.obj"; redefined in "../Complied/clocks.obj"
error #10056: symbol "enable_interrupts" redefined: first defined in "./system.obj"; redefined in "../Complied/system.obj"
 
 undefined  first referenced
  symbol        in file     
 ---------  ----------------
remark #10372-D: (ULP 4.1) Detected uninitialized Port 1 in this project. Recommend initializing all unused ports to eliminate wasted current consumption on unused pins.
 Init_Ports ./Display.obj   
remark #10372-D: (ULP 4.1) Detected uninitialized Port 2 in this project. Recommend initializing all unused ports to eliminate wasted current consumption on unused pins.
remark #10372-D: (ULP 4.1) Detected uninitialized Port 3 in this project. Recommend initializing all unused ports to eliminate wasted current consumption on unused pins.
remark #10372-D: (ULP 4.1) Detected uninitialized Port 4 in this project. Recommend initializing all unused ports to eliminate wasted current consumption on unused pins.
remark #10372-D: (ULP 4.1) Detected uninitialized Port 5 in this project. Recommend initializing all unused ports to eliminate wasted current consumption on unused pins.
remark #10372-D: (ULP 4.1) Detected uninitialized Port 6 in this project. Recommend initializing all unused ports to eliminate wasted current consumption on unused pins.
remark #10372-D: (ULP 4.1) Detected uninitialized Port A in this project. Recommend initializing all unused ports to eliminate wasted current consumption on unused pins.
remark #10372-D: (ULP 4.1) Detected uninitialized Port B in this project. Recommend initializing all unused ports to eliminate wasted current consumption on unused pins.
remark #10372-D: (ULP 4.1) Detected uninitialized Port C in this project. Recommend initializing all unused ports to eliminate wasted current consumption on unused pins.
remark #10422-D: (ULP 6.2) Detected use of a device with available 32-bit hardware multiplier and not also using MSPMATHLIB library (libmath.a).  Recommend using MSPMATHLIB library (libmath.a) for improved performance.
 
>> Compilation failure
makefile:149: recipe for target 'Homework  03.out' failed
 
error #10234-D: unresolved symbols remain
error #10010: errors encountered during linking; "Homework  03.out" not built
gmake[1]: *** [Homework  03.out] Error 1
makefile:145: recipe for target 'all' failed
gmake: *** [all] Error 2

**** Build Finished ****

**** Build of configuration Debug for project Homework  03 ****

"D:\\ccs\\utils\\bin\\gmake" -k -j 16 all -O 
 
Building target: "Homework  03.out"
Invoking: MSP430 Linker
"D:/ccs/tools/compiler/ti-cgt-msp430_21.6.1.LTS/bin/cl430" -vmspx --use_hw_mpy=F5 --advice:power=all --advice:hw_config=all --define=__MSP430FR2355__ --define=_FRWP_ENABLE --define=_INFO_FRWP_ENABLE -g --printf_support=minimal --diag_warning=225 --diag_wrap=off --display_error_number --silicon_errata=CPU21 --silicon_errata=CPU22 --silicon_errata=CPU40 -z -m"Homework  03.map" --heap_size=160 --stack_size=160 --cinit_hold_wdt=on -i"D:/ccs/ccs_base/msp430/include" -i"D:/ccs/ccs_base/msp430/lib/FR2xx" -i"D:/ccs/tools/compiler/ti-cgt-msp430_21.6.1.LTS/lib" -i"D:/ccs/tools/compiler/ti-cgt-msp430_21.6.1.LTS/include" --priority --reread_libs --define=_FRWP_ENABLE --define=_INFO_FRWP_ENABLE --diag_wrap=off --display_error_number --warn_sections --xml_link_info="Homework  03_linkInfo.xml" --use_hw_mpy=F5 --rom_model -o "Homework  03.out" "./Display.obj" "./clocks.obj" "./init.obj" "./led.obj" "./main.obj" "./ports.obj" "./system.obj" "../Complied/LCD.obj" "../Complied/clocks.obj" "../Complied/switches.obj" "../Complied/system.obj" "../Complied/timersB0.obj" "../lnk_msp430fr2355.cmd"  -lfrwp_init.a -llibc.a 
<Linking>
error #10056: symbol "main" redefined: first defined in "./Display.obj"; redefined in "./init.obj"
error #10056: symbol "main" redefined: first defined in "./Display.obj"; redefined in "./led.obj"
error #10056: symbol "main" redefined: first defined in "./Display.obj"; redefined in "./main.obj"
error #10056: symbol "Init_Clocks" redefined: first defined in "./clocks.obj"; redefined in "../Complied/clocks.obj"
error #10056: symbol "Software_Trim" redefined: first defined in "./clocks.obj"; redefined in "../Complied/clocks.obj"
error #10056: symbol "enable_interrupts" redefined: first defined in "./system.obj"; redefined in "../Complied/system.obj"
 
 undefined  first referenced
  symbol        in file     
 ---------  ----------------
remark #10372-D: (ULP 4.1) Detected uninitialized Port 1 in this project. Recommend initializing all unused ports to eliminate wasted current consumption on unused pins.
 Init_Ports ./Display.obj   
remark #10372-D: (ULP 4.1) Detected uninitialized Port 2 in this project. Recommend initializing all unused ports to eliminate wasted current consumption on unused pins.
remark #10372-D: (ULP 4.1) Detected uninitialized Port 3 in this project. Recommend initializing all unused ports to eliminate wasted current consumption on unused pins.
remark #10372-D: (ULP 4.1) Detected uninitialized Port 4 in this project. Recommend initializing all unused ports to eliminate wasted current consumption on unused pins.
remark #10372-D: (ULP 4.1) Detected uninitialized Port 5 in this project. Recommend initializing all unused ports to eliminate wasted current consumption on unused pins.
remark #10372-D: (ULP 4.1) Detected uninitialized Port 6 in this project. Recommend initializing all unused ports to eliminate wasted current consumption on unused pins.
remark #10372-D: (ULP 4.1) Detected uninitialized Port A in this project. Recommend initializing all unused ports to eliminate wasted current consumption on unused pins.
remark #10372-D: (ULP 4.1) Detected uninitialized Port B in this project. Recommend initializing all unused ports to eliminate wasted current consumption on unused pins.
remark #10372-D: (ULP 4.1) Detected uninitialized Port C in this project. Recommend initializing all unused ports to eliminate wasted current consumption on unused pins.
remark #10422-D: (ULP 6.2) Detected use of a device with available 32-bit hardware multiplier and not also using MSPMATHLIB library (libmath.a).  Recommend using MSPMATHLIB library (libmath.a) for improved performance.
 
>> Compilation failure
makefile:149: recipe for target 'Homework  03.out' failed
 
error #10234-D: unresolved symbols remain
error #10010: errors encountered during linking; "Homework  03.out" not built
gmake[1]: *** [Homework  03.out] Error 1
makefile:145: recipe for target 'all' failed
gmake: *** [all] Error 2

**** Build Finished ****

**** Build of configuration Debug for project Homework  03 ****

"D:\\ccs\\utils\\bin\\gmake" -k -j 16 all -O 
 
Building target: "Homework  03.out"
Invoking: MSP430 Linker
"D:/ccs/tools/compiler/ti-cgt-msp430_21.6.1.LTS/bin/cl430" -vmspx --use_hw_mpy=F5 --advice:power=all --advice:hw_config=all --define=__MSP430FR2355__ --define=_FRWP_ENABLE --define=_INFO_FRWP_ENABLE -g --printf_support=minimal --diag_warning=225 --diag_wrap=off --display_error_number --silicon_errata=CPU21 --silicon_errata=CPU22 --silicon_errata=CPU40 -z -m"Homework  03.map" --heap_size=160 --stack_size=160 --cinit_hold_wdt=on -i"D:/ccs/ccs_base/msp430/include" -i"D:/ccs/ccs_base/msp430/lib/FR2xx" -i"D:/ccs/tools/compiler/ti-cgt-msp430_21.6.1.LTS/lib" -i"D:/ccs/tools/compiler/ti-cgt-msp430_21.6.1.LTS/include" --priority --reread_libs --define=_FRWP_ENABLE --define=_INFO_FRWP_ENABLE --diag_wrap=off --display_error_number --warn_sections --xml_link_info="Homework  03_linkInfo.xml" --use_hw_mpy=F5 --rom_model -o "Homework  03.out" "./Display.obj" "./clocks.obj" "./init.obj" "./led.obj" "./main.obj" "./ports.obj" "./system.obj" "../Complied/LCD.obj" "../Complied/clocks.obj" "../Complied/switches.obj" "../Complied/system.obj" "../Complied/timersB0.obj" "../lnk_msp430fr2355.cmd"  -lfrwp_init.a -llibc.a 
<Linking>
error #10056: symbol "main" redefined: first defined in "./Display.obj"; redefined in "./init.obj"
error #10056: symbol "main" redefined: first defined in "./Display.obj"; redefined in "./led.obj"
error #10056: symbol "main" redefined: first defined in "./Display.obj"; redefined in "./main.obj"
error #10056: symbol "Init_Clocks" redefined: first defined in "./clocks.obj"; redefined in "../Complied/clocks.obj"
error #10056: symbol "Software_Trim" redefined: first defined in "./clocks.obj"; redefined in "../Complied/clocks.obj"
error #10056: symbol "enable_interrupts" redefined: first defined in "./system.obj"; redefined in "../Complied/system.obj"
 
 undefined  first referenced
  symbol        in file     
 ---------  ----------------
remark #10372-D: (ULP 4.1) Detected uninitialized Port 1 in this project. Recommend initializing all unused ports to eliminate wasted current consumption on unused pins.
remark #10372-D: (ULP 4.1) Detected uninitialized Port 2 in this project. Recommend initializing all unused ports to eliminate wasted current consumption on unused pins.
remark #10372-D: (ULP 4.1) Detected uninitialized Port 3 in this project. Recommend initializing all unused ports to eliminate wasted current consumption on unused pins.
remark #10372-D: (ULP 4.1) Detected uninitialized Port 4 in this project. Recommend initializing all unused ports to eliminate wasted current consumption on unused pins.
remark #10372-D: (ULP 4.1) Detected uninitialized Port 5 in this project. Recommend initializing all unused ports to eliminate wasted current consumption on unused pins.
remark #10372-D: (ULP 4.1) Detected uninitialized Port 6 in this project. Recommend initializing all unused ports to eliminate wasted current consumption on unused pins.
remark #10372-D: (ULP 4.1) Detected uninitialized Port A in this project. Recommend initializing all unused ports to eliminate wasted current consumption on unused pins.
remark #10372-D: (ULP 4.1) Detected uninitialized Port B in this project. Recommend initializing all unused ports to eliminate wasted current consumption on unused pins.
remark #10372-D: (ULP 4.1) Detected uninitialized Port C in this project. Recommend initializing all unused ports to eliminate wasted current consumption on unused pins.
remark #10422-D: (ULP 6.2) Detected use of a device with available 32-bit hardware multiplier and not also using MSPMATHLIB library (libmath.a).  Recommend using MSPMATHLIB library (libmath.a) for improved performance.
 
>> Compilation failure
makefile:149: recipe for target 'Homework  03.out' failed
 Init_Ports ./Display.obj   
 
error #10234-D: unresolved symbols remain
error #10010: errors encountered during linking; "Homework  03.out" not built
gmake[1]: *** [Homework  03.out] Error 1
makefile:145: recipe for target 'all' failed
gmake: *** [all] Error 2

**** Build Finished ****

**** Build of configuration Debug for project Homework  03 ****

"D:\\ccs\\utils\\bin\\gmake" -k -j 16 all -O 
 
Building file: "../Display.c"
Invoking: MSP430 Compiler
"D:/ccs/tools/compiler/ti-cgt-msp430_21.6.1.LTS/bin/cl430" -vmspx --use_hw_mpy=F5 --include_path="D:/ccs/ccs_base/msp430/include" --include_path="D:/ccs/Homework 03/Homework  03" --include_path="D:/ccs/tools/compiler/ti-cgt-msp430_21.6.1.LTS/include" --advice:power=all --advice:hw_config=all --define=__MSP430FR2355__ --define=_FRWP_ENABLE --define=_INFO_FRWP_ENABLE -g --printf_support=minimal --diag_warning=225 --diag_wrap=off --display_error_number --silicon_errata=CPU21 --silicon_errata=CPU22 --silicon_errata=CPU40 --preproc_with_compile --preproc_dependency="Display.d_raw"  "../Display.c"
"..\main.c", line 41: remark #1535-D: (ULP 8.1) variable "wheel_move" is used as a constant. Recommend declaring variable as either 'static const' or 'const'
"..\main.c", line 42: remark #1535-D: (ULP 8.1) variable "forward" is used as a constant. Recommend declaring variable as either 'static const' or 'const'
Finished building: "../Display.c"
 
Building file: "../clocks.c"
Invoking: MSP430 Compiler
"D:/ccs/tools/compiler/ti-cgt-msp430_21.6.1.LTS/bin/cl430" -vmspx --use_hw_mpy=F5 --include_path="D:/ccs/ccs_base/msp430/include" --include_path="D:/ccs/Homework 03/Homework  03" --include_path="D:/ccs/tools/compiler/ti-cgt-msp430_21.6.1.LTS/include" --advice:power=all --advice:hw_config=all --define=__MSP430FR2355__ --define=_FRWP_ENABLE --define=_INFO_FRWP_ENABLE -g --printf_support=minimal --diag_warning=225 --diag_wrap=off --display_error_number --silicon_errata=CPU21 --silicon_errata=CPU22 --silicon_errata=CPU40 --preproc_with_compile --preproc_dependency="clocks.d_raw"  "../clocks.c"
"../clocks.c", line 86: remark #1527-D: (ULP 2.1) Detected SW delay loop using __delay_cycles. Recommend using a timer module instead
"../clocks.c", line 87: remark #1527-D: (ULP 2.1) Detected SW delay loop using empty loop. Recommend using a timer module instead
"../clocks.c", line 120: remark #1527-D: (ULP 2.1) Detected SW delay loop using empty loop. Recommend using a timer module instead
Finished building: "../clocks.c"
 
Building file: "../init.c"
Invoking: MSP430 Compiler
"D:/ccs/tools/compiler/ti-cgt-msp430_21.6.1.LTS/bin/cl430" -vmspx --use_hw_mpy=F5 --include_path="D:/ccs/ccs_base/msp430/include" --include_path="D:/ccs/Homework 03/Homework  03" --include_path="D:/ccs/tools/compiler/ti-cgt-msp430_21.6.1.LTS/include" --advice:power=all --advice:hw_config=all --define=__MSP430FR2355__ --define=_FRWP_ENABLE --define=_INFO_FRWP_ENABLE -g --printf_support=minimal --diag_warning=225 --diag_wrap=off --display_error_number --silicon_errata=CPU21 --silicon_errata=CPU22 --silicon_errata=CPU40 --preproc_with_compile --preproc_dependency="init.d_raw"  "../init.c"
"../init.c", line 24: remark #1544-D: (ULP 13.1) Detected loop counting up. Recommend loops count down as detecting zeros is easier
"../init.c", line 25: remark #2553-D: (ULP 14.1) Array index (involving "i") of type "int". Recommend using "unsigned int"
"../init.c", line 26: remark #2553-D: (ULP 14.1) Array index (involving "i") of type "int". Recommend using "unsigned int"
"../init.c", line 27: remark #2553-D: (ULP 14.1) Array index (involving "i") of type "int". Recommend using "unsigned int"
"../init.c", line 28: remark #2553-D: (ULP 14.1) Array index (involving "i") of type "int". Recommend using "unsigned int"
"..\main.c", line 41: remark #1535-D: (ULP 8.1) variable "wheel_move" is used as a constant. Recommend declaring variable as either 'static const' or 'const'
"..\main.c", line 42: remark #1535-D: (ULP 8.1) variable "forward" is used as a constant. Recommend declaring variable as either 'static const' or 'const'
Finished building: "../init.c"
 
Building file: "../led.c"
Invoking: MSP430 Compiler
"D:/ccs/tools/compiler/ti-cgt-msp430_21.6.1.LTS/bin/cl430" -vmspx --use_hw_mpy=F5 --include_path="D:/ccs/ccs_base/msp430/include" --include_path="D:/ccs/Homework 03/Homework  03" --include_path="D:/ccs/tools/compiler/ti-cgt-msp430_21.6.1.LTS/include" --advice:power=all --advice:hw_config=all --define=__MSP430FR2355__ --define=_FRWP_ENABLE --define=_INFO_FRWP_ENABLE -g --printf_support=minimal --diag_warning=225 --diag_wrap=off --display_error_number --silicon_errata=CPU21 --silicon_errata=CPU22 --silicon_errata=CPU40 --preproc_with_compile --preproc_dependency="led.d_raw"  "../led.c"
"..\main.c", line 41: remark #1535-D: (ULP 8.1) variable "wheel_move" is used as a constant. Recommend declaring variable as either 'static const' or 'const'
"..\main.c", line 42: remark #1535-D: (ULP 8.1) variable "forward" is used as a constant. Recommend declaring variable as either 'static const' or 'const'
Finished building: "../led.c"
 
Building file: "../main.c"
Invoking: MSP430 Compiler
"D:/ccs/tools/compiler/ti-cgt-msp430_21.6.1.LTS/bin/cl430" -vmspx --use_hw_mpy=F5 --include_path="D:/ccs/ccs_base/msp430/include" --include_path="D:/ccs/Homework 03/Homework  03" --include_path="D:/ccs/tools/compiler/ti-cgt-msp430_21.6.1.LTS/include" --advice:power=all --advice:hw_config=all --define=__MSP430FR2355__ --define=_FRWP_ENABLE --define=_INFO_FRWP_ENABLE -g --printf_support=minimal --diag_warning=225 --diag_wrap=off --display_error_number --silicon_errata=CPU21 --silicon_errata=CPU22 --silicon_errata=CPU40 --preproc_with_compile --preproc_dependency="main.d_raw"  "../main.c"
"../main.c", line 41: remark #1535-D: (ULP 8.1) variable "wheel_move" is used as a constant. Recommend declaring variable as either 'static const' or 'const'
"../main.c", line 42: remark #1535-D: (ULP 8.1) variable "forward" is used as a constant. Recommend declaring variable as either 'static const' or 'const'
Finished building: "../main.c"
 
Building file: "../ports.c"
Invoking: MSP430 Compiler
"D:/ccs/tools/compiler/ti-cgt-msp430_21.6.1.LTS/bin/cl430" -vmspx --use_hw_mpy=F5 --include_path="D:/ccs/ccs_base/msp430/include" --include_path="D:/ccs/Homework 03/Homework  03" --include_path="D:/ccs/tools/compiler/ti-cgt-msp430_21.6.1.LTS/include" --advice:power=all --advice:hw_config=all --define=__MSP430FR2355__ --define=_FRWP_ENABLE --define=_INFO_FRWP_ENABLE -g --printf_support=minimal --diag_warning=225 --diag_wrap=off --display_error_number --silicon_errata=CPU21 --silicon_errata=CPU22 --silicon_errata=CPU40 --preproc_with_compile --preproc_dependency="ports.d_raw"  "../ports.c"
 
>> Compilation failure
subdir_rules.mk:9: recipe for target 'ports.obj' failed
"../ports.c", line 17: warning #225-D: function "Init_Port_1" declared implicitly
"../ports.c", line 18: warning #225-D: function "Init_Port_2" declared implicitly
"../ports.c", line 19: warning #225-D: function "Init_Port_3" declared implicitly
"../ports.c", line 20: warning #225-D: function "Init_Port_4" declared implicitly
"../ports.c", line 21: warning #225-D: function "Init_Port_5" declared implicitly
"../ports.c", line 22: warning #225-D: function "Init_Port_6" declared implicitly
"../ports.c", line 25: warning #161-D: declaration is incompatible with previous "Init_Port_1" (declared at line 17)
"../ports.c", line 186: error #20: identifier "OT_BOOT_CPI" is undefined
"..\main.c", line 41: remark #1535-D: (ULP 8.1) variable "wheel_move" is used as a constant. Recommend declaring variable as either 'static const' or 'const'
"..\main.c", line 42: remark #1535-D: (ULP 8.1) variable "forward" is used as a constant. Recommend declaring variable as either 'static const' or 'const'
1 error detected in the compilation of "../ports.c".
gmake: *** [ports.obj] Error 1
Building file: "../system.c"
Invoking: MSP430 Compiler
"D:/ccs/tools/compiler/ti-cgt-msp430_21.6.1.LTS/bin/cl430" -vmspx --use_hw_mpy=F5 --include_path="D:/ccs/ccs_base/msp430/include" --include_path="D:/ccs/Homework 03/Homework  03" --include_path="D:/ccs/tools/compiler/ti-cgt-msp430_21.6.1.LTS/include" --advice:power=all --advice:hw_config=all --define=__MSP430FR2355__ --define=_FRWP_ENABLE --define=_INFO_FRWP_ENABLE -g --printf_support=minimal --diag_warning=225 --diag_wrap=off --display_error_number --silicon_errata=CPU21 --silicon_errata=CPU22 --silicon_errata=CPU40 --preproc_with_compile --preproc_dependency="system.d_raw"  "../system.c"
Finished building: "../system.c"
 
gmake: Target 'all' not remade because of errors.

**** Build Finished ****

**** Build of configuration Debug for project Homework  03 ****

"D:\\ccs\\utils\\bin\\gmake" -k -j 16 all -O 
 
Building file: "../ports.c"
Invoking: MSP430 Compiler
"D:/ccs/tools/compiler/ti-cgt-msp430_21.6.1.LTS/bin/cl430" -vmspx --use_hw_mpy=F5 --include_path="D:/ccs/ccs_base/msp430/include" --include_path="D:/ccs/Homework 03/Homework  03" --include_path="D:/ccs/tools/compiler/ti-cgt-msp430_21.6.1.LTS/include" --advice:power=all --advice:hw_config=all --define=__MSP430FR2355__ --define=_FRWP_ENABLE --define=_INFO_FRWP_ENABLE -g --printf_support=minimal --diag_warning=225 --diag_wrap=off --display_error_number --silicon_errata=CPU21 --silicon_errata=CPU22 --silicon_errata=CPU40 --preproc_with_compile --preproc_dependency="ports.d_raw"  "../ports.c"
"../ports.c", line 17: warning #225-D: function "Init_Port_1" declared implicitly
"../ports.c", line 18: warning #225-D: function "Init_Port_2" declared implicitly
"../ports.c", line 19: warning #225-D: function "Init_Port_3" declared implicitly
"../ports.c", line 20: warning #225-D: function "Init_Port_4" declared implicitly
"../ports.c", line 21: warning #225-D: function "Init_Port_5" declared implicitly
"../ports.c", line 22: warning #225-D: function "Init_Port_6" declared implicitly
"../ports.c", line 25: warning #161-D: declaration is incompatible with previous "Init_Port_1" (declared at line 17)
"..\main.c", line 41: remark #1535-D: (ULP 8.1) variable "wheel_move" is used as a constant. Recommend declaring variable as either 'static const' or 'const'
"..\main.c", line 42: remark #1535-D: (ULP 8.1) variable "forward" is used as a constant. Recommend declaring variable as either 'static const' or 'const'
Finished building: "../ports.c"
 
Building target: "Homework  03.out"
Invoking: MSP430 Linker
"D:/ccs/tools/compiler/ti-cgt-msp430_21.6.1.LTS/bin/cl430" -vmspx --use_hw_mpy=F5 --advice:power=all --advice:hw_config=all --define=__MSP430FR2355__ --define=_FRWP_ENABLE --define=_INFO_FRWP_ENABLE -g --printf_support=minimal --diag_warning=225 --diag_wrap=off --display_error_number --silicon_errata=CPU21 --silicon_errata=CPU22 --silicon_errata=CPU40 -z -m"Homework  03.map" --heap_size=160 --stack_size=160 --cinit_hold_wdt=on -i"D:/ccs/ccs_base/msp430/include" -i"D:/ccs/ccs_base/msp430/lib/FR2xx" -i"D:/ccs/tools/compiler/ti-cgt-msp430_21.6.1.LTS/lib" -i"D:/ccs/tools/compiler/ti-cgt-msp430_21.6.1.LTS/include" --priority --reread_libs --define=_FRWP_ENABLE --define=_INFO_FRWP_ENABLE --diag_wrap=off --display_error_number --warn_sections --xml_link_info="Homework  03_linkInfo.xml" --use_hw_mpy=F5 --rom_model -o "Homework  03.out" "./Display.obj" "./clocks.obj" "./init.obj" "./led.obj" "./main.obj" "./ports.obj" "./system.obj" "../Complied/LCD.obj" "../Complied/clocks.obj" "../Complied/switches.obj" "../Complied/system.obj" "../Complied/timersB0.obj" "../lnk_msp430fr2355.cmd"  -lfrwp_init.a -llibc.a 
<Linking>
error #10056: symbol "main" redefined: first defined in "./Display.obj"; redefined in "./init.obj"
error #10056: symbol "main" redefined: first defined in "./Display.obj"; redefined in "./led.obj"
error #10056: symbol "main" redefined: first defined in "./Display.obj"; redefined in "./main.obj"
error #10056: symbol "main" redefined: first defined in "./Display.obj"; redefined in "./ports.obj"
error #10056: symbol "Init_Clocks" redefined: first defined in "./clocks.obj"; redefined in "../Complied/clocks.obj"
error #10056: symbol "Software_Trim" redefined: first defined in "./clocks.obj"; redefined in "../Complied/clocks.obj"
error #10056: symbol "enable_interrupts" redefined: first defined in "./system.obj"; redefined in "../Complied/system.obj"
 
 undefined   first referenced
  symbol         in file     
 ---------   ----------------
 Init_Port_2 ./ports.obj     
 Init_Port_3 ./ports.obj     
 Init_Port_4 ./ports.obj     
 Init_Port_5 ./ports.obj     
 Init_Port_6 ./ports.obj     
 
error #10234-D: unresolved symbols remain
remark #10372-D: (ULP 4.1) Detected uninitialized Port A in this project. Recommend initializing all unused ports to eliminate wasted current consumption on unused pins.
error #10010: errors encountered during linking; "Homework  03.out" not built
remark #10372-D: (ULP 4.1) Detected uninitialized Port B in this project. Recommend initializing all unused ports to eliminate wasted current consumption on unused pins.
remark #10372-D: (ULP 4.1) Detected uninitialized Port C in this project. Recommend initializing all unused ports to eliminate wasted current consumption on unused pins.
remark #10422-D: (ULP 6.2) Detected use of a device with available 32-bit hardware multiplier and not also using MSPMATHLIB library (libmath.a).  Recommend using MSPMATHLIB library (libmath.a) for improved performance.
 
>> Compilation failure
makefile:149: recipe for target 'Homework  03.out' failed
gmake[1]: *** [Homework  03.out] Error 1
makefile:145: recipe for target 'all' failed
gmake: *** [all] Error 2

**** Build Finished ****

**** Build of configuration Debug for project Homework  03 ****

"D:\\ccs\\utils\\bin\\gmake" -k -j 16 all -O 
 
Building file: "../init.c"
Invoking: MSP430 Compiler
"D:/ccs/tools/compiler/ti-cgt-msp430_21.6.1.LTS/bin/cl430" -vmspx --use_hw_mpy=F5 --include_path="D:/ccs/ccs_base/msp430/include" --include_path="D:/ccs/Homework 03/Homework  03" --include_path="D:/ccs/tools/compiler/ti-cgt-msp430_21.6.1.LTS/include" --advice:power=all --advice:hw_config=all --define=__MSP430FR2355__ --define=_FRWP_ENABLE --define=_INFO_FRWP_ENABLE -g --printf_support=minimal --diag_warning=225 --diag_wrap=off --display_error_number --silicon_errata=CPU21 --silicon_errata=CPU22 --silicon_errata=CPU40 --preproc_with_compile --preproc_dependency="init.d_raw"  "../init.c"
 
>> Compilation failure
subdir_rules.mk:9: recipe for target 'init.obj' failed
"../init.c", line 24: error #20: identifier "display_line" is undefined
"../init.c", line 29: error #20: identifier "display_line" is undefined
"../init.c", line 34: error #20: identifier "display" is undefined
"../init.c", line 38: error #20: identifier "update_display" is undefined
"../init.c", line 23: remark #1544-D: (ULP 13.1) Detected loop counting up. Recommend loops count down as detecting zeros is easier
4 errors detected in the compilation of "../init.c".
gmake: *** [init.obj] Error 1
Building file: "../ports.c"
Invoking: MSP430 Compiler
"D:/ccs/tools/compiler/ti-cgt-msp430_21.6.1.LTS/bin/cl430" -vmspx --use_hw_mpy=F5 --include_path="D:/ccs/ccs_base/msp430/include" --include_path="D:/ccs/Homework 03/Homework  03" --include_path="D:/ccs/tools/compiler/ti-cgt-msp430_21.6.1.LTS/include" --advice:power=all --advice:hw_config=all --define=__MSP430FR2355__ --define=_FRWP_ENABLE --define=_INFO_FRWP_ENABLE -g --printf_support=minimal --diag_warning=225 --diag_wrap=off --display_error_number --silicon_errata=CPU21 --silicon_errata=CPU22 --silicon_errata=CPU40 --preproc_with_compile --preproc_dependency="ports.d_raw"  "../ports.c"
"../ports.c", line 16: warning #225-D: function "Init_Port_1" declared implicitly
"../ports.c", line 17: warning #225-D: function "Init_Port_2" declared implicitly
"../ports.c", line 18: warning #225-D: function "Init_Port_3" declared implicitly
"../ports.c", line 19: warning #225-D: function "Init_Port_4" declared implicitly
"../ports.c", line 20: warning #225-D: function "Init_Port_5" declared implicitly
"../ports.c", line 21: warning #225-D: function "Init_Port_6" declared implicitly
"../ports.c", line 24: warning #161-D: declaration is incompatible with previous "Init_Port_1" (declared at line 16)
Finished building: "../ports.c"
 
gmake: Target 'all' not remade because of errors.

**** Build Finished ****

**** Build of configuration Debug for project Homework  03 ****

"D:\\ccs\\utils\\bin\\gmake" -k -j 16 all -O 
 
Building file: "../init.c"
Invoking: MSP430 Compiler
"D:/ccs/tools/compiler/ti-cgt-msp430_21.6.1.LTS/bin/cl430" -vmspx --use_hw_mpy=F5 --include_path="D:/ccs/ccs_base/msp430/include" --include_path="D:/ccs/Homework 03/Homework  03" --include_path="D:/ccs/tools/compiler/ti-cgt-msp430_21.6.1.LTS/include" --advice:power=all --advice:hw_config=all --define=__MSP430FR2355__ --define=_FRWP_ENABLE --define=_INFO_FRWP_ENABLE -g --printf_support=minimal --diag_warning=225 --diag_wrap=off --display_error_number --silicon_errata=CPU21 --silicon_errata=CPU22 --silicon_errata=CPU40 --preproc_with_compile --preproc_dependency="init.d_raw"  "../init.c"
 
>> Compilation failure
subdir_rules.mk:9: recipe for target 'init.obj' failed
"../init.c", line 34: error #20: identifier "display" is undefined
"../init.c", line 38: error #20: identifier "update_display" is undefined
"../init.c", line 23: remark #1544-D: (ULP 13.1) Detected loop counting up. Recommend loops count down as detecting zeros is easier
"../init.c", line 24: remark #2553-D: (ULP 14.1) Array index (involving "i") of type "int". Recommend using "unsigned int"
"../init.c", line 25: remark #2553-D: (ULP 14.1) Array index (involving "i") of type "int". Recommend using "unsigned int"
"../init.c", line 26: remark #2553-D: (ULP 14.1) Array index (involving "i") of type "int". Recommend using "unsigned int"
"../init.c", line 27: remark #2553-D: (ULP 14.1) Array index (involving "i") of type "int". Recommend using "unsigned int"
2 errors detected in the compilation of "../init.c".
gmake: *** [init.obj] Error 1
gmake: Target 'all' not remade because of errors.

**** Build Finished ****

**** Build of configuration Debug for project Homework  03 ****

"D:\\ccs\\utils\\bin\\gmake" -k -j 16 all -O 
 
Building file: "../init.c"
Invoking: MSP430 Compiler
"D:/ccs/tools/compiler/ti-cgt-msp430_21.6.1.LTS/bin/cl430" -vmspx --use_hw_mpy=F5 --include_path="D:/ccs/ccs_base/msp430/include" --include_path="D:/ccs/Homework 03/Homework  03" --include_path="D:/ccs/tools/compiler/ti-cgt-msp430_21.6.1.LTS/include" --advice:power=all --advice:hw_config=all --define=__MSP430FR2355__ --define=_FRWP_ENABLE --define=_INFO_FRWP_ENABLE -g --printf_support=minimal --diag_warning=225 --diag_wrap=off --display_error_number --silicon_errata=CPU21 --silicon_errata=CPU22 --silicon_errata=CPU40 --preproc_with_compile --preproc_dependency="init.d_raw"  "../init.c"
 
>> Compilation failure
subdir_rules.mk:9: recipe for target 'init.obj' failed
"../init.c", line 40: error #20: identifier "update_display" is undefined
"../init.c", line 25: remark #1544-D: (ULP 13.1) Detected loop counting up. Recommend loops count down as detecting zeros is easier
"../init.c", line 26: remark #2553-D: (ULP 14.1) Array index (involving "i") of type "int". Recommend using "unsigned int"
"../init.c", line 27: remark #2553-D: (ULP 14.1) Array index (involving "i") of type "int". Recommend using "unsigned int"
"../init.c", line 28: remark #2553-D: (ULP 14.1) Array index (involving "i") of type "int". Recommend using "unsigned int"
"../init.c", line 29: remark #2553-D: (ULP 14.1) Array index (involving "i") of type "int". Recommend using "unsigned int"
1 error detected in the compilation of "../init.c".
gmake: *** [init.obj] Error 1
gmake: Target 'all' not remade because of errors.

**** Build Finished ****

**** Build of configuration Debug for project Homework  03 ****

"D:\\ccs\\utils\\bin\\gmake" -k -j 16 all -O 
 
Building file: "../init.c"
Invoking: MSP430 Compiler
"D:/ccs/tools/compiler/ti-cgt-msp430_21.6.1.LTS/bin/cl430" -vmspx --use_hw_mpy=F5 --include_path="D:/ccs/ccs_base/msp430/include" --include_path="D:/ccs/Homework 03/Homework  03" --include_path="D:/ccs/tools/compiler/ti-cgt-msp430_21.6.1.LTS/include" --advice:power=all --advice:hw_config=all --define=__MSP430FR2355__ --define=_FRWP_ENABLE --define=_INFO_FRWP_ENABLE -g --printf_support=minimal --diag_warning=225 --diag_wrap=off --display_error_number --silicon_errata=CPU21 --silicon_errata=CPU22 --silicon_errata=CPU40 --preproc_with_compile --preproc_dependency="init.d_raw"  "../init.c"
"../init.c", line 27: remark #1544-D: (ULP 13.1) Detected loop counting up. Recommend loops count down as detecting zeros is easier
"../init.c", line 28: remark #2553-D: (ULP 14.1) Array index (involving "i") of type "int". Recommend using "unsigned int"
"../init.c", line 29: remark #2553-D: (ULP 14.1) Array index (involving "i") of type "int". Recommend using "unsigned int"
"../init.c", line 30: remark #2553-D: (ULP 14.1) Array index (involving "i") of type "int". Recommend using "unsigned int"
"../init.c", line 31: remark #2553-D: (ULP 14.1) Array index (involving "i") of type "int". Recommend using "unsigned int"
Finished building: "../init.c"
 
Building target: "Homework  03.out"
Invoking: MSP430 Linker
"D:/ccs/tools/compiler/ti-cgt-msp430_21.6.1.LTS/bin/cl430" -vmspx --use_hw_mpy=F5 --advice:power=all --advice:hw_config=all --define=__MSP430FR2355__ --define=_FRWP_ENABLE --define=_INFO_FRWP_ENABLE -g --printf_support=minimal --diag_warning=225 --diag_wrap=off --display_error_number --silicon_errata=CPU21 --silicon_errata=CPU22 --silicon_errata=CPU40 -z -m"Homework  03.map" --heap_size=160 --stack_size=160 --cinit_hold_wdt=on -i"D:/ccs/ccs_base/msp430/include" -i"D:/ccs/ccs_base/msp430/lib/FR2xx" -i"D:/ccs/tools/compiler/ti-cgt-msp430_21.6.1.LTS/lib" -i"D:/ccs/tools/compiler/ti-cgt-msp430_21.6.1.LTS/include" --priority --reread_libs --define=_FRWP_ENABLE --define=_INFO_FRWP_ENABLE --diag_wrap=off --display_error_number --warn_sections --xml_link_info="Homework  03_linkInfo.xml" --use_hw_mpy=F5 --rom_model -o "Homework  03.out" "./Display.obj" "./clocks.obj" "./init.obj" "./led.obj" "./main.obj" "./ports.obj" "./system.obj" "../Complied/LCD.obj" "../Complied/clocks.obj" "../Complied/switches.obj" "../Complied/system.obj" "../Complied/timersB0.obj" "../lnk_msp430fr2355.cmd"  -lfrwp_init.a -llibc.a 
<Linking>
error #10056: symbol "main" redefined: first defined in "./Display.obj"; redefined in "./led.obj"
error #10056: symbol "main" redefined: first defined in "./Display.obj"; redefined in "./main.obj"
error #10056: symbol "Init_Clocks" redefined: first defined in "./clocks.obj"; redefined in "../Complied/clocks.obj"
error #10056: symbol "Software_Trim" redefined: first defined in "./clocks.obj"; redefined in "../Complied/clocks.obj"
error #10056: symbol "enable_interrupts" redefined: first defined in "./system.obj"; redefined in "../Complied/system.obj"
 
 undefined   first referenced
  symbol         in file     
 ---------   ----------------
 Init_Port_2 ./ports.obj     
 Init_Port_3 ./ports.obj     
 Init_Port_4 ./ports.obj     
 Init_Port_5 ./ports.obj     
 Init_Port_6 ./ports.obj     
remark #10372-D: (ULP 4.1) Detected uninitialized Port A in this project. Recommend initializing all unused ports to eliminate wasted current consumption on unused pins.
 
remark #10372-D: (ULP 4.1) Detected uninitialized Port B in this project. Recommend initializing all unused ports to eliminate wasted current consumption on unused pins.
remark #10372-D: (ULP 4.1) Detected uninitialized Port C in this project. Recommend initializing all unused ports to eliminate wasted current consumption on unused pins.
remark #10422-D: (ULP 6.2) Detected use of a device with available 32-bit hardware multiplier and not also using MSPMATHLIB library (libmath.a).  Recommend using MSPMATHLIB library (libmath.a) for improved performance.
 
>> Compilation failure
makefile:149: recipe for target 'Homework  03.out' failed
error #10234-D: unresolved symbols remain
error #10010: errors encountered during linking; "Homework  03.out" not built
gmake[1]: *** [Homework  03.out] Error 1
makefile:145: recipe for target 'all' failed
gmake: *** [all] Error 2

**** Build Finished ****

**** Build of configuration Debug for project Homework  03 ****

"D:\\ccs\\utils\\bin\\gmake" -k -j 16 all -O 
 
Building file: "../init.c"
Invoking: MSP430 Compiler
"D:/ccs/tools/compiler/ti-cgt-msp430_21.6.1.LTS/bin/cl430" -vmspx --use_hw_mpy=F5 --include_path="D:/ccs/ccs_base/msp430/include" --include_path="D:/ccs/Homework 03/Homework  03" --include_path="D:/ccs/tools/compiler/ti-cgt-msp430_21.6.1.LTS/include" --advice:power=all --advice:hw_config=all --define=__MSP430FR2355__ --define=_FRWP_ENABLE --define=_INFO_FRWP_ENABLE -g --printf_support=minimal --diag_warning=225 --diag_wrap=off --display_error_number --silicon_errata=CPU21 --silicon_errata=CPU22 --silicon_errata=CPU40 --preproc_with_compile --preproc_dependency="init.d_raw"  "../init.c"
 
>> Compilation failure
subdir_rules.mk:9: recipe for target 'init.obj' failed
"../init.c", line 40: error #20: identifier "update_display" is undefined
"../init.c", line 25: remark #1544-D: (ULP 13.1) Detected loop counting up. Recommend loops count down as detecting zeros is easier
"../init.c", line 26: remark #2553-D: (ULP 14.1) Array index (involving "i") of type "int". Recommend using "unsigned int"
"../init.c", line 27: remark #2553-D: (ULP 14.1) Array index (involving "i") of type "int". Recommend using "unsigned int"
"../init.c", line 28: remark #2553-D: (ULP 14.1) Array index (involving "i") of type "int". Recommend using "unsigned int"
"../init.c", line 29: remark #2553-D: (ULP 14.1) Array index (involving "i") of type "int". Recommend using "unsigned int"
1 error detected in the compilation of "../init.c".
gmake: *** [init.obj] Error 1
gmake: Target 'all' not remade because of errors.

**** Build Finished ****

**** Build of configuration Debug for project Homework  03 ****

"D:\\ccs\\utils\\bin\\gmake" -k -j 16 all -O 
 
Building file: "../init.c"
Invoking: MSP430 Compiler
"D:/ccs/tools/compiler/ti-cgt-msp430_21.6.1.LTS/bin/cl430" -vmspx --use_hw_mpy=F5 --include_path="D:/ccs/ccs_base/msp430/include" --include_path="D:/ccs/Homework 03/Homework  03" --include_path="D:/ccs/tools/compiler/ti-cgt-msp430_21.6.1.LTS/include" --advice:power=all --advice:hw_config=all --define=__MSP430FR2355__ --define=_FRWP_ENABLE --define=_INFO_FRWP_ENABLE -g --printf_support=minimal --diag_warning=225 --diag_wrap=off --display_error_number --silicon_errata=CPU21 --silicon_errata=CPU22 --silicon_errata=CPU40 --preproc_with_compile --preproc_dependency="init.d_raw"  "../init.c"
"../init.c", line 26: remark #1544-D: (ULP 13.1) Detected loop counting up. Recommend loops count down as detecting zeros is easier
"../init.c", line 27: remark #2553-D: (ULP 14.1) Array index (involving "i") of type "int". Recommend using "unsigned int"
"../init.c", line 28: remark #2553-D: (ULP 14.1) Array index (involving "i") of type "int". Recommend using "unsigned int"
"../init.c", line 29: remark #2553-D: (ULP 14.1) Array index (involving "i") of type "int". Recommend using "unsigned int"
"../init.c", line 30: remark #2553-D: (ULP 14.1) Array index (involving "i") of type "int". Recommend using "unsigned int"
Finished building: "../init.c"
 
Building target: "Homework  03.out"
Invoking: MSP430 Linker
"D:/ccs/tools/compiler/ti-cgt-msp430_21.6.1.LTS/bin/cl430" -vmspx --use_hw_mpy=F5 --advice:power=all --advice:hw_config=all --define=__MSP430FR2355__ --define=_FRWP_ENABLE --define=_INFO_FRWP_ENABLE -g --printf_support=minimal --diag_warning=225 --diag_wrap=off --display_error_number --silicon_errata=CPU21 --silicon_errata=CPU22 --silicon_errata=CPU40 -z -m"Homework  03.map" --heap_size=160 --stack_size=160 --cinit_hold_wdt=on -i"D:/ccs/ccs_base/msp430/include" -i"D:/ccs/ccs_base/msp430/lib/FR2xx" -i"D:/ccs/tools/compiler/ti-cgt-msp430_21.6.1.LTS/lib" -i"D:/ccs/tools/compiler/ti-cgt-msp430_21.6.1.LTS/include" --priority --reread_libs --define=_FRWP_ENABLE --define=_INFO_FRWP_ENABLE --diag_wrap=off --display_error_number --warn_sections --xml_link_info="Homework  03_linkInfo.xml" --use_hw_mpy=F5 --rom_model -o "Homework  03.out" "./Display.obj" "./clocks.obj" "./init.obj" "./led.obj" "./main.obj" "./ports.obj" "./system.obj" "../Complied/LCD.obj" "../Complied/clocks.obj" "../Complied/switches.obj" "../Complied/system.obj" "../Complied/timersB0.obj" "../lnk_msp430fr2355.cmd"  -lfrwp_init.a -llibc.a 
<Linking>
error #10056: symbol "main" redefined: first defined in "./Display.obj"; redefined in "./led.obj"
error #10056: symbol "main" redefined: first defined in "./Display.obj"; redefined in "./main.obj"
error #10056: symbol "Init_Clocks" redefined: first defined in "./clocks.obj"; redefined in "../Complied/clocks.obj"
error #10056: symbol "Software_Trim" redefined: first defined in "./clocks.obj"; redefined in "../Complied/clocks.obj"
error #10056: symbol "enable_interrupts" redefined: first defined in "./system.obj"; redefined in "../Complied/system.obj"
 
 undefined   first referenced
  symbol         in file     
 ---------   ----------------
 Init_Port_2 ./ports.obj     
 Init_Port_3 ./ports.obj     
 Init_Port_4 ./ports.obj     
 Init_Port_5 ./ports.obj     
 Init_Port_6 ./ports.obj     
remark #10372-D: (ULP 4.1) Detected uninitialized Port A in this project. Recommend initializing all unused ports to eliminate wasted current consumption on unused pins.
 
remark #10372-D: (ULP 4.1) Detected uninitialized Port B in this project. Recommend initializing all unused ports to eliminate wasted current consumption on unused pins.
remark #10372-D: (ULP 4.1) Detected uninitialized Port C in this project. Recommend initializing all unused ports to eliminate wasted current consumption on unused pins.
remark #10422-D: (ULP 6.2) Detected use of a device with available 32-bit hardware multiplier and not also using MSPMATHLIB library (libmath.a).  Recommend using MSPMATHLIB library (libmath.a) for improved performance.
 
>> Compilation failure
makefile:149: recipe for target 'Homework  03.out' failed
error #10234-D: unresolved symbols remain
error #10010: errors encountered during linking; "Homework  03.out" not built
gmake[1]: *** [Homework  03.out] Error 1
makefile:145: recipe for target 'all' failed
gmake: *** [all] Error 2

**** Build Finished ****

**** Build of configuration Debug for project Homework  03 ****

"D:\\ccs\\utils\\bin\\gmake" -k -j 16 all -O 
 
Building file: "../Display.c"
Invoking: MSP430 Compiler
"D:/ccs/tools/compiler/ti-cgt-msp430_21.6.1.LTS/bin/cl430" -vmspx --use_hw_mpy=F5 --include_path="D:/ccs/ccs_base/msp430/include" --include_path="D:/ccs/Homework 03/Homework  03" --include_path="D:/ccs/tools/compiler/ti-cgt-msp430_21.6.1.LTS/include" --advice:power=all --advice:hw_config=all --define=__MSP430FR2355__ --define=_FRWP_ENABLE --define=_INFO_FRWP_ENABLE -g --printf_support=minimal --diag_warning=225 --diag_wrap=off --display_error_number --silicon_errata=CPU21 --silicon_errata=CPU22 --silicon_errata=CPU40 --preproc_with_compile --preproc_dependency="Display.d_raw"  "../Display.c"
 
>> Compilation failure
subdir_rules.mk:9: recipe for target 'Display.obj' failed
"../Display.c", line 22: error #20: identifier "update_display" is undefined
"../Display.c", line 24: error #20: identifier "display_changed" is undefined
2 errors detected in the compilation of "../Display.c".
gmake: *** [Display.obj] Error 1
Building file: "../led.c"
Invoking: MSP430 Compiler
"D:/ccs/tools/compiler/ti-cgt-msp430_21.6.1.LTS/bin/cl430" -vmspx --use_hw_mpy=F5 --include_path="D:/ccs/ccs_base/msp430/include" --include_path="D:/ccs/Homework 03/Homework  03" --include_path="D:/ccs/tools/compiler/ti-cgt-msp430_21.6.1.LTS/include" --advice:power=all --advice:hw_config=all --define=__MSP430FR2355__ --define=_FRWP_ENABLE --define=_INFO_FRWP_ENABLE -g --printf_support=minimal --diag_warning=225 --diag_wrap=off --display_error_number --silicon_errata=CPU21 --silicon_errata=CPU22 --silicon_errata=CPU40 --preproc_with_compile --preproc_dependency="led.d_raw"  "../led.c"
 
>> Compilation failure
subdir_rules.mk:9: recipe for target 'led.obj' failed
"../led.c", line 21: error #20: identifier "Time_Sequence" is undefined
"../led.c", line 23: error #20: identifier "one_time" is undefined
"../led.c", line 26: error #20: identifier "display_changed" is undefined
"../led.c", line 50: error #20: identifier "display_changed" is undefined
4 errors detected in the compilation of "../led.c".
gmake: *** [led.obj] Error 1
gmake: Target 'all' not remade because of errors.

**** Build Finished ****

**** Build of configuration Debug for project Homework  03 ****

"D:\\ccs\\utils\\bin\\gmake" -k -j 16 all -O 
 
Building file: "../Display.c"
Invoking: MSP430 Compiler
"D:/ccs/tools/compiler/ti-cgt-msp430_21.6.1.LTS/bin/cl430" -vmspx --use_hw_mpy=F5 --include_path="D:/ccs/ccs_base/msp430/include" --include_path="D:/ccs/Homework 03/Homework  03" --include_path="D:/ccs/tools/compiler/ti-cgt-msp430_21.6.1.LTS/include" --advice:power=all --advice:hw_config=all --define=__MSP430FR2355__ --define=_FRWP_ENABLE --define=_INFO_FRWP_ENABLE -g --printf_support=minimal --diag_warning=225 --diag_wrap=off --display_error_number --silicon_errata=CPU21 --silicon_errata=CPU22 --silicon_errata=CPU40 --preproc_with_compile --preproc_dependency="Display.d_raw"  "../Display.c"
 
>> Compilation failure
subdir_rules.mk:9: recipe for target 'Display.obj' failed
"../Display.c", line 25: error #20: identifier "update_display" is undefined
1 error detected in the compilation of "../Display.c".
gmake: *** [Display.obj] Error 1
Building file: "../led.c"
Invoking: MSP430 Compiler
"D:/ccs/tools/compiler/ti-cgt-msp430_21.6.1.LTS/bin/cl430" -vmspx --use_hw_mpy=F5 --include_path="D:/ccs/ccs_base/msp430/include" --include_path="D:/ccs/Homework 03/Homework  03" --include_path="D:/ccs/tools/compiler/ti-cgt-msp430_21.6.1.LTS/include" --advice:power=all --advice:hw_config=all --define=__MSP430FR2355__ --define=_FRWP_ENABLE --define=_INFO_FRWP_ENABLE -g --printf_support=minimal --diag_warning=225 --diag_wrap=off --display_error_number --silicon_errata=CPU21 --silicon_errata=CPU22 --silicon_errata=CPU40 --preproc_with_compile --preproc_dependency="led.d_raw"  "../led.c"
 
>> Compilation failure
subdir_rules.mk:9: recipe for target 'led.obj' failed
"../led.c", line 21: error #20: identifier "Time_Sequence" is undefined
"../led.c", line 23: error #20: identifier "one_time" is undefined
"../led.c", line 26: error #20: identifier "display_changed" is undefined
"../led.c", line 50: error #20: identifier "display_changed" is undefined
4 errors detected in the compilation of "../led.c".
gmake: *** [led.obj] Error 1
gmake: Target 'all' not remade because of errors.

**** Build Finished ****

**** Build of configuration Debug for project Homework  03 ****

"D:\\ccs\\utils\\bin\\gmake" -k -j 16 all -O 
 
Building file: "../Display.c"
Invoking: MSP430 Compiler
"D:/ccs/tools/compiler/ti-cgt-msp430_21.6.1.LTS/bin/cl430" -vmspx --use_hw_mpy=F5 --include_path="D:/ccs/ccs_base/msp430/include" --include_path="D:/ccs/Homework 03/Homework  03" --include_path="D:/ccs/tools/compiler/ti-cgt-msp430_21.6.1.LTS/include" --advice:power=all --advice:hw_config=all --define=__MSP430FR2355__ --define=_FRWP_ENABLE --define=_INFO_FRWP_ENABLE -g --printf_support=minimal --diag_warning=225 --diag_wrap=off --display_error_number --silicon_errata=CPU21 --silicon_errata=CPU22 --silicon_errata=CPU40 --preproc_with_compile --preproc_dependency="Display.d_raw"  "../Display.c"
 
>> Compilation failure
subdir_rules.mk:9: recipe for target 'Display.obj' failed
"../Display.c", line 25: error #20: identifier "update_display" is undefined
1 error detected in the compilation of "../Display.c".
gmake: *** [Display.obj] Error 1
Building file: "../led.c"
Invoking: MSP430 Compiler
"D:/ccs/tools/compiler/ti-cgt-msp430_21.6.1.LTS/bin/cl430" -vmspx --use_hw_mpy=F5 --include_path="D:/ccs/ccs_base/msp430/include" --include_path="D:/ccs/Homework 03/Homework  03" --include_path="D:/ccs/tools/compiler/ti-cgt-msp430_21.6.1.LTS/include" --advice:power=all --advice:hw_config=all --define=__MSP430FR2355__ --define=_FRWP_ENABLE --define=_INFO_FRWP_ENABLE -g --printf_support=minimal --diag_warning=225 --diag_wrap=off --display_error_number --silicon_errata=CPU21 --silicon_errata=CPU22 --silicon_errata=CPU40 --preproc_with_compile --preproc_dependency="led.d_raw"  "../led.c"
 
>> Compilation failure
subdir_rules.mk:9: recipe for target 'led.obj' failed
"../led.c", line 23: error #20: identifier "Time_Sequence" is undefined
"../led.c", line 25: error #20: identifier "one_time" is undefined
2 errors detected in the compilation of "../led.c".
gmake: *** [led.obj] Error 1
gmake: Target 'all' not remade because of errors.

**** Build Finished ****

**** Build of configuration Debug for project Homework  03 ****

"D:\\ccs\\utils\\bin\\gmake" -k -j 16 all -O 
 
Building file: "../Display.c"
Invoking: MSP430 Compiler
"D:/ccs/tools/compiler/ti-cgt-msp430_21.6.1.LTS/bin/cl430" -vmspx --use_hw_mpy=F5 --include_path="D:/ccs/ccs_base/msp430/include" --include_path="D:/ccs/Homework 03/Homework  03" --include_path="D:/ccs/tools/compiler/ti-cgt-msp430_21.6.1.LTS/include" --advice:power=all --advice:hw_config=all --define=__MSP430FR2355__ --define=_FRWP_ENABLE --define=_INFO_FRWP_ENABLE -g --printf_support=minimal --diag_warning=225 --diag_wrap=off --display_error_number --silicon_errata=CPU21 --silicon_errata=CPU22 --silicon_errata=CPU40 --preproc_with_compile --preproc_dependency="Display.d_raw"  "../Display.c"
 
>> Compilation failure
subdir_rules.mk:9: recipe for target 'Display.obj' failed
"../Display.c", line 25: error #20: identifier "update_display" is undefined
1 error detected in the compilation of "../Display.c".
gmake: *** [Display.obj] Error 1
Building file: "../led.c"
Invoking: MSP430 Compiler
"D:/ccs/tools/compiler/ti-cgt-msp430_21.6.1.LTS/bin/cl430" -vmspx --use_hw_mpy=F5 --include_path="D:/ccs/ccs_base/msp430/include" --include_path="D:/ccs/Homework 03/Homework  03" --include_path="D:/ccs/tools/compiler/ti-cgt-msp430_21.6.1.LTS/include" --advice:power=all --advice:hw_config=all --define=__MSP430FR2355__ --define=_FRWP_ENABLE --define=_INFO_FRWP_ENABLE -g --printf_support=minimal --diag_warning=225 --diag_wrap=off --display_error_number --silicon_errata=CPU21 --silicon_errata=CPU22 --silicon_errata=CPU40 --preproc_with_compile --preproc_dependency="led.d_raw"  "../led.c"
 
>> Compilation failure
subdir_rules.mk:9: recipe for target 'led.obj' failed
"../led.c", line 24: error #20: identifier "Time_Sequence" is undefined
1 error detected in the compilation of "../led.c".
gmake: *** [led.obj] Error 1
gmake: Target 'all' not remade because of errors.

**** Build Finished ****

**** Build of configuration Debug for project Homework  03 ****

"D:\\ccs\\utils\\bin\\gmake" -k -j 16 all -O 
 
Building file: "../Display.c"
Invoking: MSP430 Compiler
"D:/ccs/tools/compiler/ti-cgt-msp430_21.6.1.LTS/bin/cl430" -vmspx --use_hw_mpy=F5 --include_path="D:/ccs/ccs_base/msp430/include" --include_path="D:/ccs/Homework 03/Homework  03" --include_path="D:/ccs/tools/compiler/ti-cgt-msp430_21.6.1.LTS/include" --advice:power=all --advice:hw_config=all --define=__MSP430FR2355__ --define=_FRWP_ENABLE --define=_INFO_FRWP_ENABLE -g --printf_support=minimal --diag_warning=225 --diag_wrap=off --display_error_number --silicon_errata=CPU21 --silicon_errata=CPU22 --silicon_errata=CPU40 --preproc_with_compile --preproc_dependency="Display.d_raw"  "../Display.c"
 
>> Compilation failure
subdir_rules.mk:9: recipe for target 'Display.obj' failed
"../Display.c", line 25: error #20: identifier "update_display" is undefined
1 error detected in the compilation of "../Display.c".
gmake: *** [Display.obj] Error 1
Building file: "../led.c"
Invoking: MSP430 Compiler
"D:/ccs/tools/compiler/ti-cgt-msp430_21.6.1.LTS/bin/cl430" -vmspx --use_hw_mpy=F5 --include_path="D:/ccs/ccs_base/msp430/include" --include_path="D:/ccs/Homework 03/Homework  03" --include_path="D:/ccs/tools/compiler/ti-cgt-msp430_21.6.1.LTS/include" --advice:power=all --advice:hw_config=all --define=__MSP430FR2355__ --define=_FRWP_ENABLE --define=_INFO_FRWP_ENABLE -g --printf_support=minimal --diag_warning=225 --diag_wrap=off --display_error_number --silicon_errata=CPU21 --silicon_errata=CPU22 --silicon_errata=CPU40 --preproc_with_compile --preproc_dependency="led.d_raw"  "../led.c"
Finished building: "../led.c"
 
gmake: Target 'all' not remade because of errors.

**** Build Finished ****

**** Build of configuration Debug for project Homework  03 ****

"D:\\ccs\\utils\\bin\\gmake" -k -j 16 all -O 
 
Building file: "../Display.c"
Invoking: MSP430 Compiler
"D:/ccs/tools/compiler/ti-cgt-msp430_21.6.1.LTS/bin/cl430" -vmspx --use_hw_mpy=F5 --include_path="D:/ccs/ccs_base/msp430/include" --include_path="D:/ccs/Homework 03/Homework  03" --include_path="D:/ccs/tools/compiler/ti-cgt-msp430_21.6.1.LTS/include" --advice:power=all --advice:hw_config=all --define=__MSP430FR2355__ --define=_FRWP_ENABLE --define=_INFO_FRWP_ENABLE -g --printf_support=minimal --diag_warning=225 --diag_wrap=off --display_error_number --silicon_errata=CPU21 --silicon_errata=CPU22 --silicon_errata=CPU40 --preproc_with_compile --preproc_dependency="Display.d_raw"  "../Display.c"
Finished building: "../Display.c"
 
Building target: "Homework  03.out"
Invoking: MSP430 Linker
"D:/ccs/tools/compiler/ti-cgt-msp430_21.6.1.LTS/bin/cl430" -vmspx --use_hw_mpy=F5 --advice:power=all --advice:hw_config=all --define=__MSP430FR2355__ --define=_FRWP_ENABLE --define=_INFO_FRWP_ENABLE -g --printf_support=minimal --diag_warning=225 --diag_wrap=off --display_error_number --silicon_errata=CPU21 --silicon_errata=CPU22 --silicon_errata=CPU40 -z -m"Homework  03.map" --heap_size=160 --stack_size=160 --cinit_hold_wdt=on -i"D:/ccs/ccs_base/msp430/include" -i"D:/ccs/ccs_base/msp430/lib/FR2xx" -i"D:/ccs/tools/compiler/ti-cgt-msp430_21.6.1.LTS/lib" -i"D:/ccs/tools/compiler/ti-cgt-msp430_21.6.1.LTS/include" --priority --reread_libs --define=_FRWP_ENABLE --define=_INFO_FRWP_ENABLE --diag_wrap=off --display_error_number --warn_sections --xml_link_info="Homework  03_linkInfo.xml" --use_hw_mpy=F5 --rom_model -o "Homework  03.out" "./Display.obj" "./clocks.obj" "./init.obj" "./led.obj" "./main.obj" "./ports.obj" "./system.obj" "../Complied/LCD.obj" "../Complied/clocks.obj" "../Complied/switches.obj" "../Complied/system.obj" "../Complied/timersB0.obj" "../lnk_msp430fr2355.cmd"  -lfrwp_init.a -llibc.a 
<Linking>
error #10056: symbol "Init_Clocks" redefined: first defined in "./clocks.obj"; redefined in "../Complied/clocks.obj"
error #10056: symbol "Software_Trim" redefined: first defined in "./clocks.obj"; redefined in "../Complied/clocks.obj"
error #10056: symbol "enable_interrupts" redefined: first defined in "./system.obj"; redefined in "../Complied/system.obj"
 
 undefined   first referenced
  symbol         in file     
 ---------   ----------------
 Init_Port_2 ./ports.obj     
 Init_Port_3 ./ports.obj     
 Init_Port_4 ./ports.obj     
remark #10372-D: (ULP 4.1) Detected uninitialized Port A in this project. Recommend initializing all unused ports to eliminate wasted current consumption on unused pins.
 Init_Port_5 ./ports.obj     
remark #10372-D: (ULP 4.1) Detected uninitialized Port B in this project. Recommend initializing all unused ports to eliminate wasted current consumption on unused pins.
remark #10372-D: (ULP 4.1) Detected uninitialized Port C in this project. Recommend initializing all unused ports to eliminate wasted current consumption on unused pins.
remark #10422-D: (ULP 6.2) Detected use of a device with available 32-bit hardware multiplier and not also using MSPMATHLIB library (libmath.a).  Recommend using MSPMATHLIB library (libmath.a) for improved performance.
 
>> Compilation failure
makefile:149: recipe for target 'Homework  03.out' failed
 Init_Port_6 ./ports.obj     
 
error #10234-D: unresolved symbols remain
error #10010: errors encountered during linking; "Homework  03.out" not built
gmake[1]: *** [Homework  03.out] Error 1
makefile:145: recipe for target 'all' failed
gmake: *** [all] Error 2

**** Build Finished ****

**** Build of configuration Debug for project Homework  03 ****

"D:\\ccs\\utils\\bin\\gmake" -k -j 16 all -O 
 
Building target: "Homework  03.out"
Invoking: MSP430 Linker
"D:/ccs/tools/compiler/ti-cgt-msp430_21.6.1.LTS/bin/cl430" -vmspx --use_hw_mpy=F5 --advice:power=all --advice:hw_config=all --define=__MSP430FR2355__ --define=_FRWP_ENABLE --define=_INFO_FRWP_ENABLE -g --printf_support=minimal --diag_warning=225 --diag_wrap=off --display_error_number --silicon_errata=CPU21 --silicon_errata=CPU22 --silicon_errata=CPU40 -z -m"Homework  03.map" --heap_size=160 --stack_size=160 --cinit_hold_wdt=on -i"D:/ccs/ccs_base/msp430/include" -i"D:/ccs/ccs_base/msp430/lib/FR2xx" -i"D:/ccs/tools/compiler/ti-cgt-msp430_21.6.1.LTS/lib" -i"D:/ccs/tools/compiler/ti-cgt-msp430_21.6.1.LTS/include" --priority --reread_libs --define=_FRWP_ENABLE --define=_INFO_FRWP_ENABLE --diag_wrap=off --display_error_number --warn_sections --xml_link_info="Homework  03_linkInfo.xml" --use_hw_mpy=F5 --rom_model -o "Homework  03.out" "./Display.obj" "./clocks.obj" "./init.obj" "./led.obj" "./main.obj" "./ports.obj" "./system.obj" "../Complied/LCD.obj" "../Complied/switches.obj" "../Complied/timersB0.obj" "../lnk_msp430fr2355.cmd"  -lfrwp_init.a -llibc.a 
<Linking>
 
 undefined   first referenced
  symbol         in file     
 ---------   ----------------
 Init_Port_2 ./ports.obj     
 Init_Port_3 ./ports.obj     
 Init_Port_4 ./ports.obj     
 Init_Port_5 ./ports.obj     
 Init_Port_6 ./ports.obj     
 
error #10234-D: unresolved symbols remain
remark #10372-D: (ULP 4.1) Detected uninitialized Port A in this project. Recommend initializing all unused ports to eliminate wasted current consumption on unused pins.
error #10010: errors encountered during linking; "Homework  03.out" not built
remark #10372-D: (ULP 4.1) Detected uninitialized Port B in this project. Recommend initializing all unused ports to eliminate wasted current consumption on unused pins.
remark #10372-D: (ULP 4.1) Detected uninitialized Port C in this project. Recommend initializing all unused ports to eliminate wasted current consumption on unused pins.
remark #10422-D: (ULP 6.2) Detected use of a device with available 32-bit hardware multiplier and not also using MSPMATHLIB library (libmath.a).  Recommend using MSPMATHLIB library (libmath.a) for improved performance.
 
>> Compilation failure
makefile:147: recipe for target 'Homework  03.out' failed
makefile:143: recipe for target 'all' failed
gmake[1]: *** [Homework  03.out] Error 1
gmake: *** [all] Error 2

**** Build Finished ****

**** Build of configuration Debug for project Homework  03 ****

"D:\\ccs\\utils\\bin\\gmake" -k -j 16 all -O 
 
Building file: "../ports.c"
Invoking: MSP430 Compiler
"D:/ccs/tools/compiler/ti-cgt-msp430_21.6.1.LTS/bin/cl430" -vmspx --use_hw_mpy=F5 --include_path="D:/ccs/ccs_base/msp430/include" --include_path="D:/ccs/Homework 03/Homework  03" --include_path="D:/ccs/tools/compiler/ti-cgt-msp430_21.6.1.LTS/include" --advice:power=all --advice:hw_config=all --define=__MSP430FR2355__ --define=_FRWP_ENABLE --define=_INFO_FRWP_ENABLE -g --printf_support=minimal --diag_warning=225 --diag_wrap=off --display_error_number --silicon_errata=CPU21 --silicon_errata=CPU22 --silicon_errata=CPU40 --preproc_with_compile --preproc_dependency="ports.d_raw"  "../ports.c"
"../ports.c", line 16: warning #225-D: function "Init_Port_1" declared implicitly
"../ports.c", line 17: warning #225-D: function "Init_Port_2" declared implicitly
"../ports.c", line 18: warning #225-D: function "Init_Port_3" declared implicitly
"../ports.c", line 19: warning #225-D: function "Init_Port_4" declared implicitly
"../ports.c", line 20: warning #225-D: function "Init_Port_5" declared implicitly
"../ports.c", line 21: warning #225-D: function "Init_Port_6" declared implicitly
"../ports.c", line 24: warning #161-D: declaration is incompatible with previous "Init_Port_1" (declared at line 16)
"../ports.c", line 61: warning #161-D: declaration is incompatible with previous "Init_Port_2" (declared at line 17)
"../ports.c", line 97: warning #161-D: declaration is incompatible with previous "Init_Port_3" (declared at line 18)
"../ports.c", line 139: warning #161-D: declaration is incompatible with previous "Init_Port_4" (declared at line 19)
"../ports.c", line 168: warning #161-D: declaration is incompatible with previous "Init_Port_5" (declared at line 20)
"../ports.c", line 190: warning #161-D: declaration is incompatible with previous "Init_Port_6" (declared at line 21)
Finished building: "../ports.c"
 
Building target: "Homework  03.out"
Invoking: MSP430 Linker
"D:/ccs/tools/compiler/ti-cgt-msp430_21.6.1.LTS/bin/cl430" -vmspx --use_hw_mpy=F5 --advice:power=all --advice:hw_config=all --define=__MSP430FR2355__ --define=_FRWP_ENABLE --define=_INFO_FRWP_ENABLE -g --printf_support=minimal --diag_warning=225 --diag_wrap=off --display_error_number --silicon_errata=CPU21 --silicon_errata=CPU22 --silicon_errata=CPU40 -z -m"Homework  03.map" --heap_size=160 --stack_size=160 --cinit_hold_wdt=on -i"D:/ccs/ccs_base/msp430/include" -i"D:/ccs/ccs_base/msp430/lib/FR2xx" -i"D:/ccs/tools/compiler/ti-cgt-msp430_21.6.1.LTS/lib" -i"D:/ccs/tools/compiler/ti-cgt-msp430_21.6.1.LTS/include" --priority --reread_libs --define=_FRWP_ENABLE --define=_INFO_FRWP_ENABLE --diag_wrap=off --display_error_number --warn_sections --xml_link_info="Homework  03_linkInfo.xml" --use_hw_mpy=F5 --rom_model -o "Homework  03.out" "./Display.obj" "./clocks.obj" "./init.obj" "./led.obj" "./main.obj" "./ports.obj" "./system.obj" "../Complied/LCD.obj" "../Complied/switches.obj" "../Complied/timersB0.obj" "../lnk_msp430fr2355.cmd"  -lfrwp_init.a -llibc.a 
<Linking>
remark #10372-D: (ULP 4.1) Detected uninitialized Port A in this project. Recommend initializing all unused ports to eliminate wasted current consumption on unused pins.
remark #10372-D: (ULP 4.1) Detected uninitialized Port B in this project. Recommend initializing all unused ports to eliminate wasted current consumption on unused pins.
remark #10372-D: (ULP 4.1) Detected uninitialized Port C in this project. Recommend initializing all unused ports to eliminate wasted current consumption on unused pins.
remark #10422-D: (ULP 6.2) Detected use of a device with available 32-bit hardware multiplier and not also using MSPMATHLIB library (libmath.a).  Recommend using MSPMATHLIB library (libmath.a) for improved performance.
Finished building target: "Homework  03.out"
 

**** Build Finished ****

**** Build of configuration Debug for project Homework  03 ****

"D:\\ccs\\utils\\bin\\gmake" -k -j 16 all -O 
 
gmake[1]: 'Homework  03.out' is up to date.

**** Build Finished ****

**** Build of configuration Debug for project Homework  03 ****

"D:\\ccs\\utils\\bin\\gmake" -k -j 16 all -O 
 
gmake[1]: 'Homework  03.out' is up to date.

**** Build Finished ****

**** Build of configuration Debug for project Homework  03 ****

"D:\\ccs\\utils\\bin\\gmake" -k -j 16 all -O 
 
gmake[1]: 'Homework  03.out' is up to date.

**** Build Finished ****

**** Build of configuration Debug for project Homework  03 ****

"D:\\ccs\\utils\\bin\\gmake" -k -j 16 all -O 
 
Building file: "../ports.c"
Invoking: MSP430 Compiler
"D:/ccs/tools/compiler/ti-cgt-msp430_21.6.1.LTS/bin/cl430" -vmspx --use_hw_mpy=F5 --include_path="D:/ccs/ccs_base/msp430/include" --include_path="D:/ccs/Homework 03/Homework  03" --include_path="D:/ccs/tools/compiler/ti-cgt-msp430_21.6.1.LTS/include" --advice:power=all --advice:hw_config=all --define=__MSP430FR2355__ --define=_FRWP_ENABLE --define=_INFO_FRWP_ENABLE -g --printf_support=minimal --diag_warning=225 --diag_wrap=off --display_error_number --silicon_errata=CPU21 --silicon_errata=CPU22 --silicon_errata=CPU40 --preproc_with_compile --preproc_dependency="ports.d_raw"  "../ports.c"
"../ports.c", line 16: warning #225-D: function "Init_Port_1" declared implicitly
"../ports.c", line 17: warning #225-D: function "Init_Port_2" declared implicitly
"../ports.c", line 18: warning #225-D: function "Init_Port_3" declared implicitly
"../ports.c", line 19: warning #225-D: function "Init_Port_4" declared implicitly
"../ports.c", line 20: warning #225-D: function "Init_Port_5" declared implicitly
"../ports.c", line 21: warning #225-D: function "Init_Port_6" declared implicitly
"../ports.c", line 24: warning #161-D: declaration is incompatible with previous "Init_Port_1" (declared at line 16)
"../ports.c", line 61: warning #161-D: declaration is incompatible with previous "Init_Port_2" (declared at line 17)
"../ports.c", line 97: warning #161-D: declaration is incompatible with previous "Init_Port_3" (declared at line 18)
"../ports.c", line 139: warning #161-D: declaration is incompatible with previous "Init_Port_4" (declared at line 19)
"../ports.c", line 168: warning #161-D: declaration is incompatible with previous "Init_Port_5" (declared at line 20)
"../ports.c", line 190: warning #161-D: declaration is incompatible with previous "Init_Port_6" (declared at line 21)
Finished building: "../ports.c"
 
Building target: "Homework  03.out"
Invoking: MSP430 Linker
"D:/ccs/tools/compiler/ti-cgt-msp430_21.6.1.LTS/bin/cl430" -vmspx --use_hw_mpy=F5 --advice:power=all --advice:hw_config=all --define=__MSP430FR2355__ --define=_FRWP_ENABLE --define=_INFO_FRWP_ENABLE -g --printf_support=minimal --diag_warning=225 --diag_wrap=off --display_error_number --silicon_errata=CPU21 --silicon_errata=CPU22 --silicon_errata=CPU40 -z -m"Homework  03.map" --heap_size=160 --stack_size=160 --cinit_hold_wdt=on -i"D:/ccs/ccs_base/msp430/include" -i"D:/ccs/ccs_base/msp430/lib/FR2xx" -i"D:/ccs/tools/compiler/ti-cgt-msp430_21.6.1.LTS/lib" -i"D:/ccs/tools/compiler/ti-cgt-msp430_21.6.1.LTS/include" --priority --reread_libs --define=_FRWP_ENABLE --define=_INFO_FRWP_ENABLE --diag_wrap=off --display_error_number --warn_sections --xml_link_info="Homework  03_linkInfo.xml" --use_hw_mpy=F5 --rom_model -o "Homework  03.out" "./Display.obj" "./clocks.obj" "./init.obj" "./led.obj" "./main.obj" "./ports.obj" "./system.obj" "../Complied/LCD.obj" "../Complied/switches.obj" "../Complied/timersB0.obj" "../lnk_msp430fr2355.cmd"  -lfrwp_init.a -llibc.a 
<Linking>
remark #10372-D: (ULP 4.1) Detected uninitialized Port A in this project. Recommend initializing all unused ports to eliminate wasted current consumption on unused pins.
remark #10372-D: (ULP 4.1) Detected uninitialized Port B in this project. Recommend initializing all unused ports to eliminate wasted current consumption on unused pins.
remark #10372-D: (ULP 4.1) Detected uninitialized Port C in this project. Recommend initializing all unused ports to eliminate wasted current consumption on unused pins.
remark #10422-D: (ULP 6.2) Detected use of a device with available 32-bit hardware multiplier and not also using MSPMATHLIB library (libmath.a).  Recommend using MSPMATHLIB library (libmath.a) for improved performance.
Finished building target: "Homework  03.out"
 

**** Build Finished ****

**** Build of configuration Debug for project Homework  03 ****

"D:\\ccs\\utils\\bin\\gmake" -k -j 16 all -O 
 
gmake[1]: 'Homework  03.out' is up to date.

**** Build Finished ****

**** Build of configuration Debug for project Homework  03 ****

"D:\\ccs\\utils\\bin\\gmake" -k -j 16 all -O 
 
Building file: "../ports.c"
Invoking: MSP430 Compiler
"D:/ccs/tools/compiler/ti-cgt-msp430_21.6.1.LTS/bin/cl430" -vmspx --use_hw_mpy=F5 --include_path="D:/ccs/ccs_base/msp430/include" --include_path="D:/ccs/Homework 03/Homework  03" --include_path="D:/ccs/tools/compiler/ti-cgt-msp430_21.6.1.LTS/include" --advice:power=all --advice:hw_config=all --define=__MSP430FR2355__ --define=_FRWP_ENABLE --define=_INFO_FRWP_ENABLE -g --printf_support=minimal --diag_warning=225 --diag_wrap=off --display_error_number --silicon_errata=CPU21 --silicon_errata=CPU22 --silicon_errata=CPU40 --preproc_with_compile --preproc_dependency="ports.d_raw"  "../ports.c"
"../ports.c", line 16: warning #225-D: function "Init_Port_1" declared implicitly
"../ports.c", line 17: warning #225-D: function "Init_Port_2" declared implicitly
"../ports.c", line 18: warning #225-D: function "Init_Port_3" declared implicitly
"../ports.c", line 19: warning #225-D: function "Init_Port_4" declared implicitly
"../ports.c", line 20: warning #225-D: function "Init_Port_5" declared implicitly
"../ports.c", line 21: warning #225-D: function "Init_Port_6" declared implicitly
"../ports.c", line 24: warning #161-D: declaration is incompatible with previous "Init_Port_1" (declared at line 16)
"../ports.c", line 61: warning #161-D: declaration is incompatible with previous "Init_Port_2" (declared at line 17)
"../ports.c", line 97: warning #161-D: declaration is incompatible with previous "Init_Port_3" (declared at line 18)
"../ports.c", line 139: warning #161-D: declaration is incompatible with previous "Init_Port_4" (declared at line 19)
"../ports.c", line 168: warning #161-D: declaration is incompatible with previous "Init_Port_5" (declared at line 20)
"../ports.c", line 190: warning #161-D: declaration is incompatible with previous "Init_Port_6" (declared at line 21)
Finished building: "../ports.c"
 
Building target: "Homework  03.out"
Invoking: MSP430 Linker
"D:/ccs/tools/compiler/ti-cgt-msp430_21.6.1.LTS/bin/cl430" -vmspx --use_hw_mpy=F5 --advice:power=all --advice:hw_config=all --define=__MSP430FR2355__ --define=_FRWP_ENABLE --define=_INFO_FRWP_ENABLE -g --printf_support=minimal --diag_warning=225 --diag_wrap=off --display_error_number --silicon_errata=CPU21 --silicon_errata=CPU22 --silicon_errata=CPU40 -z -m"Homework  03.map" --heap_size=160 --stack_size=160 --cinit_hold_wdt=on -i"D:/ccs/ccs_base/msp430/include" -i"D:/ccs/ccs_base/msp430/lib/FR2xx" -i"D:/ccs/tools/compiler/ti-cgt-msp430_21.6.1.LTS/lib" -i"D:/ccs/tools/compiler/ti-cgt-msp430_21.6.1.LTS/include" --priority --reread_libs --define=_FRWP_ENABLE --define=_INFO_FRWP_ENABLE --diag_wrap=off --display_error_number --warn_sections --xml_link_info="Homework  03_linkInfo.xml" --use_hw_mpy=F5 --rom_model -o "Homework  03.out" "./Display.obj" "./clocks.obj" "./init.obj" "./led.obj" "./main.obj" "./ports.obj" "./system.obj" "../Complied/LCD.obj" "../Complied/switches.obj" "../Complied/timersB0.obj" "../lnk_msp430fr2355.cmd"  -lfrwp_init.a -llibc.a 
<Linking>
remark #10372-D: (ULP 4.1) Detected uninitialized Port A in this project. Recommend initializing all unused ports to eliminate wasted current consumption on unused pins.
remark #10372-D: (ULP 4.1) Detected uninitialized Port B in this project. Recommend initializing all unused ports to eliminate wasted current consumption on unused pins.
remark #10372-D: (ULP 4.1) Detected uninitialized Port C in this project. Recommend initializing all unused ports to eliminate wasted current consumption on unused pins.
remark #10422-D: (ULP 6.2) Detected use of a device with available 32-bit hardware multiplier and not also using MSPMATHLIB library (libmath.a).  Recommend using MSPMATHLIB library (libmath.a) for improved performance.
Finished building target: "Homework  03.out"
 

**** Build Finished ****

**** Build of configuration Debug for project Homework  03 ****

"D:\\ccs\\utils\\bin\\gmake" -k -j 16 all -O 
 
gmake[1]: 'Homework  03.out' is up to date.

**** Build Finished ****

**** Build of configuration Debug for project Homework  03 ****

"D:\\ccs\\utils\\bin\\gmake" -k -j 16 all -O 
 
Building file: "../ports.c"
Invoking: MSP430 Compiler
"D:/ccs/tools/compiler/ti-cgt-msp430_21.6.1.LTS/bin/cl430" -vmspx --use_hw_mpy=F5 --include_path="D:/ccs/ccs_base/msp430/include" --include_path="D:/ccs/Homework 03/Homework  03" --include_path="D:/ccs/tools/compiler/ti-cgt-msp430_21.6.1.LTS/include" --advice:power=all --advice:hw_config=all --define=__MSP430FR2355__ --define=_FRWP_ENABLE --define=_INFO_FRWP_ENABLE -g --printf_support=minimal --diag_warning=225 --diag_wrap=off --display_error_number --silicon_errata=CPU21 --silicon_errata=CPU22 --silicon_errata=CPU40 --preproc_with_compile --preproc_dependency="ports.d_raw"  "../ports.c"
"../ports.c", line 16: warning #225-D: function "Init_Port_1" declared implicitly
"../ports.c", line 17: warning #225-D: function "Init_Port_2" declared implicitly
"../ports.c", line 18: warning #225-D: function "Init_Port_3" declared implicitly
"../ports.c", line 19: warning #225-D: function "Init_Port_4" declared implicitly
"../ports.c", line 20: warning #225-D: function "Init_Port_5" declared implicitly
"../ports.c", line 21: warning #225-D: function "Init_Port_6" declared implicitly
"../ports.c", line 24: warning #161-D: declaration is incompatible with previous "Init_Port_1" (declared at line 16)
"../ports.c", line 61: warning #161-D: declaration is incompatible with previous "Init_Port_2" (declared at line 17)
"../ports.c", line 97: warning #161-D: declaration is incompatible with previous "Init_Port_3" (declared at line 18)
"../ports.c", line 139: warning #161-D: declaration is incompatible with previous "Init_Port_4" (declared at line 19)
"../ports.c", line 168: warning #161-D: declaration is incompatible with previous "Init_Port_5" (declared at line 20)
"../ports.c", line 190: warning #161-D: declaration is incompatible with previous "Init_Port_6" (declared at line 21)
Finished building: "../ports.c"
 
Building target: "Homework  03.out"
Invoking: MSP430 Linker
"D:/ccs/tools/compiler/ti-cgt-msp430_21.6.1.LTS/bin/cl430" -vmspx --use_hw_mpy=F5 --advice:power=all --advice:hw_config=all --define=__MSP430FR2355__ --define=_FRWP_ENABLE --define=_INFO_FRWP_ENABLE -g --printf_support=minimal --diag_warning=225 --diag_wrap=off --display_error_number --silicon_errata=CPU21 --silicon_errata=CPU22 --silicon_errata=CPU40 -z -m"Homework  03.map" --heap_size=160 --stack_size=160 --cinit_hold_wdt=on -i"D:/ccs/ccs_base/msp430/include" -i"D:/ccs/ccs_base/msp430/lib/FR2xx" -i"D:/ccs/tools/compiler/ti-cgt-msp430_21.6.1.LTS/lib" -i"D:/ccs/tools/compiler/ti-cgt-msp430_21.6.1.LTS/include" --priority --reread_libs --define=_FRWP_ENABLE --define=_INFO_FRWP_ENABLE --diag_wrap=off --display_error_number --warn_sections --xml_link_info="Homework  03_linkInfo.xml" --use_hw_mpy=F5 --rom_model -o "Homework  03.out" "./Display.obj" "./clocks.obj" "./init.obj" "./led.obj" "./main.obj" "./ports.obj" "./system.obj" "../Complied/LCD.obj" "../Complied/switches.obj" "../Complied/timersB0.obj" "../lnk_msp430fr2355.cmd"  -lfrwp_init.a -llibc.a 
<Linking>
remark #10372-D: (ULP 4.1) Detected uninitialized Port A in this project. Recommend initializing all unused ports to eliminate wasted current consumption on unused pins.
remark #10372-D: (ULP 4.1) Detected uninitialized Port B in this project. Recommend initializing all unused ports to eliminate wasted current consumption on unused pins.
remark #10372-D: (ULP 4.1) Detected uninitialized Port C in this project. Recommend initializing all unused ports to eliminate wasted current consumption on unused pins.
remark #10422-D: (ULP 6.2) Detected use of a device with available 32-bit hardware multiplier and not also using MSPMATHLIB library (libmath.a).  Recommend using MSPMATHLIB library (libmath.a) for improved performance.
Finished building target: "Homework  03.out"
 

**** Build Finished ****

**** Build of configuration Debug for project Homework  03 ****

"D:\\ccs\\utils\\bin\\gmake" -k -j 16 all -O 
 
gmake[1]: 'Homework  03.out' is up to date.

**** Build Finished ****

**** Build of configuration Debug for project Homework  03 ****

"D:\\ccs\\utils\\bin\\gmake" -k -j 16 all -O 
 
Building file: "../ports.c"
Invoking: MSP430 Compiler
"D:/ccs/tools/compiler/ti-cgt-msp430_21.6.1.LTS/bin/cl430" -vmspx --use_hw_mpy=F5 --include_path="D:/ccs/ccs_base/msp430/include" --include_path="D:/ccs/Homework 03/Homework  03" --include_path="D:/ccs/tools/compiler/ti-cgt-msp430_21.6.1.LTS/include" --advice:power=all --advice:hw_config=all --define=__MSP430FR2355__ --define=_FRWP_ENABLE --define=_INFO_FRWP_ENABLE -g --printf_support=minimal --diag_warning=225 --diag_wrap=off --display_error_number --silicon_errata=CPU21 --silicon_errata=CPU22 --silicon_errata=CPU40 --preproc_with_compile --preproc_dependency="ports.d_raw"  "../ports.c"
"../ports.c", line 16: warning #225-D: function "Init_Port_1" declared implicitly
"../ports.c", line 17: warning #225-D: function "Init_Port_2" declared implicitly
"../ports.c", line 18: warning #225-D: function "Init_Port_3" declared implicitly
"../ports.c", line 19: warning #225-D: function "Init_Port_4" declared implicitly
"../ports.c", line 20: warning #225-D: function "Init_Port_5" declared implicitly
"../ports.c", line 21: warning #225-D: function "Init_Port_6" declared implicitly
"../ports.c", line 24: warning #161-D: declaration is incompatible with previous "Init_Port_1" (declared at line 16)
"../ports.c", line 61: warning #161-D: declaration is incompatible with previous "Init_Port_2" (declared at line 17)
"../ports.c", line 97: warning #161-D: declaration is incompatible with previous "Init_Port_3" (declared at line 18)
"../ports.c", line 139: warning #161-D: declaration is incompatible with previous "Init_Port_4" (declared at line 19)
"../ports.c", line 168: warning #161-D: declaration is incompatible with previous "Init_Port_5" (declared at line 20)
"../ports.c", line 190: warning #161-D: declaration is incompatible with previous "Init_Port_6" (declared at line 21)
Finished building: "../ports.c"
 
Building target: "Homework  03.out"
Invoking: MSP430 Linker
"D:/ccs/tools/compiler/ti-cgt-msp430_21.6.1.LTS/bin/cl430" -vmspx --use_hw_mpy=F5 --advice:power=all --advice:hw_config=all --define=__MSP430FR2355__ --define=_FRWP_ENABLE --define=_INFO_FRWP_ENABLE -g --printf_support=minimal --diag_warning=225 --diag_wrap=off --display_error_number --silicon_errata=CPU21 --silicon_errata=CPU22 --silicon_errata=CPU40 -z -m"Homework  03.map" --heap_size=160 --stack_size=160 --cinit_hold_wdt=on -i"D:/ccs/ccs_base/msp430/include" -i"D:/ccs/ccs_base/msp430/lib/FR2xx" -i"D:/ccs/tools/compiler/ti-cgt-msp430_21.6.1.LTS/lib" -i"D:/ccs/tools/compiler/ti-cgt-msp430_21.6.1.LTS/include" --priority --reread_libs --define=_FRWP_ENABLE --define=_INFO_FRWP_ENABLE --diag_wrap=off --display_error_number --warn_sections --xml_link_info="Homework  03_linkInfo.xml" --use_hw_mpy=F5 --rom_model -o "Homework  03.out" "./Display.obj" "./clocks.obj" "./init.obj" "./led.obj" "./main.obj" "./ports.obj" "./system.obj" "../Complied/LCD.obj" "../Complied/switches.obj" "../Complied/timersB0.obj" "../lnk_msp430fr2355.cmd"  -lfrwp_init.a -llibc.a 
<Linking>
remark #10372-D: (ULP 4.1) Detected uninitialized Port A in this project. Recommend initializing all unused ports to eliminate wasted current consumption on unused pins.
remark #10372-D: (ULP 4.1) Detected uninitialized Port B in this project. Recommend initializing all unused ports to eliminate wasted current consumption on unused pins.
remark #10372-D: (ULP 4.1) Detected uninitialized Port C in this project. Recommend initializing all unused ports to eliminate wasted current consumption on unused pins.
remark #10422-D: (ULP 6.2) Detected use of a device with available 32-bit hardware multiplier and not also using MSPMATHLIB library (libmath.a).  Recommend using MSPMATHLIB library (libmath.a) for improved performance.
Finished building target: "Homework  03.out"
 

**** Build Finished ****

**** Build of configuration Debug for project Homework  03 ****

"D:\\ccs\\utils\\bin\\gmake" -k -j 16 all -O 
 
gmake[1]: 'Homework  03.out' is up to date.

**** Build Finished ****

**** Build of configuration Debug for project Homework  03 ****

"D:\\ccs\\utils\\bin\\gmake" -k -j 16 all -O 
 
Building file: "../ports.c"
Invoking: MSP430 Compiler
"D:/ccs/tools/compiler/ti-cgt-msp430_21.6.1.LTS/bin/cl430" -vmspx --use_hw_mpy=F5 --include_path="D:/ccs/ccs_base/msp430/include" --include_path="D:/ccs/Homework 03/Homework  03" --include_path="D:/ccs/tools/compiler/ti-cgt-msp430_21.6.1.LTS/include" --advice:power=all --advice:hw_config=all --define=__MSP430FR2355__ --define=_FRWP_ENABLE --define=_INFO_FRWP_ENABLE -g --printf_support=minimal --diag_warning=225 --diag_wrap=off --display_error_number --silicon_errata=CPU21 --silicon_errata=CPU22 --silicon_errata=CPU40 --preproc_with_compile --preproc_dependency="ports.d_raw"  "../ports.c"
"../ports.c", line 16: warning #225-D: function "Init_Port_1" declared implicitly
"../ports.c", line 17: warning #225-D: function "Init_Port_2" declared implicitly
"../ports.c", line 18: warning #225-D: function "Init_Port_3" declared implicitly
"../ports.c", line 19: warning #225-D: function "Init_Port_4" declared implicitly
"../ports.c", line 20: warning #225-D: function "Init_Port_5" declared implicitly
"../ports.c", line 21: warning #225-D: function "Init_Port_6" declared implicitly
"../ports.c", line 24: warning #161-D: declaration is incompatible with previous "Init_Port_1" (declared at line 16)
"../ports.c", line 61: warning #161-D: declaration is incompatible with previous "Init_Port_2" (declared at line 17)
"../ports.c", line 97: warning #161-D: declaration is incompatible with previous "Init_Port_3" (declared at line 18)
"../ports.c", line 139: warning #161-D: declaration is incompatible with previous "Init_Port_4" (declared at line 19)
"../ports.c", line 168: warning #161-D: declaration is incompatible with previous "Init_Port_5" (declared at line 20)
"../ports.c", line 190: warning #161-D: declaration is incompatible with previous "Init_Port_6" (declared at line 21)
Finished building: "../ports.c"
 
Building target: "Homework  03.out"
Invoking: MSP430 Linker
"D:/ccs/tools/compiler/ti-cgt-msp430_21.6.1.LTS/bin/cl430" -vmspx --use_hw_mpy=F5 --advice:power=all --advice:hw_config=all --define=__MSP430FR2355__ --define=_FRWP_ENABLE --define=_INFO_FRWP_ENABLE -g --printf_support=minimal --diag_warning=225 --diag_wrap=off --display_error_number --silicon_errata=CPU21 --silicon_errata=CPU22 --silicon_errata=CPU40 -z -m"Homework  03.map" --heap_size=160 --stack_size=160 --cinit_hold_wdt=on -i"D:/ccs/ccs_base/msp430/include" -i"D:/ccs/ccs_base/msp430/lib/FR2xx" -i"D:/ccs/tools/compiler/ti-cgt-msp430_21.6.1.LTS/lib" -i"D:/ccs/tools/compiler/ti-cgt-msp430_21.6.1.LTS/include" --priority --reread_libs --define=_FRWP_ENABLE --define=_INFO_FRWP_ENABLE --diag_wrap=off --display_error_number --warn_sections --xml_link_info="Homework  03_linkInfo.xml" --use_hw_mpy=F5 --rom_model -o "Homework  03.out" "./Display.obj" "./clocks.obj" "./init.obj" "./led.obj" "./main.obj" "./ports.obj" "./system.obj" "../Complied/LCD.obj" "../Complied/switches.obj" "../Complied/timersB0.obj" "../lnk_msp430fr2355.cmd"  -lfrwp_init.a -llibc.a 
<Linking>
remark #10372-D: (ULP 4.1) Detected uninitialized Port A in this project. Recommend initializing all unused ports to eliminate wasted current consumption on unused pins.
remark #10372-D: (ULP 4.1) Detected uninitialized Port B in this project. Recommend initializing all unused ports to eliminate wasted current consumption on unused pins.
remark #10372-D: (ULP 4.1) Detected uninitialized Port C in this project. Recommend initializing all unused ports to eliminate wasted current consumption on unused pins.
remark #10422-D: (ULP 6.2) Detected use of a device with available 32-bit hardware multiplier and not also using MSPMATHLIB library (libmath.a).  Recommend using MSPMATHLIB library (libmath.a) for improved performance.
Finished building target: "Homework  03.out"
 

**** Build Finished ****

**** Build of configuration Debug for project Homework  03 ****

"D:\\ccs\\utils\\bin\\gmake" -k -j 16 all -O 
 
gmake[1]: 'Homework  03.out' is up to date.

**** Build Finished ****
